collection,seq_no,grade,topics,arabic_text,merged_dups
Sunan Sa'id ibn Mansur,6,UNGRADED,Modesty & Dress,4- # سعيد قال: نا محمد بن ثابت العبدي، قال: ثنا قتادة، قال: قال رسول الله صلى الله عليه وسلم: «أرحم أمتي بأمتي أبو بكر، وأشدهم وأرقهم في أمر الله عمر، وأشدهم حياء عثمان، وأعلمهم بالحلال والحرام معاذ بن جبل، وأفرضهم زيد بن ثابت، وأقرؤهم أبي بن كعب» . وكان يقال: أعلمهم بالقضاء علي,0
Sunan Sa'id ibn Mansur,35,UNGRADED,Death & Burial,"29- # سعيد قال: نا هشيم، قال: أنا ابن أبي ليلى، عن أبي قيس، عن هزيل بن شرحبيل، أن رجلا مات وترك ابنته، وابنة أبيه، وأخته لأبيه وأمه فأتوا الأشعري فسألوه عن ذلك، فقال: لابنته النصف، والنصف الباقي للأخت، فأتوا ابن مسعود فذكروا ذلك له، فقال عبد الله: لقد ضللت إذا وما أنا من المهتدين إن أخذت بقول الأشعري وتركت قول رسول الله صلى الله عليه وسلم # ، ثم قال: للابنة النصف، ولابنة الابن السدس، وما بقي فهو للأخت """,0
Sunan Sa'id ibn Mansur,46,UNGRADED,Character & Manners; Justice & Judgement,"38- # سعيد قال: نا هشيم، قال: أنا يونس بن عبيد، قال: نا الحسن، أن عمر بن الخطاب، نشد الناس فقال: "" من كان منكم عنده علم من رسول الله صلى الله عليه وسلم في الجد فليقم , فقام معقل بن يسار المزني فقال: قضى رسول الله صلى الله عليه وسلم في جد كان فينا , قال: كم أعطاه؟ قال: أعطاه السدس، قال: مع من؟ قال: لا أدري قال: لا دريت """,0
Sunan Sa'id ibn Mansur,47,UNGRADED,Character & Manners; Inheritance & Wills,"39- # سعيد قال: نا أبو معشر، عن عيسى بن أبي عيسى الحناط، قال سأل عمر بن الخطاب الناس، فقال: أيكم سمع رسول الله صلى الله عليه وسلم قال في الجد شيئا؟ فقال رجل: أنا، فقال: ما أعطاه؟ قال: أعطاه سدس ماله , قال: ماذا معه من الورثة؟ قال: لا أدري , قال: لا دريت، وقال آخر: لي علم يا أمير المؤمنين ماذا أعطى الجد؟ أعطاه ثلث ماله , قال: ماذا معه من الورثة؟ قال: لا أدري قال: لا دريت، قال آخر: لي علم. ماذا أعطاه؟ أعطاه نصف ماله، قال: ماذا معه من الورثة؟ قال: لا أدري , قال: لا دريت، قال آخر: لي علم. ما أعطاه؟ قال: أعطاه المال كله , قال: ماذا معه من الورثة؟ قال: لا أدري، قال: لا دريت، فلما وضع زيد بن ثابت الفرائض أعطاه سدس ماله مع الولد الذكر، وأعطاه ثلث ماله مع الإخوة، وأعطاه نصف ماله مع الأخ وأعطاه المال كله إذا لم يكن له وارث """,0
Sunan Sa'id ibn Mansur,56,UNGRADED,Prophets & Past Peoples,"48- # سعيد قال: نا إسماعيل بن إبراهيم، قال: نا أيوب، عن عكرمة، قال: أما الذي قال رسول الله صلى الله عليه وسلم: «لو كنت متخذا من هذه الأمة خليلا لاتخذت أبا بكر» ، فإنه قضاه أبا """,0
Sunan Sa'id ibn Mansur,64,UNGRADED,Oaths & Vows,55- # سعيد قال: نا يعقوب بن عبد الرحمن، وعبد الرحمن بن أبي الزناد، عن عبد الرحمن بن حرملة، عن سعيد بن المسيب، قال: قال رسول الله صلى الله عليه وسلم: «أجرأكم على قسم الجد أجرأكم على النار»,0
Sunan Sa'id ibn Mansur,80,UNGRADED,Destiny & Decree; Prophets & Past Peoples,71- # سعيد قال: نا هشيم، عن عبيدة، عن الشعبي، قال: أتي الحجاج بن يوسف في هذه الفريضة، فأرسل إلي، فقال: ما تقول فيها؟ فقلت: وما هي؟ قال: أم وجد وأخت. قلت: ما قال فيها الأمير؟ فأخبرني بقوله، فقلت: لهذا قضاء أبي تراب - يعني علي بن أبي طالب - وقال فيها سبعة من أصحاب رسول الله صلى الله عليه وسلم: قال فيها عمر بن الخطاب، وابن مسعود: للأخت النصف، وللأم السدس، وللجد الثلث. وقال فيها علي: للأم الثلث، وللأخت النصف، وللجد السدس، وقال عثمان بن عفان: للأم الثلث، وللأخت الثلث، وللجد الثلث، فقال الحجاج: ليس هذا بشيء، وقال فيها زيد بن ثابت: هي من تسعة أسهم، للأم ثلاثة أسهم، وللجد أربعة، وللأخت سهمان. وقال فيها ابن عباس وابن الزبير: للأم الثلث، وللجد ما بقي، وليس للأخت شيء,0
Sunan Sa'id ibn Mansur,87,UNGRADED,Brotherhood & Friendship; Truthfulness & Lying,78- # سعيد قال: نا أبو معاوية، قال: نا إسماعيل بن أبي خالد، عن الشعبي، قال: «من زعم أن أحدا من أصحاب رسول الله صلى الله عليه وسلم ورث إخوة من أم مع جد فقد كذب»,0
Sunan Sa'id ibn Mansur,89,UNGRADED,Parents; Prophets & Past Peoples,"79- # سعيد قال: نا سفيان بن عيينة، وحماد بن زيد، وجرير بن عبد الحميد، عن منصور، عن إبراهيم، أن رسول الله صلى الله عليه وسلم «أطعم ثلاث جدات السدس» وزاد جرير: قال منصور: فقلت لإبراهيم، فقال: جدتي أبيه أم أمه، وأم أبيه، وأم أم الأم """,0
Sunan Sa'id ibn Mansur,90,UNGRADED,Character & Manners; Death & Burial,80- # سعيد قال: نا سفيان، عن الزهري، عن قبيصة بن ذؤيب، قال: جاءت الجدة إلى أبي بكر بعد رسول الله صلى الله عليه وسلم، فقالت: إن ابن ابني - أو ابن ابنتي - مات، وقد أخبرت أن لي في كتاب الله حقا. فقال أبو بكر: ما أجد لك في كتاب الله حقا، وما سمعت النبي صلى الله عليه وسلم يقضي لك بشيء وسأسأل الناس. فسأل الناس، فقال المغيرة بن شعبة: أعطاها رسول الله صلى الله عليه وسلم السدس. فقال: من يشهد معك؟ فقال: محمد بن مسلمة. فشهدا؛ فأعطاها السدس، فجاءت التي تخالفها أم الأم أو أم الأب إلى عمر بن الخطاب، فأعطاها السدس، ثم قال: أيكما انفردت فهو لها، وإن اجتمعتما فهو بينكما,0
Sunan Sa'id ibn Mansur,93,UNGRADED,Other Narrations,83- # سعيد قال: نا هشيم، قال: أنا حجاج، عن قتادة، عن ابن سيرين «أن رسول الله صلى الله عليه وسلم أطعم جدة السدس، وكانت من خزاعة»,0
Sunan Sa'id ibn Mansur,106,UNGRADED,Inheritance & Wills,96- # سعيد قال: نا هشيم، قال: أنا أشعث بن عبد الملك، عن الحسن «أن رسول الله صلى الله عليه وسلم ورث الجدة مع ابنها»,0
Sunan Sa'id ibn Mansur,150,UNGRADED,Other Narrations,135- # سعيد قال: نا سفيان، عن الزهري، عن علي بن حسين، عن عمرو بن عثمان، عن أسامة بن زيد، عن النبي صلى الله عليه وسلم قال: «لا يرث المسلم الكافر، ولا الكافر المسلم»,0
Sunan Sa'id ibn Mansur,151,UNGRADED,Treaties & Non-Muslims,136- # سعيد قال: نا هشيم، عن الزهري، عن علي بن حسين، عن عمرو بن عثمان، عن أسامة، عن النبي صلى الله عليه وسلم قال: «لا يتوارث أهل ملتين» قال سعيد: قال هشيم: سمعته أو أخبرته عنه,0
Sunan Sa'id ibn Mansur,152,UNGRADED,Treaties & Non-Muslims,137- # سعيد قال: نا سفيان، عن يعقوب بن عطاء، عن عمرو بن شعيب # ، عن أبيه، عن جده قال: قال رسول الله صلى الله عليه وسلم: «لا يتوارث أهل ملتين شتى»,0
Sunan Sa'id ibn Mansur,154,UNGRADED,Treaties & Non-Muslims,139- # سعيد قال: نا هشيم، قال: أنا جويبر، عن الضحاك، قال: قال رسول الله صلى الله عليه وسلم: «لا يتوارث أهل ملتين شتى»,0
Sunan Sa'id ibn Mansur,162,UNGRADED,Justice & Judgement; Destiny & Decree,147- # سعيد قال: نا هشيم، قال: أنا إسماعيل بن أبي خالد، عن الشعبي قال: لما قضى معاوية بما قضى به من ذلك، فقال عبد الله بن معقل: ما أحدث في الإسلام قضاء بعد قضاء أصحاب رسول الله صلى الله عليه وسلم هو أعجب إلي من قضاء معاوية: «إنا نرثهم ولا يرثوننا، كما أن النكاح يحل لنا فيهم، ولا يحل لهم فينا»,0
Sunan Sa'id ibn Mansur,179,UNGRADED,Inheritance & Wills; Travel & Migration,163- # سعيد قال: نا عبد العزيز بن محمد، قال: حدثني زيد بن أسلم، عن عطاء بن يسار «أن رسول الله صلى الله عليه وسلم ركب إلى قبا يستخير الله في العمة والخالة، فأنزل عليه أن لا ميراث لهما»,0
Sunan Sa'id ibn Mansur,180,UNGRADED,Other Narrations,"164- # سعيد قال: نا أبو شهاب، عن محمد بن يحيى بن حبان، عن عمه واسع بن حبان قال: توفي ثابت بن الدحداحة ولم يدع وارثا ولا عصبة، فرفع شأنه0 إلى رسول الله صلى الله عليه وسلم، فسأل عنه رسول الله صلى الله عليه وسلم عاصم بن عدي: «هل ترك من أحد» ؟ قال # : ما - يا رسول الله - ترك أحدا. فدفع رسول الله صلى الله عليه وسلم ماله إلى ابن أخته أبي لبابة بن عبد المنذر """,0
Sunan Sa'id ibn Mansur,184,UNGRADED,Theft & Property,168- # سعيد قال: نا إسماعيل بن عياش، عن النضر بن شفي، عن عمران بن سليم، أن رجلا انقعر عن مال له، فأتت ابنة أخته رسول الله صلى الله عليه وسلم تسأله الميراث، فقال: «لا شيء لك، اللهم من منعت ممنوع، اللهم من منعت ممنوع»,0
Sunan Sa'id ibn Mansur,187,UNGRADED,Inheritance & Wills,171- # سعيد قال: نا سفيان، عن ابن طاوس، عن أبيه «أن رسول الله صلى الله عليه وسلم مولى من لا مولى له، والخال وارث من لا وارث له»,0
Sunan Sa'id ibn Mansur,188,UNGRADED,Inheritance & Wills; Treaties & Non-Muslims,172- # سعيد قال: نا عبد الرحمن بن زياد، قال: نا شعبة، عن بديل بن ميسرة، قال: سمعت علي بن أبي طلحة يحدث عن راشد بن سعد، عن أبي عامر الهوزني، عن المقدام رجل من أهل الشام وكان من أصحاب النبي صلى الله عليه وسلم عن النبي صلى الله عليه وسلم قال: «من ترك كلا فإلينا، ومن ترك مالا فلورثته، وأنا وارث من لا وارث له، أعقل عنه وأرثه، والخال وارث من لا وارث له، يعقل عنه ويرثه»,0
Sunan Sa'id ibn Mansur,190,UNGRADED,Treaties & Non-Muslims,173- # سعيد قال: نا خالد بن عبد الله، عن الشيباني، عن عبيد بن أبي الجعد، عن عبد الله بن شداد بن الهاد، قال: «أعتقت ابنة حمزة رجلا، فمات وترك ابنته وابنة حمزة، فأخذت ابنته النصف، وأخذت ابنة حمزة النصف، وذلك على عهد رسول الله صلى الله عليه وسلم»,0
Sunan Sa'id ibn Mansur,191,UNGRADED,Women,"174- # سعيد قال: نا عبد الرحمن بن زياد، قال: نا شعبة، عن الحكم، عن عبد الله بن شداد، قال: كانت بنت حمزة أختي لأمي، فأعتقت مملوكا لها، فمات المملوك وترك ابنته وابنة حمزة، فأعطى النبي صلى الله عليه وسلم ابنته النصف، وابنة حمزة النصف """,0
Sunan Sa'id ibn Mansur,192,UNGRADED,Prophets & Past Peoples,175- # سعيد قال: نا عبد الرحمن بن زياد، قال: نا شعبة، عن المغيرة، قال: كان إبراهيم يذكر هذا الحديث ويقول: «إنما كان طعمة أطعمها إياها النبي صلى الله عليه وسلم»,0
Sunan Sa'id ibn Mansur,207,UNGRADED,Other Narrations,189- # سعيد قال: نا عبد الله بن المبارك، عن حيوة بن شريح، عن # محمد بن عبد الرحمن بن نوفل، عن عروة بن الزبير، قال: قال رسول الله صلى الله عليه وسلم: «من أسلم على شيء فهو له»,0
Sunan Sa'id ibn Mansur,208,UNGRADED,Other Narrations,190- # سعيد قال: نا سفيان، قال: أنا ابن جريج، عن ابن أبي مليكة، قال: قال رسول الله صلى الله عليه وسلم: «من أسلم على شيء فهو له»,0
Sunan Sa'id ibn Mansur,210,UNGRADED,Inheritance & Wills; Oaths & Vows,192- # سعيد قال: نا هشيم، قال: أنا خالد الحذاء، عن عطاء بن أبي رباح، قال: قال رسول الله صلى الله عليه وسلم: «كل ميراث أدركه الإسلام ولم يقسم، قسم قسمة الإسلام»,0
Sunan Sa'id ibn Mansur,211,UNGRADED,Inheritance & Wills; Oaths & Vows,193- # سعيد قال: نا سفيان، عن عمرو بن دينار، أن رسول الله صلى الله عليه وسلم قال: «كل ميراث قسم في الجاهلية فهو على قسم الجاهلية، وكل ميراث لم يقسم حتى أدركه الإسلام فهو على قسم الإسلام»,0
Sunan Sa'id ibn Mansur,212,UNGRADED,Inheritance & Wills; Children & Upbringing,"194- # سعيد قال: نا سفيان، عن عمرو بن دينار، عن عوسجة، عن ابن عباس أن رجلا مات على عهد رسول الله صلى الله عليه وسلم، وليس له وارث إلا غلام له هو أعتقه، فأعطاه رسول الله صلى الله عليه وسلم ميراثه """,0
Sunan Sa'id ibn Mansur,214,UNGRADED,Inheritance & Wills; Justice & Judgement,"196- # سعيد قال: نا إسماعيل بن عياش، عن ابن جريج، عن عطاء، قال: قضى رسول الله صلى الله عليه وسلم أن كل ميراث قسم في الجاهلية فهو على قسمة الجاهلية، وما أدرك الإسلام من ميراث فهو على قسمة الإسلام """,0
Sunan Sa'id ibn Mansur,215,UNGRADED,Justice & Judgement; Prophets & Past Peoples,197- # سعيد قال: سعيد قال: نا إسماعيل بن عياش، عن عبد العزيز بن عبيد الله، عن زائدة بن عبد الرحمن أخي بني ساعدة أن رسول الله صلى الله عليه وسلم قضى بذلك فيهم,0
Sunan Sa'id ibn Mansur,218,UNGRADED,Prophets & Past Peoples,200- # سعيد قال: نا عيسى بن يونس، قال: نا معاوية بن يحيى الصدفي، عن القاسم الشامي، عن أبي أمامة، قال: قال رسول الله صلى الله عليه وسلم # : «من أسلم على يديه رجل فله ولاؤه»,0
Sunan Sa'id ibn Mansur,219,UNGRADED,Prophets & Past Peoples,201- # سعيد قال: نا عيسى بن يونس، قال: نا الأحوص بن حكيم، عن راشد بن سعد، قال: قال رسول الله صلى الله عليه وسلم: «من أسلم على يديه رجل فهو مولاه يرثه، ويدي عنه»,0
Sunan Sa'id ibn Mansur,220,UNGRADED,Character & Manners,202- # سعيد قال: نا إسماعيل بن عياش، قال: نا الأحوص بن حكيم، عن راشد بن سعد، قال: سئل رسول الله صلى الله عليه وسلم عن الرجل يسلم على يدي الرجل قال: «هو أولى الناس به يرثه ويعقل عليه»,0
Sunan Sa'id ibn Mansur,221,UNGRADED,Character & Manners; Justice & Judgement,203- # سعيد قال: نا إسماعيل بن عياش، قال: حدثني عبد العزيز بن عمر بن عبد العزيز، عن عبد الله بن موهب قاضي فلسطين، عن تميم الداري، قال: سألت رسول الله صلى الله عليه وسلم عن الرجل يسلم على يدي الرجل، فقال رسول الله صلى الله عليه وسلم: «هو أولى الناس بمحياه ومماته»,0
Sunan Sa'id ibn Mansur,270,UNGRADED,Fasting & Ramadan; Women,248- # سعيد قال: نا إسماعيل بن زكريا، عن عبد الله بن عطاء، قال: حدثني عبد الله بن بريدة، عن أبيه، قال: جاءت امرأة إلى رسول الله صلى الله عليه وسلم فقالت: يا رسول الله إني تصدقت على أمي بجارية وإن أمي ماتت فقال رسول الله صلى الله عليه وسلم: «أجرت ورجعت إليك في ميراثك» # ، قالت: يا رسول الله إني أمي ماتت وعليها صوم فيجزئ عنها أن أصوم عنها؟ قال: «نعم»,0
Sunan Sa'id ibn Mansur,273,UNGRADED,Zakah & Charity,"251- # سعيد قال: نا سفيان، عن عمرو، وحميد الأعرج، وعبد الله بن أبي بكر، أن عبد الله بن زيد بن عبد ربه، أتى النبي صلى الله عليه وسلم فقال: إن حائطي صدقة وإنه إلى الله ورسوله، فجاء أبواه إلى النبي صلى الله عليه وسلم فقالا: إنه ليس لنا عيش غير هذا، فرده عليهما، فمات أبواه فورثه "" قال سفيان مرة: وابنا أبي بكر، قال سعيد: ابني أبي بكر: عبد الله ومحمد",0
Sunan Sa'id ibn Mansur,296,UNGRADED,Character & Manners; Prophets & Past Peoples,272- # سعيد قال: نا سعيد بن عبد الرحمن الجمحي، عن يونس بن يزيد، عن الزهري، قال: قال رسول الله صلى الله عليه وسلم: «المولى أخ في الدين ونعمة، وأولى الناس بميراثه أقربهم من المعتق»,0
Sunan Sa'id ibn Mansur,300,UNGRADED,Trade & Business,باب النهي عن بيع الولاء وهبته # # سعيد قال: نا سفيان، عن عبد الله بن دينار، عن ابن عمر، قال: «نهى رسول الله صلى الله عليه وسلم عن بيع الولاء وعن هبته» #,0
Sunan Sa'id ibn Mansur,303,UNGRADED,Servants & Freeing Slaves,279- # سعيد قال: نا أبو عوانة، عن عمرو بن أبي سلمة، عن أبيه، عن عائشة، قالت: قال رسول الله صلى الله عليه وسلم: «الولاء لمن أعتق»,1
Sunan Sa'id ibn Mansur,305,UNGRADED,Prophets & Past Peoples,281- # سعيد قال: نا خالد بن عبد الله، عن يونس، عن الحسن، قال: قال رسول الله صلى الله عليه وسلم: «الميراث للعصبة فإن لم يكن عصبة فالولاء»,0
Sunan Sa'id ibn Mansur,310,UNGRADED,Prophets & Past Peoples,285- # سعيد قال: نا إسماعيل بن عياش، عن سليمان أبي سلمة الكناني، عن سليمان بن موسى، قال: قال رسول الله صلى الله عليه وسلم: «من قطع ميراثا فرضه الله، قطع الله ميراثه من الجنة»,0
Sunan Sa'id ibn Mansur,311,UNGRADED,Paradise,286- # سعيد قال: نافع بن فضالة عن النصر بن شفي، عن عمران بن سليم، قال: قال رسول الله صلى الله عليه وسلم: «من قطع ميراثا فرضه الله قطع الله ميراثه في الجنة»,0
Sunan Sa'id ibn Mansur,312,UNGRADED,Other Narrations,287- # سعيد قال: نا أبو معاوية، قال: نا الأعمش، عن مسلم بن صبيح، قال: سئل مسروق: أكانت عائشة تحسن الفرائض؟ قال: «لقد رأيت الأكابر من أصحاب رسول الله صلى الله عليه وسلم يسألونها عن الفرائض»,0
Sunan Sa'id ibn Mansur,313,UNGRADED,Dhikr & Supplication,288- # سعيد قال: نا سفيان، عن ابن طاوس، عن أبيه يبلغ به النبي صلى الله عليه وسلم قال: «ألحقوا المال بالفرائض، فما أبقت الفرائض فلأولى ذكر» أو قال: «فلأولى رجل ذكر»,0
Sunan Sa'id ibn Mansur,318,UNGRADED,Children & Upbringing,293- # سعيد قال: نا ابن المبارك، قال: أنا الأوزاعي، عن يحيى بن أبي كثير، قال رسول الله صلى الله عليه وسلم: «ساووا بين أولادكم في العطية، ولو كنت مؤثرا أحدا لآثرت النساء على الرجال»,0
Sunan Sa'id ibn Mansur,319,UNGRADED,Prophets & Past Peoples,294- # سعيد قال: نا إسماعيل بن عياش، عن سعيد بن يوسف، عن يحيى بن أبي كثير، عن عكرمة، عن ابن عباس، عن النبي صلى الله عليه وسلم بهذا الحديث,0
Sunan Sa'id ibn Mansur,321,UNGRADED,Bloodshed & Murder,296- # سعيد قال: نا هشيم، قال: إن لم أكن سمعته من الزهري، فقد حدثني سفيان بن حسين، عن الزهري، عن سعيد بن المسيب أن امرأة أتت عمر بن الخطاب قتل زوجها فسألت أن يورثها من ديته فقال: ما أعلم لك شيئا، ثم سأل الناس من كان عنده علم من رسول الله صلى الله عليه وسلم فقام الضحاك بن سفيان الكلابي فقال: «كتب إلي رسول الله صلى الله عليه وسلم أن أورث امرأة أشيم من دية زوجها أشيم فورثها عمر بن الخطاب»,0
Sunan Sa'id ibn Mansur,322,UNGRADED,Women; Bloodshed & Murder,297- # سعيد قال: نا أبو قدامة، عن معمر، عن الزهري، عن سعيد بن المسيب قال: جاءت امرأة إلى عمر فقالت: إنها لا تعطى من دية زوجها شيئا، فقال: لا أرى الدية إلا للعصبة هم يعقلون عنه، فهل عند أحد منكم # شيء بلغه عن رسول الله صلى الله عليه وسلم؟ فقام الضحاك بن سفيان الكلابي فقال: «كتب إلي رسول الله صلى الله عليه وسلم في امرأة أشيم الضبابي أن أورثها من دية زوجها فورثها عمر»,0
Sunan Sa'id ibn Mansur,323,UNGRADED,Bloodshed & Murder; Inheritance & Wills,298- # سعيد قال: نا سفيان، عن عمر بن سعيد بن مسروق، عن الزبير بن عدي، أنه سمع الشعبي، يقول: «إن رسول الله صلى الله عليه وسلم ورث زوجا من دية»,0
Sunan Sa'id ibn Mansur,324,UNGRADED,Prophets & Past Peoples,299- # سعيد قال: نا عيسى بن يونس قال: أنا الأعمش، عن إبراهيم، قال رسول الله صلى الله عليه وسلم: «الدية على الميراث، والعقل على العصبة»,0
Sunan Sa'id ibn Mansur,326,UNGRADED,Other Narrations,302- # سعيد قال: نا هشيم، قال: أنا أشعث بن سوار، قال: أنا الشعبي، عن بعض أصحاب رسول الله صلى الله عليه وسلم أنه قال: «الدية تقسم على فرائض الله»,0
Sunan Sa'id ibn Mansur,354,UNGRADED,Usury & Interest,327- # سعيد قال: نا هشيم، قال: قال: أنا سيار أبو الحكم، عن عبد الله بن عمير، قال: أوصى الربيع بن خثيم: «هذا ما أوصى به الربيع بن خثيم وأشهد الله على نفسه وكفى بالله شهيدا وجازيا لعباده الصالحين ومثيبا، أني رضيت بالله ربا، وبالإسلام دينا، وبمحمد صلى الله عليه وسلم نبيا. ورضيت لنفسي ومن أطاعني أن يعبدوا الله في العابدين، ويحمدوه في الحامدين، وينصحوا لجماعة المسلمين»,0
Sunan Sa'id ibn Mansur,358,UNGRADED,Character & Manners,"330- # سعيد قال: نا سفيان، قال: نا الزهري، عن عامر بن سعد، عن أبيه سعد بن أبي وقاص أنه قدم مكة عام الفتح قال: فمرضت مرضا أشفقت على نفسي الموت، فأتاني رسول الله صلى الله عليه وسلم يعودني، فقلت: يا رسول الله إني أدع مالا كثيرا، ولا أدع وارثا إلا ابنتي أفأتصدق بثلثي مالي؟ قال: «لا» قال: فالشطر؟ قال: «لا» قال: فالثلث؟ قال: «الثلث , والثلث كثير، إنك أن تدع ورثتك أغنياء خير من أن تدعهم عالة يتكففون الناس. إنك لن تنفق نفقة - أظنه قال - تريد بها وجه الله إلا أجرت فيها حتى اللقمة ترفعها إلى في امرأتك» ، قلت: يا رسول الله أخلف عن هجرتي # قال: «إنك لن تخلف بعدي فتعمل عملا تريد به وجه الله إلا ازددت به رفعة ودرجة، ولعلك أن تخلف حتى ينتفع بك أقوام ويضر بك آخرون، اللهم أمض لأصحابي هجرتهم، ولا تردهم على أعقابهم، لكن البائس سعد بن خولة يرثي له أن مات بمكة»",0
Sunan Sa'id ibn Mansur,359,UNGRADED,Character & Manners,"331- # سعيد قال: نا هشيم، قال: أنا ابن عون، عن عمرو بن سعيد، قال: حدثني حميد بن عبد الرحمن الحميري، قال: أخبرني ثلاثة نفر من ولد سعد، هذا أحدهم يعني عامر بن سعد أن سعدا مرض بمكة فأتاه رسول الله صلى الله عليه وسلم يعوده، فقال له سعد: يا رسول الله إني أدع مالا وليس لي وارث إلا كلالة أفأوصي بمالي كله؟ قال: «لا» قال: فبنصفه؟ قال: «لا» ، قال: فبثلثه؟ قال: "" الثلث، والثلث كثير إنك أن تدع أهلك بعيش - أو قال: بخير - خير من أن تدعهم يتكففون الناس """,0
Sunan Sa'id ibn Mansur,360,UNGRADED,Other Narrations,"332- # سعيد قال: نا خالد بن عبد الله، قال: أنا عطاء بن السائب، عن أبي عبد الرحمن السلمي، عن سعد بن مالك، قال: مرضت مرضا فعادني رسول الله صلى الله عليه وسلم فقال لي: «أوصيت؟» فقلت: نعم أوصيت بمالي كله للفقراء وفي سبيل الله، فقال لي رسول الله صلى الله عليه وسلم: «أوص بالعشر» فقلت: يا رسول الله إن مالي كثير وورثتي أغنياء , فلم يزل # رسول الله صلى الله عليه وسلم يناقصني، وأناقصه حتى قال: «أوص بالثلث، والثلث كثير»",0
Sunan Sa'id ibn Mansur,361,UNGRADED,Other Narrations,"333- # سعيد قال: نا خالد بن عبد الله، قال: أنا عطاء بن السائب، عن أبي عبد الرحمن، قال: لم يكن أحد منا يبلغ في وصيته الثلث حتى ينقص منه شيئا لقول رسول الله صلى الله عليه وسلم: «الثلث , والثلث كثير»",0
Sunan Sa'id ibn Mansur,386,UNGRADED,Inheritance & Wills,"358- # سعيد قال: نا سفيان، عن ابن طاوس، عن أبيه، أنه كان يقول: "" إن الوصية كانت قبل الميراث، فلما نزل الميراث نسخ الميراث من يرث، وبقيت الوصية لمن لا يرث فهي ثابتة، فمن أوصى لغير ذي قرابته لم تجز وصيته لأن رسول الله صلى الله عليه وسلم قال: «لا تجوز وصية لوارث»",0
Sunan Sa'id ibn Mansur,439,UNGRADED,Servants & Freeing Slaves; Theft & Property,406- # سعيد قال: نا هشيم، قال: أنا حجاج، عن العلاء بن بدر، عن أبي يحيى المكي، أن رجلا أعتق غلاما له عند موته، وليس له مال غيره، وعليه دين «فأمر رسول الله صلى الله عليه وسلم أن يسعى في قيمته»,0
Sunan Sa'id ibn Mansur,440,UNGRADED,Servants & Freeing Slaves; Theft & Property,407- # سعيد قال: نا هشيم، قال: أنا خالد، عن أبي قلابة، عن رجل من بني عذرة أن رجلا منهم أعتق غلاما له عند موته، ولم يكن له مال غيره، فرفع ذلك إلى رسول الله صلى الله عليه وسلم، فأعتق منه الثلث، واستسعى في الثلثين,0
Sunan Sa'id ibn Mansur,441,UNGRADED,Servants & Freeing Slaves; Theft & Property,"408- # سعيد قال: نا هشيم، قال: أنا منصور، عن الحسن، عن عمران بن حصين، أن رجلا من الأنصار أعتق ستة مملوكين له عند موته، ليس له مال غيرهم، فبلغ ذلك النبي صلى الله عليه وسلم، فغضب من ذلك وقال: «لقد # هممت أن لا أصلي عليه» . ثم دعا مملوكيه فجزأهم ثلاثة أجزاء فأقرع بينهم، فأعتق اثنين وأرق أربعة "".",0
Sunan Sa'id ibn Mansur,442,UNGRADED,Other Narrations,409- # سعيد قال: نا هشيم، قال: أنا خالد، قال: نا أبو قلابة، عن أبي زيد الأنصاري، عن النبي صلى الله عليه وسلم مثل ذلك.,0
Sunan Sa'id ibn Mansur,443,UNGRADED,Other Narrations,410- # سعيد قال: نا هشيم، قال: أنا ابن عون، عن ابن سيرين عن النبي صلى الله عليه وسلم مثله,0
Sunan Sa'id ibn Mansur,444,UNGRADED,Servants & Freeing Slaves,"411- # سعيد قال: نا سفيان، عن يزيد بن يزيد بن جابر، عن مكحول، عن سعيد بن المسيب، أن رجلا أعتق ستة أعبد له في مرضه، فأقرع رسول الله صلى الله عليه وسلم بينهم، فأعتق اثنين وأرق أربعة """,0
Sunan Sa'id ibn Mansur,451,UNGRADED,Parents; Oaths & Vows,417- # سعيد قال: نا سفيان، عن الزهري، عن عبيد الله بن عبد الله، عن ابن عباس أن سعد بن عبادة استفتى النبي صلى الله عليه وسلم في نذر كان على أمه ماتت قبل أن تقضي، فقال: «اقض عنها»,0
Sunan Sa'id ibn Mansur,452,UNGRADED,Other Narrations,418- # سعيد قال: نا سفيان، عن عبد الرحمن بن القاسم، عن أبيه، قال # : جاء سعد بن عبادة إلى رسول الله صلى الله عليه وسلم، فقال: إن أمي ماتت ولم توص، فهل ينفعها أن أتصدق عنها؟ فقال: «نعم»,0
Sunan Sa'id ibn Mansur,453,UNGRADED,Children & Upbringing,419- # سعيد قال: نا هشيم، قال: أنا منصور، ويونس، عن الحسن، قال: قال سعد بن عبادة: يا رسول الله، إني كنت ابن أم سعد، وإنها ماتت، فهل ينفعها أن أتصدق عنها؟ قال: «نعم» . قال: فأي الصدقة أفضل؟ قال: «اسق الماء» قال: فجعل صهريجين بالمدينة. قال الحسن: فربما سعيت بينهما وأنا غلام,0
Sunan Sa'id ibn Mansur,454,UNGRADED,Women,"420- # سعيد قال: نا سفيان، عن ابن طاوس، عن أبيه، قال: جاءت امرأة إلى رسول الله صلى الله عليه وسلم فقالت: إن أمي ماتت ولم توص , أفأوصي عنها؟ قال: «نعم»",0
Sunan Sa'id ibn Mansur,460,UNGRADED,Inheritance & Wills; Prophets & Past Peoples,425- # سعيد قال: نا سفيان، عن سليمان الأحول، عن مجاهد أن رسول الله صلى الله عليه وسلم أمر مناديا فنادى: «لا وصية لوارث، ولا يجوز لامرأة عطية إلا بإذن زوجها، والولد للفراش»,0
Sunan Sa'id ibn Mansur,461,UNGRADED,Inheritance & Wills,426- # سعيد قال: نا سفيان، عن عمرو بن دينار، أن رسول الله صلى الله عليه وسلم قال: «لا تجوز لوارث وصية إلا أن يجيزها الورثة»,0
Sunan Sa'id ibn Mansur,462,UNGRADED,Day of Judgement,427- # سعيد قال: نا إسماعيل بن عياش، قال: حدثني شرحبيل بن مسلم الخولاني، قال: سمعت أبا أمامة الباهلي، يقول: سمعت رسول الله صلى الله عليه وسلم يقول في خطبته عام حجة الوداع: «ألا إن الله قد أعطى كل ذي حق حقه؛ فلا وصية لوارث، الولد للفراش، وللعاهر الحجر، وحسابهم على الله، من ادعى إلى غير أبيه أو انتمى إلى غير مواليه فعليه لعنة الله التابعة # إلى يوم القيامة، لا يقبل منه صرف ولا عدل، لا تنفق امرأة شيئا من بيتها إلا بإذن زوجها» . قيل: يا رسول الله، ولا الطعام؟ قال: «ذلك أفضل أموالنا» . ثم قال: «إن العارية مؤداة، والمنحة مردودة، والدين مقضي، والزعيم غارم»,0
Sunan Sa'id ibn Mansur,463,UNGRADED,Usury & Interest; Inheritance & Wills,428- # سعيد قال: نا هشيم، قال: أنا طلحة أبو محمد مولى باهلة قال: نا قتادة، عن شهر بن حوشب، عن عمرو بن خارجة الأشعري قال: شهدت مع رسول الله صلى الله عليه وسلم حجته. فقال: إني لبين جران ناقة رسول الله صلى الله عليه وسلم وهي تقصع بجرتها، ولعابها يسيل بين كتفي. قال: فسمعته يقول: «إن الله قد أعطى كل ذي حق حقه؛ ولا تجوز وصية لوارث، ألا وإن الولد للفراش وللعاهر الحجر، ألا من ادعى إلى غير أبيه أو انتمى إلى غير مواليه فعليه لعنة الله والملائكة والناس أجمعين، لا يقبل منه صرف ولا عدل»,0
Sunan Sa'id ibn Mansur,464,UNGRADED,Inheritance & Wills,429- # سعيد قال: نا سفيان، عن هشام بن حجير، عن طاوس، أن رسول الله صلى الله عليه وسلم قال: «لا تجوز وصية لوارث»,0
Sunan Sa'id ibn Mansur,475,UNGRADED,Theft & Property; Death & Burial,باب في المدبر # # سعيد قال: نا سفيان، عن عمرو بن دينار، سمع جابر بن عبد الله، يقول: إن رجلا من الأنصار دبر غلاما له لم يكن له مال غيره، فباعه النبي صلى الله عليه وسلم، فاشتراه ابن النحام. قال جابر: عبدا قبطيا مات عام أول في إمارة ابن الزبير.,0
Sunan Sa'id ibn Mansur,477,UNGRADED,Servants & Freeing Slaves; Theft & Property,441- # سعيد قال: نا هشيم، قال: أنا عبد الملك، عن عطاء، أن رجلا أعتق غلاما له عن دبر، ليس له مال غيره، فبلغ ذلك رسول الله صلى الله عليه وسلم، فغضب من ذلك، ودعا الغلام فباعه بسبعمائة درهم، ثم دفع الثمن إليه، فقال: «استنفقه» .,0
Sunan Sa'id ibn Mansur,478,UNGRADED,Other Narrations,442- # سعيد قال: نا هشيم، قال: أنا إسماعيل بن أبي خالد، عن سلمة بن كهيل، عن عطاء، عن جابر بن عبد الله، عن النبي صلى الله عليه وسلم بنحو من حديث عبد الملك,0
Sunan Sa'id ibn Mansur,479,UNGRADED,Trade & Business; Prophets & Past Peoples,443- # سعيد قال: نا هشيم، قال: أنا عبد الملك بن أبي سليمان، عن أبي جعفر محمد بن علي أن رسول الله صلى الله عليه وسلم «باع خدمة المدبر»,0
Sunan Sa'id ibn Mansur,522,UNGRADED,Parents; Marriage & Spouses,"485- # سعيد قال: نا مسلم بن خالد، عن موسى بن عقبة، عن أمه أم كلثوم، قالت: "" لما تزوج رسول الله صلى الله عليه وسلم أم سلمة قال لها: «إني قد أهديت للنجاشي أواقي من مسك وحلة، ولا أراه إلا قد مات، ولا أرى هديتي التي أهديت إليه إلا سترد إلي، فإذا ردت إلي فهي لك» . فكان كما قال رسول الله صلى الله عليه وسلم، مات النجاشي، وردت هديته، فلما ردت إليه الهدية أعطى كل امرأة من نسائه أوقية من ذلك المسك، وأعطى سائره أم سلمة، وأعطاها الحلة """,0
Sunan Sa'id ibn Mansur,525,UNGRADED,Prophets & Past Peoples,487- # أنبأ أبو علي الحسن بن أحمد بن إبراهيم بن الحسن بن محمد بن شاذان قال: أنا أبو محمد دعلج بن أحمد بن دعلج السجستاني قال: أنا أبو عبد الله محمد بن علي بن زيد الصائغ، أن سعيد بن منصور حدثهم قال: نا سفيان بن عيينة، عن إبراهيم بن ميسرة، عن عبيد بن سعد قال: قال رسول الله صلى الله عليه وسلم: «من أحب فطرتي فليستن سنتي، ومن سنتي النكاح»,0
Sunan Sa'id ibn Mansur,526,UNGRADED,Orphans & the Weak; Marriage & Spouses,488- # حدثنا سعيد قال: نا محمد بن ثابت العبدي، قال: نا هارون بن رئاب، عن أبي نجيح قال: قال رسول الله صلى الله عليه وسلم: «مسكين مسكين، رجل ليست له امرأة» . قالوا: يا رسول الله، وإن كان غنيا من المال؟ قال: «وإن كان غنيا من المال» . وقال: «مسكينة مسكينة مسكينة، امرأة ليس لها زوج» . قالوا: يا رسول الله، وإن كانت غنية من المال؟ قال: «وإن كانت غنية من المال»,0
Sunan Sa'id ibn Mansur,527,UNGRADED,Other Narrations,489- # حدثنا سعيد، نا أبو معاوية، قال: نا الأعمش، عن عمارة بن عمير، عن عبد الرحمن بن يزيد، عن عبد الله بن مسعود، قال: قال رسول الله صلى الله عليه وسلم: «يا معشر الشباب، من استطاع منكم الباءة فليتزوج؛ فإنه أغض للبصر وأحصن للفرج، ومن لم يستطع فعليه بالصوم؛ فإنه له وجاء»,0
Sunan Sa'id ibn Mansur,528,UNGRADED,Day of Judgement,490- # حدثنا سعيد، نا خلف بن خليفة، قال: نا حفص بن عمرو ابن أخي أنس، عن أنس بن مالك، قال: كان رسول الله صلى الله عليه وسلم يأمر بالباءة، وينهى عن التبتل نهيا شديدا، ويقول: «تزوجوا الودود الولود؛ فإني مكاثر الأنبياء بكم يوم القيامة»,0
Sunan Sa'id ibn Mansur,530,UNGRADED,Prophets & Past Peoples,492- # حدثنا سعيد قال: نا سفيان، عن إبراهيم بن ميسرة، عن طاوس، يبلغ به النبي صلى الله عليه وسلم قال: «لم ير للمتحابين مثل النكاح»,0
Sunan Sa'id ibn Mansur,538,UNGRADED,Women; Character & Manners,501- # حدثنا سعيد قال: نا سفيان، عن عمرو بن دينار، عن يحيى بن جعدة، أن رسول الله صلى الله عليه وسلم قال: «خير فائدة أفادها المرء المسلم بعد إسلامه امرأة جميلة، تسره إذا نظر إليها، وتطيعه إذا أمرها، وتحفظه في غيبته وماله ونفسها»,0
Sunan Sa'id ibn Mansur,539,UNGRADED,Women,"502- # حدثنا سعيد قال: نا أبو الأحوص، قال: نا منصور، عن حبيب بن أبي ثابت، أو مجاهد، عن يحيى، عن جعدة قال: قال رسول الله صلى الله عليه وسلم: "" تنكح المرأة على أربع خلال: على دينها، وعلى جمالها، وعلى مالها، وعلى حسبها ونسبها، فعليك بذات الدين تربت يداك """,0
Sunan Sa'id ibn Mansur,542,UNGRADED,Women,505- # حدثنا سعيد قال: نا إسماعيل بن عياش، عن عبد الرحمن بن زياد بن أنعم، عن عبد الله بن يزيد، عن عبد الله بن عمرو، قال: قال رسول الله صلى الله عليه وسلم: «لا تنكحوا المرأة لحسنها؛ فعسى حسنها أن يرديها، ولا تنكحوا المرأة لمالها؛ فعسى مالها أن يطغيها، وانكحوها لدينها، فلأمة سوداء خرماء ذات دين أفضل من امرأة حسناء لا دين لها»,0
Sunan Sa'id ibn Mansur,543,UNGRADED,Women,"506- # حدثنا سعيد قال: نا إسماعيل بن عياش، عن برد بن سنان، عن مكحول، قال: قال رسول الله صلى الله عليه وسلم: "" تنكح المرأة لأربع: للحسب، والدين، والمال، والجمال، فعليك بذات الدين، تربت يداك """,0
Sunan Sa'id ibn Mansur,544,UNGRADED,Other Narrations,507- # حدثنا سعيد قال: نا إسماعيل بن عياش، عن أبي بكر بن أبي مريم، عن ضمرة بن حبيب قال: «نهى رسول الله صلى الله عليه وسلم أن يتزوج الأعرابي المهاجرة يخرجها إلى الأعراب»,0
Sunan Sa'id ibn Mansur,548,UNGRADED,Women; Bloodshed & Murder,510- # حدثنا سعيد قال: نا سفيان، قال: سمعت محمد بن المنكدر، وعمرو بن دينار، سمعا جابر بن عبد الله، يقول: قال رسول الله صلى الله عليه وسلم: «هل نكحت» ؟ قلت: نعم. قال: «بكرا أو ثيبا» ؟ قلت: بل ثيبا. قال: «فهلا بكرا تلاعبها وتلاعبك» ؟ قلت: إن أبي قتل يوم أحد وترك تسع بنات، فهن لي تسع أخوات، فلم أحب أن أجمع إليهن خرقاء مثلهن، وقلت: امرأة تقوم عليهن وتمشطهن قال: «أصبت»,0
Sunan Sa'id ibn Mansur,549,UNGRADED,Women; Animals,511- # حدثنا سعيد قال: نا هشيم، قال: أنا سيار، عن الشعبي، عن جابر # بن عبد الله، قال: كنا مع رسول الله صلى الله عليه وسلم في سفر، فلما قفلنا تعجلت على بعير لي قطوف فلحقني راكب من خلفي فنخس بعيري بعنزة كانت معه، فانطلق بعيري كأجود ما أنت راء من الإبل، فالتفت فإذا أنا برسول الله صلى الله عليه وسلم. قال المغيرة، عن الشعبي، عن جابر في هذا الحديث: فالتفت إلى رسول الله صلى الله عليه وسلم، فقلت: يا رسول الله، هذه بركتك. ثم رجع إلى حديث سيار، فقال: «ما يعجلك» ؟ قلت: يا رسول الله، إني كنت حديث عهد بعرس. قال: «فبكر تزوجت أو ثيب» ؟ قلت: بل ثيب. قال: «فهلا جارية تلاعبها وتلاعبك» ؟ فقال: «إذا قدمت على أهلك فالكيس الكيس» . فلما قدمنا ذهبنا ندخل نهارا، فقال: «أمهلوا حتى ندخل ليلا - أي عشاء - لكي تمتشط الشعثة، وتستحد المغيبة»,0
Sunan Sa'id ibn Mansur,550,UNGRADED,Other Narrations,512- # حدثنا سعيد قال: نا إسماعيل بن عياش، عن عبيد الله بن # عبيد الكلاعي، عن عمرو بن عثمان، قال: قال رسول الله صلى الله عليه وسلم: «عليكم بأبكار النساء؛ فإنهن أعذب أفواها، وأسخن جلودا»,0
Sunan Sa'id ibn Mansur,551,UNGRADED,Prophets & Past Peoples,513- # حدثنا سعيد قال: نا داود بن عبد الرحمن، عن ابن جريج، عن مكحول، قال: قال رسول الله صلى الله عليه وسلم: «عليكم بالجواري الشباب؛ فإنهن أطيب أفواها، وأغر أخلاقا، وأفتح أرحاما، ألم تعلموا أني مكاثر»,0
Sunan Sa'id ibn Mansur,552,UNGRADED,Prayer (Salah); Paradise,514- # حدثنا سعيد قال: نا إسماعيل بن عياش، عن عبد الله بن عثمان بن خثيم، عن مكحول، أن رسول الله صلى الله عليه وسلم قال: «عليكم بالجواري الشواب فانكحوهن؛ فإنهن أفتح أرحاما، وأغر أخلاقا، وأطيب أفواها، إن ذراري المؤمنين أرواحهم في عصافير خضر في شجر في الجنة يكفلهم أبوهم إبراهيم عليه الصلاة والسلام»,0
Sunan Sa'id ibn Mansur,553,UNGRADED,Other Narrations,515- # حدثنا سعيد قال: نا إسماعيل بن زكريا، عن هشام بن عروة، عن أبيه عروة، عن عائشة، رضي الله عنها قالت: «تزوجني رسول الله صلى الله عليه وسلم وأنا ابنة ست سنين، وبنى بي وأنا ابنة تسع سنين»,0
Sunan Sa'id ibn Mansur,555,UNGRADED,Women,"516- # حدثنا سعيد قال: نا أبو شهاب، عن عاصم الأحول، عن بكر بن عبد الله المزني، عن المغيرة بن شعبة قال: أتيت رسول الله صلى الله عليه وسلم، فأخبرته أني خطبت امرأة، فقال: «هل رأيتها» ؟ قلت: لا. قال: «فانظر إليها؛ فإنه أحرى أن يؤدم بينكما» . قال: فأتيتهم فأخبرتهم بقول رسول الله صلى الله عليه وسلم وعندها أبوها، فسكتا، فقالت المرأة: إني أحرج عليك إن كان رسول الله صلى الله عليه وسلم لم يأمرك أن تنظر إلي، وإن كان رسول الله صلى الله عليه وسلم أمرك أن تنظر إلي لما نظرت. ورفعت السجف، فنظرت إليها فتزوجتها، فما نزلت مني امرأة قط بمنزلتها، وقد تزوجت سبعين امرأة أو بضعة وسبعين """,0
Sunan Sa'id ibn Mansur,556,UNGRADED,Women,517- # حدثنا سعيد، نا أبو معاوية، قال: نا عاصم الأحول، عن بكر بن عبد الله المزني، عن المغيرة بن شعبة، قال: خطبت امرأة، فقال رسول الله صلى الله عليه وسلم: «نظرت إليها» ؟ فقلت: لا. قال: «فانظر إليها؛ فإنه أحرى أن يؤدم بينكما» .,0
Sunan Sa'id ibn Mansur,557,UNGRADED,Other Narrations,518- # حدثنا سعيد، نا سفيان، عن عاصم الأحول، عن بكر بن عبد الله # المزني أو أبي قلابة، عن المغيرة بن شعبة، عن النبي صلى الله عليه وسلم مثل ذلك,0
Sunan Sa'id ibn Mansur,558,UNGRADED,Women,"519- # حدثنا سعيد، نا أبو شهاب، عن الحجاج بن أرطاة، عن محمد بن سليمان بن أبي حثمة، عن عمه سهل بن أبي حثمة قال: رأيت محمد بن مسلمة يطارد امرأة ببصره على إجار يقال لها ثبيتة بنت الضحاك أخت أبي جبيرة، فقلت: أتفعل هذا وأنت صاحب رسول الله صلى الله عليه وسلم؟ قال: نعم، إذا ألقى الله عز وجل في قلب امرئ خطبة، فلا بأس بالنظر إليها """,0
Sunan Sa'id ibn Mansur,559,UNGRADED,Day of Judgement,520- # حدثنا سعيد قال: نا عبد العزيز بن محمد، عن جعفر بن محمد، عن أبيه، أن عمر خطب إلى علي بن أبي طالب رضي الله عنه ابنته أم كلثوم، فقال علي: إنما حبست بناتي على بني جعفر. فقال: أنكحنيها، فوالله ما على الأرض رجل أرصد من حسن عشرتها ما أرصدت. فقال علي رضي الله عنه: قد أنكحتكها. فجاء عمر إلى مجلس المهاجرين بين القبر والمنبر، وكان المهاجرون يجلسون ثم، وعلي، وعبد الرحمن بن عوف، والزبير، وعثمان، وطلحة، وسعد، فإذا كان العشي يأتي عمر الأمر من الآفاق ويقضي فيه، جاءهم وأخبرهم ذلك، واستشارهم كلهم، فقال: رفئوني. قالوا: بم يا أمير المؤمنين؟ قال: بابنة علي بن أبي طالب رضي الله عنه. ثم أنشأ يحدثهم أن رسول الله صلى الله عليه وسلم # قال: «كل نسب وسبب منقطع يوم القيامة، إلا نسبي وسببي» . كنت قد صحبته فأحببت أن يكون لي أيضا,0
Sunan Sa'id ibn Mansur,561,UNGRADED,Other Narrations,522- # حدثنا سعيد قال: نا عبد العزيز بن محمد، قال: أخبرني سهيل بن أبي صالح، عن أبيه، عن أبي هريرة، أن رسول الله صلى الله عليه وسلم كان إذا رفأ إنسانا قال: «بارك الله لك، وبارك عليك، وجمع بينكما بخير»,0
Sunan Sa'id ibn Mansur,562,UNGRADED,Marriage & Spouses; Women,523- # حدثنا سعيد، نا سفيان، عن يزيد بن كيسان، عن أبي حازم، عن أبي هريرة قال: تزوج رجل امرأة من الأنصار، فقال رسول الله صلى الله عليه وسلم # : «انظر إليها؛ فإن في أعين الأنصار شيئا»,0
Sunan Sa'id ibn Mansur,565,UNGRADED,Other Narrations,525- # حدثنا سعيد قال: نا فرج بن فضالة، عن محمد بن الوليد الزبيدي، عن الزهري قال: قال - يعني رسول الله صلى الله عليه وسلم -: «من دعي إلى الوليمة فلم يجب، فقد عصى الله ورسوله»,0
Sunan Sa'id ibn Mansur,568,UNGRADED,Marriage & Spouses,527- # حدثنا سعيد قال: نا أبو عوانة، عن أبي إسحاق، عن أبي بردة، عن أبيه، قال: قال رسول الله صلى الله عليه وسلم: «لا نكاح إلا بولي»,0
Sunan Sa'id ibn Mansur,569,UNGRADED,Prophets & Past Peoples,528- # حدثنا سعيد، نا ابن المبارك، نا ابن جريج، عن سليمان بن موسى، عن الزهري، عن عروة، عن عائشة، قالت: قال رسول الله صلى الله عليه وسلم: «أيما امرأة نكحت بغير إذن وليها فنكاحها باطل، فنكاحها باطل، فنكاحها باطل، فإن كان دخل بها فلها المهر بما استحل من فرجها، وإن اشتجروا، فالسلطان ولي من لا ولي لها» .,0
Sunan Sa'id ibn Mansur,570,UNGRADED,Prophets & Past Peoples,529- # حدثنا سعيد، نا إسماعيل بن زكريا، عن ابن جريج، عن سليمان بن موسى، عن الزهري، عن عروة، عن عائشة عن النبي صلى الله عليه وسلم بمثل ذلك، إلا أنه قال: «فإن اشتجروا فالسلطان ولي من لا ولي له» . قال إسماعيل بن زكريا: مات سليمان بن موسى قبل الزهري بخمس عشرة سنة,0
Sunan Sa'id ibn Mansur,575,UNGRADED,Marriage & Spouses,534- # حدثنا سعيد، نا هشيم، قال: أنا حجاج، عن الزهري، عن عروة، عن عائشة، قالت: قال رسول الله صلى الله عليه وسلم: «لا نكاح إلا بولي أو السلطان، والسلطان ولي من لا ولي له»,0
Sunan Sa'id ibn Mansur,580,UNGRADED,Women; Trade & Business,539- # حدثنا سعيد قال: نا هشيم، أنا أشعث بن عبد الملك، عن الحسن، قال: قال رسول الله صلى الله عليه وسلم: «إذا أنكح الوليان فهي امرأة الأول، وإذا باع المجيزان فالبيع للأول» .,0
Sunan Sa'id ibn Mansur,590,UNGRADED,Women; Character & Manners,"550- # حدثنا سعيد، نا هشيم قال: أنا داود بن أبي هند، عن الشعبي، عن أمامة بنت أبي العاص - وأمها زينب بنت رسول الله صلى الله عليه وسلم - كانت عند علي رضي الله عنه، فلما أصيب كتب معاوية إلى مروان بن الحكم أن يزوجها إياه، فأرسل إليها مروان أن ولي أمرك من أحببت، فولت أمرها المغيرة بن نوفل بن الحارث بن عبد المطلب، وجاء مروان ومعه جماعة من الناس، فقال المغيرة لأمامة: أجعلت أمرك إلي؟ قالت: نعم. قال: فما صنعت في أمرك من شيء فهو جائز؟ فقالت: نعم. فقال المغيرة: إنه قد تزوجها وأصدقتها كذا وكذا. فقال له مروان: ليس ذاك لك، إنما اجتمعنا لتزوجها من أمير المؤمنين. وكتب بذلك إلى معاوية، فكتب إليه معاوية أن خلها وما رضيت به لنفسها """,0
Sunan Sa'id ibn Mansur,595,UNGRADED,Other Narrations,554- # حدثنا سعيد، نا هشيم، نا عمر بن أبي سلمة، عن أبيه، عن أبي هريرة قال: قال رسول الله صلى الله عليه وسلم: «لا تنكح البكر حتى تستأمر، ولا الثيب حتى تشاور» . قالوا: يا رسول الله، إن البكر تستحيي. قال: «سكوتها رضاها»,0
Sunan Sa'id ibn Mansur,596,UNGRADED,Other Narrations,555- # حدثنا سعيد، نا سفيان، عن الزهري، عن سعيد بن المسيب قال: قال رسول الله صلى الله عليه وسلم: «تستأمر اليتيمة في نفسها، وصمتها إقرارها»,0
Sunan Sa'id ibn Mansur,597,UNGRADED,Other Narrations,556- # حدثنا سعيد، نا مالك بن أنس، عن عبد الله بن الفضل، عن نافع # بن جبير، عن ابن عباس قال: قال رسول الله صلى الله عليه وسلم: «الأيم أحق بنفسها من وليها، والبكر تستأمر في نفسها، وإذنها صماتها»,0
Sunan Sa'id ibn Mansur,603,UNGRADED,Other Narrations,562- # حدثنا سعيد، قال: نا هشيم، أنا هشام بن أبي عبد الله، عن يحيى # بن أبي كثير، عن المهاجر بن عكرمة المخزومي، أن رسول الله صلى الله عليه وسلم كان إذا أراد أن يزوج إحدى بناته أتى الخدر، فقال: «إن فلانا يذكر كذا وكذا»,0
Sunan Sa'id ibn Mansur,606,UNGRADED,Other Narrations,565- # حدثنا سعيد، نا هشيم، قال: أنا ابن أبي ليلى، عن عبد الكريم، عن الحسن، قال: قال رسول الله صلى الله عليه وسلم: «تستأمر الأبكار في أنفسهن، فإن أبين خيرن»,0
Sunan Sa'id ibn Mansur,607,UNGRADED,Women,"566- # حدثنا سعيد، نا هشيم، قال أنا عمر بن أبي سلمة، نا أبو سلمة "" أن امرأة من الأنصار من بني عمرو بن عوف يقال لها خنساء بنت خدام زوجها أبوها من رجل وهي كارهة وكانت ثيبا، فأتت النبي صلى الله عليه وسلم، فذكرت ذلك له، فقال: «الأمر إليك» . قالت: لا حاجة لي فيه. فتزوجت أبا لبابة بن عبد المنذر، فجاءت بالسائب بن أبي لبابة """,0
Sunan Sa'id ibn Mansur,608,UNGRADED,Women,"567- # حدثنا سعيد، قال: أنا أبو عوانة، عن عمر بن أبي سلمة، عن أبيه "" أن خنساء بنت خدام زوجها أبوها وقد كانت ملكت أمرها، وأنها كرهت ذلك الرجل، فسألت رسول الله صلى الله عليه وسلم، فقالت: يا رسول الله، إن أبي زوجني رجلا ولست أريده. فقال رسول الله صلى الله عليه وسلم: «أمرك بيدك» . فخطبها أبو لبابة فتزوجها، فولدت السائب بن أبي لبابة """,0
Sunan Sa'id ibn Mansur,609,UNGRADED,Marriage & Spouses; Women,"568- # حدثنا سعيد، قال: نا أبو الأحوص، عن عبد العزيز بن رفيع، عن أبي سلمة بن عبد الرحمن قال: "" جاءت امرأة إلى رسول الله صلى الله عليه وسلم، فقالت: يا رسول الله، إن أبي ونعم الأب هو، خطبني إليه عم ولدي فرده، وأنكحني رجلا وأنا كارهة. فبعث رسول الله صلى الله عليه وسلم إلى أبيها، فسأله عن قولها، فقال: صدقت، أنكحتها ولم آلها خيرا. فقال رسول الله صلى الله عليه وسلم: «لا نكاح لك، اذهبي فانكحي من شئت»",0
Sunan Sa'id ibn Mansur,615,UNGRADED,Other Narrations,574- # حدثنا سعيد، نا إسماعيل بن عياش، عن ابن جريج، عن عمرو بن حوشب، عن عكرمة، قال: قال رسول الله صلى الله عليه وسلم: «لا تحملوا النساء على ما كرهن»,0
Sunan Sa'id ibn Mansur,617,UNGRADED,Marriage & Spouses,"576- # حدثنا سعيد، نا أبو معاوية، نا يحيى بن سعيد، عن القاسم بن محمد، عن مجمع بن يزيد قال: "" زوج خدام ابنته وهي كارهة، فأتت رسول الله صلى الله عليه وسلم، فقالت: يا رسول الله، إن أبي زوجني وأنا كارهة في غربة. فرد رسول الله صلى الله عليه وسلم نكاحها """,0
Sunan Sa'id ibn Mansur,618,UNGRADED,Women; Prophets & Past Peoples,"577- # حدثنا سعيد قال: نا إسماعيل بن إبراهيم، قال: نا هشام بن أبي عبد الله، عن يحيى بن أبي كثير، عن المهاجر بن عكرمة أن رسول الله صلى الله عليه وسلم فرق بين امرأة بكر وزوجها؛ أنكحها أبوها بغير إذنها "" قال: وحدثت أن رسول الله صلى الله عليه وسلم كان إذا أراد أن ينكح امرأة من بناته جلس عند خدرها، فقال: «إن فلانا يذكر فلانة»",0
Sunan Sa'id ibn Mansur,626,UNGRADED,Women,585- # حدثنا سعيد قال: نا هشيم، عن جابر، عن الشعبي قال: قال رسول الله صلى الله عليه وسلم: «أنكحت زيد بن حارثة زينب بنت جحش، وأنكحت المقداد ضباعة بنت الزبير بن عبد المطلب؛ ليعلموا أن أشرف # الشرف للإسلام»,0
Sunan Sa'id ibn Mansur,629,UNGRADED,Other Narrations,588- # حدثنا سعيد قال: نا خالد بن عبد الله عن أبي إسحاق الشيباني، عن الحكم أن رسول الله صلى الله عليه وسلم أمر صهيبا أن يخطب إلى ناس من الأنصار، فأتاهم فخطب إليهم، فقالوا: لا نزوجك عبدا وانتفوا منه. فقال: لولا رسول الله صلى الله عليه وسلم أمرني ما فعلت. فقالوا: وأمرك رسول الله صلى الله عليه وسلم؟ قال: نعم. قالوا: فأمرها في يدك. فزوجوها منه، فأخبر رسول الله صلى الله عليه وسلم، فأتاه ذهب، فأمر له بقطعة من ذهب، فقال له: «سق هذا إلى أهلك» . وقال لأصحابه: «اجمعوا لأخيكم في وليمته»,0
Sunan Sa'id ibn Mansur,630,UNGRADED,Zakah & Charity; Women,"589- # حدثنا سعيد قال: نا عبد الرحمن بن زياد، قال: نا شعبة، عن أبي بكر بن أبي الجهم، قال: دخلت أنا وأبو سلمة بن عبد الرحمن على فاطمة # بنت قيس، فقلت لها: كم طلقك زوجك؟ قالت: طلقني طلاقا بائنا، ولم يجعل لي سكنى ولا نفقة. فقال: صدق. وأمرني أن أعتد في بيت ابن أم مكتوم، ثم قال: إنه بلغني أن ابن أم مكتوم رجل يغشى، ولكن اعتدي في بيت فلان، فلما انقضت عدتي خطبني معاوية وأبو الجهم، فقال رسول الله صلى الله عليه وسلم: «إن معاوية ليس له مال، وأبو الجهم رجل شديد على النساء، ولكن أزوجك من أسامة» . قالت: فزوجني أسامة، فبورك لي """,0
Sunan Sa'id ibn Mansur,631,UNGRADED,The Grave & Barzakh; Signs of the End Times,590- # حدثنا سعيد قال: نا عبد العزيز بن محمد، عن محمد بن عجلان، عن ابن هرمز الصنعاني قال: قال رسول الله صلى الله عليه وسلم: «إذا أتاكم من ترضون دينه وأمانته فزوجوه، إلا تفعلوا تكن فتنة في الأرض وفساد كبير» . قالوا: يا رسول الله، وإن كان وإن كان؟ قال: «نعم»,0
Sunan Sa'id ibn Mansur,633,UNGRADED,Marriage & Spouses; Modesty & Dress,"592- # حدثنا سعيد قال: نا سفيان، عن ابن جريج قال: لما تزوج سلمان إلى أبي قرة الكندي، فلما دخل عليها قال: يا هذه، إن رسول الله صلى الله عليه وسلم أوصاني، وقال: «إن قضى الله عز وجل لك أن تزوج فتكون أول ما تجتمعان عليه طاعة الله» . فقالت: إنك جلست مجلس المرء يطاع أمره. فقال لها: قومي فصلي وندعو. ففعلا، فرأى بيتا مسترا، فقال: ما بال بيتكم هذا، أمحموم، أم تحولت الكعبة في كندة؟ فقالوا: ليس بمحموم، ولم تحول الكعبة في كندة، فقال: لا أدخله حتى يهتك كل ستر إلا سترا على باب """,0
Sunan Sa'id ibn Mansur,634,UNGRADED,Travel & Migration,"593- # حدثنا سعيد قال: نا حديج بن معاوية، عن أبي إسحاق، عن أبي ليلى الكندي، قال: خرج سلمان رضي الله عنه في ثلاثة عشر رجلا من أصحاب رسول الله صلى الله عليه وسلم في سفر، فلما حضرت الصلاة قالوا: تقدم يا أبا عبد الله؛ فأنت أعلمنا وأسننا. فقال: "" إن الله عز وجل قد فضلكم علينا يا معشر العرب، تؤموننا ولا نؤمكم، وتنكحون نساءنا ولا ننكح نساءكم. فتقدم رجل من القوم فصلى بهم أربعا، فلما انصرف قال له سلمان: صليت أربعا، كنا إلى الرخصة أحوج """,0
Sunan Sa'id ibn Mansur,637,UNGRADED,Women; Character & Manners,"595- # حدثنا سعيد قال: نا سفيان، عن أيوب، قال سمعته من محمد بن سيرين سمعه من أبي العجفاء السلمي، قال: سمعت عمر بن الخطاب، رضي الله عنه # يقول: "" ألا لا تغالوا في صدق النساء، فإنها لو كانت مكرمة عند الناس، أو تقوى عند الله عز وجل كان أولاكم وأحقكم بها النبي صلى الله عليه وسلم , ما نكح رسول الله صلى الله عليه وسلم امرأة من نسائه، ولا أنكح امرأة من بناته على أكثر من اثنتي عشرة أوقية وإن أحدكم ليغلي بصدقة امرأته حتى يكون ذلك عداوة في نفسه، ويقول لها: لقد كلفت إليك علق القربة قال: فكنت شابا فلم أدر ما علق القربة وأخرى تقولونها في مغازيكم: قتل فلان شهيدا ولعله أو عسى أن يكون قد أوقر دف راحلته أو عجزها ورقا أو ذهبا يبتغي الدنيا، ولكن قولوا كما قال رسول الله صلى الله عليه وسلم: أو قال محمد رسول الله صلى الله عليه وسلم: «من قتل في سبيل الله فهو شهيد»",0
Sunan Sa'id ibn Mansur,638,UNGRADED,Women; Character & Manners,"596- # حدثنا سعيد، نا هشيم، قال: أنا منصور، عن ابن سيرين، قال: نا أبو العجفاء السلمي، قال: سمعت عمر بن الخطاب، رضي الله عنه وهو يخطب الناس فحمد الله وأثنى عليه، ثم قال: "" ألا لا تغالوا في صدق النساء، فإنها لو كانت مكرمة في الدنيا، أو تقوى عند الله كان أولاكم به النبي صلى الله عليه وسلم # ما أصدق رسول الله صلى الله عليه وسلم امرأة من نسائه، ولا أصدقت امرأة من بناته فوق ثنتي عشرة أوقية، ألا وإن أحدكم ليغلي بصدقة امرأة حتى يبقى لها عداوة في نفسه، فيقول: لقد كلفت إليك علق أو عرق القربة، وأخرى تقولونها في مغازيكم قتل فلان شهيدا، ومات فلان شهيدا، ولعله أن يكون قد أوقر دف راحلته أو عجزها ذهبا أو فضة، يريد الدينار والدراهم، فلا تقولوا ذلكم ولكن قولوا كما قال رسول الله صلى الله عليه وسلم: «من مات في سبيل الله أو قتل فهو شهيد»",1
Sunan Sa'id ibn Mansur,639,UNGRADED,Women; Truthfulness & Lying,"597- # حدثنا سعيد، نا إسماعيل بن إبراهيم، قال: أنا سلمة بن علقمة، وأيوب، وابن عون، وهشام عن محمد بن سيرين، أما سلمة فقال: نبئت عن أبي العجفاء، وأما غيره فقال: عن أبي العجفاء، قال: قال عمر بن الخطاب رضي الله عنه: "" ألا لا تغالوا صدق النساء فإنه لو كانت مكرمة في الدنيا، أو تقوى عند الله عز وجل كان أولاكم بها النبي صلى الله عليه وسلم، ما أصدق رسول الله صلى الله عليه وسلم امرأة من نسائه، ولا أصدقت امرأة من بناته أكثر من ثنتي عشرة أوقية، وإن الرجل ليغالي بصدقة امرأته حتى يكون لها عداوة في نفسه، وحتى يقول: كلفت إليك علق القربة وكنت غلاما عربيا مولدا فلم أدر ما علق القربة، وأخرى تقولونها في مغازيكم هذه: قتل فلان شهيدا ولعله أن يكون قد أوقر عجز راحلته أو دابته ورقا وذهبا يطلب التجارة، فلا تقولوا ذلكم، ولكن قولوا كما قال رسول الله صلى الله عليه وسلم # : أو قال محمد صلى الله عليه وسلم: «من قتل في سبيل الله عز وجل فهو في الجنة» . قال إسماعيل: دخل حديث بعضهم في بعض",0
Sunan Sa'id ibn Mansur,640,UNGRADED,Women; Character & Manners,598- # حدثنا سعيد قال: نا هشيم، قال: نا مجالد، عن الشعبي قال: خطب عمر بن الخطاب رضي الله عنه الناس فحمد الله وأثنى عليه، وقال: ألا لا تغالوا في صدق النساء فإنه لا يبلغني عن أحد ساق أكثر من شيء ساقه رسول الله صلى الله عليه وسلم أو سيق إليه إلا جعلت فضل ذلك في بيت المال، ثم نزل فعرضت له امرأة من قريش فقالت: يا أمير المؤمنين كتاب الله عز وجل أحق أن يتبع أو قولك؟ قال: بل كتاب الله عز وجل فما ذلك؟ قالت: نهيت الناس آنفا أن يغالوا في صدق النساء والله عز وجل يقول في كتابه {وآتيتم إحداهن قنطارا فلا تأخذوا منه شيئا} [النساء: 20] فقال عمر: كل أحد أفقه من عمر مرتين أو ثلاثا ثم رجع إلى المنبر فقال للناس: «إني نهيتكم أن تغالوا في صدق النساء ألا فليفعل رجل في ماله ما بدا له»,0
Sunan Sa'id ibn Mansur,642,UNGRADED,"Food & Drink; Time, Days & Nights",600- # حدثنا سعيد قال: نا سفيان، عن ابن أبي نجيح عن أبيه، عن رجل سمع عليا، رضي الله عنه يقول: أردت أن أخطب إلى رسول الله صلى الله عليه وسلم ابنته فذكرت أن لا شيء لي، فذكرت عائدته وصلته فخطبتها إليه فقال: «هل عندك من شيء؟» فقلت: لا، فقال: «أين درعك الحطمية؟» قلت: هي عندي، قال: هاتها، فزوجني رسول الله صلى الله عليه وسلم فلما كانت ليلة دخلت عليها جاء فجلس ونحن في قطيفة فلما رأيناه تخشخشنا منه فقال: «لا تحدثا شيئا حتى آتيكما» فدعا بإناء فيه ماء فدعا فيه، ثم رشه علينا فقال: فقلت يا رسول الله أنا أحب إليك أم هي؟ قال: «هي أحب إلي منك، وأنت أعز علي منها»,0
Sunan Sa'id ibn Mansur,643,UNGRADED,Justice & Judgement; Animals,601- # حدثنا سعيد قال: نا سفيان، عن مجالد، عن شعبة، قال: أنا من سمع عليا، رضي الله عنه يقول على المنبر: «نكحت ابنة رسول الله صلى الله عليه وسلم وما لنا فراش ننام عليه إلا جلد شاة ننام عليه بالليل، ونعلف عليه الناضح بالنهار»,0
Sunan Sa'id ibn Mansur,645,UNGRADED,Marriage & Spouses,603- # حدثنا سعيد، نا هشيم قال: أنا يحيى بن سعيد، نا محمد بن إبراهيم بن الحارث التيمي، قال: «ما تزوج رسول الله صلى الله عليه وسلم أحدا من نسائه ولا زوج أحدا من بناته على أكثر من ثنتي عشرة أوقية ونصف»,0
Sunan Sa'id ibn Mansur,646,UNGRADED,Marriage & Spouses; Women,604- # حدثنا سعيد قال: نا هشيم، قال: أنا يحيى بن سعيد، عن محمد بن إبراهيم بن الحارث التيمي، أن أبا حدرد الأسلمي تزوج امرأة فأتى رسول الله صلى الله عليه وسلم يستعينه في صداقها، فقال رسول الله صلى الله عليه وسلم: «كم سقت إليها؟» قال: مائتي درهم فقال رسول الله صلى الله عليه وسلم: «لو كنتم تغترفونه من ملك بطحان زدتم»,0
Sunan Sa'id ibn Mansur,651,UNGRADED,Marriage & Spouses; Women,609- # حدثنا سعيد قال: نا هشيم، قال: أنا حميد الطويل، عن أنس، أن عبد الرحمن تزوج امرأة على وزن نواة من ذهب، فقال له رسول الله صلى الله عليه وسلم: «أولم ولو بشاة»,1
Sunan Sa'id ibn Mansur,657,UNGRADED,Marriage & Spouses,615- # حدثنا سعيد قال: نا إسماعيل بن عياش، عن أبي بكر بن أبي مريم، عن حبيب بن عبيد أن رسول الله صلى الله عليه وسلم قال: «ما من كتابة ولا مهر لا يوضع عنه إلا وهو ملعون»,1
Sunan Sa'id ibn Mansur,661,UNGRADED,Other Narrations,619- # حدثنا سعيد قال: نا هشيم، وأبو شهاب قالا جميعا: أنا حجاج بن أرطاة، عن عبد الملك بن المغيرة الطائفي، عن عبد الرحمن بن البيلماني، قال: قال رسول الله صلى الله عليه وسلم: «أنكحوا الأيامى منكم أنكحوا الأيامى منكم» ، قال سعيد: قال هشيم مرتين، وقال أبو شهاب: ثلاث مرات، قال رجل: يا رسول الله ما العلائق بينهم؟ قال: «ما تراضوا عليه أهلوهم»,0
Sunan Sa'id ibn Mansur,666,UNGRADED,Prophets & Past Peoples,623- # حدثنا سعيد قال: نا هشيم، أنا يونس، عن عبيد، عن ابن سيرين، قال: قال عدي بن حاتم: «ما كنت لأحكم عليه شيئا أكثر مما ساق رسول الله صلى الله عليه وسلم أو سيق إليه»,0
Sunan Sa'id ibn Mansur,673,UNGRADED,Other Narrations,629- # حدثنا سعيد قال: نا أبو عوانة، وهشيم، عن أبي بلج، عن محمد بن حاطب، قال: قال رسول الله صلى الله عليه وسلم: «فصل ما بين الحلال والحرام الصوت، وضرب الدف»,0
Sunan Sa'id ibn Mansur,679,UNGRADED,Prophets & Past Peoples,635- # حدثنا سعيد، نا ابن المبارك، قال: نا عيسى بن يونس، قال: نا خالد بن إلياس، عن ربيعة صاحب الرأي عن القاسم بن محمد، عن عائشة، رضي الله عنها قالت: قال رسول الله صلى الله عليه وسلم: «أظهروا النكاح، واضربوا عليه بالغربال»,0
Sunan Sa'id ibn Mansur,685,UNGRADED,Prophets & Past Peoples,640- # حدثنا سعيد قال: نا سفيان، عن أيوب بن موسى، عن ابن قسيط، قال بشر رجل بجارية فقال رجل: هبها لي، فقال: هي لك فسئل سعيد بن المسيب عن ذلك، فقال «لا تحل الهبة لأحد بعد رسول الله صلى الله عليه وسلم، ولو أصدقها سوطا حلت له»,0
Sunan Sa'id ibn Mansur,686,UNGRADED,Quran & Recitation; Repentance & Forgiveness,"641- # حدثنا سعيد، نا يعقوب بن عبد الرحمن، قال: حدثني أبو حازم، عن سهل بن سعد، رحمه الله "" أن امرأة جاءت إلى رسول الله صلى الله عليه وسلم فقالت: يا رسول الله جئت لأهب لك نفسي فنظر إليها فصعد البصر وصوبه ثم طأطأ رأسه، فقام رجل من أصحابه فقال: يا رسول الله، إن لم يكن لك بها حاجة فزوجنيها، فقال: «هل عندك من شيء؟» فقال: لا، والله يا رسول الله فقال: «اذهب إلى أهلك فانظر هل تجد شيئا» ، فذهب ثم رجع فقال: لا والله ما وجدت شيئا، فقال: «اذهب ولو خاتما من حديد» ، فذهب ثم رجع فقال: لا والله يا رسول الله ولا خاتما من حديد ولكن هذا إزاري - ما له رداء - فلها نصفه، فقال رسول الله صلى الله عليه وسلم: «ما تصنع بإزارك» ؟ إن لبسته لم يكن عليها منه شيء، وإن لبسته لم يكن عليك منه شيء، فجلس الرجل حتى طال مجلسه قال: «ماذا معك من القرآن» ؟ فقال: معي سورة كذا وسورة كذا عددها، فقال: «أتقرؤهن عن ظهر قلب» ؟ فقال: نعم قال: «اذهب ملكتكها بما معك # من القرآن»",0
Sunan Sa'id ibn Mansur,687,UNGRADED,Quran & Recitation; Marriage & Spouses,642- # حدثنا سعيد قال: نا أبو معاوية، قال: قال: زوج رسول الله صلى الله عليه وسلم امرأة على سورة من القرآن ثم قال: «لا تكون لأحد بعدك مهرا»,0
Sunan Sa'id ibn Mansur,693,UNGRADED,Other Narrations,647- # حدثنا سعيد قال: نا عبد الرحمن بن أبي الزناد، عن أبيه، عن الأعرج، عن أبي هريرة، عن النبي صلى الله عليه وسلم قال: سمعته يقول: «لا يخطب الرجل على خطبة أخيه حتى ينكح أو يترك»,0
Sunan Sa'id ibn Mansur,694,UNGRADED,Other Narrations,648- # حدثنا سعيد قال: نا هشيم، أنا عوف، قال: أنا الحسن قال: نبئت أن رسول الله صلى الله عليه وسلم قال: «لا يخطب الرجل على خطبة أخيه، ولا يسوم على سوم أخيه»,0
Sunan Sa'id ibn Mansur,697,UNGRADED,Women,650- # حدثنا سعيد قال: نا هشيم، قال: أنا عمر بن أبي سلمة، عن أبيه، عن أبي هريرة، قال: «نهى رسول الله صلى الله عليه وسلم أن تنكح المرأة على عمتها، أو على خالتها»,1
Sunan Sa'id ibn Mansur,700,UNGRADED,Marriage & Spouses; Women,653- # حدثنا سعيد قال: نا هشيم، أنا مغيرة، عن إبراهيم، عن أبي هريرة قال: قال رسول الله صلى الله عليه وسلم: «لا تنكح المرأة على عمتها ولا على خالتها، ولا تسأل المرأة طلاق أختها لتكتفئ ما في صحفتها ولتزوج فإنما لها ما كتب لها»,0
Sunan Sa'id ibn Mansur,701,UNGRADED,Marriage & Spouses; Women,654- # حدثنا سعيد قال: نا عبد الرحمن بن أبي الزناد، عن أبيه، عن الأعرج، عن أبي هريرة قال: سمعت رسول الله صلى الله عليه وسلم يقول: «لا يجمع بين المرأة وعمتها، ولا بينها وبين خالتها، ولا تسأل المرأة طلاق أختها لتستفرغ ما في صحفتها وتنكح فإنما لها ما قدر لها»,0
Sunan Sa'id ibn Mansur,707,UNGRADED,Other Narrations,658- # حدثنا سعيد قال: نا هشيم، قال: أنا عبد الحميد بن جعفر، عن # يزيد بن أبي حبيب، عن أبي الخير مرثد اليزني قال: سمعت عقبة بن عامر يحدث قال: قال رسول الله صلى الله عليه وسلم: «إن أحق ما وفيتم به من الشرط ما استحللتم به الفروج»,0
Sunan Sa'id ibn Mansur,708,UNGRADED,Women; Theft & Property,659- # حدثنا سعيد قال: نا هشيم، قال: أنا عبد الحميد بن جعفر الأنصاري، عن الحسن بن محمد الأنصاري قال: حدثني رجل من النمر بن قاسط قال: سمعت صهيب بن سنان يقول: سمعت رسول الله صلى الله عليه وسلم يقول: «أيما رجل أصدق امرأة صداقا والله يعلم منه أنه لا يريد أداءه إليها فغرها بالله عز وجل واستحل فرجها بالباطل لقي الله عز وجل يوم يلقاه وهو زان، وأيما رجل ادان من رجل دينا والله يعلم أنه لا يريد أداءه إليه، فغره بالله واستحل ماله بالباطل، لقي الله عز وجل يوم يلقاه وهو سارق»,0
Sunan Sa'id ibn Mansur,740,UNGRADED,Other Narrations,"689- # حدثنا سعيد قال: نا هشيم، قال: أنا من سمع أبا بكر بن حفص يحدث عن عروة بن الزبير قال: لحقت ابن عمر فخطبت إليه ابنته، فقال لي: "" إن ابن أبي عبد الله لأهل أن ينكح، نحمد ربنا ونصلي على نبينا صلى الله عليه وسلم وقد أنكحناك على ما أمر الله عز وجل {إمساك بمعروف أو تسريح بإحسان}",0
Sunan Sa'id ibn Mansur,743,UNGRADED,Other Narrations,691- # حدثنا سعيد قال: نا إسماعيل بن عياش، عن أبي بكر بن عبد الله بن أبي مريم قال: حدثني حكيم بن عمير، وضمرة بن حبيب «أن رسول الله صلى الله عليه وسلم كان يتعوذ من كساد الأيامى ويدعو لهن بالنفاق»,0
Sunan Sa'id ibn Mansur,746,UNGRADED,Marriage & Spouses; Women,693- # حدثنا سعيد قال: نا عبد الله بن المبارك قال: حدثني علي # بن المبارك، عن يحيى بن أبي كثير، عن زيد بن نعيم، عن سعيد بن المسيب «أن رجلا تزوج امرأة فلما أصابها وجدها حبلى فرفع ذلك إلى النبي صلى الله عليه وسلم ففرق بينهما وجعل لها الصداق وجلدها مائة»,0
Sunan Sa'id ibn Mansur,771,UNGRADED,Prophets & Past Peoples,715- # حدثنا سعيد قال: نا عيسى بن يونس قال: نا أبو بكر بن عبد الله بن أبي مريم الغساني، عن علي بن أبي طلحة، عن كعب بن مالك أنه أراد أن يتزوج، يهودية أو نصرانية، فسأل رسول الله صلى الله عليه وسلم فنهاه، وقال: «إنها لا تحصنك»,0
Sunan Sa'id ibn Mansur,798,UNGRADED,Prophets & Past Peoples,741- # حدثنا سعيد قال: نا إسماعيل بن إبراهيم، قال: حدثني من سمع الحسن، يقول: «نهى رسول الله صلى الله عليه وسلم أن تنكح الأمة على الحرة»,0
Sunan Sa'id ibn Mansur,802,UNGRADED,Marriage & Spouses; Women,744- # حدثنا سعيد قال: نا جرير بن عبد الحميد، عن منصور، عن طلحة بن مصرف، عن خيثمة، قال جرير: أراه عن عائشة، رضي الله عنها قالت: «إن رجلا من المسلمين ليس له شيء تزوج امرأة فأمره رسول الله صلى الله عليه وسلم أن تدخل عليه امرأته وأوصاهم خيرا، فأصاب الرجل بعد حتى صار من أشراف الناس»,0
Sunan Sa'id ibn Mansur,803,UNGRADED,Marriage & Spouses; Orphans & the Weak,745- # حدثنا سعيد قال: نا أبو معاوية قال: نا حجاج، عن طلحة بن مصرف، عن خيثمة، أن رجلا من الأنصار تزوج فقالوا: يا رسول الله إنه فقير وليس عنده شيء أفندخلها عليه ولم يعطها شيئا من صداقها؟ قال: «نعم أدخلوها عليه»,0
Sunan Sa'id ibn Mansur,837,UNGRADED,Other Narrations,776- # حدثنا سعيد قال: نا سفيان، عن عبد الله بن أبي بكر، عن # عبد الملك بن أبي بكر، قال: لما دخلت أم سلمة على رسول الله صلى الله عليه وسلم قال: «إنه ليس بك على أهلك هوان، فإن شئت سبعت لك وإلا فثلثتك ثم أدور»,0
Sunan Sa'id ibn Mansur,838,UNGRADED,Women,777- # حدثنا سعيد قال: نا هشيم قال: أنا حميد، عن أنس بن مالك، قال: «أصاب رسول الله صلى الله عليه وسلم صفية بنت حيي حين اتخذها أقام عندها ثلاثا»,0
Sunan Sa'id ibn Mansur,843,UNGRADED,Other Narrations,782- # حدثنا سعيد قال: نا هشيم، أنا شعبة، عن الحكم، أن رسول الله صلى الله عليه وسلم قال لأم سلمة حين دخلت: «إن شئت سبعت وسبعت لنسائي» .,0
Sunan Sa'id ibn Mansur,876,UNGRADED,Prophets & Past Peoples,812- # حدثنا سعيد قال: نا عيسى بن يونس، قال: نا أبو بكر بن أبي مريم الغساني، عن حبيب بن عبيد «أن رسول الله صلى الله عليه وسلم كان يستحب النكاح في رمضان؛ رجاء البركة فيه»,0
Sunan Sa'id ibn Mansur,894,UNGRADED,Marriage & Spouses; Women,"829- # حدثنا سعيد قال: نا أبو معاوية، قال: نا جميل بن زيد الطائي، عن زيد بن كعب بن عجرة قال: "" تزوج رسول الله صلى الله عليه وسلم امرأة من بني غفار، فلما دخلت عليه وضعت ثيابها، فرأى بكشحها بياضا، فقال: «البسي ثيابك والحقي بأهلك»",0
Sunan Sa'id ibn Mansur,896,UNGRADED,Prayer (Salah),831- # حدثنا سعيد قال: نا أبو معاوية، قال: نا رجل، عن جميل بن زيد، عن زيد بن كعب بن عجرة أن رسول الله صلى الله عليه وسلم، مثل حديث قبله، «أمر لها بالصداق»,0
Sunan Sa'id ibn Mansur,897,UNGRADED,Other Narrations,832- # حدثني محمد، قال: حدثني أبو عمر، وسهل بن زنجلة الرازي، قال: نا الوليد بن مسلم، عن الأوزاعي قال: سألت الزهري: أي أزواج رسول الله صلى الله عليه وسلم التي استعاذت منه؟ فقال: حدثني عروة، عن عائشة أن ابنة الجون الكلابية لما دخلت على رسول الله صلى الله عليه وسلم، فذهب يدنو منها، فقالت: عائذا بالله. فقال: «عذت بعظيم، ضمي ثيابك والحقي بأهلك»,0
Sunan Sa'id ibn Mansur,913,UNGRADED,Women,844- # حدثنا سعيد قال: نا هشيم قال: أنا منصور، عن الحسن قال: لما قدم رسول الله صلى الله عليه وسلم مكة في عمرته، تزين نساء أهل المدينة، فشكا أصحاب رسول الله صلى الله عليه وسلم إلى رسول الله صلى الله عليه وسلم قال: «تمتعوا منهن، واجعلوا الأجل بينكم وبينهن ثلاثا، فما أحسب رجلا يتمكن من امرأة ثلاثا إلا ولاها الدبر»,0
Sunan Sa'id ibn Mansur,915,UNGRADED,Women,846- # حدثنا سعيد قال: نا عبد الله بن وهب، قال: سمعت عمرو بن الحارث، يحدث عن الربيع بن سبرة الجهني، عن أبيه، قال: «أذن لنا رسول الله صلى الله عليه وسلم في المتعة عام الفتح، فانطلقت أنا ورجل إلى امرأة شابة كأنها بكرة عيطاء نتمتع، فجلسنا بين يديها وعلي برد وعليه بردة، فكلمناها ومهرناها بردتنا، وكنت أشب منه، وكان برده أجود من بردي، فجعلت تنظر إلى برده مرة، وإلى بردي مرة، ثم قبلتني، فنكحتها، فلبثت معها ثلاثا، ثم إن رسول الله صلى الله عليه وسلم نهى عنها، ففارقتها. أو نحو هذا»,0
Sunan Sa'id ibn Mansur,916,UNGRADED,Marriage & Spouses,847- # حدثنا سعيد قال: نا سفيان، عن الزهري، عن الربيع بن سبرة الجهني، عن أبيه «أن رسول الله صلى الله عليه وسلم نهى عن نكاح المتعة عام الفتح»,0
Sunan Sa'id ibn Mansur,917,UNGRADED,Marriage & Spouses,848- # حدثنا سعيد قال: نا سفيان، عن الزهري، سمع عبد الله، والحسن، ابني محمد بن علي ابن الحنفية يحدثان عن أبيهما، عن علي، رضي الله عنه أنه قال لابن عباس: «إن رسول الله صلى الله عليه وسلم نهى زمن خيبر عن نكاح المتعة وعن لحوم الحمر الأهلية»,1
Sunan Sa'id ibn Mansur,920,UNGRADED,Day of Judgement; Paradise,851- # حدثنا سعيد قال: نا عبيد الله بن إياد بن لقيط، قال: نا إياد بن لقيط، عن عبد الرحمن بن نعيم الأعرج، قال: سأل رجل عبد الله بن عمر عن متعة النساء، فغضب وقال: ما كنا على عهد رسول الله صلى الله عليه وسلم زانين ولا مسافحين. ثم قال: والله لقد سمعت رسول الله صلى الله عليه وسلم يقول: «ليكونن قبل القيامة المسيح الدجال، وكذابون ثلاثون أو أكثر»,0
Sunan Sa'id ibn Mansur,921,UNGRADED,Treaties & Non-Muslims,852- # حدثنا سعيد، نا حماد بن زيد، عن أيوب، عن أبي قلابة، قال: قال عمر بن الخطاب: «متعتان كانتا على عهد رسول الله صلى الله عليه وسلم، وأنا أنهى عنهما وأعاقب عليهما»,1
Sunan Sa'id ibn Mansur,981,UNGRADED,Women; Servants & Freeing Slaves,"907- # حدثنا سعيد قال: نا هشيم، عن عبد العزيز بن صهيب، عن أنس بن مالك "" أن رسول الله صلى الله عليه وسلم أعتق صفية بنت حيي بن أخطب أمته وتزوجها، فقيل لأنس: ما أصدقها؟ قال: أصدقها نفسها، جعل عتقها صداقها """,0
Sunan Sa'id ibn Mansur,982,UNGRADED,Women; Servants & Freeing Slaves,908- # حدثنا سعيد قال: نا هشيم، قال: أنا زكريا، عن الشعبي «أن رسول الله صلى الله عليه وسلم أعتق جويرية بنت الحارث، وجعل صداقها عتقها، وأعتق من سبى من قومها من بني المصطلق»,0
Sunan Sa'id ibn Mansur,983,UNGRADED,Servants & Freeing Slaves,"909- # حدثنا سعيد، نا سفيان، عن ابن أبي نجيح، عن مجاهد، قال: قالت جويرية للنبي صلى الله عليه وسلم: "" إن أزواجك يفخرن علي، يقلن: لم يتزوجك رسول الله صلى الله عليه وسلم. قال: «أولم أعظم صداقك؟ ألم أعتق أربعين من قومك» ؟",0
Sunan Sa'id ibn Mansur,984,UNGRADED,Treaties & Non-Muslims,"910- # حدثنا سعيد، نا حماد بن زيد، عن عمرو بن دينار، عن يحيى بن جعدة أن رسول الله صلى الله عليه وسلم قال: "" ثلاثة يعطون أجورهم مرتين: رجل من أهل الكتاب آمن بما جاء به عيسى وبما جاء به محمد صلى الله عليه وسلم، وعبد أطاع ربه وأطاع مواليه، ورجل أعتق جارية ثم تزوجها """,0
Sunan Sa'id ibn Mansur,985,UNGRADED,Treaties & Non-Muslims,"911- # حدثنا سعيد، نا سفيان، عن عمرو بن دينار، عن يحيى بن جعدة # ، يبلغ به النبي صلى الله عليه وسلم قال: "" ثلاثة يعطون أجورهم مرتين: الرجل تكون له الأمة فيعتقها فيتزوجها، والعبد يطيع الله عز وجل ويؤدي حق سيده، ومؤمن أهل الكتاب """,0
Sunan Sa'id ibn Mansur,986,UNGRADED,Prophets & Past Peoples,912- # حدثنا سعيد قال: نا خالد بن عبد الله، عن مطرف، عن عامر الشعبي، عن أبي بردة، عن أبي موسى، أن رسول الله صلى الله عليه وسلم قال في «الذي يعتق أمته ثم يتزوجها، فله أجران»,0
Sunan Sa'id ibn Mansur,987,UNGRADED,Servants & Freeing Slaves; Treaties & Non-Muslims,"913- # حدثنا سعيد قال: نا هشيم، قال: أنا صالح بن حي الهمداني، قال: كنت عند الشعبي، فأتاه رجل من أهل خراسان، فقال: يا أبا عمرو، إن من قبلنا من أهل خراسان يقولون في الرجل إذا أعتق أمته ثم تزوجها فهو كالراكب بدنته. فقال الشعبي: أخبرني أبو بردة بن أبي موسى، عن أبيه أن رسول الله صلى الله عليه وسلم قال: "" ثلاثة يؤتون أجرهم مرتين: رجل من أهل الكتاب آمن بنبيه، ثم أدركه النبي صلى الله عليه وسلم فآمن به ثم اتبعه فله أجران، وعبد مملوك يؤدي حق الله وحق سيده عليه فله أجران، ورجل كانت له أمة غذاها فأحسن غذاءها، ثم أدبها فأحسن أدبها، ثم أعتقها فتزوجها، فله أجران ""، ثم قال الشعبي للخراساني: خذها بغير شيء، فقد كان الرجل يرحل إلى المدينة فيما هو أدنى منه",0
Sunan Sa'id ibn Mansur,988,UNGRADED,Treaties & Non-Muslims,914- # حدثنا سعيد، نا سفيان، عن صالح بن حي، عن الشعبي، قال: سأله رجل من أهل خراسان، فقال له: يا أبا عمرو، إنا نقول: إن الذي يعتق أمته ثم يتزوج بها فهو كراكب بدنته. فقال: أخبرني أبو بردة، عن أبيه أن رسول الله صلى الله عليه وسلم قال: «أيما رجل كانت له جارية فعلمها فأحسن تعليمها، وأدبها فأحسن تأديبها، ثم أعتقها وتزوجها، فله أجران، وأيما عبد أدى حق الله وحق سيده فله أجران، وأيما رجل من أهل الكتاب كان مؤمنا ثم آمن بالنبي صلى الله عليه وسلم فله أجران» ، ثم قال الشعبي: أعطيتكها بغير شيء، فقد كان الرجل يرحل إلى المدينة بأهون من هذا,0
Sunan Sa'id ibn Mansur,1004,UNGRADED,Marriage & Spouses; Women,"929- # حدثنا سعيد قال: نا هشيم، قال: أنا مغيرة، عن إبراهيم، عن عبد الله بن مسعود، أنه أتي في رجل تزوج امرأة ولم يفرض لها صداقا، فمات قبل أن يدخل بها، فأتوا ابن مسعود، فقال: "" التمسوا، فلعلكم أن تجدوا في ذلك أثرا. فأتوا ابن مسعود فقالوا: قد التمسنا فلم نجد. فقال ابن مسعود: أقول فيها برأيي، فإن كان صوابا فمن الله عز وجل، أرى لها صداق نسائها، ولا وكس ولا شطط، وعليها العدة، ولها الميراث. فقام أبو سنان الأشجعي، فقال: قضى رسول الله صلى الله عليه وسلم في امرأة منا يقال لها بروع بنت واشق بمثل ما قلت. ففرح عبد الله بموافقته قضاء رسول الله صلى الله عليه وسلم "".",0
Sunan Sa'id ibn Mansur,1005,UNGRADED,Justice & Judgement,930- # حدثنا سعيد، نا هشيم، أنا سيار، وإسماعيل بن أبي خالد، وداود # ، كلهم عن الشعبي، عن عبد الله، بمثل ذلك، إلا أنهم قالوا: قام معقل بن سنان الأشجعي، فقال: أشهد على النبي صلى الله عليه وسلم الأمي أنه قضى بمثل ما قضيت. قال هشيم: وبه نأخذ,0
Sunan Sa'id ibn Mansur,1008,UNGRADED,Marriage & Spouses; Women,933- # حدثنا سعيد قال: نا خالد بن عبد الله، عن يونس، عن الحسن أن رسول الله صلى الله عليه وسلم قال في امرأة توفي عنها زوجها ولم يفرض لها صداقا قال: «لها مثل صداق نسائها»,0
Sunan Sa'id ibn Mansur,1012,UNGRADED,Women,"936- # حدثنا سعيد قال: نا حديج بن معاوية، عن أبي إسحاق، عن سعد بن إياس، عن رجل تزوج امرأة من بني شمخ، ثم أبصر أمها فأعجبته، فذهب إلى ابن مسعود، فقال: "" إني تزوجت بامرأة فلم أدخل بها، ثم أعجبتني أمها، فأطلق المرأة وأتزوج أمها؟ قال: نعم. فطلقها وتزوج أمها، فأتى عبد الله المدينة، فسأل أصحاب رسول الله صلى الله عليه وسلم، فقالوا: لا يصلح. ثم قدم فأتى بني شمخ، فقال: أين الرجل الذي تزوج أم المرأة التي كانت عنده؟ قالوا: ههنا. قال: فليفارقها. قالوا: كيف وقد نثرت له بطنها؟ قال: وإن كانت فعلت، فليفارقها، فإنها حرام من الله عز وجل """,0
Sunan Sa'id ibn Mansur,1018,UNGRADED,Marriage & Spouses; Women,"942- # حدثنا سعيد، نا هشيم، قال: أنا أشعث بن سوار، عن عدي بن ثابت، عن البراء بن عازب قال: "" مر بي عمي الحارث بن عمرو، وقد عقد له النبي صلى الله عليه وسلم لواء، فعدلت إليه، فقلت: أين بعثك النبي صلى الله عليه وسلم؟ قال: «بعثني إلى رجل تزوج امرأة أبيه، فأمرني أن أضرب عنقه»",0
Sunan Sa'id ibn Mansur,1021,UNGRADED,Women,944- # حدثنا سعيد، نا عبد الرحمن بن زياد، نا شعبة، عن أبي عون، عن أبي صالح الحنفي، عن علي، عليه السلام قال: سألته عن ابنة الأخ من الرضاعة، فقال علي: ذكرت بنت حمزة في التزويج لرسول الله صلى الله عليه وسلم قال «إنها ابنة أخي من الرضاعة»,0
Sunan Sa'id ibn Mansur,1022,UNGRADED,Women; Prophets & Past Peoples,945- # حدثنا سعيد، نا هشيم، أنا مغيرة، عن إبراهيم، أن عليا، رضي الله عنه أشار على رسول الله صلى الله عليه وسلم أن يتزوج بنت حمزة، فقال رسول الله صلى الله عليه وسلم: «إن حمزة كان أخي من الرضاعة»,0
Sunan Sa'id ibn Mansur,1023,UNGRADED,Women; Prophets & Past Peoples,946- # حدثنا سعيد قال: نا خالد بن عبد الله، عن يونس، عن الحسن، قال: ذكرت بنت حمزة للنبي صلى الله عليه وسلم، فذكروا من جمالها، فقال: «إن حمزة كان أخي من الرضاعة»,0
Sunan Sa'id ibn Mansur,1024,UNGRADED,Women; Prophets & Past Peoples,947- # حدثنا سعيد، نا هشيم، أنبأ يونس عن الحسن، قال: قيل: يا رسول الله، لو تزوجت بنت حمزة؟ فقال: «إن حمزة كان أخي من الرضاعة، وإنه يحرم من الرضاعة ما يحرم من النسب»,0
Sunan Sa'id ibn Mansur,1025,UNGRADED,Prophets & Past Peoples,948- # حدثنا سعيد، نا إسماعيل بن إبراهيم، أنا علي بن زيد، عن سعيد بن المسيب، قال: قال علي: يا رسول الله، ألا تتزوج ابنة عمك حمزة؟ فإنها من أحسن فتاة في قريش. قال: «إنها ابنة أخي من الرضاعة، وإن الله حرم من الرضاعة ما حرم من النسب»,0
Sunan Sa'id ibn Mansur,1026,UNGRADED,Other Narrations,949- # حدثنا سعيد، نا سفيان، عن علي بن زيد، عن سعيد بن المسيب، قال: قال رسول الله صلى الله عليه وسلم: «حرم من الرضاعة ما حرم من النسب»,0
Sunan Sa'id ibn Mansur,1028,UNGRADED,Women,"951- # حدثنا سعيد، نا سفيان، عن الزهري، وهشام بن عروة - قال سفيان: سمعته منهما جميعا - عن عروة، عن عائشة، قالت: "" جاء عمي أفلح بن أبي قعيس يستأذن علي بعد ما ضرب علينا الحجاب، فأبيت أن آذن له، فدخل علي رسول الله صلى الله عليه وسلم، فذكرت ذلك له، فقال: «إنه عمك؛ فليلج عليك» . فقلت: إنما أرضعتني المرأة، ولم يرضعني الرجل. قال: «تربت يداك، فليلج عليك»",0
Sunan Sa'id ibn Mansur,1030,UNGRADED,Other Narrations,"953- # حدثنا سعيد، نا عبد الرحمن بن أبي الزناد، عن أبيه، عن عروة، قال: قالت لي عائشة: "" جاءني عمي من الرضاعة بعد ما ضرب علينا الحجاب يستأذن علي، فقلت: والله لا آذن له حتى يجيء رسول الله صلى الله عليه وسلم، فلما جاء رسول الله صلى الله عليه وسلم استأذنته، فقال: «يلج عليك؛ فإنه عمك» # وكانت عائشة تقول: «يحرم من الرضاعة ما يحرم من الولادة» #",0
Sunan Sa'id ibn Mansur,1031,UNGRADED,Women; Prophets & Past Peoples,954- # حدثنا سعيد، نا إسماعيل بن إبراهيم، أنبأ عباد بن منصور، قال: قلت للقاسم بن محمد: امرأة أبي أرضعت جارية من عرض الناس بلبان إخوتي # ، أترى أن أتزوجها؟ قال: لا، أبوك أبوها. ثم حدث حديث أبي قعيس، فقال: إن أبا قعيس أتى عائشة رضي الله عنها يستأذن عليها، فلم تأذن له، فلما جاء رسول الله صلى الله عليه وسلم قالت عائشة: يا رسول الله، إن أبا قعيس جاء يستأذن علي، فلم آذن له. فقال: «هو عمك؛ فليدخل عليك» . فقلت: إنما أرضعتني امرأة، ولم يرضعني الرجل؟ فقال: «هو عمك؛ فليدخل عليك» . قال: وسألت طاوسا، فقال مثل قول الأولين، وسألت عطاء، فقال مثل ذلك، وسألت الحسن، فقال مثل قول الأولين. وسألت مجاهدا، فقال: اختلف فيه الفقهاء فلست أقول فيه شيئا. وسألت ابن سيرين، فقال مثل قول مجاهد، وسألت يوسف بن ماهك، فذكر حديث أبي قعيس,0
Sunan Sa'id ibn Mansur,1041,UNGRADED,Other Narrations,964- # حدثنا سعيد، نا أبو الأحوص، نا أشعث بن سليم، عن أبيه، عن مسروق، عن عائشة قالت: دخل علي رسول الله صلى الله عليه وسلم وعندي رجل، فاشتد عليه حتى عرفت الغضب في وجهه، قلت: يا رسول الله، إنه أخي من الرضاعة. فقال: «انظرن أخواتكن من الرضاعة، فإنما الرضاعة من المجاعة»,0
Sunan Sa'id ibn Mansur,1046,UNGRADED,Prophets & Past Peoples,969- # حدثنا سعيد، نا إسماعيل بن إبراهيم، أنا أيوب، عن ابن أبي مليكة، عن عبد الله بن الزبير، عن عائشة، قالت: قال رسول الله صلى الله عليه وسلم: «لا تحرم المصة والمصتان»,0
Sunan Sa'id ibn Mansur,1047,UNGRADED,Women; Prophets & Past Peoples,970- # حدثنا سعيد، نا إسماعيل بن إبراهيم، قال: أنا أيوب، عن أبي الخليل، عن عبد الله بن الحارث، عن أم الفضل، قالت: كان رسول الله صلى الله عليه وسلم في بيتي، فجاء أعرابي، فقال: كانت عندي امرأة تزوجت عليها امرأة أخرى، فزعمت امرأتي الأولى أنها أرضعت امرأتي الأخرى رضعة أو رضعتين أو إملاجة أو إملاجتين. فقال: «لا تحرم الإملاجة والإملاجتان» . أو قال # : «الرضعة أو الرضعتان»,0
Sunan Sa'id ibn Mansur,1066,UNGRADED,Other Narrations,989- # حدثنا سعيد، نا يعقوب بن عبد الرحمن، عن عبد الرحمن بن حرملة، قال: سمعت سعيد بن المسيب يقول: قال رسول الله صلى الله عليه وسلم: «يحرم من الرضاع ما يحرم من الولادة»,0
Sunan Sa'id ibn Mansur,1067,UNGRADED,Women,990- # حدثنا سعيد، نا سفيان، عن إسماعيل بن أمية، عن ابن أبي مليكة، عن عقبة بن الحارث قال: أتيت رسول الله صلى الله عليه وسلم، فقلت: إني تزوجت ابنة أبي إهاب، وإن امرأة زعمت أنها أرضعتنا. فأعرض عنه، ثم أتاه من الشق الآخر فأعرض عنه، ثم أتاه من قبل وجهه، فقلت: يا رسول الله، إنها سوداء. قال: «كيف وقد قيل»,0
Sunan Sa'id ibn Mansur,1090,UNGRADED,Women,1011- # حدثنا سعيد، نا جرير بن عبد الحميد، عن قثم مولى آل العباس قال: جمع عبد الله بن جعفر بين ليلى بنت مسعود النهشلية، وكانت امرأة علي، وبين أم كلثوم بنت علي لفاطمة بنت رسول الله صلى الله عليه وسلم، فكانتا امرأتيه,0
Sunan Sa'id ibn Mansur,1101,UNGRADED,Marriage & Spouses; Servants & Freeing Slaves,1020- # حدثنا سعيد، نا هشيم، أنا عامر الأحول، نا عمرو بن شعيب، عن أبيه، عن جده، أن رسول الله صلى الله عليه وسلم قال: «لا نذر لابن آدم فيما لا يملك، ولا عتق له فيما لا يملك، ولا طلاق له فيما لا يملك»,0
Sunan Sa'id ibn Mansur,1102,UNGRADED,Marriage & Spouses,1021- # حدثنا سعيد، نا أبو علقمة الفروي، قال: حدثني عبد الحكيم بن عبد الله بن أبي فروة، قال: قدم علينا عمرو بن شعيب، فسألته، فقال: كان أبي عرض علي امرأة يزوجنيها، فأبيت أن أتزوجها، وقلت: هي طالق البتة يوم أتزوجها، ثم ندمت فقدمت المدينة، فسألت سعيد بن المسيب وعروة بن الزبير، فقالا: قال رسول الله صلى الله عليه وسلم: «لا طلاق إلا بعد نكاح»,0
Sunan Sa'id ibn Mansur,1215,UNGRADED,Other Narrations,1130- # حدثنا سعيد قال: نا إسماعيل بن عياش قال: حدثني الغاز بن جبلة الجبلاني، عن صفوان بن عمران الطائي، أن رجلا كان نائما مع امرأته فقامت فأخذت سكينا فجلست على صدره ووضعت السكين على حلقه وقالت: لتطلقني ثلاثا البتة وإلا ذبحتك، فناشدها الله، فأبت عليه فطلقها ثلاثا فذكر ذلك لرسول الله صلى الله عليه وسلم فقال: «لا قيلولة في الطلاق»,0
Sunan Sa'id ibn Mansur,1216,UNGRADED,Other Narrations,"1131- # حدثنا سعيد قال: نا الوليد بن مسلم، عن الغاز بن جبلة الجبلاني، أنه سمع صفوان الأصم، يقول: بينا رجل نائم لم يرعه إلا وامرأته # جالسة على صدره، واضعة السكين على فؤاده وهي تقول: لتطلقني أو لأقتلنك , فطلقها، ثم أتى رسول الله صلى الله عليه وسلم فذكر ذلك له، فقال: «لا قيلولة في الطلاق، ولا قيلولة في الطلاق»",0
Sunan Sa'id ibn Mansur,1230,UNGRADED,Repentance & Forgiveness,"1145- # حدثنا سعيد قال: نا خالد بن عبد الله، عن هشام، عن الحسن، عن النبي صلى الله عليه وسلم قال: إن الله عز وجل عفا لكم عن ثلاث: عن الخطأ، والنسيان، وما استكرهتم عليه """,0
Sunan Sa'id ibn Mansur,1231,UNGRADED,Prophets & Past Peoples,1146- # حدثنا سعيد قال: نا إسماعيل بن عياش، قال: حدثني جعفر بن حيان العطاردي، عن الحسن، قال: سمعته يقول: قال رسول الله صلى الله عليه وسلم # :: «تجاوز الله عز وجل لابن آدم عما أخطأ وعما نسي، وعما أكره، وعما غلب عليه»,0
Sunan Sa'id ibn Mansur,1268,UNGRADED,Prophets & Past Peoples,"1179- # حدثنا سعيد قال: نا عيسى بن يونس، قال: نا الأوزاعي، عن عبد الله بن سعد، عن الصنابحي، عن رجل من أصحاب النبي صلى الله عليه وسلم سماه، قال: «نهى رسول الله صلى الله عليه وسلم عن الأغلوطات» قال الأوزاعي: يعني شرار المسائل "". قال سعيد: هذا عن معاوية ولكنه لم يسمه",0
Sunan Sa'id ibn Mansur,1353,UNGRADED,Envy & Suspicion; Prophets & Past Peoples,1257- # حدثنا سعيد قال: نا هشيم، قال: أنا خالد، عن عكرمة، عن ابن عباس، قال: لما خيرت بريرة رأيت زوجها يتبعها في سكك المدينة ودموعه تسيل على لحيته، فكلم له العباس النبي صلى الله عليه وسلم أن يطلب إليها، فقال لها رسول الله صلى الله عليه وسلم: «زوجك وأبو ولدك» ، قالت: أتأمرني به يا رسول الله؟ قال: «إنما أنا شافع» ، قالت: فإن كنت شافعا فلا حاجة لي فيه، قال: فاختارت نفسها، وكان يقال له: مغيث، وكان عبدا # لآل المغيرة من بني مخزوم، فقال رسول الله صلى الله عليه وسلم للعباس: «ألا تعجب من شدة بغض بريرة لزوجها، ومن شدة حب زوجها لها؟»,0
Sunan Sa'id ibn Mansur,1356,UNGRADED,Marriage & Spouses; Servants & Freeing Slaves,1260- # حدثنا سعيد قال: نا أبو معاوية، قال: نا الأعمش، عن إبراهيم، عن الأسود، عن عائشة، قالت: كان زوج بريرة حرا، قالت: فلما أعتقت خيرها رسول الله صلى الله عليه وسلم فاختارت نفسها، وأراد أهلها أن يبيعوها ويشترطوا الولاء، فذكر ذلك للنبي صلى الله عليه وسلم فقال: «اشتريها ثم أعتقيها، فإنما الولاء لمن أعتق»,0
Sunan Sa'id ibn Mansur,1357,UNGRADED,Zakah & Charity; Character & Manners,1261- # حدثنا سعيد قال: نا أبو معاوية، قال: نا الأعمش، قال: لا أدري من حديث إبراهيم سمعته أو غيره، عن عائشة أنها قالت: يا رسول الله، إن الناس يتصدقون على بريرة فتهدي إلينا، فنأكل؟ قال: «نعم إنه عليها صدقة، وهو لكم هدية»,0
Sunan Sa'id ibn Mansur,1358,UNGRADED,Zakah & Charity,1262- # حدثنا سعيد قال: نا هشيم، قال: أنا حصين، عن الشعبي، قال: كان في بريرة ثلاث قضيات: جعل لها رسول الله صلى الله عليه وسلم الخيار على زوجها، وكان مواليها باعوها من عائشة واشترطوا أن الولاء لهم، فقال رسول الله صلى الله عليه وسلم: «الولاء لمن أعتق» ، وتصدق عليها بلحم فأهدته إلى عائشة، فدخل النبي صلى الله عليه وسلم فأراد أن يأكل منه، فقالت: إنه تصدق على بريرة، فقال رسول الله صلى الله عليه وسلم: «هو على بريرة صدقة، وهو لنا هدية»,0
Sunan Sa'id ibn Mansur,1405,UNGRADED,Purity & Wudu; Death & Burial,1305- # حدثنا سعيد قال: نا سفيان، عن أيوب بن موسى، عن محمد بن يحيى بن حبان، أن حبان بن منقذ، كانت تحته امرأتان هاشمية وأنصارية، فطلق الأنصارية وكانت ترضع فلبثت سنة، ثم مات عنها عند رأس الحول، فأتت عثمان بن عفان رضي الله عنه فقالت: إن لي ميراثا، فقال عثمان: «إن هذا أمر ليس به علم، ائت عليا» ، فقال علي رضي الله عنه: «تحلفين عند منبر # رسول الله صلى الله عليه وسلم أنك لم تحيضي ثلاث حيض، فإن حلفت فلك الميراث» ، فحلفت فأشركها علي مع الهاشمية في الثمن، فقال عثمان رضي الله عنه للهاشمية كأنه يعتذر إليها: «هذا قضاء ابن عمك»,0
Sunan Sa'id ibn Mansur,1457,UNGRADED,Women,1354- # حدثنا سعيد قال: نا عبد العزيز بن محمد، قال: حدثني عمرو بن ميمون بن مهران، عن أبيه، قال: سألت سعيد بن المسيب عن أمر فاطمة بنت قيس، ما بالها انتقلت؟ قال: «لأنها بذت عليهم وهي معهم في الدار، فأخرجها رسول الله صلى الله عليه وسلم، ثم لم يتركها تنتقل إلى أهلها»,0
Sunan Sa'id ibn Mansur,1458,UNGRADED,Zakah & Charity; Women,1355- # حدثنا سعيد قال: نا يعقوب بن عبد الرحمن الزهري، عن أبي حازم، عن أبي سلمة، عن فاطمة بنت قيس، أنه طلقها زوجها في عهد رسول الله صلى الله عليه وسلم، فكان ينفق عليها نفقة دون، فلما رأت ذلك قالت: والله لأكلمن رسول الله صلى الله عليه وسلم، فإن كانت لي نفقة أخذت الذي يصلحني. فذكرت ذلك لرسول الله صلى الله عليه وسلم، فقال: «لا نفقة لك ولا سكنى»,0
Sunan Sa'id ibn Mansur,1459,UNGRADED,Women,1356- # حدثنا سعيد قال: نا هشيم، قال: أنا سيار، قال: حدثني الشعبي، عن فاطمة بنت قيس، قالت: طلقني زوجي فخاصمت في السكنى والنفقة إلى رسول الله صلى الله عليه وسلم، فقضى لي بالسكنى والنفقة، فلما بلغه أنه طلقني ثلاثا «لم يجعل لي سكنى ولا نفقة، وأمرت أن أعتد في بيت امرأة» ، فقيل له: يتحدث إليها. قالت: «فأمرني أن أعتد في بيت ابن أم مكتوم»,0
Sunan Sa'id ibn Mansur,1460,UNGRADED,Zakah & Charity; Women,"1357- # حدثنا سعيد قال: نا هشيم، قال: أنا مغيرة، وحصين، وإسماعيل بن أبي خالد، وأنا داود، ومجالد، عن الشعبي، قال: دخلت على فاطمة بنت قيس، فسألتها عن قضاء، رسول الله صلى الله عليه وسلم، فقالت: "" طلقني زوجي البتة، فخاصمته إلى رسول الله صلى الله عليه وسلم في السكنى والنفقة، فلم يجعل لي سكنى ولا نفقة، وأمرني أن أعتد في بيت ابن أم مكتوم. قال مجالد في حديثه: يا بنت آل قيس، إنما السكنى والنفقة على من له الرجعة """,0
Sunan Sa'id ibn Mansur,1461,UNGRADED,Women,1358- # حدثنا سعيد قال: نا سفيان، عن مجالد، عن الشعبي، عن فاطمة بنت قيس، قالت: أتيت رسول الله صلى الله عليه وسلم أطلب السكنى والنفقة، فقال: «أتسمعين يا هذه؟ إنما السكنى والنفقة لمن كان لزوجها عليها الرجعة»,0
Sunan Sa'id ibn Mansur,1462,UNGRADED,Women; Prophets & Past Peoples,1359- # حدثنا سعيد قال: نا هشيم، قال: أنا مغيرة، عن إبراهيم، ونا حصين، عن الشعبي، أن عمر، قال: «لا ندع كتاب الله عز وجل وسنة نبيه صلى الله عليه وسلم لقول امرأة، لا ندري لعلها نسيت أو شبه لها»,0
Sunan Sa'id ibn Mansur,1464,UNGRADED,Women,1361- # حدثنا سعيد قال: نا أبو عوانة، قال: نا الأعمش، عن إبراهيم، قال: كان عمر وعبد الله «يجعلان للمطلقة ثلاثا السكنى والنفقة» # قال: وكان عمر إذا ذكر عنده حديث فاطمة بنت قيس أن رسول الله صلى الله عليه وسلم أمرها أن تعتد في غير بيت زوجها، قال: «ما كنا نجيز في ديننا شهادة امرأة» . قال سعيد: وقول عمر أحب إلينا من هذا #,0
Sunan Sa'id ibn Mansur,1468,UNGRADED,Women; Relatives & Kinship,"1365- # حدثنا سعيد قال: نا حماد بن زيد، عن سعد بن إسحاق بن كعب بن عجرة، عن عمته زينب، عن فريعة بنت مالك أخت أبي سعيد الخدري أن زوجها خرج في طلب أعلاج له فقتل بطرف القدوم، فأتت رسول الله صلى الله عليه وسلم، فذكرت ذلك له , قالت: وسألته النقلة إلى إخوتي. فذكرت حالا من حالها قالت: فرخص لي، فلما وليت ناداني: «امكثي في # بيتك حتى يبلغ الكتاب أجله أربعة أشهر وعشرا»",0
Sunan Sa'id ibn Mansur,1508,UNGRADED,Prophets & Past Peoples,"1404- # حدثنا سعيد قال: نا أبو وكيع، عن مغيرة، عن إبراهيم، قال: عيرنا صاع عمر فوجدناه حجاجيا "". قال سعيد: الحجاجي: مد النبي صلى الله عليه وسلم",0
Sunan Sa'id ibn Mansur,1513,UNGRADED,Women; Paradise,[ص: 373] # أبي قلابة، عن أبي أسماء - يعني الرحبي - عن ثوبان، مولى رسول الله صلى الله عليه وسلم: «ما من امرأة تسأل زوجها الطلاق من غير أمر يعتدي به فتريح ريح الجنة»,0
Sunan Sa'id ibn Mansur,1514,UNGRADED,Women,"1408- # حدثنا أبو قدامة، قال: نا علي بن الأحول، أن امرأة جاءت إلى الحسن، فقالت: يا أبا سعيد، إن زوجها صوام قوام، وإنها لم تحبه، أفتختلع منه؟ قال: لا، إن رسول الله صلى الله عليه وسلم قال: «المنتزعات والمختلعات هن المنافقات» . قالت: أعد علي , فأعاد عليها الحديث، قالت: والله لأصبرن. فلما انصرفت قال الحسن: ما كنت أرى بقيت امرأة تصبر نفسها على مكروه لما بلغها من رسول الله صلى الله عليه وسلم",0
Sunan Sa'id ibn Mansur,1515,UNGRADED,Other Narrations,1409- # حدثنا حزم بن أبي حزم، قال: سمعت الحسن، يقول: قال رسول الله صلى الله عليه وسلم: «إن المنتزعات والمختلعات هن المنافقات»,0
Sunan Sa'id ibn Mansur,1516,UNGRADED,Women; Angels & the Unseen,1410- # حدثنا عبد الله بن المبارك، عن أبي بكر بن أبي مريم عن الهيثم بن مالك، أن امرأة أتت رسول الله صلى الله عليه وسلم تشكو زوجها # ، فقال: «ما تريدين؟ أتريدين أن تتزوجي شابا ذا جمة فينانة، على كل خصلة منها شيطان، أو تختلعي؛ فتكوني عند الله أنتن من جيفة حمار» ؟,0
Sunan Sa'id ibn Mansur,1518,UNGRADED,Other Narrations,1412- # حدثنا حماد بن زيد، عن علي بن زيد، عن سعيد بن المسيب، أو الحسن - شك حماد - أن بنتا لرسول الله صلى الله عليه وسلم جاءت إلى رسول الله صلى الله عليه وسلم تشكو زوجها، فقال لها رسول الله صلى الله عليه وسلم: «ارجعي، فإني أكره للمرأة أن تجر ذيلها تشكو زوجها»,0
Sunan Sa'id ibn Mansur,1535,UNGRADED,Other Narrations,"1428- # حدثنا سفيان، عن ابن أبي نجيح، عن عطاء، يبلغ به النبي صلى الله عليه وسلم , قال: «لا يأخذ من المختلعة أكثر مما أعطاها»",0
Sunan Sa'id ibn Mansur,1537,UNGRADED,Hajj & Umrah; Women,"1430- # حدثنا هشيم، أنا يحيى بن سعيد، عن عمرة بنت عبد الرحمن، أن حبيبة بنت سهل، كانت تحت ثابت بن قيس بن شماس، وكان في خلقه منه إليها # ، فجاءت بالغلس حتى قعدت على باب رسول الله صلى الله عليه وسلم، فلما خرج رسول الله قال: «من هذه» ؟ قالت: أنا حبيبة بنت سهل. قالت: لا أنا ولا ثابت. قال: «إن ثابتا ليثنى عليه» ؟ قالت: وهو كذلك، ولكن لا أنا ولا هو. فلم يك شيء حتى جاء ثابت، فقال رسول الله صلى الله عليه وسلم: «إنه يأخذ حديقته» . قالت: ليأخذها. وكان أصدقها إياها، فأخذ حديقته، وجلست عند أهلها """,0
Sunan Sa'id ibn Mansur,1538,UNGRADED,Women,1431- # حدثنا سفيان، عن يحيى بن سعيد، عن عمرة بنت عبد الرحمن، قالت: جاءت حبيبة بنت سهل - امرأة من الأنصار، وكانت تحت ثابت بن قيس بن شماس - فقالت: يا رسول الله، لا أنا ولا ثابت. تشكو شيئا منه، فقال رسول الله صلى الله عليه وسلم: «خذ منها حديقتها» . فأخذ منها، وقعدت في بيتها,0
Sunan Sa'id ibn Mansur,1563,UNGRADED,Other Narrations,"1456- # حدثنا خالد، عن إسماعيل بن سميع، عن أبي رزين، قال: "" أتى رجل رسول الله صلى الله عليه وسلم فقال: إني سمعت الله يقول {الطلاق مرتان} [البقرة: 229] فأين الثالثة قال: « {إمساك بمعروف أو تسريح} بإحسان»",1
Sunan Sa'id ibn Mansur,1606,UNGRADED,Prophets & Past Peoples,1497- # حدثنا سويد بن عبد العزيز الدمشقي، حدثني أبو نوح المدني # ، من آل أبي بكرة قال: حدثني الحضرمي، رجل قد سماه عن علي بن أبي طالب، رضي الله عنه قال رسول الله صلى الله عليه وسلم: «متاع النساء للنساء، ومتاع الرجال للرجال»,0
Sunan Sa'id ibn Mansur,1616,UNGRADED,Women; Truthfulness & Lying,"1506- # حدثنا سعيد، نا سفيان، عن الزهري، عن عبيد الله بن عبد الله، عن أبيه، "" أن سبيعة بنت الحارث، تعالت من نفاسها بعد وفاة زوجها بأيام، فمر بها أبو السنابل فقال: إنك لا تحلين حتى تمكثي أربعة أشهر وعشرا، فذكرت ذلك لرسول الله صلى الله عليه وسلم فقال: «كذب أبو السنابل ليس كما قال، قد حللت فانكحي»",0
Sunan Sa'id ibn Mansur,1617,UNGRADED,Women; Prophets & Past Peoples,"1507- # حدثنا أبو عوانة، عن منصور، عن إبراهيم، عن الأسود، عن أبي السنابل بن بعكك، قال: "" وضعت سبيعة بنت الحارث بعد وفاة زوجها بثلاثة وعشرين أو خمسة وعشرين فلما تعالت تشوفت للنكاح فأعيب ذلك وأنكر ذلك عليها فبلغ ذلك رسول الله صلى الله عليه وسلم فقال: «إن تفعل فقد خلا أجلها»",0
Sunan Sa'id ibn Mansur,1618,UNGRADED,"Truthfulness & Lying; Time, Days & Nights",1508- # حدثنا هشيم، أنا منصور، عن ابن سيرين أن سبيعة وضعت بعد وفاة زوجها بنحو من عشرين ليلة، فتشوفت فمر بها أبو السنابل فقال: كأنك تريدين التزويج قالت: ولست قد حللت؟ فقال: كلا، حتى يأتي عليك آخر الأجلين، فأتت رسول الله صلى الله عليه وسلم فذكرت ذلك له فقال: «كذب أبو السنابل، إذا وجدت رجلا ترضينه فتزوجيه» .,0
Sunan Sa'id ibn Mansur,1620,UNGRADED,Prophets & Past Peoples,1510- # حدثنا هشيم، أنا يحيى بن سعيد، عن سليمان بن يسار، عن أبي سلمة، عن النبي صلى الله عليه وسلم بنحو حديث منصور بن زاذان.,0
Sunan Sa'id ibn Mansur,1621,UNGRADED,Other Narrations,1511- # حدثنا هشيم، نا ابن أبي ليلى، وداود، عن الشعبي، عن النبي صلى الله عليه وسلم بنحو من ذلك,0
Sunan Sa'id ibn Mansur,1630,UNGRADED,Other Narrations,1520- # حدثنا هشيم، أنا جويبر، عن الضحاك، قال: اختلف فيه أصحاب رسول الله صلى الله عليه وسلم منهم من قال: آخر الأجلين، فقال أبي بن كعب: سمعت رسول الله صلى الله عليه وسلم يقول: «أجل كل حامل أن تضع ما في بطنها»,0
Sunan Sa'id ibn Mansur,1659,UNGRADED,Prophets & Past Peoples,1546- # حدثنا سعيد، نا هشيم، أنا يونس، عن سعيد بن جبير، عن ابن عمر، «أنه طلق امرأته وهي حائض فرد ذلك رسول الله صلى الله عليه وسلم حتى طلقها وهي طاهر»,0
Sunan Sa'id ibn Mansur,1662,UNGRADED,Other Narrations,1549- # حدثنا هشيم، أنا خالد، عن ابن سيرين، أن ابن عمر، طلق امرأته تطليقة وهي حائض فذكر عمر ذلك لرسول الله صلى الله عليه وسلم فقال: «مره فليراجعها ينتظر بها الطهر» قال: فراجعها ابن عمر ليس له فيها # حاجة فقلت لابن عمر: اعتددت بتلك التطليقة؟ قال: فمه أرأيت إن كنت عجزت واستحمقت.,0
Sunan Sa'id ibn Mansur,1665,UNGRADED,Other Narrations,1552- # حدثنا حديج بن معاوية، نا أبو إسحاق، عن عبد الله بن مالك، عن ابن عمر، أنه طلق امرأته وهي حائض، فانطلق عمر إلى رسول الله صلى الله عليه وسلم فقال: إن عبد الله طلق امرأته وهي حائض، فقال رسول الله صلى الله عليه وسلم # : «ليس ذلك بشيء»,0
Sunan Sa'id ibn Mansur,1668,UNGRADED,Other Narrations,1554- # حدثنا سعيد، عن مالك بن أنس، عن نافع، عن ابن عمر، قال: «فرق رسول الله صلى الله عليه وسلم بين المتلاعنين وألحق الولد بأمه»,0
Sunan Sa'id ibn Mansur,1669,UNGRADED,Signs of the End Times,"1555- # حدثنا سفيان، نا الزهري، عن سهل بن سعد الساعدي، قال: "" شهدت رسول الله صلى الله عليه وسلم فرق بين المتلاعنين وأنا ابن خمس عشرة سنة، فقال: يا رسول الله كذبت عليها إن أنا راجعتها """,0
Sunan Sa'id ibn Mansur,1670,UNGRADED,Truthfulness & Lying; Theft & Property,1556- # حدثنا سفيان، عن ابن دينار، سمع ابن جبير، يقول: أخبرني ابن عمر، قال: قال رسول الله صلى الله عليه وسلم للمتلاعنين: «حسابكما على الله، وأحدكما كاذب، لا سبيل لك عليها» ، فقال: يا رسول الله مالي، فقال: «لا مال لك إن كنت صدقت عليها فهو بما استحللت من فرجها، وإن # كنت كذبت عليها فذلك أبعد لك»,0
Sunan Sa'id ibn Mansur,1671,UNGRADED,Truthfulness & Lying,1557- # حدثنا حماد بن زيد، عن عمرو بن دينار، عن سعيد بن جبير، قال: لما تلاعنا لزمها، فقال لها: مالي، فقال رسول الله صلى الله عليه وسلم: «إن كنت صادقا فهو بما استحللت من فرجها، وإن كنت كاذبا فهو أبعد لك الله يعلم أن أحدكما كاذب، وحسابكما على الله، ولا سبيل لك عليها»,0
Sunan Sa'id ibn Mansur,1672,UNGRADED,Truthfulness & Lying; Prophets & Past Peoples,1558- # حدثنا سفيان، عن أيوب، عن سعيد بن جبير، قال: سألت ابن عمر عن المتلاعنين، فقال: فرق رسول الله صلى الله عليه وسلم بين أخوي بني العجلان وقال: «الله يعلم أن أحدكما كاذب، فهل منكما تائب» ، فقال ذلك: ثلاث مرات,0
Sunan Sa'id ibn Mansur,1673,UNGRADED,Prophets & Past Peoples,1559- # حدثنا خالد بن عبد الله، عن داود بن أبي هند، عن سعيد بن جبير، «أن رسول الله صلى الله عليه وسلم أعطى أحد بني العجلان الصداق»,0
Sunan Sa'id ibn Mansur,1677,UNGRADED,Women,"1563- # حدثنا ابن أبي الزناد، عن أبيه، عن القاسم بن محمد، عن ابن عباس، أن رسول الله صلى الله عليه وسلم لاعن بين رجل وامرأته قال زوج المرأة: والله ما قربتها منذ عفرنا، والعفر أن تسقي النخل بعدما تترك من السقي شهرين، وقال رسول الله صلى الله عليه وسلم: «اللهم بين» ، فكان زوج المرأة أصهب الشعر، حمش الساقين والذراعين فجاءت بغلام أسود جعد قطط عبل الذراعين فقال شداد بن الهاد لابن عباس: أهي المرأة التي قال رسول الله صلى الله عليه وسلم: «لو كنت راجمها بغير بينة رجمتها» ؟ قال: لا، تلك امرأة كانت قد اعتلنت في الإسلام فناداه رجل آخر، فقال # : يا أبا عباس: كيف صفة الغلام؟ فقال: جاءت به على الوصف السيئ """,0
Sunan Sa'id ibn Mansur,1678,UNGRADED,Women,1564- # حدثنا سفيان، عن أبي الزناد، عن القاسم، قال: ذكر ابن عباس المتلاعنين فقال عبد الله بن شداد بن الهاد: وهي التي قال رسول الله صلى الله عليه وسلم: «لو كنت راجما امرأة بغير بينة لرجمتها» ؟ قال: لا قال: تلك المرأة أعلنت,0
Sunan Sa'id ibn Mansur,1720,UNGRADED,Other Narrations,1603- # حدثنا سعيد، نا عبد العزيز بن محمد الدراوردي، قال: أخبرني عبد الرحمن بن حبيب، عن عطاء، عن ابن ماهك، عن أبي هريرة، قال: قال رسول الله صلى الله عليه وسلم: «ثلاث جدهن جد، وهزلهن جد، الطلاق، والنكاح، والرجعة»,0
Sunan Sa'id ibn Mansur,1725,UNGRADED,Other Narrations,"1608- # حدثنا سعيد، قال: نا حفص بن ميسرة الصنعاني، قال مسلم بن أبي مريم، عن سعيد بن المسيب، قال: قال مروان على منبر رسول الله صلى الله عليه وسلم: "" أربع ليس فيهن رديدى إلا الوفاء: الطلاق، والعتاق، والنكاح، والنذور """,0
Sunan Sa'id ibn Mansur,1762,UNGRADED,Dhikr & Supplication; Prophets & Past Peoples,"1644- # حدثنا سعيد قال: نا حماد بن زيد، عن شعيب بن الحبحاب، عن إبراهيم، قال: ذكر عند عائشة رضي الله عنها الخيار فقالت: قد خيرنا رسول الله صلى الله عليه وسلم فاخترناه فلم يعد ذلك طلاقا """,1
Sunan Sa'id ibn Mansur,1763,UNGRADED,Prophets & Past Peoples,1645- # حدثنا سعيد قال: نا أبو عوانة، عن سليمان، عن أبي الضحى، عن مسروق، عن عائشة، رضي الله عنها قالت: «خيرنا رسول الله صلى الله عليه وسلم فاخترناه فلم يعدها طلاقا»,0
Sunan Sa'id ibn Mansur,1764,UNGRADED,Other Narrations,1646- # حدثنا سعيد قال: نا أبو معاوية، قال: نا الأعمش، عن مسلم، عن مسروق، أن عائشة، رضي الله عنها قالت: «خيرنا رسول الله صلى الله عليه وسلم فاخترناه فلم يعدها علينا شيئا»,0
Sunan Sa'id ibn Mansur,1790,UNGRADED,Other Narrations,"1671- # حدثنا سعيد قال: نا ابن المبارك، قال: نا ابن الزبير، عن # عبد الله بن علي، أن ركانة بن عبد يزيد طلق امرأته البتة، فأتى رسول الله صلى الله عليه وسلم، فذكر ذلك له، فقال: «ما أردت» ؟ قال: واحدة. قال: «الله ما أردت إلا واحدة» ؟ قال: "" الله ما أردت إلا واحدة. قال: «هي واحدة»",0
Sunan Sa'id ibn Mansur,1826,UNGRADED,Day of Judgement; Prophets & Past Peoples,"1707- # حدثنا سعيد قال: نا هشيم، قال: أنا عبيدة، عن إبراهيم، وجويبر، عن الضحاك، أن حفصة أم المؤمنين، زارت أباها ذات يوم وكان يومها، فلما جاء رسول الله صلى الله عليه وسلم فلم يرها في المنزل، أرسل إلى أمته مارية القبطية، فأصاب منها في بيت حفصة، وجاءت حفصة على تلك الحال، فقالت: يا رسول الله، أتفعل هذا في بيتي وفي يومي؟ قال: «فإنها علي حرام، ولا تخبري بذاك أحدا» . فانطلقت إلى عائشة رضي الله عنها فأخبرتها بذلك، فأنزل الله عز وجل: {يا أيها النبي لم تحرم ما أحل الله لك} [التحريم: 1] إلى قوله: {وصالح المؤمنين} [التحريم: 4] ، فأمر أن يكفر عن يمينه، ويراجع أمته """,0
Sunan Sa'id ibn Mansur,1827,UNGRADED,Oaths & Vows; Prophets & Past Peoples,"1708- # حدثنا سعيد قال: نا هشيم، قال: أنا داود، عن الشعبي، عن مسروق، أن رسول الله صلى الله عليه وسلم حلف لحفصة أن لا يقرب أمته قال: «هي علي حرام» ، فنزلت الكفارة ليمينه، وأمر أن لا يحرم ما أحل الله له "".",0
Sunan Sa'id ibn Mansur,1955,UNGRADED,Repentance & Forgiveness; Women,1824- # حدثنا سعيد قال: نا عبد العزيز بن أبي حازم، قال: حدثني محمد بن أبي حرملة، عن عطاء بن يسار، أن أوس بن الصامت، ظاهر من امرأته خولة بنت ثعلبة، فجاءت إلى رسول الله صلى الله عليه وسلم فأخبرته، وكان أوس # به لمم فنزل القرآن: {الذين يظاهرون من نسائهم ثم يعودون لما قالوا فتحرير رقبة من قبل أن يتماسا} [المجادلة: 3] ، فقال لامرأته: «مريه فليعتق رقبة» فقالت: يا رسول الله والذي أعطاك ما أعطاك ما جئت إلا رحمة له، فنزل القرآن وهي عنده في البيت، فقال: «مريه فليصم شهرين متتابعين» فقالت: والذي أعطاك ما أعطاك ما يقدر عليه، قال: «مريه فليتصدق على ستين مسكينا» قالت: يا رسول الله ما عنده ما يتصدق، فقال: «فاذهبي إلى فلان الأنصاري، فإن عنده شطر وسق تمر أخبرني أنه يريد أن يتصدق به، فليأخذ به فليتصدق به على ستين مسكينا»,0
Sunan Sa'id ibn Mansur,1956,UNGRADED,Prophets & Past Peoples,1825- # حدثنا سعيد قال: نا معتمر بن سليمان، قال: سمعت الحكم بن أبان، يحدث عن عكرمة، قال: قال جاء رجل للنبي صلى الله عليه وسلم إنه ظاهر من امرأته، وإنه وقع عليها قبل أن يقضي ما عليه قال: «وما حملك على ذلك؟» قال: يا نبي الله رأيت بياض ساقها في القمر، قال: «فاعتزل حتى تقضي ما عليك»,0
Sunan Sa'id ibn Mansur,1957,UNGRADED,Prophets & Past Peoples,1826- # حدثنا سعيد قال: نا إسماعيل بن إبراهيم، قال: حدثني الحكم بن أبان، عن عكرمة، أن رجلا ظاهر من امرأته، ثم غشيها قبل أن يقضي فأتى رسول الله صلى الله عليه وسلم فذكر ذلك له فقال: «اعتزلها حتى تقضي ما عليك»,0
Sunan Sa'id ibn Mansur,1999,UNGRADED,Other Narrations,1863- # حدثنا سعيد قال: نا هشيم، قال: أنا ابن أبي ليلى، عن حميضة بن الشمرذل، عن الحارث بن قيس الأسدي، قال: «أسلمت وعندي ثماني نسوة فأمرني رسول الله صلى الله عليه وسلم أن أختار منهن أربعا»,0
Sunan Sa'id ibn Mansur,2000,UNGRADED,Children & Upbringing,1864- # حدثنا سعيد قال: نا هشيم، قال: أنا مغيرة، عن بعض ولد الحارث بن قيس بن عميرة الأسدي أن الحارث أسلم وعنده ثماني نسوة، فذكر ذلك لرسول الله صلى الله عليه وسلم، فقال له: «اختر منهن أربعا»,0
Sunan Sa'id ibn Mansur,2001,UNGRADED,Other Narrations,1865- # حدثنا سعيد قال: نا هشيم، قال: أنا الكلبي، عن حميضة بن الشمرذل، عن الحارث بن قيس، قال: قلت: يا رسول الله أسلمت وأسلمن معي، هاجرت وهاجرن معي، قال: «فاختر منهن أربعا» فجعلت أقول للتي أريد إمساكها: أقبلي، وللتي أريد فراقها: أدبري، فتقول: أنشدك الرحم، أنشدك الولد قال الكلبي: وثنا أبو صالح عن ابن عباس، عن الحارث بن قيس، عن النبي صلى الله عليه وسلم مثل ذلك.,0
Sunan Sa'id ibn Mansur,2004,UNGRADED,Other Narrations,"1868- # حدثنا سعيد قال: نا مالك بن أنس، عن الزهري، أن رجلا أسلم وعنده عشر نسوة فأمره رسول الله صلى الله عليه وسلم أن يختار منهن أربعا """,0
Sunan Sa'id ibn Mansur,2052,UNGRADED,Prophets & Past Peoples,1915- # حدثنا سعيد قال: نا سفيان، عن يحيى بن سعيد، عن سليمان بن يسار، قال: «كان تسعة عشر رجلا من أصحاب محمد صلى الله عليه وسلم يوقفون في الإيلاء»,0
Sunan Sa'id ibn Mansur,2126,UNGRADED,Prophets & Past Peoples,1984- # حدثنا سعيد بن منصور، ثنا هشيم، أخبرني يحيى بن أبي إسحاق الحضرمي، عن سليمان بن يسار، عن عبد الله بن عباس، أن الرميصاء أو الرميضاء أتت رسول الله صلى الله عليه وسلم تشكو زوجها، وتزعم أنه لا يصل إليها، فلم يلبث أن جاء زوجها فقال: إنها كاذبة، إنه يصل إليها، ولكنها تريد أن ترجع إلى زوجها الأول، فقال النبي صلى الله عليه وسلم: «ليس ذاك لها حتى تذوق عسيلته»,0
Sunan Sa'id ibn Mansur,2127,UNGRADED,Women,1985- # حدثنا سعيد، نا سفيان، عن الزهري، عن عائشة، أن امرأة رفاعة القرظي أتت رسول الله صلى الله عليه وسلم فقالت: يا رسول الله إني # كنت عند رفاعة فطلقني وبت طلاقي، فتزوجني ابن الزبير، وما معه إلا مثل هدبة الثوب، فتبسم رسول الله صلى الله عليه وسلم فقال: «أتريدين أن ترجعي إلى رفاعة؟ لا، حتى تذوقي عسيلته ويذوق عسيلتك» فنادى خالد بن سعيد وهو بالباب: ألا تسمع يا أبا بكر ما تجهر هذه عند رسول الله صلى الله عليه وسلم؟,0
Sunan Sa'id ibn Mansur,2151,UNGRADED,Speech & Backbiting,2008- # أخبرنا سعيد، نا أبو معاوية، نا إسماعيل بن أبي خالد، عن الشعبي # ، عن الحارث، عن علي، رضي الله عنه قال: «لعن رسول الله صلى الله عليه وسلم المحلل والمحلل له»,0
Sunan Sa'id ibn Mansur,2230,UNGRADED,Prophets & Past Peoples,2080- # أخبرنا سعيد، نا هشيم، أنا العوام، عن إبراهيم التيمي، قال: أتي عمر بن الخطاب رضي الله عنه بامرأة مصابة قد فجرت، فهم أن يضربها فقال علي: ليس ذاك لك، سمعت رسول الله صلى الله عليه وسلم يقول: «رفع القلم عن ثلاثة، عن الصغير حتى يبلغ، وعن النائم حتى يستيقظ، وعن المجنون حتى يكشف عنه» فخلى عنها عمر,0
Sunan Sa'id ibn Mansur,2260,UNGRADED,Faith & Creed; Prophets & Past Peoples,2107- # أخبرنا سعيد، نا هشيم، أنا داود، عن الشعبي، أن رسول الله صلى الله عليه وسلم رد ابنته زينب على أبي العاص بن الربيع حيث أسلم بعد إسلام زينب، فردها عليه بالنكاح الأول,0
Sunan Sa'id ibn Mansur,2261,UNGRADED,Prayer (Salah); Women,2108- # أخبرنا سعيد، نا حماد بن زيد، عن عمرو بن دينار أن زينب بنت رسول الله، صلى الله عليه وسلم كانت تحت أبي العاص بن الربيع فأسلمت قبله وأسر، فجيء به أسيرا في قيد فأسلم «فكانا على نكاحهما»,0
Sunan Sa'id ibn Mansur,2262,UNGRADED,Other Narrations,2109- # أخبرنا سعيد، نا أبو معاوية، نا حجاج، عن عمرو بن شعيب، عن أبيه، عن جده، «أن رسول الله صلى الله عليه وسلم رد زينب ابنته على أبي العاص بن الربيع بنكاح أحدثه»,0
Sunan Sa'id ibn Mansur,2287,UNGRADED,Adultery & Chastity; Day of Judgement,2128- # أخبرنا سعيد، نا هشيم، أنا عبد الملك بن أبي سليمان، نا عمرو بن شعيب، أن رجلا سأل النبي صلى الله عليه وسلم يوم فتح مكة، فقال: إن له ولدا من أم فلان من زنا، فقال رسول الله صلى الله عليه وسلم: «ويحك إنه لا عهر في الإسلام، الولد للفراش، وللعاهر الأثلب»,0
Sunan Sa'id ibn Mansur,2288,UNGRADED,Justice & Judgement,"2129- # أخبرنا سعيد، نا سفيان، عن عبيد الله بن أبي يزيد، عن أبيه، أن عمر بن الخطاب أرسل إلى شيخ في دارهم قال: فانطلقت معه فسأله عن ولاد من ولاد الجاهلية , فقال: أما النطفة لفلان، وأما الفراش فلفلان، فقال عمر: صدقت، ولكن قضى رسول الله صلى الله عليه وسلم بالفراش """,0
Sunan Sa'id ibn Mansur,2289,UNGRADED,Parents; Children & Upbringing,2130- # أخبرنا سعيد، نا سفيان، عن الزهري، عن عروة، عن عائشة، قالت: اختصم سعد بن أبي وقاص وعبد بن زمعة في ابن أمة زمعة، فقال سعد: أوصاني أخي عتبة: إذا قدمت مكة أن آخذ ابن أمة زمعة، فإنه ابنه، وقال عبد بن زمعة: أخي، ابن أمة أبي، ولد على فراش أبي، فرأى رسول الله صلى الله عليه وسلم # شبها بينا بعتبة فقال: «الولد للفراش، واحتجبي منه يا سودة»,0
Sunan Sa'id ibn Mansur,2290,UNGRADED,Other Narrations,2131- # أخبرنا سعيد، نا سفيان، عن الزهري، عن سعيد بن المسيب، عن أبي هريرة، قال: قال رسول الله صلى الله عليه وسلم: «الولد للفراش وللعاهر الحجر»,0
Sunan Sa'id ibn Mansur,2291,UNGRADED,Other Narrations,2132- # أخبرنا سعيد، نا جرير بن عبد الحميد، عن مغيرة، عن أبي وائل، عن عبد الله، قال: قال رسول الله صلى الله عليه وسلم: «الولد للفراش وبفي العاهر الحجر»,0
Sunan Sa'id ibn Mansur,2293,UNGRADED,Women,2133- # أخبرنا سعيد، ثنا سفيان، عن أيوب بن موسى، عن حميد بن نافع، عن زينب بنت أبي سلمة، عن أم سلمة أن امرأة جاءت إلى رسول الله صلى الله عليه وسلم، تستأذنه في الكحل؛ لأنه كان مات زوجها، فلم يأذن لها، وقال: «قد كانت إحداكن ترمي بالبعرة على رأس الحول، وإنما هي الآن أربعة أشهر وعشرا» # أخبرنا سعيد، نا هشيم، أنا خالد الحذاء، عن حفصة بنت سيرين، عن أم سلمة، أنها سئلت عن المتوفى عنها زوجها، أتكتحل بالإثمد في عدتها؟ قالت: «لا وإن نفقتا، ولكن بالصبر والذرور» #,0
Sunan Sa'id ibn Mansur,2295,UNGRADED,Marriage & Spouses; Women,2136- # أخبرنا سعيد، نا سفيان، عن أيوب بن موسى، عن حميد بن نافع، عن زينب بنت أبي سلمة، أن أم حبيبة لما جاءها نعي أبي سفيان دعت بصفرة بعد الثالث، فمسحت بها عارضيها وذراعيها، وقالت: إني كنت # غنية عن هذا لولا أني سمعت رسول الله صلى الله عليه وسلم يقول: «لا يحل لامرأة تؤمن بالله واليوم الآخر أن تحد على ميت إلا على زوج، فإنها تحد عليه أربعة أشهر وعشرا»,0
Sunan Sa'id ibn Mansur,2303,UNGRADED,Prayer (Salah); Purity & Wudu,2143- # أخبرنا سعيد، نا أبو الأحوص، عن طارق بن عبد الرحمن البجلي، عن عاصم بن عمرو، قال: خرج نفر من أهل العراق إلى عمر بن الخطاب فسألهم: «من أين أنتم؟» فقالوا: من أهل العراق، فقال: «أبإذني جئتم؟» قالوا: نعم، فسألوه ما يحل للرجل من امرأته وهي حائض، وعن غسل الجنابة، وعن صلاة الرجل في بيته، فقال لهم: «أسحرة أنتم؟» فقالوا: لا والله، وما نحن بسحرة، فقال: «لقد سألتموني عن خصال ما سألني عنهن جميعا بعد إذ سألت رسول الله صلى الله عليه وسلم غيركم، أما ما يحل للرجل من امرأته وهي حائض فما فوق الإزار، وأما صلاة الرجل في بيته فنور، فنوروا بيوتكم، وأما الغسل من الجنابة فتوضأ وضوء الصلاة، ثم اغسل رأسك ثلاثا، ثم أفض على سائر جسدك»,0
Sunan Sa'id ibn Mansur,2305,UNGRADED,Prophets & Past Peoples,2145- # أخبرنا سعيد، نا هشيم، أنا مغيرة، عن إبراهيم، عن عائشة، قالت: «كنت أتزر وأنا حائض، وأدخل مع رسول الله صلى الله عليه وسلم في لحافه»,0
Sunan Sa'id ibn Mansur,2306,UNGRADED,Other Narrations,2146- # أخبرنا سعيد، نا أبو عوانة، عن عمر بن أبي سلمة، عن أبيه، عن عائشة، «أنها كانت تنام مع رسول الله صلى الله عليه وسلم في لحاف وهي حائض»,0
Sunan Sa'id ibn Mansur,2319,UNGRADED,Other Narrations,2158- # أخبرنا سعيد، نا هشيم، قال: أنا حميد، عن أنس أن النبي صلى الله عليه وسلم «طلق حفصة، فأمر أن يراجعها»,0
Sunan Sa'id ibn Mansur,2329,UNGRADED,Women; Character & Manners,2168- # أخبرنا سعيد، نا هشيم، أنا داود بن عمر، نا عبد الله بن أبي زكريا الخزاعي، قال: قال رسول الله صلى الله عليه وسلم: «لأن يقرع الرجل قرعا يخلص القرع إلى عظم رأسه خير له من أن تضع امرأة يدها على ساعده، لا تحل له»,0
Sunan Sa'id ibn Mansur,2330,UNGRADED,Adhan & the Mosque; Prophets & Past Peoples,2169- # أخبرنا سعيد، نا هشيم، نا مغيرة، عن أم موسى، قالت: «كانت الجارية من أهل المدينة إذا أرادوا أن يهدوها إلى زوجها ينطلق بها إلى مسجد رسول الله صلى الله عليه وسلم فيدعون لها ثم ينطلق بها إلى زوجها»,0
Sunan Sa'id ibn Mansur,2341,UNGRADED,Magic & Superstition; Treaties & Non-Muslims,2180- # أخبرنا سعيد، نا سفيان، عن عمرو، سمع بجالة، يحدث عمرو بن أوس وجابر بن زيد قال: كنت كاتبا لجزء بن معاوية عم الأحنف بن قيس، فأتى كتاب عمر بن الخطاب رضي الله عنه قبل وفاته بسنة «أن اقتلوا كل ساحر، وفرقوا بين المجوس وحرمهم، وانهوهم عن الزمزمة» فقتلنا ثلاث سواحر، وفرقنا بين الرجل وحرمته في كتاب الله، وصنع طعاما ثم دعا المجوس، وعرض السيف على فخذه، فأكلوا بغير زمزمة # ، وألقوا وقر بغل أو بغلين من ورق، ولم يكن عمر بن الخطاب أخذ من المجوس جزية حتى شهد عبد الرحمن بن عوف أن رسول الله صلى الله عليه وسلم أخذها من مجوس هجر,0
Sunan Sa'id ibn Mansur,2378,UNGRADED,Justice & Judgement; Prophets & Past Peoples,2217- # أخبرنا سعيد، نا إبراهيم بن سعد الزهري، عن ابن شهاب، عن عبيد الله بن عبد الله، عن أبي سعيد الخدري، أن رجلا سأل رسول الله صلى الله عليه وسلم عن العزل قال: «أو تفعلون ذلك؟ لا عليكم أن تفعلوه؛ إنه ليس نسمة قضى الله إلا هي كائنة»,0
Sunan Sa'id ibn Mansur,2379,UNGRADED,Dhikr & Supplication,2218- # أخبرنا سعيد، نا سفيان، عن ابن أبي نجيح، عن مجاهد، قال: أخبرني قزعة، عن أبي سعيد الخدري، قال: ذكر العزل عند رسول الله صلى الله عليه وسلم، فقال: «لم يفعل ذلك أحدكم؟» ولم يقل: لا يفعل ذلك، «فإنها # ليست نفس مخلوقة إلا الله خالقها»,0
Sunan Sa'id ibn Mansur,2380,UNGRADED,Other Narrations,2219- # أخبرنا سعيد، نا هشيم، أنا مجالد بن سعيد، نا أبو الوداك جبر بن نوف، عن أبي سعيد الخدري، قال: أصبنا سبايا فأردنا أن نفادي بهن، فسألنا رسول الله صلى الله عليه وسلم، فقلنا: الرجل تكون له الأمة فيصيب منها ويعزل عنها مخافة أن تعلق منه، فقال: «افعلوا ما بدا لكم فما يقض من أمر يكن وإن كرهتم»,0
Sunan Sa'id ibn Mansur,2381,UNGRADED,Other Narrations,2220- # أخبرنا سعيد، نا عبد العزيز بن محمد، نا ربيعة، عن محمد بن يحيى بن حبان، عن ابن محيريز، عن أبي سعيد الخدري، قال: سمعت رسول الله صلى الله عليه وسلم يسأل عن العزل، فقال: «لا عليكم ألا تفعلوا إن يكن مما أخذ الله عليه الميثاق فكانت على هذه الصخرة أخرجها الله»,0
Sunan Sa'id ibn Mansur,2398,UNGRADED,Destiny & Decree; Animals,2244- # أخبرنا سعيد، نا أبو معاوية، عن الأعمش، عن سالم بن أبي الجعد، عن جابر، قال: أتى النبي صلى الله عليه وسلم رجل من الأنصار فقال: إن خادما لي تسنى على ناقة لي، وأنا أعزل عنها، فحملت، فقال رسول الله صلى الله عليه وسلم: «ما قدر الله أن يخلقها إلا وهي كائنة»,0
Sunan Sa'id ibn Mansur,2402,UNGRADED,Parents; Marriage & Spouses,2248- # أخبرنا سعيد، أنا هشيم، أنا أيوب السختياني، وعبيد الله بن عمر، حدثانا وكانا جالسين جميعا عن نافع، أن رجلا من أصحاب رسول الله صلى الله عليه وسلم زوج أمة له من غلام له وكان يخالف إليها، فأرسل عمر إلى الرجل، فقال: ما فعلت أمتك فلانة؟ فقال: زوجتها من غلام لي قال: «فهل تنال منها؟» فأومى إليه القوم من خلف عمر: أن قل: لا، فقال أحدهما: لو قلت # : نعم لجعلك نكالا للعالمين، وقال الآخر: لو قلت: نعم لرجمك,0
Sunan Sa'id ibn Mansur,2411,UNGRADED,Women; Character & Manners,2257- # أخبرنا سعيد، نا هشيم، أنا أبو بشر، عن حبيب بن سالم، مولى النعمان بن بشير قال: جاءت امرأة إلى النعمان بجاريتها، فقال: أما إن عندي في ذلك خبرا شافيا أحدثه عن رسول الله صلى الله عليه وسلم: «إن كنت أذنت له ضربته مائة، وإن كنت لم تأذني له رجمته» فقال لها الناس: زوجك وأبو ولدك يرجم قولي: قد كنت أذنت له، وإنما حملني على ذلك الغيرة قال: فضربه مائة,0
Sunan Sa'id ibn Mansur,2416,UNGRADED,Dhikr & Supplication; Parents,2262- # أخبرنا سعيد، نا هشيم، أنا يونس بن عبيد قال: نا الحسن # ، عن سلمة بن المحبق الهذلي، أن رجلا خرج في سفر، فبعثت معه امرأته بخادم لها تخدمه، فوقع عليها في سفره، فلما قدم ذكر ذلك لرسول الله صلى الله عليه وسلم: «إن كنت استكرهتها فهي حرة وعليك مثلها لمولاتها، وإن كانت طاوعتك فهي أمة وعليك مثلها»,0
Sunan Sa'id ibn Mansur,2423,UNGRADED,Children & Upbringing; Prophets & Past Peoples,"باب الغلام بين الأبوين أيهما أحق به # # أخبرنا سعيد، نا سفيان، عن يحيى بن سعيد، عن القاسم بن محمد، قال: أبصر عمر ابنه عاصما مع جدته، وكان عمر جابذها، فقال أبو بكر: «خل عنها» فما راجعه الكلام # # أخبرنا سعيد، نا هشيم، أنا يحيى بن سعيد، عن القاسم بن محمد، أن عمر خاصم امرأته أم عاصم بنت عاصم في ابنه منها إلى أبي بكر رضي الله عنه، فقال له أبو بكر: «ادفعه إليها» فما راجعه الكلام # # أخبرنا سعيد، نا هشيم، أنا مجالد بن سعيد، قال: نا الشعبي، أن عمر خاصم امرأته أم عاصم في ابنه منها إلى أبي بكر _ رضي الله عنهما _ فقضى أبو بكر لأمه، ثم قال: «عليك نفقته حتى يبلغ» أخبرنا سعيد، نا هشيم، أنا خالد، عن عكرمة، أن أبا بكر، رضي الله عنه قضى به لأمه، وقال: "" ريحها، وشمها، ولطفها خير له منك # أخبرنا سعيد، نا هشيم، أنا يونس، عن الحسن، أن أبا بكر قضى به لأمه، وقال: إن ريحها وحجرها خير له منك # # أخبرنا سعيد، نا هشيم، أنا داود بن أبي هند، عن عطاء، أن أبا بكر، أقسم على عمر «ليدع الغلام عند أمه» فتركه عندها # # أخبرنا سعيد، نا سفيان، عن زياد بن سعد، عن هلال بن أبي ميمونة، عن أبي هريرة، أن رسول الله صلى الله عليه وسلم «خير غلاما بين أبيه وأمه» # # أخبرنا سعيد، نا هشيم، أنا عثمان البتي، أنا عبد الحميد بن سلمة الأنصاري، أن جده أسلم على عهد النبي صلى الله عليه وسلم، فقال رسول الله صلى الله عليه وسلم: «إن شئتما خيرتماه» ، وأقام الأب في ناحية والأم في ناحية، ثم خير الغلام، فانطلق نحو أمه، فقال رسول الله صلى الله عليه وسلم: «اللهم اهده» فرجع الغلام إلى أبيه # # أخبرنا سعيد، نا سفيان، عن يزيد بن يزيد بن جابر، عن إسماعيل بن عبيد الله بن أبي المهاجر، عن عبد الرحمن بن غنم، أن عمر بن الخطاب، رضي الله عنه «خير غلاما بين أبيه وبين أمه» # # أخبرنا سعيد، نا هشيم، أنا خالد الحذاء، أنا الوليد بن مسلم، قال: أتي عمر بن الخطاب في غلام يتيم، فخيره فاختار أمه، وترك عمه، فقال له عمر: «أما إن جدب أمك خير لك من خصب عمك» قال الصائغ بالدال # # أخبرنا سعيد، نا سفيان، عن يونس الجرمي، عن عمارة الجرمي، "" أنا الذي خيره علي رضي الله عنه بين أمه وعمه # # أخبرنا سعيد، نا هشيم، أنا مغيرة، عن أمه «أن خالته خاصمتها عصبة ولدها إلى شريح في بنت وابن لها، فاختارت الابنة أمها واختار الغلام عمه» # # أخبرنا سعيد، نا هشيم، أنا يونس، وابن عون، وهشام، وأشعث بن سوار، عن ابن سيرين، عن شريح، قال: «الأب أحق والأم أرفق» # # أخبرنا سعيد، نا هشيم، أنا يونس، وهشام، عن ابن سيرين، عن شريح، قال: «الصبية مع أمها ما كانت ومعهم من أموالهم ما يشبعهم، فإذا افترقت الدار فالأولياء أحق» # # أخبرنا سعيد، نا هشيم، أنا يونس، وهشام، عن ابن سيرين، قال: جيء بصبيان من السواد مات أبوهم، فقال شريح: «خيروهم، فليكونوا مع من أحبوا» # # أخبرنا سعيد، نا أبو عوانة، عن أشعث بن سليم، قال: اختصمت أم وجدة إلى شريح فقالت الجدة: # [البحر الهزج] # أبا أمية أتيناك ... وأنت المرء نأتيه # أتاك ابني وأماه ... وكلتانا نفديه # ثم تزوجت فهاتيه ... ولا يذهب بك التيه # فلو كنت تأيمت ... لما نازعتكم فيه # ألا يا أيها القاضي ... فهذه قصتي فيه # فقالت الأم: # ألا يا أيها القاضي ... قد قالت لك الجده # مقالا فاستمع مني ... ولا تنظر في رده # أعزي النفس عن ابني ... وكبدي حملت كبده # فلما كان في حجري ... يتيما ضائعا وحده # تزوجت رجاء الخير ... من يكفيني فقده # ومن يكفل لي رفده ... ومن يظهر لي وده # فقال شريح: # [البحر الرمل] # قد سمع القاضي ما قلتما ... وقضى بينكما ثم فصل # بقضاء بين بينكما ... وعلى القاضي جهد إن عقل # فقال للجدة بيني بالصبي ... وخذي ابنك من ذات العلل # إنها لو صبرت كان لها ... قبل دعواها تبغيها البدل "" # # أخبرنا سعيد، نا سفيان، عن ابن جريج، عن عمرو بن شعيب، عن سعيد بن المسيب، أن عمر، «جبر عصبة صبي أن ينفق عليه الرجال دون النساء» # # أخبرنا سعيد، نا عبد الله بن المبارك، عن معمر، عن الزهري، أن عمر بن الخطاب، رضي الله عنه «غرم ثلاثة كلهم يرث الصبي أجر رضاعه» #",0
Sunan Sa'id ibn Mansur,2424,UNGRADED,Children & Upbringing,2287- # أخبرنا سعيد، نا سفيان، عن الأعمش، عن عمارة بن عمير، عن عمة له، عن عائشة، رضي الله عنها عن النبي صلى الله عليه وسلم، قال: «إن أولادكم من أطيب كسبكم فكلوا من كسبكم»,0
Sunan Sa'id ibn Mansur,2425,UNGRADED,Prophets & Past Peoples,"2288- # أخبرنا سعيد، نا أبو معاوية نا الأعمش عن إبراهيم، عن الأسود # عن عائشة، رضي الله عنها قالت: قال رسول الله صلى الله عليه وسلم: «أولادكم من كسبكم , فكلوا من أموال أولادكم»",0
Sunan Sa'id ibn Mansur,2426,UNGRADED,Prophets & Past Peoples,2289- # أخبرنا سعيد، نا هشيم، عن مغيرة، عن إبراهيم، عن عائشة، مثل ذلك، ولم يذكر رسول الله صلى الله عليه وسلم,0
Sunan Sa'id ibn Mansur,2427,UNGRADED,Theft & Property,2290- # أخبرنا سعيد، نا سفيان، عن محمد بن المنكدر، قال: أتى النبي صلى الله عليه وسلم رجل، فقال: إن لأبي مالا وعيالا، ولي مال وعيال، وإنه يريد أن يأخذ مالي فينفقه على عياله، فقال: «أنت ومالك لأبيك»,0
Sunan Sa'id ibn Mansur,2428,UNGRADED,Other Narrations,2291- # أخبرنا سعيد، نا سفيان، أنا ابن أبي ليلى، عن الشعبي، أن رجلا من الأنصار خاصم أباه إلى رسول الله صلى الله عليه وسلم فقال: إن أبي يأخذ مالي، فقال رسول الله صلى الله عليه وسلم: «أنت ومالك لأبيك»,0
Sunan Sa'id ibn Mansur,2429,UNGRADED,Theft & Property,2292- # أخبرنا سعيد، نا يعقوب بن عبد الرحمن الزهري، حدثني عمرو بن أبي عمرو، عن المطلب بن عبد الله بن حنطب، أن رجلا جاء إلى رسول الله صلى الله عليه وسلم فقال: إن لي مالا وولدا، ولأبي مال وولد، يريد أن يذهب بمالي إلى ماله وولده، فقال: «أنت ومالك لأبيك»,0
Sunan Sa'id ibn Mansur,2430,UNGRADED,Other Narrations,2293- # أخبرنا سعيد، نا هشيم، أنا عبد الرحمن بن يحيى الحضرمي، عن حبان بن أبي جبلة، عن الحسن، قال: قال رسول الله صلى الله عليه وسلم: «كل أحق بماله من ولده ووالده والناس أجمعين»,0
Sunan Sa'id ibn Mansur,2432,UNGRADED,Leadership & Governance; Work & Livelihood,2295- # أخبرنا سعيد، نا خلف بن خليفة، قال: سمعت والله محارب بن دثار يقول: قال رسول الله صلى الله عليه وسلم: «الولد من كسب الوالد»,0
Sunan Sa'id ibn Mansur,2434,UNGRADED,Women; Prophets & Past Peoples,2296- # أخبرنا سعيد، نا إسماعيل بن عياش، عن سليمان بن سليم الكناني، عن يحيى بن جابر الطائي، عن معاوية بن حكيم النميري، عن عمه حكيم بن معاوية قال: قال رسول الله صلى الله عليه وسلم: «لا شؤم، واليمن في المرأة والدابة والدار»,0
Sunan Sa'id ibn Mansur,2440,UNGRADED,Jihad & Battles,2300- # حدثنا سعيد بن منصور قال: نا مغيرة بن عبد الرحمن المخزومي، وعبد الرحمن بن أبي الزناد، عن أبي الزناد، عن الأعرج، عن أبي هريرة، قال: قال رسول الله صلى الله عليه وسلم: «والذي نفسي بيده لولا أن أشق على المؤمنين ما قعدت عن سرية تغزو في سبيل الله أبدا، ولكن لا أجد سعة، ولا يجدون قوة فيتبعوني، ولا تطيب أنفسهم أن يقعدوا بعدي» وقال ابن أبي الزناد «خلاف سرية»,0
Sunan Sa'id ibn Mansur,2441,UNGRADED,Usury & Interest; Paradise,2301- # حدثنا سعيد قال: نا عبد الله بن وهب، قال: أخبرني أبو هانئ الخولاني، عن أبي عبد الرحمن الحبلي، عن أبي سعيد الخدري، أن رسول الله صلى الله عليه وسلم قال: «يا أبا سعيد من رضي بالله ربا، وبالإسلام دينا، وبمحمد نبيا، وجبت له الجنة» فعجب لها أبو سعيد، فقال: أعدها علي يا رسول الله، ففعل، ثم قال: «وأخرى يرفع بها العبد مائة درجة في الجنة # ، ما بين كل درجتين كما بين السماء والأرض» قال: وما هي يا رسول الله؟ قال: «الجهاد في سبيل الله، الجهاد في سبيل الله، الجهاد في سبيل الله»,0
Sunan Sa'id ibn Mansur,2442,UNGRADED,Prayer (Salah); Quran & Recitation,2302- # حدثنا سعيد قال: نا أبو شيبة يزيد بن معاوية، قال: نا عبد الملك بن عمير، عن زر بن حبيش، عن ابن مسعود قال: سألت رسول الله صلى الله عليه وسلم، أي الأعمال أفضل؟ قال: «الصلاة لوقتها» قلت: ثم أي؟ قال: «ثم بر الوالدين» قلت: ثم أي؟ قال: «ثم الجهاد في سبيل الله» وايم الله لو استزدته لزادني # قلت: فأي الذنوب أعظم عند الله؟ قال: «أن تجعل لله ندا، وهو خلقك» قلت: ثم أي؟ قال: «أن تقتل ولدك خشية أن يأكل معك» قلت: ثم أي؟ قال: «أن تزاني بحليلة جارك» قال: فما مكثنا إلا يسيرا حتى أنزل الله عز وجل مصداقها {والذين لا يدعون مع الله إلها آخر ولا يقتلون النفس التي حرم الله إلا بالحق ولا يزنون ومن يفعل ذلك يلق أثاما} [الفرقان: 68] #,0
Sunan Sa'id ibn Mansur,2443,UNGRADED,Day of Judgement,2303- # حدثنا سعيد قال: نا عبد الله بن وهب، قال: أخبرني أبو هانئ الخولاني، عن عمرو بن مالك، أنه سمع فضالة بن عبيد يحدث عن # النبي صلى الله عليه وسلم، قال: «من مات على مرتبة من هذه المراتب بعث عليها يوم القيامة»,0
Sunan Sa'id ibn Mansur,2444,UNGRADED,Faith & Creed; Paradise,"2304- # حدثنا سعيد قال: نا عبد الله بن وهب قال: أخبرني أبو هانئ، عن عمرو بن مالك، أنه سمع فضالة بن عبيد، يقول: سمعت رسول الله صلى الله عليه وسلم يقول: "" أنا زعيم - والزعيم: الحميل - لمن آمن بي وأسلم وهاجر، وجاهد في سبيل الله ببيت في ربض الجنة، وببيت في وسط الجنة، وببيت في أعلى الجنة، فمن فعل ذلك فلم يدع للخير مطلبا، ولا للشر مهربا، يموت حيث شاء أن يموت """,0
Sunan Sa'id ibn Mansur,2445,UNGRADED,Night & Voluntary Prayer; Theft & Property,2305- # حدثنا سعيد قال: نا عبد الله بن وهب، قال: أخبرني عمرو بن الحارث، عن سعيد بن أبي هلال، عن زيد بن أيمن، عن أبي محمد البصري، عن الحسن بن أبي الحسن، أن رجلا كان على عهد رسول الله صلى الله عليه وسلم له مال كثير فأتى رسول الله صلى الله عليه وسلم، فقال: يا رسول الله أخبرني بعمل أدرك به عمل المجاهدين في سبيل الله، فقال: «كم مالك؟» قال: ستة آلاف دينار، فقال: «لو أنفقتها في طاعة الله لم تبلغ غبار شراك المجاهد # في سبيل الله» وأتاه رجل فقال: يا رسول الله أخبرني بعمل أدرك به عمل المجاهد في سبيل الله، فقال: «لو قمت الليل وصمت النهار لم تبلغ نوم المجاهد في سبيل الله»,0
Sunan Sa'id ibn Mansur,2447,UNGRADED,Quran & Recitation; Character & Manners,2307- # حدثنا سعيد قال: نا عبد الله بن وهب، قال: نا أبو هانئ الخولاني، عن عمرو بن مالك، عن بعض أصحاب رسول الله صلى الله عليه وسلم قال: لما نزلت هذه الآية {ما كان لأهل المدينة ومن حولهم من الأعراب أن يتخلفوا عن رسول الله} [التوبة: 120] الآية كلها، فقال رسول الله صلى الله عليه وسلم: «والذي بعثني بالحق لولا ضعفاء الناس ما كانت سرية إلا كنت فيها»,0
Sunan Sa'id ibn Mansur,2449,UNGRADED,Parents,2309- # حدثنا سعيد قال: نا محمد بن فضيل بن غزوان، عن الحجاج بن دينار، عن معاوية بن قرة، قال: قال رسول الله صلى الله عليه وسلم: «إن لكل أمة رهبانية، وإن رهبانية أمتي الجهاد في سبيل الله»,0
Sunan Sa'id ibn Mansur,2450,UNGRADED,Travel & Migration,2310- # حدثنا سعيد قال: نا أبو معاوية، قال: نا الأعمش، عن أبي سفيان، عن جابر، قال: خرج رسول الله صلى الله عليه وسلم في سفر قال: «إن بالمدينة لرجالا ما سرنا مسيرا، وقطعنا واديا إلا كانوا معنا فيه حبسهم المرض»,0
Sunan Sa'id ibn Mansur,2452,UNGRADED,Work & Livelihood; Paradise,2311- # حدثنا سعيد قال: نا سفيان، عن أبي الزناد، عن الأعرج، عن أبي هريرة، قال: قال رسول الله صلى الله عليه وسلم: «تكفل الله عز وجل، أو تضمن الله، أو انتدب الله لمن خرج مجاهدا في سبيله لا يخرجه # إلا الجهاد، والإيمان بالله ورسوله، وتصديقا به إن توفاه أن يدخله الجنة أو يرده إلى بيته الذي خرج منه نائلا ما نال من أجر أو غنيمة»,0
Sunan Sa'id ibn Mansur,2453,UNGRADED,Work & Livelihood; Paradise,2312- # حدثنا سعيد قال: نا عبد الرحمن بن أبي الزناد، عن أبيه، عن الأعرج، عن أبي هريرة، قال: قال رسول الله صلى الله عليه وسلم: «تكفل الله عز وجل لمن جاهد في سبيله، لا يخرجه من بيته إلا الجهاد في سبيله، وتصديق بكلمته بأن يدخله الجنة أو يرجعه إلى مسكنه مع ما نال من أجر أو غنيمة»,0
Sunan Sa'id ibn Mansur,2456,UNGRADED,Justice & Judgement,"2314- # حدثنا سعيد قال: نا عبد الرحمن بن أبي الزناد، عن أبيه، عن خارجة بن زيد، عن زيد بن ثابت، قال: كنت إلى جنب رسول الله صلى الله عليه وسلم فغشيته السكينة، فوقعت فخذ رسول الله صلى الله عليه وسلم على # فخذي، فما وجدت ثقل شيء أثقل من فخذ رسول الله صلى الله عليه وسلم ثم سري عنه، فقال لي: «اكتب» قال: فكتبت في كتف {لا يستوي القاعدون من المؤمنين} [النساء: 95] {والمجاهدون في سبيل الله} [النساء: 95] إلى آخر الآية، فقال ابن أم مكتوم وكان رجلا أعمى لما سمع فضيلة المجاهدين، فقال: يا رسول الله، فكيف من لا يستطيع الجهاد من المؤمنين؟ فلما قضى كلامه غشيت رسول الله صلى الله عليه وسلم السكينة فوقعت فخذه على فخذي فوجدت من ثقلها في المرة الثانية كما وجدته في المرة الأولى، ثم سري عن رسول الله صلى الله عليه وسلم، فقال: «اقرأ يا زيد» فقرأت {لا يستوي القاعدون من المؤمنين} [النساء: 95] فقال رسول الله صلى الله عليه وسلم: "" {غير أولي الضرر} [النساء: 95] "" الآية كلها، فقال زيد: أنزلها الله وحدها فألحقتها، والذي نفسي بيده كأني أنظر إلى ملحقها عند صدع في الكتف",0
Sunan Sa'id ibn Mansur,2457,UNGRADED,Paradise; Treaties & Non-Muslims,2315- # حدثنا سعيد قال: نا عبد الله بن وهب، قال: أخبرني عمرو بن الحارث، عن سعيد بن أبي هلال، عن حديج بن صومي، أن محمد بن أيوب # حدثه، أن رجلين على عهد رسول الله صلى الله عليه وسلم شريكين في العمل يقول: عملهما كاد أن يكون سواء، فغزا واحد وقعد الآخر، فسأل القاعد رسول الله صلى الله عليه وسلم: كم فضل المجاهد في سبيل الله على القاعد؟ قال رسول الله صلى الله عليه وسلم: «مائة درجة في الجنة»,0
Sunan Sa'id ibn Mansur,2461,UNGRADED,Character & Manners; Prophets & Past Peoples,2319- # حدثنا سعيد قال: نا عبد الله بن يزيد، قال: نا موسى بن علي، عن أبيه، أن عمر بن الخطاب خطب الناس بالجابية فقال في خطبته: «من جاء يسأل عن القرآن فليأت أبي بن كعب، ومن جاء يسأل عن الحلال والحرام فليأت معاذ بن جبل، ومن جاء يسأل عن الفرائض فليأت زيد بن ثابت، ومن جاء يسأل عن المال فليأتني، فإن الله جعلني خازنا، فإني بادئ بأزواج النبي صلى الله عليه وسلم فمعطيهن، ثم بالمهاجرين الذين أخرجوا من ديارهم وأموالهم، ثم أنا وأصحابي، ثم بالأنصار الذين تبوءوا الدار # والإيمان من قبلهم، ثم من أسرع إلى الهجرة أسرع إليه العطاء، ومن أبطأ عن الهجرة أبطأ عنه العطاء، فلا يلومن رجل إلا مناخ راحلته»,0
Sunan Sa'id ibn Mansur,2463,UNGRADED,Prayer (Salah),2320- # حدثنا سعيد قال: نا خالد بن عبد الله الواسطي، عن سهيل بن أبي صالح، عن أبيه، عن أبي هريرة، قال: قيل للنبي صلى الله عليه وسلم: ما يعدل الجهاد في سبيل الله؟ قال: «لا تستطيعوه» قال: فأعادوا عليه مرتين أو ثلاثا، كل ذلك يقول: «لا تستطيعوه» وقال في الثالثة: «مثل المجاهد في سبيل الله كمثل الصائم القانت بآيات الله، لا يفتر من صيام ولا صلاة حتى يرجع المجاهد في سبيل الله»,0
Sunan Sa'id ibn Mansur,2464,UNGRADED,"Adhan & the Mosque; Time, Days & Nights",2321- # حدثنا سعيد قال: نا عبد الله بن وهب، قال: أخبرني عمرو بن الحارث، عن سعيد بن أبي هلال، عن حديج بن صومي الحجري، أنه سمع أكدر بن حمام، يقول: أخبرني رجل من أصحاب رسول الله صلى الله عليه وسلم أنه قال: جلسنا يوما في مسجد رسول الله صلى الله عليه وسلم فقلنا لفتى فينا: اذهب إلى رسول الله صلى الله عليه وسلم فسله ما يعدل الجهاد؟ فأتاه # فسأله، فقال رسول الله صلى الله عليه وسلم: «لا شيء» ثم أرسلوه ثانية فقال مثلها، ثم قلنا: إنها من رسول الله صلى الله عليه وسلم ثلاثا، فإن قال: لا شيء، فقل: ما يقرب منه؟ فأتاه فقال رسول الله صلى الله عليه وسلم: «لا شيء» فقال: ما يقرب منه يا رسول الله؟ قال: «طيب الكلام، وإدامة الصيام، والحج كل عام، ولا يقرب منه شيء بعد»,0
Sunan Sa'id ibn Mansur,2470,UNGRADED,Other Narrations,2325- # حدثنا سعيد قال: نا عبد الله بن وهب، قال: أخبرني عمرو بن الحارث، عن بكير بن عبد الله بن الأشج، عن بسر بن سعيد، عن زيد بن خالد الجهني، عن رسول الله صلى الله عليه وسلم أنه قال: «من جهز غازيا في سبيل الله فقد غزا، ومن خلفه في أهله بخير فقد غزا»,0
Sunan Sa'id ibn Mansur,2471,UNGRADED,Work & Livelihood; Day of Judgement,2326- # حدثنا سعيد قال: نا عبد الله بن وهب، قال: أخبرني عمرو بن الحارث، عن يزيد بن أبي حبيب، عن يزيد بن أبي سعيد مولى المهري، عن أبيه، عن أبي سعيد الخدري، أن رسول الله صلى الله عليه وسلم بعث إلى بني لحيان: «ليخرج من كل رجلين رجل» ثم قال للقاعد: «أيكم خلف الخارج في أهله وماله بخير فله نصف أجر الخارج»,0
Sunan Sa'id ibn Mansur,2472,UNGRADED,Other Narrations,2327- # حدثنا سعيد قال: نا إسماعيل بن عياش، عن إسحاق بن عبد الله بن أبي فروة، عن مكحول، قال: قال رسول الله صلى الله عليه وسلم: «من عاش ولم يغز، ولم يجهز غازيا، ولم يخلفه في أهله بخير، لم يمت حتى تصيبه قارعة»,1
Sunan Sa'id ibn Mansur,2473,UNGRADED,Other Narrations,2328- # حدثنا سعيد قال: نا أبو معاوية، عن حجاج، عن عطاء، عن زيد بن خالد الجهني، قال: قال رسول الله صلى الله عليه وسلم: «من جهز حاجا أو معتمرا، أو غازيا، أو خلفه في أهله، أو فطر صائما كان له مثل أجورهم»,0
Sunan Sa'id ibn Mansur,2475,UNGRADED,Character & Manners; Death & Burial,"2330- # حدثنا سعيد قال: نا حماد بن معاوية، عن أبي إسحاق، عن أبي حبيبة، قال: كنت عند أبي الدرداء وأنا أريد الغزو، فجاءه رجل فقال: إن أخي مات، وأوصى بطائفة من ماله يتصدق به، وقال: لا تقض شيئا حتى تأتي أبا الدرداء، ففي أي شيء ترى أن نجعله؟ قال: ما من شيء يجعل فيه خير من سبيل الله، قال: فلم أقم من ثمة إلا بصرة , قال: وسمعت رسول الله صلى الله عليه وسلم يقول: «مثل الذي يعتق عند الموت كمثل الذي يهدي بعد الشبع»",0
Sunan Sa'id ibn Mansur,2477,UNGRADED,Day of Judgement,"2331- # حدثنا سعيد قال: نا سفيان، عن قعنب، عن علقمة بن مرثد، عن ابن بريدة الأسلمي، عن أبيه، قال: قال رسول الله صلى الله عليه وسلم # : "" حرمة نساء المجاهدين على القاعدين كحرمة أمهاتهم، وما من رجل من القاعدين يخلف رجلا من المجاهدين في أهله إلا نصب له يوم القيامة فقيل: إن هذا قد خلفك في أهلك فخذ من حسناته ما شئت، فالتفت إلينا رسول الله صلى الله عليه وسلم، فقال: «ما ظنكم؟»",0
Sunan Sa'id ibn Mansur,2479,UNGRADED,Other Narrations,2332- # حدثنا سعيد قال: نا سفيان، عن عطاء بن السائب، عن أبيه، عن عبد الله بن عمرو، قال: أتى رجل النبي صلى الله عليه وسلم فقال: إني خرجت إلى الهجرة، وتركت أبوي يبكيان، فقال: «اذهب فأضحكهما كما أبكيتهما»,0
Sunan Sa'id ibn Mansur,2480,UNGRADED,Parents,"2333- # حدثنا سعيد قال: نا عبد الرحمن بن زياد، عن شعبة، عن يعلى بن عطاء، عن أبيه، عن عبد الله بن عمرو، أن رجلا أتى رسول الله صلى الله عليه وسلم فاستأذنه في الجهاد فقال له: «هل من والد أو والدة؟» فقال: أمي حية، قال: «فانطلق فبرها» فانطلق يتخلل الركان يحمد الله """,0
Sunan Sa'id ibn Mansur,2481,UNGRADED,Other Narrations,2334- # حدثنا سعيد قال: نا عبد الله بن وهب، قال: أخبرني عمرو بن الحارث، أن دراجا أبا السمح، حدثه عن أبي الهيثم، عن أبي سعيد الخدري، أن رجلا هاجر إلى رسول الله صلى الله عليه وسلم من اليمن، فقال: يا رسول الله # ، إني هاجرت، فقال له رسول الله صلى الله عليه وسلم: «قد هجرت الشرك، ولكنه الجهاد، هل لك أحد باليمن؟» قال: أبواي، قال: «أذنا لك؟» قال: لا، قال: «فارجع، فاستأذنهما، فإن أذنا لك فجاهد، وإلا فبرهما»,0
Sunan Sa'id ibn Mansur,2482,UNGRADED,Other Narrations,"2335- # حدثنا سعيد قال: نا عبد الله بن وهب، قال: أخبرني عمرو بن الحارث، عن يزيد بن أبي حبيب، أن ناعما مولى أم سلمة حدثه أن عبد الله بن عمرو بن العاص قال: أقبل رجل إلى نبي الله صلى الله عليه وسلم فقال: أبايعك على الهجرة والجهاد أبتغي الأجر من الله , قال: «فهل من والديك أحد حي؟» قال: نعم، بل كلاهما , قال: «فتبتغي الأجر من الله؟» قال: نعم، قال: «ارجع إلى والديك فأحسن صحبتهما»",0
Sunan Sa'id ibn Mansur,2486,UNGRADED,Faith & Creed; Brotherhood & Friendship,"2338- # حدثنا سعيد قال: نا عبد الله بن وهب، قال: أخبرني عمرو بن الحارث، عن سعيد بن أبي هلال، عن يحيى بن عبد الرحمن، حدثه عن عون بن عبد الله، عن يوسف بن عبد الله بن سلام، عن أبيه، قال: بينا نحن نسير مع رسول الله صلى الله عليه وسلم إذ سمع القوم وهم يقولون: أي العمل أفضل يا رسول الله؟ فقال رسول الله صلى الله عليه وسلم: "" إيمان بالله، وجهاد في سبيله، وحج مبرور، ثم سمع نداء في الوادي يقول: أشهد أن لا إله إلا الله، وأن محمدا رسول الله "" فقال رسول الله صلى الله عليه وسلم: «وأنا أشهد، وأشهد لا يشهد بها أحد إلا برئ من الشرك»",0
Sunan Sa'id ibn Mansur,2487,UNGRADED,Women; Prophets & Past Peoples,2339- # حدثنا سعيد قال: نا صالح بن موسى الطلحي، قال: نا معاوية بن إسحاق، عن عائشة بنت طلحة، عن عائشة أم المؤمنين، رضي الله عنها قالت: قال رسول الله صلى الله عليه وسلم: «جهاد النساء الحج»,0
Sunan Sa'id ibn Mansur,2488,UNGRADED,Women; Prophets & Past Peoples,2340- # حدثنا سعيد، نا الوليد بن أبي ثور الهمداني، قال: نا عبد الملك # بن عمير، عن موسى بن طلحة، عن عائشة بنت طلحة، عن عائشة أم المؤمنين، رضي الله عنها قالت: جاء رجل إلى رسول الله صلى الله عليه وسلم، فقال: أي العمل أفضل؟ قال: «الإيمان بالله، والجهاد في سبيل الله، وحج مبرور»,0
Sunan Sa'id ibn Mansur,2489,UNGRADED,Faith & Creed; Women,2341- # حدثنا سعيد قال: نا أبو الأحوص، قال: نا معاوية بن إسحاق، عن عائشة بنت طلحة، قالت جاء رجل إلى رسول الله صلى الله عليه وسلم، فقال: أي العمل أفضل؟ قال: «إيمان بالله، وجهاد في سيبل الله، وحج مبرور»,0
Sunan Sa'id ibn Mansur,2490,UNGRADED,Prophets & Past Peoples; Jihad & Battles,"2342- # حدثنا سعيد قال: نا صالح بن موسى، قال: نا معاوية بن إسحاق، عن عباية بن رفاعة بن رافع بن خديج، عن علي بن حسين قال: أتى النبي صلى الله عليه وسلم رجل من الأنصار فقال: يا رسول الله، إني افترضت على نفسي الجهاد، وإني شيخ كبير عليل لا قوة لي في نفسي ولا ذات يدي، فقال: "" هلم إلى جهاد لا شوكة فيه: الحج """,0
Sunan Sa'id ibn Mansur,2491,UNGRADED,Prophets & Past Peoples; Jihad & Battles,2343- # حدثنا سعيد قال: نا الوليد بن أبي ثور الهمداني، قال: نا عبد الملك بن عمير، عن عثمان بن سليمان، عن جدته أم أبيه، قالت: جاء رجل إلى النبي صلى الله عليه وسلم فقال: إني أريد الجهاد في سبيل الله فقال: «ألا أدلك على جهاد لا شوكة فيه؟» قال: بلى، قال: «حج البيت»,0
Sunan Sa'id ibn Mansur,2492,UNGRADED,Prophets & Past Peoples; Jihad & Battles,2344- # حدثنا سعيد قال: نا عبد الله بن وهب، قال: أخبرني عمرو بن الحارث، عن ابن الهاد، عن محمد بن إبراهيم التيمي، عن أبي هريرة، عن رسول الله صلى الله عليه وسلم أنه قال _ إن كان قاله _ «جهاد الكبير والضعيف والمرأة الحج والعمرة»,0
Sunan Sa'id ibn Mansur,2497,UNGRADED,"Day of Judgement; Time, Days & Nights",2348- # حدثنا سعيد قال: نا إسماعيل بن عياش، عن هشام بن الغاز، عن مكحول قال: كثر المستأذنون بالحج لرسول الله صلى الله عليه وسلم يوم غزوة تبوك، فقال رسول الله صلى الله عليه وسلم: «غزوة لمن قد حج أفضل من أربعين حجة»,0
Sunan Sa'id ibn Mansur,2503,UNGRADED,Theft & Property; Debt & Loans,2352- # حدثنا سعيد قال: نا سفيان، عن عمرو بن دينار، عن طاوس، قال: قيل لصفوان، وذلك بعد الفتح: إنه لا دين لمن لا يهاجر، فقال: لا أصل إلى منزلي حتى آتي المدينة، فنزل على العباس، فبات في المسجد، فجاء سارق # فسرق خميصته من تحت رأسه فأخذه، فأتى به النبي صلى الله عليه وسلم فأمر بقطعه، فقال: يا رسول الله، هي له، قال: «فهلا قبل أن تأتيني به، ما جاء بك يا أبا وهب؟» قال: قيل إنه لا دين لمن لم يهاجر، قال: «ارجع أبا وهب إلى أباطح مكة، أقروا على مسكنكم فقد انقطعت الهجرة، ولكن جهاد ونية، وإذا استنفرتم فانفروا»,0
Sunan Sa'id ibn Mansur,2504,UNGRADED,"Travel & Migration; Time, Days & Nights","2353- # حدثنا سعيد قال: نا عبد الله بن وهب، قال: أخبرني عمرو بن الحارث، أن ابن أبي هلال، عن يزيد بن خصيفة، عن عبد الله بن رافع، عن غزية بن الحارث، أنه أخبره أن شبابا من قريش أرادوا أن يهاجروا إلى رسول الله صلى الله عليه وسلم، فمنعهم آباؤهم، فذكروا ذلك لرسول الله صلى الله عليه وسلم , فقال رسول الله صلى الله عليه وسلم: «لا هجرة بعد الفتح # إنما هو الحشر، والنية، والجهاد»",0
Sunan Sa'id ibn Mansur,2505,UNGRADED,Other Narrations,"2354- # حدثنا سعيد قال: نا عبد الله بن وهب، قال أخبرني عمرو بن الحارث، عن يزيد بن أبي حبيب، عن أبي الخير، عن جنادة بن أبي أمية أن رجالا من أصحاب النبي صلى الله عليه وسلم قال بعضهم: الهجرة قد انقطعت، فاختلفوا في ذلك فانطلقنا إلى النبي صلى الله عليه وسلم , فقلنا: يا رسول الله , إن ناسا يقولون: الهجرة قد انقطعت فقال النبي صلى الله عليه وسلم: «لا تنقطع الهجرة ما كان الجهاد»",0
Sunan Sa'id ibn Mansur,2508,UNGRADED,Other Narrations,2356- # حدثنا سعيد قال: نا عبد الله بن المبارك، عن صفوان بن عمرو، عن عبد الرحمن بن جبير بن نفير، عن أبيه، عن عوف بن مالك الأشجعي «أن رسول الله صلى الله عليه وسلم كان إذا أتاه الفيء قسمه من يومه، فأعطى # الآهل حظين، وأعطى الأعزب حظا»,0
Sunan Sa'id ibn Mansur,2515,UNGRADED,Prophets & Past Peoples,2361- # حدثنا سعيد قال: نا إسماعيل بن عياش، عن معدان بن حدير الحضرمي، عن عبد الرحمن بن جبير بن نفير، عن أبيه، قال: قال رسول الله صلى الله عليه وسلم: «مثل الذين يغزون من أمتي ويأخذون الجعل يتقوون به على عدوهم مثل أم موسى ترضع ولدها وتأخذ أجرها»,0
Sunan Sa'id ibn Mansur,2517,UNGRADED,Character & Manners,2363- # حدثنا سعيد قال: نا إسماعيل بن عياش، عن يحيى بن أبي عمرو، أن ابن منية - رجلا من قريش - التمس رجلا يجري له سهمه ويكفيه أمره، فلما أتاه الأجير، فقال: لا أدري ما عسى سهمي يبلغ، وقد أحببت أن تسمي لي شيئا كان السهم أو لم يكن فسمى له ثلاثة دنانير، فلما أصاب الناس الغنيمة # أراد ابن منية أن يقسم له سهمه مع الناس فأتى النبي صلى الله عليه وسلم فذكر ذلك له، فقال نبي الله: «ما أجد له في غزوته هذه في الدنيا والآخرة إلا الدنانير الثلاثة التي أخذ»,0
Sunan Sa'id ibn Mansur,2518,UNGRADED,Dhikr & Supplication; Character & Manners,"2364- # حدثنا سعيد قال: نا إسماعيل بن عياش، عن أبي بكر بن أبي مريم، عن علي بن طلحة، قال: بينا رسول الله صلى الله عليه وسلم جالس في أصحابه إذ برز رجل من العدو، ومعه حمار بين يديه عليه ثقله، فقال النبي صلى الله عليه وسلم: «من يبارز هذا؟» فقال رجل: أنا يا رسول الله , فانطلق إليه، فقال: يا رسول الله لي الحمار، وما عليه؟ فقال رسول الله صلى الله عليه وسلم: "" لك الحمار وما عليه، فانطلق فبارزه، فقتل المسلم، فقال الناس: الحمد لله الذي رزقه الله الشهادة، فقال رسول الله صلى الله عليه وسلم: «له الحمار وما عليه»",0
Sunan Sa'id ibn Mansur,2522,UNGRADED,Oppression & Injustice,"2367- # حدثنا سعيد قال: نا أبو معاوية، قال: نا جعفر بن برقان، عن يزيد بن أبي نشبة، عن أنس بن مالك، قال: قال رسول الله صلى الله عليه وسلم: "" ثلاث من أصل الإيمان: الكف عمن قال لا إله إلا الله لا تكفره بذنب، ولا تخرجه من الإسلام بعمل، والجهاد ماض منذ بعثني الله إلى أن يقاتل آخر أمتي الدجال، لا يبطله جور جائر، ولا عدل عادل والإيمان بالأقدار """,0
Sunan Sa'id ibn Mansur,2525,UNGRADED,Signs of the End Times,2370- # حدثنا سعيد قال: نا إسماعيل بن عياش، عن أبي عمير الصوري، عن الحسن، قال: قال رسول الله صلى الله عليه وسلم: «إن الله بعثني بسيفي بين يدي الساعة، وجعل رزقي تحت ظل رمحي، وجعل الذل والصغار على من خالفني، ومن تشبه بقوم فهو منهم»,0
Sunan Sa'id ibn Mansur,2527,UNGRADED,Other Narrations,2372- # حدثنا سعيد قال: نا حماد بن زيد، عن أيوب، عن أبي قلابة، عن أبي أسماء، عن ثوبان، قال: قال رسول الله صلى الله عليه وسلم: «لا تزال طائفة من أمتي ظاهرين على الحق لا يضرهم من خذلهم حتى يأتي أمر الله، وهم كذلك»,0
Sunan Sa'id ibn Mansur,2529,UNGRADED,Other Narrations,2374- # حدثنا سعيد قال: نا هشيم، قال: أنا سيار، عن جبر بن عبيدة، عن أبي هريرة، قال: «وعدنا رسول الله صلى الله عليه وسلم غزوة الهند فإن أدركتها أنفقت فيها مالي ونفسي، فإن قتلت فيها فأنا أفضل الشهداء، وإن رجعت فأنا أبو هريرة المحرر»,0
Sunan Sa'id ibn Mansur,2530,UNGRADED,Signs of the End Times,2375- # حدثنا سعيد قال: نا عبد الرحمن بن زياد، قال: نا شعبة، عن معاوية بن قرة، عن أبيه، عن النبي صلى الله عليه وسلم قال: «لا يزال ناس من أمتي منصورين لا يضرهم من خذلهم حتى تقوم الساعة»,0
Sunan Sa'id ibn Mansur,2531,UNGRADED,Other Narrations,2376- # حدثنا سعيد قال: نا عبد العزيز بن محمد، عن عمرو بن # أبي عمرو، عن محمد بن كعب، قال: قال رسول الله صلى الله عليه وسلم: «لا تبرح عصابة من أمتي ظاهرين على الحق لا يبالون من خالفهم حتى يخرج المسيح الدجال فيقاتلونه»,0
Sunan Sa'id ibn Mansur,2533,UNGRADED,Prophets & Past Peoples,2378- # حدثنا سعيد قال: نا عبد الحميد بن سليمان المؤدب، قال: سمعت أبا حازم، يذكر عن سهل بن سعد، يقول: سمعت رسول الله صلى الله عليه وسلم,0
Sunan Sa'id ibn Mansur,2534,UNGRADED,Character & Manners; Day of Judgement,2379- # حدثنا سعيد قال: نا عبد الله بن وهب، قال: أخبرني عمرو بن الحارث، عن محمد بن عمرو، عن الحسن بن أبي الحسن، أن رسول الله صلى الله عليه وسلم # بعث بعثا فيهم معاذ بن جبل، فغدا القوم وتخلف معاذ بن جبل حتى صلى مع رسول الله صلى الله عليه وسلم الظهر، فالتفت النبي صلى الله عليه وسلم، فقال: «ألا أراك سبقك القوم بشهر في الجنة، الحق أصحابك» فقال: يا رسول الله إني أردت أن أصلي معك وتدعو لي ليكون لي بذلك الفضل على أصحابي قال: «بل لهم الفضل عليك، الحق أصحابك» وقال: «روحة في سبيل الله خير من الدنيا وما عليها، وغدوة في سبيل الله خير من الدنيا وما عليها»,0
Sunan Sa'id ibn Mansur,2536,UNGRADED,Day of Judgement; Prophets & Past Peoples,2380- # حدثنا سعيد قال: نا عبد الله بن المبارك، عن يونس بن يزيد، عن الزهري، عن عبد الله بن كعب بن مالك، عن كعب بن مالك، قال: «ما كان رسول الله صلى الله عليه وسلم يخرج في سفر إلا يوم الخميس»,0
Sunan Sa'id ibn Mansur,2537,UNGRADED,"Day of Judgement; Time, Days & Nights",2381- # حدثنا سعيد قال: نا مهدي بن ميمون، عن واصل مولى # أبي عيينة قال: بلغني أن رسول الله صلى الله عليه وسلم «كان إذا سافر أحب أن يسافر يوم الخميس من أول النهار»,0
Sunan Sa'id ibn Mansur,2538,UNGRADED,Trade & Business; Day of Judgement,2382- # حدثنا سعيد قال: نا هشيم، قال: أنا يعلى بن عطاء، قال: نا عمارة بن حديد، عن صخر الغامدي، قال: قال رسول الله صلى الله عليه وسلم: «اللهم بارك لأمتي في بكورها» وكان إذا بعث سرية بعثهم من أول النهار، وكان صخر رجلا تاجرا، وكان يبعث تجارة من أول النهار فأثرى وكثر ماله,0
Sunan Sa'id ibn Mansur,2540,UNGRADED,Animals,"2383- # حدثنا سعيد قال: نا عبد الله بن وهب، قال: أنا عمرو بن الحارث، أن سعيد بن أبي هلال، حدثه عن عبد الله بن عبيدة، أن أبا بكر الصديق، رضي الله عنه لما أمر على الأجناد: يزيد بن أبي سفيان على جند، وعمرو بن العاص على جند، وشرحبيل ابن حسنة على جند، وأمر خالد بن الوليد على جند، ثم جعل يزيد على الجماعة، وخرج معه يشيعه ويوصيه، ويزيد راكب، وأبو بكر يمشي إلى جنبه، فقال يزيد: يا خليفة رسول الله إما أن # تركب، وإما أن أنزل وأمشي معك، فقال: إني لست براكب، ولست بتاركك أن تنزل , إني أحتسب هذا الخطو في سبيل الله، يا يزيد إنكم ستقدمون أرضا يقدم إليكم فيها ألوان الأطعمة، فسموا الله إذا أكلتم، واحمدوه إذا فرغتم، يا يزيد، إنكم ستلقون قوما قد فحصوا أوساط رءوسهم فهي كالعصائب، ففلقوا هامهم بالسيوف، وستمرون على قوم في صوامع لهم، احتبسوا أنفسهم فيها، فدعهم حتى يميتهم الله فيها على ضلالتهم، يا يزيد لا تقتل صبيا، ولا امرأة، ولا صغيرا، ولا تخربن عامرا، ولا تعقرن شجرا مثمرا، ولا دابة عجماء، ولا بقرة، ولا شاة إلا لمأكلة، ولا تحرقن نخلا، ولا تغرقنه # ، ولا تغلل، ولا تجبن """,0
Sunan Sa'id ibn Mansur,2541,UNGRADED,Prophets & Past Peoples,2384- # حدثنا سعيد قال: نا عبد الله بن وهب، قال: نا عمرو بن الحارث، عن سليمان بن عبد الرحمن، عن القاسم مولى عبد الرحمن أنه قال: استأذن رجل من أصحاب رسول الله صلى الله عليه وسلم في الغزو فأذن له فقال: «إن لقيت فلا تجبن، وإن قدرت فلا تغلل، ولا تحرقن نخلا، ولا تعقرها، ولا تقطع شجرة مطعمة، ولا تقتل بهيمة ليست لك فيها حاجة، واتق أذى المؤمن»,0
Sunan Sa'id ibn Mansur,2542,UNGRADED,Jihad & Battles,2385- # حدثنا سعيد قال: نا سفيان، عن عبد الملك بن نوفل بن مساحق، عن ابن عصام المزني، عن أبيه، قال: بعثنا رسول الله صلى الله عليه وسلم في سرية فقال: «إذا رأيتم مسجدا أو سمعتم مؤذنا فلا تقتلوا أحدا»,0
Sunan Sa'id ibn Mansur,2545,UNGRADED,Character & Manners,2387- # حدثنا سعيد قال: نا عبد الله بن المبارك، عن حيوة، عن عقيل، عن الزهري، قال: قال رسول الله صلى الله عليه وسلم: «خير الصحابة أربعة، وخير السرايا أربع مائة، وخير الجيوش أربعة آلاف»,0
Sunan Sa'id ibn Mansur,2546,UNGRADED,Character & Manners,2388- # حدثنا سعيد قال: نا عبد الله بن المبارك، عن حيوة، عن شرحبيل بن شريك، عن أبي عبد الرحمن الحبلي، عن عبد الله يعني ابن عمرو، قال: قال رسول الله صلى الله عليه وسلم: «خير الأصحاب عند الله خيرهم لصاحبه، وخير الجيران خيرهم لجاره»,0
Sunan Sa'id ibn Mansur,2550,UNGRADED,Travel & Migration,2391- # حدثنا سعيد قال: نا عباد بن عباد المهلبي، قال: نا أبو عمران # الجوني، عن زهير بن عبد الله، قال: قال رسول الله صلى الله عليه وسلم: «من بات على إجار ليس حوله بناء يدفع قدميه فهلك فقد برئت منه الذمة، ومن ركب البحر إذا ارتج فقد برئت منه الذمة»,0
Sunan Sa'id ibn Mansur,2552,UNGRADED,Leadership & Governance,2393- # حدثنا سعيد قال: نا إسماعيل بن زكريا، عن مطرف، عن بشر أبي عبد الله، عن بشير بن مسلم، عن عبد الله بن عمرو، قال: قال رسول الله صلى الله عليه وسلم: «لا يركب البحر إلا حاج، أو معتمر، أو غاز في # سبيل الله، فإن تحت البحر نارا، وتحت النار بحرا، ولا تشترين من ذي ضغطة سلطان شيئا»,0
Sunan Sa'id ibn Mansur,2560,UNGRADED,Other Narrations,2400- # حدثنا سعيد قال: نا أبو الحريش القصار، قال: أنا ابن أبي ليلى، عن رجل، عن عائشة، رضي الله عنها أنها قالت: لو كنت رجلا لم أجاهد إلا في البحر، وذلك إني سمعت رسول الله صلى الله عليه وسلم يقول: «من أصابه ميد في البحر كالمتشحط في دمه في البر»,0
Sunan Sa'id ibn Mansur,2562,UNGRADED,Hellfire,2401- # حدثنا سعيد قال: نا خالد بن عبد الله، عن سهيل بن أبي صالح، عن صفوان بن أبي يزيد، عن القعقاع بن اللجلاج، عن أبي هريرة، قال: قال رسول الله صلى الله عليه وسلم: «لا يجتمع غبار في سبيل الله ودخان جهنم في جوف عبد، ولا يجتمع الشح والإيمان في جوف عبد أبدا»,1
Sunan Sa'id ibn Mansur,2569,UNGRADED,Other Narrations,2406- # حدثنا سعيد قال: نا إسماعيل بن عياش، عن أبي بكر بن أبي مريم، عن ضمرة بن حبيب، أن النبي صلى الله عليه وسلم قال: «أعظم القوم أجرا خادمهم»,0
Sunan Sa'id ibn Mansur,2570,UNGRADED,Animals,2407- # حدثنا سعيد قال: نا فرج بن فضالة، عن معاوية بن صالح، عن عدي بن حاتم، قال: قلت يا رسول الله أي الصدقة أفضل؟ قال: «خدمة الرجل يخدم غلامه أصحابه في سبيل الله» قلت: يا نبي الله فأي الصدقة بعد ذلك أفضل؟ قال: «بناء يضربه الرجل على أصحابه في سبيل الله» قلت: يا رسول الله فأي الصدقة بعد ذلك أفضل؟ قال: «عسب فرس يحمله صاحبه في سبيل الله»,0
Sunan Sa'id ibn Mansur,2573,UNGRADED,"The Grave & Barzakh; Day of Judgement; Time, Days & Nights",2409- # حدثنا سعيد قال: نا سفيان، قال: سمعت محمد بن المنكدر، يقول: مر سلمان بابن السمط وهو مرابط هو وأصحابه، وقد شق عليهم، فقال له سلمان يا ابن السمط ألا أحدثك بحديث سمعته من رسول الله صلى الله عليه وسلم سمعته يقول: «رباط يوم في سبيل الله خير من صيام شهر وقيامه، ومن مات فيه وقي فتنة القبر، ونما له عمل إلى يوم القيامة»,0
Sunan Sa'id ibn Mansur,2574,UNGRADED,"Time, Days & Nights","2410- # حدثنا سعيد قال: نا عبد الرحمن بن زيد بن أسلم، قال: حدثني عطاء الخراساني، عن أبي هريرة، قال: "" رباط يوم في سبيل الله أحب إلي من أن أوافق ليلة القدر في أحد المسجدين: مسجد الحرام ومسجد رسول الله صلى الله عليه وسلم، ومن رابط ثلاثة أيام في سبيل الله فقد رابط، ومن رابط أربعين يوما فقد استكمل الرباط """,0
Sunan Sa'id ibn Mansur,2576,UNGRADED,Usury & Interest,2412- # حدثنا سعيد قال: نا إسماعيل بن عياش، عن عصمة بن راشد، قال: سمعت رجالا من أصحاب رسول الله صلى الله عليه وسلم يفضلون الرباط # على الجهاد، قلت لأبي: ولم؟ قال: «لأن في الجهاد شروطا كثيرة، وليست في الرباط»,0
Sunan Sa'id ibn Mansur,2578,UNGRADED,Day of Judgement,2414- # حدثنا سعيد قال: نا عبد الله بن وهب، قال: أخبرني أبو هانئ، عن عمرو بن مالك، عن فضالة بن عبيد، أن رسول الله صلى الله عليه وسلم قال: «كل ميت يختم على عمله إلا المرابط في سبيل الله، فإنه ينمو له عمله إلى يوم القيامة، ويؤمن من فتان القبر»,0
Sunan Sa'id ibn Mansur,2579,UNGRADED,Relatives & Kinship; Mercy & Kindness,"2415- # حدثنا سعيد قال: نا إسماعيل بن عياش، عن عطاء الخراساني، قال: بلغني أن رسول الله صلى الله عليه وسلم قال: «رحم الله أهل المقبرة» ثلاث مرات، فسئل عن ذلك، فقال: تلك مقبرة تكون بعسقلان "" فكان عطاء يرابط بها كل عام أربعين يوما حتى مات",0
Sunan Sa'id ibn Mansur,2581,UNGRADED,Relatives & Kinship; Mercy & Kindness,2416- # حدثنا سعيد قال: نا عبد العزيز الدراوردي، قال: أخبر صالح بن محمد بن زائدة، عن عمر بن عبد العزيز، عن عقبة بن عامر الجهني، أن رسول الله صلى الله عليه وسلم قال: «رحم الله حارس الأحراس»,0
Sunan Sa'id ibn Mansur,2584,UNGRADED,Day of Judgement,2418- # حدثنا سعيد قال: نا عبد العزيز بن محمد، عن عمارة بن غزية، عن عمرو بن شعيب، عن أبيه، قال: قال رسول الله صلى الله عليه وسلم: «من خرجت به شيبة في سبيل الله كانت له نورا يوم القيامة» وكان رسول الله صلى الله عليه وسلم ينهى عن نتف الشيب,0
Sunan Sa'id ibn Mansur,2585,UNGRADED,Servants & Freeing Slaves; Day of Judgement,2419- # حدثنا سعيد قال: نا فرج بن فضالة، قال: حدثني لقمان بن عامر، عن أبي أمامة، عن عمرو بن عبسة، قال: قلت له: حدثنا حديثا سمعته من رسول الله صلى الله عليه وسلم ليس فيه انتقاص، ولا وهم قال: سمعته يقول: «من ولد له ثلاثة من الولد في الإسلام، فقبضوا، ولم يبلغوا الحنث، أدخله الله بفضل رحمته إياهم الجنة، ومن شاب شيبة في سبيل الله كانت له نورا يوم القيامة، ومن رمى بسهم في سيبل الله بلغ به العدو أصاب أم أخطأ، كان له بعتق رقبة، ومن أعتق رقبة مؤمنة أعتق الله بكل عضو منها عضوا من النار، ومن أنفق زوجين في سبيل الله، فإن للجنة ثمانية أبواب يدخله من أي شاء منها»,0
Sunan Sa'id ibn Mansur,2586,UNGRADED,Servants & Freeing Slaves; Day of Judgement,2420- # حدثنا سعيد قال: نا عبد الله بن وهب، قال: أخبرني عمرو بن الحارث، عن سليمان بن عبد الله أو عبد الرحمن، عن القاسم مولى عبد الرحمن، عن شرحبيل بن السمط، قال لعمرو بن عبسة: يا عمرو، حدثنا حديثا سمعته من رسول الله صلى الله عليه وسلم ليس فيه تزيد ولا نقصان قال: سمعت رسول الله صلى الله عليه وسلم يقول: «من شاب شيبة في الإسلام فهي له نور يوم القيامة، ومن رمى العدو بسهم فبلغ سهمه أخطأ أو أصاب، فعدل # رقبة، ومن أعتق رقبة مسلمة فهي فكاكه من النار كل عضو بعضو»,0
Sunan Sa'id ibn Mansur,2589,UNGRADED,Fasting & Ramadan,2422- # حدثنا سعيد قال: نا عبد الله بن عبد العزيز الليثي، قال: سمعت سعيدا المقبري، يحدث عن أبي هريرة، عن النبي صلى الله عليه وسلم قال: «ما من رجل يصوم يوما في سبيل الله إلا زحزحه الله عن النار سبعين خريفا»,0
Sunan Sa'id ibn Mansur,2590,UNGRADED,Fasting & Ramadan,2423- # حدثنا سعيد قال: نا خالد بن عبد الله، عن سهيل بن أبي صالح، عن النعمان بن أبي عياش، عن أبي سعيد الخدري، قال: قال رسول الله صلى الله عليه وسلم: «من صام يوما في سبيل الله، باعد الله عنه بذلك اليوم # وجهه من النار سبعين خريفا»,0
Sunan Sa'id ibn Mansur,2591,UNGRADED,Fasting & Ramadan; Eid & Sacrifice,2424- # حدثنا سعيد قال: نا عبد الرحمن بن زياد، عن شعبة، عن ثابت البناني، قال: سمعت أنسا، قال: «كان أبو طلحة لا يكاد يصوم على عهد رسول الله صلى الله عليه وسلم من أجل الغزو، فلما توفي رسول الله صلى الله عليه وسلم ما رأيته مفطرا إلا يوم فطر أو أضحى»,0
Sunan Sa'id ibn Mansur,2592,UNGRADED,Repentance & Forgiveness,2425- # حدثنا سعيد قال: نا إسماعيل بن عياش، عن عبد الرحمن بن زياد بن أنعم، عن عبد الله بن يزيد، عن عبد الله بن عمرو، عن رسول الله صلى الله عليه وسلم قال: «من صدع رأسه في سبيل الله فاحتسب غفر الله له ما كان قبل ذلك من ذنب»,0
Sunan Sa'id ibn Mansur,2594,UNGRADED,Day of Judgement,2426- # حدثنا سعيد قال: نا أبو الأحوص، قال: نا شبيب بن غرقدة، عن عروة البارقي، قال: قال رسول الله صلى الله عليه وسلم: «الخير معقوص في نواصي الخيل إلى يوم القيامة»,0
Sunan Sa'id ibn Mansur,2595,UNGRADED,Other Narrations,2427- # حدثنا سعيد قال: نا عبد الرحمن بن زياد، عن شعبة، قال # : أخبرني أبو التياح، قال: سمعت أنسا، يحدث عن النبي صلى الله عليه وسلم قال: «البركة في نواصي الخيل»,0
Sunan Sa'id ibn Mansur,2596,UNGRADED,Signs of the End Times,2428- # حدثنا سعيد قال: نا حديج بن معاوية، قال: أنا أبو إسحاق، عن عروة البارقي، عن النبي صلى الله عليه وسلم قال: «الخير معقود في نواصي الخيل حتى تقوم الساعة»,0
Sunan Sa'id ibn Mansur,2597,UNGRADED,Day of Judgement,2429- # حدثنا سعيد قال: نا حماد بن زيد، عن سعيد البزار، عن مكحول، قال: بلغنا أن رسول الله صلى الله عليه وسلم قال: «الخيل معقود في نواصيها الخير إلى يوم القيامة، وصاحبها معان عليها، فقلدوها، ولا تقلدوا الأوتار»,0
Sunan Sa'id ibn Mansur,2598,UNGRADED,Day of Judgement,2430- # حدثنا سعيد قال: نا سفيان، قال: سمعت شبيب بن غرقدة، قال: سمعت ابن أبي الجعد، يقول: سمعت رسول الله صلى الله عليه وسلم يقول: «الخير معقود بنواصي الخيل إلى يوم القيامة»,0
Sunan Sa'id ibn Mansur,2599,UNGRADED,Other Narrations,"2431- # حدثنا سعيد قال: نا سفيان، عن مجالد، عن الشعبي، عن عروة # ، عن النبي صلى الله عليه وسلم مثله، وزاد: "" الأجر والغنيمة",0
Sunan Sa'id ibn Mansur,2600,UNGRADED,Day of Judgement,"2432- # حدثنا سعيد قال: نا عبد الله بن وهب، قال: أخبرني عمرو بن الحارث، عن الحارث بن يعقوب، عن أبي الأسود الغفاري، عن النعمان الغفاري، عن أبي ذر، عن رسول الله صلى الله عليه وسلم أنه قال: "" يا أبا ذر، اعقل ما أقول لك: لعناق تأتي رجلا من المسلمين خير له من أحد ذهبا يتركه وراءه، يا أبا ذر، اعقل ما أقول لك: إن المكثرين هم الأقلون يوم القيامة إلا من قال كذا وكذا، اعقل يا أبا ذر ما أقول لك: إن الخيل من نواصيها الخير إلى يوم القيامة ثلاثا """,0
Sunan Sa'id ibn Mansur,2601,UNGRADED,Other Narrations,2433- # حدثنا سعيد قال: نا هشيم، عن ابن عون، عن مكحول، قال: قال رسول الله صلى الله عليه وسلم: «قلدوا الخيل ولا تقلدوها بالأوتار»,0
Sunan Sa'id ibn Mansur,2603,UNGRADED,Character & Manners,"2434- # حدثنا سعيد قال: نا عبد الله بن وهب، قال: أخبرني عمرو # بن الحارث، أن بكير بن عبد الله بن الأشج، حدثه عن أبيه، عن عطاء بن يسار، عن عبد الله بن عباس، عن رسول الله صلى الله عليه وسلم قال: "" ألا أخبركم بخير الناس، إن من خير الناس رجلا ممسكا بعنان فرسه في سبيل الله، وأخبركم بالذي يتلوه رجل معتزل في غنمه يؤدي حق الله فيها، وأخبركم بشر الناس: رجل يسأل بالله ولا يعطي به """,0
Sunan Sa'id ibn Mansur,2604,UNGRADED,Other Narrations,2435- # حدثنا سعيد قال: نا عبد الله بن وهب قال: أخبرني عمرو بن الحارث، عن محمد بن عبد الرحمن، عن عروة بن الزبير أن رسول الله صلى الله عليه وسلم قال: «اربطوا الخيل فمن ربط فرسا، فله جاد مائة وخمسين وسقا»,0
Sunan Sa'id ibn Mansur,2605,UNGRADED,Character & Manners,"2436- # حدثنا سعيد قال: نا يعقوب بن عبد الرحمن، عن أبي حازم، عن بعجة بن عبد الله الجهني، عن أبي هريرة، قال: قال رسول الله صلى الله عليه وسلم: "" خير ما عاش الناس له: رجل ممسك بعنان فرسه في سبيل الله # كلما سمع هيعة أو فزعة طار على متن فرسه، فالتمس الموت والقتل في مظانه، أو رجل في شعب من هذه الشعاب أو في بطن واد من هذه الأودية في غنيمة له يقيم الصلاة، ويؤتي الزكاة، ويعبد الله حتى يأتيه اليقين، ليس من الناس إلا في خير """,0
Sunan Sa'id ibn Mansur,2608,UNGRADED,"Angels & the Unseen; Time, Days & Nights",2438- # حدثنا سعيد قال: نا سفيان عن يحيى بن سعيد عن محمد بن يسار أن رسول الله صلى الله عليه وسلم خرج ذات ليلة وهو يمسح وجه فرسه بثوبه، فقال: «إن جبريل عاتبني في الخيل البارحة»,0
Sunan Sa'id ibn Mansur,2612,UNGRADED,Prophets & Past Peoples,2442- # حدثنا سعيد قال: نا إبراهيم بن سليمان أبو إسماعيل المؤدب، عن الأحوص بن حكيم، عن راشد بن سعد، قال: قال رسول الله صلى الله عليه وسلم # : «لا تجزوا أعراف الخيل؛ فإنها إدفاؤها، ولا أذنابها؛ فإنها مذابها»,0
Sunan Sa'id ibn Mansur,2621,UNGRADED,Other Narrations,"2448- # حدثنا سعيد قال: نا عبد الله بن وهب، قال: أخبرني عمرو بن الحارث، عن أبي علي ثمامة بن شفي الهمداني، أنه سمع عقبة بن عامر الجهني، يقول: سمعت رسول الله صلى الله عليه وسلم وهو على المنبر يقول: "" {وأعدوا # لهم ما استطعتم من قوة ومن} [الأنفال: 60] ألا إن القوة الرمي، ألا إن القوة الرمي، ألا إن القوة الرمي """,0
Sunan Sa'id ibn Mansur,2622,UNGRADED,Other Narrations,2449- # حدثنا سعيد قال: نا عبد الله بن وهب، قال: أخبرني عمرو بن الحارث، عن أبي علي الهمداني، عن عقبة بن عامر، أنه قال: سمعت رسول الله صلى الله عليه وسلم يقول: «ستفتح لكم أرضون يكفيكم الله، فلا يعجزن أحدكم أن يلهو بأسهمه»,0
Sunan Sa'id ibn Mansur,2623,UNGRADED,Brotherhood & Friendship; Day of Judgement,"2450- # حدثنا سعيد قال: نا عبد الله بن المبارك، قال: حدثني عبد الرحمن بن يزيد بن جابر، قال: حدثني أبو سلام، عن خالد بن زيد، قال: كنت رجلا راميا، وكان عقبة بن عامر الجهني يمر بي فيقول: يا خالد، اخرج بنا نرمي، فلما كان ذات يوم أبطأت عنه، فقال: هلم أحدثك حديثا سمعته من رسول الله صلى الله عليه وسلم: سمعت رسول الله صلى الله عليه وسلم يقول: "" إن الله يدخل بالسهم الواحد ثلاثة نفر في الجنة صانعه يحتسب في صنعته الخير، والرامي به، ومنبله، ارموا، واركبوا، وأن ترموا أحب # إلي من أن تركبوا، وليس من اللهو إلا ثلاث: تأديب الرجل فرسه، وملاعبته أهله، ورميه بقوسه ونبله، ومن ترك الرمي بعد ما علمه رغبة عنه فإنها نعمة تركها أو قال كفرها """,0
Sunan Sa'id ibn Mansur,2626,UNGRADED,Other Narrations,2453- # حدثنا سعيد قال: نا أبو معاوية، عن الأعمش، عن مجاهد، قال: قال رسول الله صلى الله عليه وسلم: «إن الملائكة لا تحضر من لهوكم إلا الرهان والرمي»,0
Sunan Sa'id ibn Mansur,2627,UNGRADED,Other Narrations,2454- # حدثنا سعيد قال: نا سفيان، عن ابن أبي حسين، عن رجل، عن جابر بن زيد، عن النبي صلى الله عليه وسلم أنه قال: «كل لهو لها به المؤمن باطل إلا رميه عن قوسه، وأدبه فرسه، وملاعبته أهله»,0
Sunan Sa'id ibn Mansur,2629,UNGRADED,Prophets & Past Peoples,2456- # حدثنا سعيد قال: نا أبو عوانة، عن الأعمش، عن زياد بن حصين، عن أبي العالية، أن رسول الله صلى الله عليه وسلم مر بفتية يرمون، فقال رسول الله صلى الله عليه وسلم: «ارموا يا بني إسماعيل؛ فإن أباكم كان راميا»,0
Sunan Sa'id ibn Mansur,2639,UNGRADED,"Day of Judgement; Time, Days & Nights","2464- # حدثنا سعيد قال: نا أبو معاوية، عن عبيد الله بن عمر، عن نافع، عن ابن عمر، قال: "" عرضت على رسول الله صلى الله عليه وسلم يوم بدر # وأنا ابن ثلاث عشرة، فردني ولم يجزني في المقاتلة، وعرضت عليه يوم الخندق وأنا ابن خمس عشرة، فأجازني في المقاتلة",0
Sunan Sa'id ibn Mansur,2640,UNGRADED,Destiny & Decree,2465- # حدثنا سعيد قال: نا إسماعيل بن زكريا، عن عبيد الله بن عمر، عن نافع، عن ابن عمر، قال: «عرضت على رسول الله صلى الله عليه وسلم وأنا ابن أربع عشرة، فلم يجزني في القتال، وعرضت عليه وأنا ابن خمس عشرة سنة، فأجازني في القتال» قال نافع: فحدثت عمر بن عبد العزيز بهذا الحديث، فقال: هذا فصل ما بين الرجال وبين الغلمان، ثم كتب إلى عماله: أن لا يجيزوا في القتال أحدا أقل من ابن خمس عشرة سنة,0
Sunan Sa'id ibn Mansur,2643,UNGRADED,Other Narrations,2467- # حدثنا سعيد قال: نا إسماعيل بن زكريا، عن ليث، عن نافع، عن ابن عمر، قال: قال رسول الله صلى الله عليه وسلم: «لا تسافروا بالقرآن في أرض العدو؛ فإني أخاف أن يناله أحد منهم» # وكتب عمر بن الخطاب رضي الله عنه إلى أمراء الأمصار: أن لا تسافروا بالقرآن إلى أرض العدو؛ فإني أخاف أن يناله أحد منهم,0
Sunan Sa'id ibn Mansur,2645,UNGRADED,Character & Manners; Prophets & Past Peoples,"2468- # حدثنا سعيد قال: نا إسماعيل بن عياش، عن أسيد بن عبد الرحمن الخثعمي، عن فروة بن مجاهد اللخمي، عن سهل بن معاذ الجهني، قال: غزوت مع أبي الصائفة في زمن عبد الملك بن مروان وعلينا عبد الله بن عبد الملك، فنزلنا على حصن سنان، فضيق الناس في المنازل، وقطعوا الطريق، فقام أبي في الناس، فقال: أيها الناس، إني غزوت مع رسول الله صلى الله عليه وسلم غزوة كذا وكذا، فضيق الناس المنازل، وقطعوا الطريق، فبعث نبي الله مناديا ينادي في الناس: «أن من ضيق منزلا أو قطع طريقا فلا جهاد له» # حدثنا سعيد قال: نا سفيان، عن عثمان بن أبي سليمان، عن بعض آل الزبير أن الزبير كان يتقدم الركبان، فيأتي المنزل، فيأخذ هذه الشجرة ويأخذ هذه الشجرة، ويضع عندها الشيء، فإذا جاءوه، فسألوه: أعطنا، فكان يعطيهم "" #",0
Sunan Sa'id ibn Mansur,2647,UNGRADED,Dhikr & Supplication,"2470- # حدثنا سعيد قال: نا جرير بن عبد الحميد، عن عطاء بن السائب، عن أبي البختري، قال: حاصر سلمان الفارسي رضي الله عنه قصرا من قصور فارس، فقال: دعوني أدعوهم كما رأيت رسول الله صلى الله عليه وسلم يدعو إني مخبركم، أما "" إن شئتم فأسلموا فلكم ما للمسلمين وعليكم ما على المسلمين، فإن أبيتم فأعطوا الجزية عن يد وأنتم صاغرون، فإن أبيتم فإنا ننبذ إليكم على سواء {إن الله لا يحب الخائنين} [الأنفال: 58] "" فأبوا إلا أن يقاتلوا، فوثب أصحابه ليقاتلوهم، فنهاهم حتى دعاهم ثلاثة أيام إلى أول ما دعاهم إليه، فأبوا أن يجيبوه، فقاتلوا، ففتح الله على المسلمين",0
Sunan Sa'id ibn Mansur,2648,UNGRADED,Treaties & Non-Muslims,2471- # حدثنا سعيد قال: نا عبد الله بن وهب، قال: أخبرني عمرو بن الحارث، عن سعيد بن أبي هلال، أنه بلغه أن رسول الله صلى الله عليه وسلم كان يقول: «لا تغلوا، ولا تغدروا، وإذا نزلت بقوم فادعهم إلى الإسلام فإن أسلموا فادعهم إلى أن تنقلهم إلى دار الهجرة، فإن أبوا فإنهم مثل أعراب المسلمين، ليس لهم في الفيء شيء، فإن أبوا فاستعن بالله على قتالهم، وإن أرادوك على أن ينزلوا على حكم الله فلا تفعل فإنك لا تدري أتصيب # حكم الله أم لا، ولكن ينزلوا على حكمك وحكم قومك، وإن أرادوك قوم على أن ينزلوا على أن لهم ذمة الله فلا تفعلن، ولكن أعطهم ذمتك وذمة آبائك؛ فإنكم إن تخفروا بذمتكم وذمة آبائكم خير لكم من أن تخفروا بذمة الله، ولا تعطين قوما عهد الله»,0
Sunan Sa'id ibn Mansur,2650,UNGRADED,Character & Manners,"2472- # حدثنا سعيد قال: نا يعقوب بن عبد الرحمن، عن أبي حازم، أن سهلا أخبره أن رسول الله صلى الله عليه وسلم قال يوم خيبر: «لأعطين الراية غدا رجلا يفتح الله عليه» ، فبات الناس يدوكون أيهم يعطاها، فلما أصبح الناس غدوا على رسول الله صلى الله عليه وسلم وكلهم يرجو أن يعطاها فقال: «أين علي بن أبي طالب؟» ، فقالوا: يا رسول الله، يشتكي عينيه، فأرسل إليه فأتي به، فبصق رسول الله صلى الله عليه وسلم في عينيه، ودعا له فبرئ، حتى كأنه لم يكن به وجع: وأعطاه الراية، فقال علي رضي الله عنه: أقاتلهم حتى يكونوا مثلنا , قال: «انفذ على رسلك حتى تنزل بساحتهم، ثم ادعهم إلى الإسلام، وأخبرهم بما يجب عليهم من حق الله فيه، لأن يهدي الله بك # رجلا خير لك من أن يكون لك حمر النعم»",0
Sunan Sa'id ibn Mansur,2651,UNGRADED,Character & Manners,"2473- # حدثنا سعيد قال: نا عبد العزيز بن أبي حازم، عن أبيه، عن سهل بن سعد، عن النبي صلى الله عليه وسلم مثله , إلا أنه قال: «والله لأن يهدي الله بهداك رجلا واحدا خير لك من حمر النعم»",0
Sunan Sa'id ibn Mansur,2652,UNGRADED,Character & Manners,"2474- # حدثنا سعيد قال: نا خالد بن عبد الله، عن سهيل بن أبي صالح، عن أبيه، عن أبي هريرة، أن رسول الله صلى الله عليه وسلم قال: «لأعطين الراية غدا رجلا يحب الله ورسوله، يفتح الله عليه» - قال عمر بن الخطاب: ما أحببت الإمارة قبل يومئذ - فدعا عليا رضي الله عنه، فدفعها إليه، وقال: «انطلق ولا تلتفت» ، فمشى ساعة، ثم وقف، ولم يلتفت، فقال: يا رسول الله , على ما أقاتل الناس؟ قال: «قاتلهم حتى يشهدوا أن لا إله إلا الله، وأن محمدا رسول الله، فإذا فعلوا ذلك منعوا منك دماءهم وأموالهم إلا بحقها، وحسابهم على الله»",0
Sunan Sa'id ibn Mansur,2653,UNGRADED,Prophets & Past Peoples,2475- # حدثنا سعيد قال: نا سفيان، عن أيوب بن موسى، عن بكير بن عبد الله بن الأشج، عن سعيد بن المسيب، قال: جاءه رجل فقال: يا أبا محمد، ألا أخبرك ما نصنع في مغازينا؟ قال: لا، قال: «كان رسول الله صلى الله عليه وسلم إذا حل بقرية دعا أهلها إلى الإسلام، فإن اتبعوا خلطهم بنفسه وأصحابه، وإن أبوا دعاهم إلى الجزية، فإن أعطوا قبلها منهم، فإن # أبوا آذنهم على سواء، وكان أدنى أصحابه إذا أعطى العهد وفوا به أجمعون»,0
Sunan Sa'id ibn Mansur,2655,UNGRADED,Food & Drink; Faith & Creed; Dhikr & Supplication; Women,"2476- # حدثنا سعيد قال: نا شهاب بن خراش بن حوشب، عن الحجاج بن دينار، عن منصور بن المعتمر، قال: حدثني شقيق بن سلمة الأسدي، عن الرسول الذي جرى بين عمر بن الخطاب رضي الله عنه وسلمة بن قيس الأشجعي قال: ندب عمر بن الخطاب الناس مع سلمة بن قيس الأشجعي بالحرة إلى بعض أهل فارس، وقال: «انطلقوا بسم الله، وفي سبيل الله؛ تقاتلون من كفر بالله، لا تغلوا، ولا تغدروا، ولا تمثلوا، ولا تقتلوا امرأة، ولا صبيا، ولا شيخا هما، وإذا انتهيت إلى القوم فادعهم إلى الإسلام والجهاد، فإن قبلوا فهم منكم، فلهم ما لكم، وعليهم ما عليكم، وإن أبوا فادعهم إلى الإسلام بلا جهاد، فإن قبلوا فاقبل منهم، وأعلمهم أنه لا نصيب لهم في الفيء، فإن أبوا فادعهم إلى الجزية، فإن قبلوا فضع عنهم بقدر طاقتهم، وضع فيهم جيشا يقاتل من وراءهم، وخلهم وما وضعت عليهم، فإن أبوا فقاتلهم، فإن دعوكم إلى أن تعطوهم ذمة الله وذمة محمد صلى الله عليه وسلم فلا تعطوهم ذمة الله ولا ذمة محمد، ولكن أعطوهم ذمم أنفسكم، ثم # قولوا لهم، فإن أبوا عليكم فقاتلهم، فإن الله ناصركم عليهم» فلما قدمنا البلاد دعوناهم إلى كل ما أمرنا به، فأبوا، فلما مسهم الحصر نادونا: أعطونا ذمة الله وذمة محمد، فقلنا: لا، ولكنا نعطيكم ذمم أنفسنا، ثم نفي لكم، فأبوا، فقاتلناهم، فأصيب رجل من المسلمين، ثم إن الله فتح علينا، فملأ المسلمون أيديهم من متاع ورقيق ورقة ما شاءوا، ثم إن سلمة بن قيس أمير القوم دخل، فجعل يتخطى بيوت نارهم، فإذا بسفطين معلقين بأعلى البيت، فقال: ما هذان السفطان؟ فقالوا: أشياء كانت تعظم بها الملوك بيوت نارهم، فقال: أهبطوهما إلي، فإذا عليهما طوابع الملوك بعد الملوك قال: ما أحسبهم طبعوا إلا على أمر نفيس، علي بالمسلمين، فلما جاءوا أخبرهم خبر السفطين، فقال: أردت أن أفضهما بمحضر منكم، ففضهما، فإذا هما مملوءان بما لم ير مثله أو قال: لم أر مثله، فأقبل بوجهه على المسلمين، فقال: يا معشر المسلمين، قد علمتم ما أبلاكم الله في وجهكم هذا، فهل لكم أن تطيبوا بهذين السفطين أنفسا لأمير المؤمنين لحوائجه وأموره وما ينتابه، فأجابوه بصوت رجل واحد: إنا نشهد الله أنا قد فعلنا، وطابت أنفسنا لأمير المؤمنين، فدعاني، فقال # : قد عهدت أمير المؤمنين يوم الحرة، وما أوصانا، وما اتبعنا من وصيته وأمر السفطين، وطيب أنفس المسلمين له بهما، فأت بهما إلى أمير المؤمنين، واصدقه الخبر، ثم ارجع إلي بما يقول لك، فقلت: ما لي بد من صاحب، فقال: خذ بيد من أحببت. فأخذت بيد رجل من القوم، فانطلقنا بالسفطين نهزهما حتى قدمنا بهما المدينة، فأجلست صاحبي مع السفطين، وانطلقت أطلب أمير المؤمنين عمر رضي الله عنه، فإذا به يغدي الناس وهو يتوكأ على عكاز وهو يقول: «يا يرفأ، ضع هاهنا، يا يرفأ، ضع هاهنا» ، فجلست في عرض القوم لا آكل شيئا فمر بي، فقال: «ألا تصيب من الطعام؟» فقلت: لا حاجة لي به، فرأى الناس وهو قائم عليهم يدور فيهم، فقال: «يا يرفأ، خذ خونك وقصاعك» ، ثم أدبر واتبعته، فجعل يتخلل طريق المدينة حتى انتهى إلى دار قوراء عظيمة، فدخلها، فدخلت في إثره، ثم انتهى إلى حجرة من الدار فدخلها، فقمت مليا حتى ظننت أن أمير المؤمنين قد تمكن في مجلسه، فقلت: السلام عليك، فقال: «وعليك , فادخل» ، فدخلت، فإذا هو جالس على # وسادة مرتفقا أخرى، فلما رآني نبذ إلي التي كان مرتفقا، فجلست عليها، فإذا هي تغرزني، فإذا حشوها ليف , قال: «يا جارية، أطعمينا» ، فجاءت بقصعة فيها قدر من خبز يابس، فصب عليها زيتا، ما فيه ملح ولا خل، فقال: «أما إنها لو كانت راضية أطعمتنا أطيب من هذا» ، فقال لي: «ادن» ، فدنوت، قال: فذهبت أتناول منها قدرة، فلا والله إن استطعت أن أجيزها، فجعلت ألوكها مرة من ذا الجانب، ومرة من ذا الجانب، فلم أقدر على أن أسيغها، وأكل أحسن الناس إكلة، إن يتعلق له طعام بثوب أو شعر، حتى رأيته يلطع جوانب القصعة، ثم قال: «يا جارية، اسقينا» ، فجاءت بسويق سلت، فقال: «أعطيه» ، فناولتنيه، فجعلت إذا أنا حركته ثارت له قشار، وإن أنا تركته تند، فلما رآني قد بشعت ضحك، فقال: «ما لك أرنيه إن شئت» ، فناولته، فشرب حتى وضع على جبهته هكذا ثم قال: «الحمد لله الذي أطعمنا # فأشبعنا، وسقانا فأروانا، وجعلنا من أمة محمد صلى الله عليه وسلم» ، فقلت: قد أكل أمير المؤمنين فشبع، وشرب فروي، حاجتي جعلني الله فداك - قال شقيق: وكان في حديث الرسول إياي ثلاثة أيمان، هذا في موضع منها ما قال: لله أبوك فمن أنت؟ قلت: رسول سلمة بن قيس قال: فتالله، لكأنما خرجت من بطنه تحننا علي، وحبا لخبري عمن جئت من عنده، وجعل يقول وهو يزحف إلي: إيها لله أبوك، كيف تركت سلمة بن قيس؟ كيف المسلمون؟ ما صنعتم؟ كيف حالكم؟ قلت: ما تحب يا أمير المؤمنين، فاقتصصت عليه الخبر إلى أنهم ناصبونا القتال، فأصيب رجل من المسلمين، فاسترجع وبلغ منه ما شاء الله، وترحم على الرجل طويلا، قلت: ثم إن الله فتح علينا يا أمير المؤمنين فتحا عظيما فملأ المسلمون أيديهم من متاع ورقيق ورقة ما شاءوا قال، ويحك كيف اللحم بها؟ فإنها شجرة العرب، ولا تصلح العرب إلا بشجرتها، قلت: الشاة بدرهمين، ثم قال: «الله أكبر» ، ثم قال: ويحك هل أصيب من المسلمين رجل آخر؟ قال: جئت إلى ذكر السفطين، فأخبرته خبرهما، فحلف الرسول عندها يمينا أخرى، الله الذي لا إله إلا هو لكأنما أرسلت عليه الأفاعي والأساود والأراقم أن وثب # كمكان تيك، ثم أقبل علي بوجهه آخذا بحقوته فقال: لله أبوك وعلام يكونان لعمر؟ والله ليستقبلن المسلمون الظمأ والجوع والخوف في نحور العدو، وعمر يغدو من أهله ويروح إليهم يتبع أفياء المدينة، ارجع بما جئت به فلا حاجة لي فيه، فقلت: يا أمير المؤمنين، إنه أبدع بي وبصاحبي فاحملنا قال: لا، ولا كرامة للآخر ما جئت بما أسر بعه فأحملك، قلت: يا لعباد الله أيترك رجل بين أرضين؟ قال: أما لولا قلتها يا يرفأ انطلق به فاحمله وصاحبه على ناقتين ظهريين من إبل الصدقة، ثم انخس بهما حتى تخرجهما من الحرة، ثم التفت إلي فقال: أما لئن شتا المسلمون في مشاتيهم قبل أن يقسما بينهم لأعذرن منك ومن صويحبك، ثم قال: إذا انتهيت إلى البلاد فانظر أحوج من ترى من المسلمين فادفع إليه الناقتين، فأتيناه فأخبرناه الخبر، فقال: ادع لي المسلمين، فلما جاءوا قال: إن أمير المؤمنين قد # وفركم بسفطيكم، ورآكم أحق بهما منه، فاقتسموا على بركة الله، فقالوا: أصلحك الله أيها الأمير إنه ينبغي لهما بصر وتقويم وقسمة فقال: والله لا تبرحون وأنتم تطلبونني منها بحجر، فعد القوم وعد الحجارة فربما طرحوا إلى الرجل الحجرين، وفلقوا الحجر بين اثنين",0
Sunan Sa'id ibn Mansur,2659,UNGRADED,Quran & Recitation; Treaties & Non-Muslims,"2479- # حدثنا سعيد قال: نا خالد بن عبد الله، عن حصين، عن عبد الله بن شداد، قال: كتب رسول الله صلى الله عليه وسلم إلى صاحب الروم: «من محمد رسول الله، إلى هرقل صاحب الروم إني أدعوك إلى الإسلام، فإن أسلمت فلك ما للمسلمين، وعليك ما عليهم، فإن أبيت فتخلي عن الفلاحين، فليسلموا أو يؤدوا الجزية» ، فلما أتاه الكتاب، قرأه، فقام أخ له فقال: لا تقرأ هذا الكتاب، بدأ بنفسه قبلك، ولم يسمك ملكا، وجعله صاحب الروم، قال: كذبت، أن يكون بدأ بنفسه، فهو كتب إلي، وإن كان سماني صاحب الروم فأنا صاحب الروم، ليس لهم صاحب غيري، فجعل يقرأ الكتاب وهو يعرق جبينه من كرب الكتاب، وفي شدة القر، فقال: من يعرف هذا الرجل؟ فأرسل إلى أبي سفيان، فقال: أتعرف هذا الرجل؟ فقال: نعم، قال: ما نسبه فيكم؟ قال: من أوسطنا نسبا، قال: فأين داره من قريتكم؟ قالوا: في وسط قريتنا، قال: هذه من آياته، قال: هل يأتيكم منهم أحد، ويأتيهم منكم أحد، قلت: يأتيهم منا، ولا يأتينا منهم، قال: هل قاتلتموه؟ قال: نعم، قال: فظهرتم عليهم، أو ظهروا عليكم؟ قلت: بل ظهروا علينا، قال: وهذه من آياته قال: قلت: ألا تسمع أنه يقول: سيظهر على الأرض كلها، قال: إن كان هو ليظهرن على الأرض حتى يظهر على ما تحت قدمي، ولو علمت أنه هو لمشيت إليه حتى أقبل رأسه، وأغسل قدميه قال أبو سفيان: إنه لأول يوم رعبت من محمد، قلت: هذا في سلطانه، وملكه، وحصونه، يتحادر جبينه عرقا من كرب الصحيفة، فما زلت مرعوبا من محمد حتى أسلمت، وفي الرسالة {يا أهل الكتاب تعالوا إلى كلمة سواء بيننا وبينكم ألا نعبد إلا الله، ولا نشرك به شيئا، ولا يتخذ بعضنا بعضا أربابا من دون الله فإن تولوا فقولوا اشهدوا بأنا مسلمون} [آل عمران: 64] ، {هو الذي أرسل رسوله بالهدى ودين الحق ليظهره على الدين كله، ولو كره المشركون} [التوبة: 33] ، {قاتلوا الذين لا يؤمنون بالله، ولا باليوم الآخر، ولا يحرمون ما حرم الله ورسوله، ولا يدينون دين الحق من الذين أوتوا الكتاب حتى يعطوا الجزية عن يد وهم صاغرون} [التوبة: 29] وكان للروم أسقف لهم يقال له بغاطر على بيعة لهم، يصلي فيها ملوكهم، فلقي بعض أصحاب رسول الله صلى الله عليه وسلم: فقال: اكتبوا لي سورة من القرآن، فكتبوا له سورة، فقال: هذا الذي نعرف كتاب الله، فأسلم وأسر ذلك، فلما كان يوم الأحد تمارض فلم يأت بيعتهم، فلما كان الأحد الآخر، لم يجئ، فقيل: ليس به مرض، فأرسل إليه: لتجيئن أو لتحملن، فجاء يمشي، فقال له: ما لك؟ فقال: هذا كتاب الله، وأمر الله، ونعت المسيح، وهو الدين الذي نعرف، فقال: ويحك، لو أقول هذا لقتلتني الروم، قال: لكني أنا أقوله قال: أما تسمعون ما يقول هذا؟ قال: فأخذوه حين تكلم بذلك فما زالوا يعذبونه حتى ينزعوا الضلع من أضلاعه بالكليتين، فأبى أن يرتد عن دينه حتى قتلوه وحرقوه """,0
Sunan Sa'id ibn Mansur,2660,UNGRADED,Quran & Recitation; Destiny & Decree,"2480- # حدثنا سعيد قال: نا يعقوب بن عبد الرحمن، عن عبد الرحمن # بن حرملة، عن سعيد بن المسيب، قال: كتب رسول الله صلى الله عليه وسلم: "" من محمد رسول الله، إلى قيصر أن {تعالوا إلى كلمة سواء بيننا وبينكم} [آل عمران: 64] إلى قوله {مسلمون} [آل عمران: 64] "" وكتب إلى كسرى والنجاشي بهذه الآية، فأما كسرى، فمزق كتاب الله، ولم ينظر فيه، فقال: «مزق ومزقت أمته» وأما قيصر فلما قرأ كتاب - يعني رسول الله - قال: هذا كتاب لم أسمعه بعد سليمان النبي صلى الله عليه وسلم، فدعا أبا سفيان، والمغيرة بن شعبة، وكانا تاجرين هناك، فسألهما عن بعض شأن رسول الله صلى الله عليه وسلم فأخبراه، فقال: بأبي وأمي ليملكن ما تحت قدمي، فقال رسول الله صلى الله عليه وسلم: «إن لهم ملة» ، وأما النجاشي، فأمر من كان عنده من أصحاب رسول الله صلى الله عليه وسلم، فأرسل إليه بكتابه، فقال رسول الله صلى الله عليه وسلم: «اتركوهم ما ترككم»",0
Sunan Sa'id ibn Mansur,2661,UNGRADED,Prophets & Past Peoples,"2481- # حدثنا سعيد قال: نا حديج بن معاوية، عن أبي إسحاق، عن عبد الله بن عتبة، عن ابن مسعود، قال: بعثنا رسول الله صلى الله عليه وسلم إلى النجاشي ونحن نحو من ثمانين رجلا، فيهم عبد الله بن مسعود، وجعفر بن أبي طالب، وعبد الله بن عرفطة، وعثمان بن مظعون، وأبو موسى الأشعري، فأتوا النجاشي، وبعثت قريش عمرو بن العاص، وعمارة بن الوليد بهدية، فلما دخلا على النجاشي سجدا ثم ابتدراه عن يمينه، وعن شماله، ثم قالا له: إن نفرا من بني عمنا نزلوا أرضك، ورغبوا عنا وعن ملتنا، قال: فأين هم؟ # قالا: هم في أرضك، قال: فبعث إليهم، فقال جعفر: أنا خطيبكم اليوم , فاتبعوه، فسلم ولم يسجد، فقالوا له: ما لك لا تسجد للملك؟ قال: إنا لا نسجد إلا لله عز وجل قال: وما ذاك؟ قال: إن الله بعث فينا رسولا، وأمرنا أن لا نسجد إلا لله عز وجل، وأمرنا بالصلاة والزكاة، قال عمرو بن العاص: فإنهم يخالفونك في عيسى ابن مريم وأمه، قالوا: نقول: هو كما قال الله، قالوا: هو كلمة الله وروحه ألقاها إلى مريم العذراء البتول التي لم يمسها بشر ولم يفرضها ولد قال: فرفع عودا من الأرض ثم قال: يا معشر الحبشة والقسيسين والرهبان والله ما يزيدون على ما نقول فيه ما يسوى هذا، مرحبا بكم وبمن جئتم من عنده، أشهد أنه رسول الله صلى الله عليه وسلم، وأنه الذي نجده في الإنجيل، وأنه الذي بشر به عيسى ابن مريم، فانزلوا حيث شئتم، والله لولا ما أنا فيه من الملك لأتيته، حتى أكون أنا الذي أحمل نعليه، وأوضئه، وأمر بهدية الآخرين فردت إليهما، ثم تعجل عبد الله بن مسعود حتى أدرك بدرا، وزعم أن رسول الله صلى الله عليه وسلم «استغفر له حين بلغه موته»",0
Sunan Sa'id ibn Mansur,2665,UNGRADED,Prophets & Past Peoples,2484- # حدثنا سعيد قال: نا إسماعيل بن إبراهيم، قال: أنا ابن عون، قال: كتبت إلى نافع أسأله عن دعاء المشركين عند القتال، فكتب: أن ذلك كان في أول الإسلام، وقد «أغار نبي الله صلى الله عليه وسلم على بني المصطلق وهم غارون، وأنعامهم تسقي على الماء، فقتل مقاتليهم، وسبى سبيهم، وأصاب يومئذ جويرية بنت الحارث» ، حدثني بذلك عبد الله، وكان في ذلك الجيش,0
Sunan Sa'id ibn Mansur,2671,UNGRADED,Quran & Recitation; Brotherhood & Friendship,2489- # حدثنا سعيد قال: نا إسماعيل بن عياش، عن أبي بكر بن عبد الله بن أبي مريم، عن ضمرة بن حبيب، عن مولى لأبي ريحانة صاحب رسول الله صلى الله عليه وسلم أن أبا ريحانة كان مرابطا بالساحل، وأنه استأذن أمير مرابطته: «ايذن لي أن آتي أهلي، أو أجلني ليلة» ، ففعل، فقدم بيت المقدس عشاء، فأتى المسجد، ولم يأت أهله، فافتتح سورة، ثم سورة أخرى حتى أدركه الصبح، وهو في المسجد، فلما أن أصبح توجه راجعا إلى مرابطه من الساحل، فقيل له: يا أبا ريحانة لو أتيت أهلك فسلمت عليهم، وألمحت بهم، فقال: «إنما أجلني أميري ليلة، وقد مضى أجله، ولست بالذي أكذب # ، ولا أتخلف عن مرابطي» فتوجه، ولم يأت أهله، ولم يرهم حتى رجع، وكان مسكنه بيت المقدس,0
Sunan Sa'id ibn Mansur,2672,UNGRADED,Day of Judgement; Resurrection & Intercession,2490- # حدثنا سعيد قال: نا عبد الله بن وهب، قال: أخبرني عمرو بن الحارث، أن بكيرا، حدثه أن الحسن بن علي بن أبي رافع حدثه عن أبي رافع، أنه قال: كنت في بعث مرة، وقال لي رسول الله صلى الله عليه وسلم: «اذهب فائتني بميمونة» فقلت: يا نبي الله إني في البعث، فقال: «اذهب فائتني بميمونة» فقال: يا نبي الله إني في البعث، فقال رسول الله صلى الله عليه وسلم: «أليس تحب ما أحب؟» قلت: بلى يا رسول الله فقال: «اذهب فائتني بميمونة» فذهبت فجئته بها,0
Sunan Sa'id ibn Mansur,2676,UNGRADED,Paradise; Prophets & Past Peoples,2493- # حدثنا سعيد قال: نا عبد الله بن وهب، قال: أنا عمرو بن الحارث، أن سليمان، حدثه عن القاسم مولى عبد الرحمن أنه حدثه أن رسول الله صلى الله عليه وسلم لما أراد أن يغير على خيبر قال: «لا يتبعنا مصعب ولا مضعف» فاتبعه أعرابي على بكر له صعب فوقصه، فقتله، فبلغ ذلك رسول الله صلى الله عليه وسلم بعد فتح خيبر، فأمر بلالا ينادي: «ألا إن الجنة لا تحل لعاص»,0
Sunan Sa'id ibn Mansur,2677,UNGRADED,Character & Manners; Paradise,2494- # حدثنا سعيد قال: نا سفيان، عن ابن أبي نجيح، عن مجاهد # ، قال: قال رسول الله صلى الله عليه وسلم حين خرج إلى تبوك: «لا يخرج معنا إلا مقو» فخرج رجل على بكر له صعب، فوقص به فمات، فقال الناس: الشهيد الشهيد، فأمر رسول الله صلى الله عليه وسلم بلالا ينادي: «ألا لا تدخل الجنة إلا نفس مؤمنة، ولا يدخلها عاص» قال مجاهد: لم أسمع عن رسول الله صلى الله عليه وسلم حديثا أشد من هذا، وحديث سعد بن معاذ «لقد ضم ضمة»,0
Sunan Sa'id ibn Mansur,2679,UNGRADED,Prayer (Salah); Resurrection & Intercession,2496- # حدثنا سعيد قال: نا هشيم، قال: أنا كوثر بن حكيم، عن مكحول، قال: قال رسول الله صلى الله عليه وسلم: «من فارق جماعة المسلمين # فلا صلاة له حتى يرجع إليهم، ولا لعاصي ثغر من ثغور المسلمين حتى يرجع إلى ثغره»,0
Sunan Sa'id ibn Mansur,2688,UNGRADED,Prayer (Salah),"2503- # حدثنا سعيد قال: نا جرير بن عبد الحميد، عن منصور، عن مجاهد، عن أبي عياش الزرقي، قال: "" كنا مع رسول الله صلى الله عليه وسلم بعسفان، وعلى المشركين خالد بن الوليد فصلينا الظهر، فقال المشركون: لقد أصبنا غرة، لقد أصبنا غفلة , لو كنا حملنا عليهم وهم في الصلاة فنزلت آية القصر بين الظهر والعصر، فلما حضرت العصر قام رسول الله صلى الله عليه وسلم مستقبل القبلة، والمشركون أمامه، فصف خلف رسول الله صلى الله عليه وسلم صف، وبعد ذلك الصف صف آخر، فركع رسول الله صلى الله عليه وسلم وركعوا جميعا، ثم سجد وسجد الصف الذين يلونه، وقام الآخرون يحرسونهم، فلما صلى هؤلاء السجدتين وقاموا سجد الآخرون الذين كانوا خلفهم، ثم تأخر الصف الذي يليه إلى مقام الآخرين، وتقدم الصف الأخير إلى مقام الصف الأول، ثم ركع رسول الله صلى الله عليه وسلم وركعوا جميعا، ثم سجد وسجد الصف الذي يليه، وقام الآخرون يحرسونهم، فلما جلس رسول الله صلى الله عليه وسلم والصف الذي يليه سجد الآخرون، ثم جلسوا جميعا فسلم عليهم جميعا: فصلاها بعسفان، وصلاها يوم بني سليم """,0
Sunan Sa'id ibn Mansur,2689,UNGRADED,Prayer (Salah); Character & Manners,"2504- # حدثنا سعيد قال: نا أبو عوانة، عن أبي بشر، عن سليمان بن قيس، عن جابر بن عبد الله، قال: قاتل رسول الله صلى الله عليه وسلم محارب خصفة، فرأوا من المسلمين غرة، فجاء رجل يقال له غورث بن الحارث حتى قام على رسول الله صلى الله عليه وسلم، فقال: "" من يمنعك مني؟ قال: «الله» فسقط السيف من يده، فأخذه رسول الله صلى الله عليه وسلم، فقال: «من يمنعك عني؟» قال: كن خير آخذ، قال: «اشهد أن لا إله إلا الله وأني رسول الله» قال: لا، ولكني أعاهدك أن لا أقاتلك، ولا أكون مع قوم يقاتلونك، فخلى سبيله، فرجع، فقال: جئتكم من عند خير الناس، فلما حضرت الصلاة صلى رسول الله صلى الله عليه وسلم صلاة الخوف، فكان الناس طائفتين: طائفة بإزاء العدو، وطائفة صلوا مع رسول الله صلى الله عليه وسلم، فصلى بالطائفة الذين معه ركعتين، ثم انصرفوا، فكانوا بمكان أولئك الذين بإزاء عدوهم، وانصرف أولئك الذين كانوا بإزاء عدوهم، فصلوا مع رسول الله صلى الله عليه وسلم ركعتين، فكان لرسول الله صلى الله عليه وسلم أربع ركعات وللقوم ركعتين ركعتين",0
Sunan Sa'id ibn Mansur,2690,UNGRADED,Prayer (Salah),2505- # حدثنا سعيد قال: نا عبد الله بن وهب، قال: أنا عمرو بن # الحارث، أن بكر بن سوادة، حدثه عن زياد بن نافع، عن أبي موسى، أن جابر بن عبد الله، حدثهم «أن رسول الله صلى الله عليه وسلم صلى لهم صلاة الخوف يوم محارب وثعلبة لكل طائفة ركعة وسجدتين»,0
Sunan Sa'id ibn Mansur,2691,UNGRADED,Prayer (Salah),2506- # حدثنا سعيد قال: نا محمد بن أبان الجعفي، عن أبي إسحاق، عن سليم بن عبد السلولي، قال: كنا مع سعيد بن العاص بطبرستان، فقال لنا يوما: أيكم صلى مع رسول الله صلى الله عليه وسلم صلاة الخوف؟ فقال حذيفة: أنا، قال: كيف رأيته يصنع؟ قال: فرقنا فرقتين، فتقدم وأقام طائفة منهم معه، وأقام الطائفة الأخرى من ورائهم يردون القوم، فصلى بالذين معه ركعة وسجدتين، ثم قام هؤلاء إلى مقام أصحابهم، وجاء أولئك فصلى بهم رسول الله صلى الله عليه وسلم ركعة وسجدتين، وقد كان قال لهم: «إن هاجكم القوم هيجا فقد حل لكم القتال والكلام»,0
Sunan Sa'id ibn Mansur,2692,UNGRADED,Prayer (Salah),"2507- # حدثنا سعيد قال: نا عبد الله بن وهب، قال عمرو بن الحارث وحدثني بكر بن سوادة: أن زياد بن نافع، حدثه عن كعب - وكان من أصحاب # رسول الله صلى الله عليه وسلم قطعت يده يوم اليمامة -: «أن صلاة الخوف بكل طائفة ركعة وسجدتان» قال عمرو: وحدثني بكر بن سوادة أن شيخا حدثه أنهم صلوا صلاة الخوف يوم الإسكندرية كذلك مع عمرو بن العاص """,0
Sunan Sa'id ibn Mansur,2693,UNGRADED,Prayer (Salah),2508- # حدثنا سعيد قال: نا أبو عوانة، عن بكير بن الأخنس، عن مجاهد، عن ابن عباس، قال: «فرض الله الصلاة على لسان نبيكم صلى الله عليه وسلم في الحضر أربعا، وفي السفر ركعتين، وفي الخوف ركعة»,0
Sunan Sa'id ibn Mansur,2694,UNGRADED,Prayer (Salah),2509- # حدثنا سعيد قال: نا أبو معاوية، عن الحجاج، عن أبي إسحاق، عن الحارث، عن علي، قال: «صليت مع رسول الله صلى الله عليه وسلم صلاة الخوف ركعتين ركعتين إلا المغرب فإنه صلاها ثلاثا، وصليت معه صلاة السفر ركعتين ركعتين إلا المغرب فإنه صلاها ثلاثا»,0
Sunan Sa'id ibn Mansur,2705,UNGRADED,Paradise; Treaties & Non-Muslims,2518- # حدثنا سعيد قال: نا جرير بن عبد الحميد، عن أبي حيان التيمي، عمن حدثه، عن عبد الله بن أبي أوفى، قال: قال رسول الله صلى الله عليه وسلم # : «لا تتمنوا لقاء العدو، واسألوا الله العافية، واعلموا أن الجنة تحت ظلال السيوف» # وكان رسول الله صلى الله عليه وسلم إذا زالت الشمس يمهل ثم ينهد إلى عدوه ويقول: «اللهم منزل الكتاب، ومجري السحاب، وهازم الأحزاب، اهزمهم وانصرنا عليهم» #,0
Sunan Sa'id ibn Mansur,2706,UNGRADED,Paradise,"2519- # حدثنا سعيد قال: نا إسماعيل بن عياش، عن الأوزاعي، عن يحيى بن أبي كثير، قال: قال رسول الله صلى الله عليه وسلم: "" لا تتمنوا لقاء عدوكم، فإنكم لا تدرون عسى أن تبتلوا بهم، ولكن قولوا: "" اللهم اكفناهم وكف عنا بأسهم، فإذا جاءوكم يعزفون ويرجعون ويصيحون، فعليكم بالأرض، وقولوا: «اللهم نواصينا ونواصيهم بيدك، وإنما تقتلهم أنت، فإذا غشوكم فثوروا في وجوههم، واعلموا أن الجنة تحت الأبارقة»",0
Sunan Sa'id ibn Mansur,2708,UNGRADED,Paradise,"2521- # حدثنا سعيد قال: نا عبد الله بن وهب، قال: حدثني أبو هانئ الخولاني، عن أبي عبد الرحمن الحبلي، أن رسول الله صلى الله عليه وسلم قال: "" لا تتمنوا لقاء العدو، واسألوا الله العافية، فإن بليتم بهم فقولوا: «اللهم أنت ربنا وربهم نواصيهم ونواصينا بيدك فقاتلهم لنا، واهزمهم لنا، وغضوا أبصاركم، واحملوا عليهم على بركة الله، والتمسوا الجنة تحت الأبارقة»",0
Sunan Sa'id ibn Mansur,2709,UNGRADED,Other Narrations,2522- # حدثنا سعيد قال: نا مروان بن معاوية، قال: أنا عمران بن أبي حدير، عن أبي مجلز، قال: كان النبي صلى الله عليه وسلم إذا حضر القتال يقول: «اللهم أنت عضدي ونصيري، بك أحول، بك أصول، وبك أقاتل»,0
Sunan Sa'id ibn Mansur,2710,UNGRADED,Other Narrations,2523- # حدثنا سعيد قال: نا إسماعيل بن عياش، عن أبي بكر بن أبي مريم، عن علي بن أبي طلحة، «أن رسول الله صلى الله عليه وسلم كان يستحب # أن يلقى العدو بعد زوال الشمس حين تهب الأرواح»,0
Sunan Sa'id ibn Mansur,2711,UNGRADED,Other Narrations,"2524- # حدثنا سعيد قال: نا إسماعيل بن عياش، عن أبي بكر بن أبي مريم، عن علي بن أبي طلحة، أن رسول الله صلى الله عليه وسلم كان إذا قاتل قاتل حين ينشق الفجر إلى طلوع الشمس، ثم يمسك عن القتال حتى تزول الشمس، ثم يقاتل حتى تغرب الشمس """,0
Sunan Sa'id ibn Mansur,2712,UNGRADED,Other Narrations,2525- # حدثنا سعيد قال: نا عبد الله بن وهب، قال: أخبرني عمرو بن الحارث، عن بكير بن عياض الفزاري، أنه بلغه أن رسول الله صلى الله عليه وسلم كان إذا أشرف على قرية ليدخلها قال: «اللهم رب السماء وما أظلت، ورب الأرض وما أقلت، أسألك خيرها وخير ما فيها، وأعوذ بك من شرها وشر ما فيها»,0
Sunan Sa'id ibn Mansur,2714,UNGRADED,Treaties & Non-Muslims,2527- # حدثنا سعيد قال: نا خالد بن عبد الله، عن إسماعيل بن أبي خالد، عن عبد الله بن أبي أوفى، قال: دعا رسول الله صلى الله عليه وسلم على الأحزاب فقال: «اللهم منزل الكتاب سريع الحساب، اللهم اهزمهم وزلزلهم»,0
Sunan Sa'id ibn Mansur,2716,UNGRADED,Other Narrations,2528- # حدثنا سعيد قال: نا إسماعيل بن عياش، عن صفوان بن عمرو، قال: سمعت خالد بن معدان، وفضيل بن فضالة، يقولان: قال رسول الله صلى الله عليه وسلم: «أكرم الله عز وجل هذه الأمة بالعمائم والألوية»,0
Sunan Sa'id ibn Mansur,2725,UNGRADED,Prophets & Past Peoples,2536- # حدثنا سعيد قال: نا هشيم، عن يونس، عن الحسن، أن رجلا أراد أن يحمل على المشركين وحده، فقال رسول الله صلى الله عليه وسلم: «أتراك تقتلهم وحدك حتى تحمل أصحابك فتحمل معهم»,0
Sunan Sa'id ibn Mansur,2727,UNGRADED,Destiny & Decree,"2537- # حدثنا سعيد قال: نا سفيان، عن عمرو بن دينار، عن ابن عباس، قال: قول الله عز وجل: {يا أيها النبي حرض المؤمنين على القتال إن يكن منكم عشرون صابرون يغلبوا مائتين} كتب الله عليهم أن لا يفر عشرة من مائة، ثم خفف الله عنهم ثم قال: {الآن خفف الله عنكم وعلم أن فيكم ضعفا} [الأنفال: 66] فلا ينبغي لمائة أن تفر من مائتين """,0
Sunan Sa'id ibn Mansur,2730,UNGRADED,Prayer (Salah); Character & Manners,2539- # حدثنا سعيد قال: نا خالد بن عبد الله، عن يزيد بن أبي زياد، عن عبد الرحمن بن أبي ليلى، عن ابن عمر، قال: لقينا العدو فحاص الناس حيصة فكنت فيمن حاص، فدخلنا المدينة فتعرضنا لرسول الله صلى الله عليه وسلم حين خرج إلى الصلاة، فقلنا: يا رسول الله نحن الفرارون قال: «بل أنتم العكارون، إني فئة لكم»,0
Sunan Sa'id ibn Mansur,2735,UNGRADED,Prophets & Past Peoples,"2543- # حدثنا سعيد قال: نا عبد الرحمن بن زياد، عن شعبة، عن عمرو بن مرة، عن أبي وائل، عن أبي موسى الأشعري، أن أعرابيا، أتى رسول الله صلى الله عليه وسلم، فقال: يا رسول الله الرجل يقاتل ليصيب المغنم، والرجل يقاتل ليذكر، ويقاتل ليرى مكانه , فمن في سبيل الله؟ فقال له رسول الله صلى الله عليه وسلم: «من قاتل لتكون كلمة الله هي العليا فهو في سبيل الله عز وجل»",0
Sunan Sa'id ibn Mansur,2736,UNGRADED,Paradise; Prophets & Past Peoples,2544- # حدثنا سعيد قال: نا صالح بن موسى، نا الأعمش، عن شقيق، قال: قيل: يا رسول الله إن الرجل يقاتل حمية، وشجاعة، وعلانية، فقال # : «من قاتل لتكون كلمة الله هي العليا دخل الجنة»,0
Sunan Sa'id ibn Mansur,2741,UNGRADED,Prophets & Past Peoples,2548- # حدثنا سعيد قال: نا عبد الله بن المبارك، عن الأوزاعي، عن محمد بن إبراهيم التيمي، قال: حدثني ابن عتيك، قال: قال رسول الله صلى الله عليه وسلم: «إن من الغيرة ما يحب الله عز وجل، ومنها ما يبغض الله، وإن من الخيلاء ما يحب الله ومنها ما يبغض الله، فأما ما يحب الله من الغيرة فالغيرة في ريبة، وأما ما يبغض الله من الغيرة، فالغيرة من غير ريبة، وأما ما يحب الله من الخيلاء، فالرجل يختال بنفسه عند القتال والصدقة، وأما ما يبغض الله فالمرح»,0
Sunan Sa'id ibn Mansur,2743,UNGRADED,Bloodshed & Murder; Paradise,2549- # حدثنا سعيد قال: نا عبد الرحمن بن أبي الزناد، عن أبيه، عن الأعرج، عن أبي هريرة، قال: قال رسول الله صلى الله عليه وسلم: «يضحك الله إلى رجلين قتل أحدهما الآخر كلاهما دخل الجنة، يقاتل هذا في سبيل الله فيقتل، فيستشهد، ثم يتوب الله على هذا فيسلم فيقاتل في سبيل الله فيقتل فيستشهد»,0
Sunan Sa'id ibn Mansur,2744,UNGRADED,Other Narrations,"2550- # حدثنا سعيد قال: نا سفيان، عن محمد بن علي السلمي، عن عبد الله بن محمد بن عقيل، عن جابر بن عبد الله، قال: قال لي رسول الله صلى الله عليه وسلم: "" أعلمت أن الله أحيا أباك، فقال: تمن، فتمنى أن يرجع إلى الدنيا فيقتل مرة أخرى، فقال: إني قد قضيت أن لا ترجعوا """,0
Sunan Sa'id ibn Mansur,2745,UNGRADED,Other Narrations,2551- # حدثنا سعيد قال: نا عبد الرحمن بن أبي الزناد، عن أبيه، عن الأعرج، عن أبي هريرة، عن النبي صلى الله عليه وسلم: «والذي نفسي بيده لوددت أني أقاتل في سبيل الله فأقتل، ثم أحيى فأقتل، ثم أحيى فأقتل» كان أبو هريرة يقول ثلاثا أشهد لله,0
Sunan Sa'id ibn Mansur,2746,UNGRADED,Bloodshed & Murder; Day of Judgement,2552- # حدثنا سعيد قال: نا سفيان، عن عمرو بن دينار، سمع جابرا # ، يقول: قال رجل يوم أحد أي رسول الله إن قتلت فأين أنا؟ قال: «في الجنة» فألقى تمرات كن في يده، ثم قاتل حتى قتل,0
Sunan Sa'id ibn Mansur,2747,UNGRADED,Debt & Loans; Angels & the Unseen,"2553- # حدثنا سعيد قال: نا سفيان، عن عمرو بن دينار، عن محمد بن قيس، عن النبي صلى الله عليه وسلم، وابن عجلان عن محمد بن قيس، عن عبد الله بن أبي قتادة، عن أبيه، عن النبي صلى الله عليه وسلم يزيد أحدهما على صاحبه أن رجلا أتى النبي صلى الله عليه وسلم وهو على المنبر، فقال: أرأيت إن ضربت بسيفي هذا في سبيل الله صابرا محتسبا مقبلا غير مدبر أيكفر الله عني خطاياي؟ قال: «نعم» فناداه، فقال: "" تعال هذا جبريل يقول: إلا أن يكون عليك دين """,0
Sunan Sa'id ibn Mansur,2748,UNGRADED,Character & Manners; Angels & the Unseen,2554- # حدثنا سعيد قال: نا حزم بن أبي حزم، قال: سمعت الحسن، يقول: قال رسول الله صلى الله عليه وسلم: «ما من عبد يموت له عند الله خير، يحب أن يرجع إلى الدنيا وله بمثل ملك الدنيا إلا القتيل في سبيل الله، فإنه يحب أن يرجع فيقتل مرة أخرى»,0
Sunan Sa'id ibn Mansur,2749,UNGRADED,Prayer (Salah); Character & Manners,"2555- # حدثنا سعيد قال: نا حديج بن معاوية، قال: نا أبو إسحاق # ، عن البراء بن عازب، قال: جاء رجل إلى رسول الله صلى الله عليه وسلم، فقال وهو يقاتل: أهو خير لي أن أسلم؟ قال: «نعم» , قال: أشهد أن لا إله إلا الله، وأنك رسول الله، ثم قال: أهو خير لي أن أقاتل حتى أقتل؟ قال: «نعم» ، قال: وإن لم أصل صلاة؟ قال: «نعم» ، قال: فحمل، فقاتل، وقتل، ثم اعتونوا عليه فقتل، فقال رسول الله صلى الله عليه وسلم: «عمل قليلا، وأجر كثيرا»",0
Sunan Sa'id ibn Mansur,2750,UNGRADED,Quran & Recitation; Repentance & Forgiveness,"2556- # حدثنا سعيد قال: نا سفيان، عن مسعر، عن أبي بكر بن حفص بن عمر بن سعد، قال: قرأ رسول الله صلى الله عليه وسلم في أحد الموطنين يوم بدر أو يوم أحد {سابقوا إلى مغفرة من ربكم وجنة عرضها كعرض السماء والأرض} [الحديد: 21] فقام رجل من الأنصار، يقال له ابن قسحم قال: بخ بخ، فقال له رسول الله صلى الله عليه وسلم: «ما أردت بقولك بخ بخ؟» قال: قلت: إن دخلتها إن لي فيها سعة، أي رسول الله صلى الله عليه وسلم فما بيني وبينه؟ قال: «تلقى هذا العدو فتصدق الله» فألقى تمرات كن في يده، فقال:. . . . من طعام الدنيا ثم قاتل حتى قتل """,0
Sunan Sa'id ibn Mansur,2752,UNGRADED,"Prophets & Past Peoples; Time, Days & Nights",2558- # حدثنا سعيد قال: نا عبد الله بن وهب، قال: أخبرني عمرو بن الحارث، عن سعيد بن أبي هلال، أن سليمان بن أبان بن أبي حدير، حدثه أن رسول الله صلى الله عليه وسلم لما خرج إلى بدر أراد سعد بن خيثمة وأبوه أن يخرجا جميعا، فذكر ذلك لرسول الله صلى الله عليه وسلم، فأمرهما أن يخرج أحدهما، فاستهما، فخرج سهم سعد، فقال: أتؤثرني بها يا بني؟ فقال سعد: إنها الجنة، ولو كان غيرها لآثرتك به، فخرج سعد مع النبي صلى الله عليه وسلم، فقتل يوم بدر، ثم قتل خيثمة من العام المقبل يوم أحد,0
Sunan Sa'id ibn Mansur,2755,UNGRADED,Paradise; Food & Drink,2560- # حدثنا سعيد قال: نا سفيان، عن عمرو بن دينار، عن ابن شهاب، عن ابن كعب بن مالك، يبلغ به النبي صلى الله عليه وسلم «أن أنفس الشهداء تعلق من ثمر الجنة»,0
Sunan Sa'id ibn Mansur,2758,UNGRADED,The Grave & Barzakh,2562- # حدثنا سعيد قال: نا إسماعيل بن عياش، عن بحير بن سعد، عن خالد بن معدان، عن المقدام بن معدي كرب، قال: قال رسول الله صلى الله عليه وسلم: «إن للشهيد عند الله خصالا، يغفر له في أول دفقة من دمه، ويرى مقعده من الجنة، ويحلى حلة الإيمان، ويزوج من الحور العين، ويجار من عذاب القبر، ويأمن من الفزع الأكبر، ويوضع على رأسه تاج الوقار، الياقوتة منه خير من الدنيا وما فيها، ويزوج اثنتين وسبعين زوجة من الحور العين، ويشفع في سبعين إنسانا من أقاربه»,0
Sunan Sa'id ibn Mansur,2759,UNGRADED,Other Narrations,2563- # حدثنا سعيد قال: نا إسماعيل بن عياش، عن بحير بن سعد، عن خالد بن معدان، عن كثير بن مرة، عن عبادة بن الصامت، عن النبي صلى الله عليه وسلم مثل ذلك,0
Sunan Sa'id ibn Mansur,2760,UNGRADED,Bloodshed & Murder; Oaths & Vows,"2564- # حدثنا سعيد قال: نا خالد بن عبد الله، عن يزيد بن أبي زياد، عن مجاهد، عن يزيد بن شجرة، أنه قال: قد أصبحت عليكم من الله نعمة من بين أصفر وأخضر وأحمر، وفي البيوت ما فيها، فإذا لقيتم العدو غدا فقدما قدما، فإن رسول الله صلى الله عليه وسلم قال: "" ما تقدم عبد خطوة في # سبيل الله إلا اطلع عليه الحور العين، فإن تأخر استترن منه، فإن قتل كانت أول قطرة تقطر من دمه كفارة لخطاياه، وتأتيه اثنتان من الحور العين مع كل واحدة سبعون حلة لا يجاوز بين أصبعها، تنفضان عنه التراب، وتقولان: مرحبا قد آن لك، ويقول: مرحبا قد آن لكما """,0
Sunan Sa'id ibn Mansur,2762,UNGRADED,Paradise,2566- # حدثنا سعيد قال: نا إسماعيل بن عياش، عن بحير بن سعد، عن خالد بن معدان، عن كثير بن مرة، عن نعيم بن همار، أنه سمع رسول الله صلى الله عليه وسلم وجاءه رجل، فقال: أي الشهداء أفضل؟ قال: «الذين يلقون في الصف ولا يفتلون وجوههم حتى يقتلوا، أولئك الذين يتلبطون في الغرف العلى من الجنة يضحك إليهم ربك، وإذا ضحك ربك إلى عبد في موطن فلا حساب عليه»,0
Sunan Sa'id ibn Mansur,2766,UNGRADED,Day of Judgement,2570- # حدثنا سعيد قال: نا خالد، عن العوام، عن عبد الله بن # أبي الهذيل، قال: «يشفع النبيون يوم القيامة، ثم يشفع الشهداء، فيشفع كل شهيد في أربعين»,0
Sunan Sa'id ibn Mansur,2768,UNGRADED,Day of Judgement,2571- # حدثنا سعيد قال: نا سفيان، عن أبي الزناد، عن الأعرج، عن أبي هريرة، قال: قال رسول الله صلى الله عليه وسلم: «لا يكلم أحد في سبيل الله والله أعلم بمن يكلم في سبيله إلا جاء يوم القيامة وجرحه يثعب دما، الدم لون دم، والريح ريح مسك»,1
Sunan Sa'id ibn Mansur,2770,UNGRADED,Day of Judgement; Paradise,2573- # حدثنا سعيد قال: نا عبد الله بن وهب، قال: أنا عمرو بن الحارث، أن عمر بن السائب، حدثه أنه بلغه أن مالكا أبا أبي سعيد الخدري لما جرح النبي صلى الله عليه وسلم يوم أحد مص جرحه حتى أنقاه ولاح أبيض، فقيل له: مجه، فقال: لا والله لا أمجه أبدا، ثم أدبر يقاتل، فقال رسول الله صلى الله عليه وسلم: «من أراد أن ينظر إلى رجل من أهل الجنة، فلينظر إلى هذا» فاستشهد,0
Sunan Sa'id ibn Mansur,2773,UNGRADED,Bloodshed & Murder; Day of Judgement,2575- # حدثنا سعيد قال: نا سفيان، عن أيوب الطائي، عن قيس بن مسلم، عن طارق بن شهاب، أن سعد بن عبيد القارئ - وكان يسمى على عهد النبي صلى الله عليه وسلم القارئ - قتل يوم القادسية وكان قال لهم: «لا تغسلوا عني دما، ولا تنزعوا عني ثوبا إلا جلدا»,0
Sunan Sa'id ibn Mansur,2778,UNGRADED,Other Narrations,2580- # حدثنا سعيد قال: نا سفيان، قال: نا الأسود بن قيس، عن نبيح العنزي، عن جابر بن عبد الله، أن رسول الله صلى الله عليه وسلم «أمر بقتلى أحد أن يردوا إلى مصارعهم بعد ما حملوا إلى المدينة»,0
Sunan Sa'id ibn Mansur,2781,UNGRADED,"Time, Days & Nights",2582- # حدثنا سعيد قال: نا إسماعيل بن إبراهيم، عن أيوب، عن حميد بن هلال، عن هشام بن عامر الأنصاري، قال: شكوا إلى رسول الله صلى الله عليه وسلم القرح يوم أحد، وقالوا: كيف تأمرنا بقتلانا؟ فقال: «احفروا، وأوسعوا، وأحسنوا، وادفنوا في القبر الاثنين والثلاثة، وقدموا أكثرهم قرآنا» قال هشام: فقدم أبي بين يدي اثنين,0
Sunan Sa'id ibn Mansur,2782,UNGRADED,Other Narrations,2583- # حدثنا سعيد قال: نا سفيان، قال: سمعت الزهري، ولم أتقنه، فقال معمر: إنه حدث عن ابن صعير أو ابن أبي صعير أن رسول الله صلى الله عليه وسلم أشرف على قتلى أحد، فقال: «قد شهدت على هؤلاء فزملوهم بدمائهم وكلومهم»,0
Sunan Sa'id ibn Mansur,2783,UNGRADED,Other Narrations,2584- # حدثنا سعيد قال: نا هشيم، قال: أنا محمد بن إسحاق، عن الزهري، قال: أخبرني عبد الله بن ثعلبة بن صعير، أن رسول الله صلى الله عليه وسلم قال: في قتلى أحد: «زملوهم بدمائهم، وقدموا أكثرهم قرآنا»,0
Sunan Sa'id ibn Mansur,2805,UNGRADED,"Time, Days & Nights",2603- # حدثنا سعيد قال: نا أبو عوانة، عن منصور، عن هلال بن يساف، عن رجل من ثقيف، عن رجل من جهينة قال: قال رسول الله صلى الله عليه وسلم: «لعلكم تقاتلون قوما فتظهرون عليهم فيتقونكم بأموالهم دون أنفسهم وأبنائهم، فيصالحونكم على صلح، فلا تصيبوا منهم فوق ذلك؛ فإنه لا يصلح لكم» قال: فصحبت الجهني إلى أرض الروم، فما رأيت رجلا أتقى للأرض أن يصيب منها شيئا منه,0
Sunan Sa'id ibn Mansur,2806,UNGRADED,Treaties & Non-Muslims,"2604- # حدثنا سعيد قال: نا عبد الله بن وهب، قال: أخبرني عمرو بن الحارث، عن خالد بن أبي عمران، أن عامر بن عبد الله اليحصبي، حدثه أن رجلا جاءه بمخلاة فيها حشيش أو تبن أخذها من بعض أهل الذمة، فقال رسول الله صلى الله عليه وسلم للرجل: «ما هذا؟» قال: أخذته، وليس بشيء , قال: «أخفرت ذمتي أخفرت ذمتي، أخفرت ذمة رسول الله صلى الله عليه وسلم» قال: فذهب الرجل، فأعطاها صاحبها، ثم أتى رسول الله صلى الله عليه وسلم، فأخبره، فقال رسول الله صلى الله عليه وسلم: «ألم تحتج إلى ما أخذت منه؟» قال: بلى , قال: «فهو إلى الذي له أحوج»",0
Sunan Sa'id ibn Mansur,2814,UNGRADED,Women; Day of Judgement,"2610- # حدثنا سعيد قال: نا إسماعيل بن عياش، عن عبد العزيز بن عبيد الله، عن سعيد بن أبي هند، أن أبا مرة، مولى عقيل بن أبي طالب أخبره أن أم هانئ بنت أبي طالب، أخبرته أنها أجارت رجلين من بني مخزوم يوم فتح رسول الله صلى الله عليه وسلم مكة، فدخل عليها علي بن أبي طالب، فقال: ما هذا يا أم هانئ؟ لأقتلنهما قالت: فأغلقت عليهما، ثم ذهبت إلى رسول الله صلى الله عليه وسلم، فوجدته يغتسل وابنته فاطمة تستره بثوب، فاغتسل، ثم أخذ الثوب فالتحفه، ثم صلى ثماني ركعات الضحى، ثم قال: "" ما لك يا أم هانئ؟ قلت: إني أجرت رجلين من أحمائي، فجاء علي يريد أن يقتلهما، فقال رسول الله صلى الله عليه وسلم: «قد أمنا من أمنت، وأجرنا من أجرت»",0
Sunan Sa'id ibn Mansur,2816,UNGRADED,Women; Day of Judgement,2612- # حدثنا سعيد قال: نا يعقوب بن عبد الرحمن، قال: حدثني أبي قال: لما كان يوم الفتح جاءت أم هانئ بنت أبي طالب، فقالت: أي رسول الله، إني أجرت أحمائي، وأغلقت عليهم، وإن ابن أمي أراد قتلهم # ، فقال لها رسول الله: «قد أجرنا من أجرت يا أم هانئ، إنما يجير على المسلمين أدناهم» ، ثم جاءها فتوضأ عندها، ثم تعطف بثوبه، وصلى ثماني ركعات,0
Sunan Sa'id ibn Mansur,2817,UNGRADED,Prophets & Past Peoples,2613- # حدثنا سعيد قال: نا يحيى بن زكريا بن أبي زائدة، عن عبد الملك بن أبي سليمان، عن عطاء بن أبي رباح، قال: جيء بثمامة بن أثال أسيرا إلى رسول الله صلى الله عليه وسلم، فقال: «إن شئت أن نقتلك، وإن شئت أن نفديك، وإن شئت أن نعتقك، وإن شئت أن تسلم» ، فقال: إن تصل تصل عظيما، وإن تفاد تفاد عظيما، وإن تعتق تعتق عظيما، وإن أسلم قسرا فلا، فأعتقه رسول الله صلى الله عليه وسلم، ثم أسلم، فقال: يا رسول الله، لا تحمل إلى قريش حبة ولا تمرة حتى يأذن الله ورسوله، فكتبت قريش إلى رسول الله صلى الله عليه وسلم تسأله بأرحامها، وتقول: إنك تأمر بصلة الرحم، وقد هلكنا وهلك عيالاتنا، فكتب رسول الله صلى الله عليه وسلم إلى ثمامة «أن تدع لحرم الله وأمنه مادتهم، وأن لا تحمي عليهم» فحمل إليهم,0
Sunan Sa'id ibn Mansur,2820,UNGRADED,Brotherhood & Friendship; Prophets & Past Peoples,2615- # حدثنا سعيد بن منصور قال: نا صالح بن موسى، قال: نا منصور، عن مجاهد، عن عبد الله بن سلام، قال: دخل عليه رسول الله صلى الله عليه وسلم في مرضة مرضها، فقال بعض أصحابه: إن كنا لنرجو غير هذه الموتة يا ابن سلام، فقال رسول الله صلى الله عليه وسلم: «ما الذي كنتم ترجون له؟» فأعظموا جوابه، فقال عبد الله بن سلام: يقولون: القتل في سبيل: الشهادة، فقال: «إن شهداء أمتي إذا لقليل إن القتل لمن الشهادة، والهدم، والغرق، والحرق، ووجع البطن، والنفساء، والطاعون»,0
Sunan Sa'id ibn Mansur,2821,UNGRADED,Women; Bloodshed & Murder,2616- # حدثنا سعيد قال: نا سفيان، عن عمرو بن دينار، عن أبي بكر بن حفص بن عمر بن سعد، عن النبي صلى الله عليه وسلم قال: «من تعدون الشهداء من أمتي» قالوا: من قتل في سبيل الله، قال: «إن شهداء أمتي إذا لقليل، فذكر الطاعون وذكر الحرقى، وذكر الغرقى، وذكر البطن، وذكر المرأة التي تموت بجمع»,0
Sunan Sa'id ibn Mansur,2823,UNGRADED,Character & Manners,2618- # حدثنا سعيد قال: نا أبو معاوية، قال: نا الأعمش، عن أبي المخارق، قال: خرج رسول الله صلى الله عليه وسلم في غزوة تبوك فطلقت ناقته فأقام عليها سبعا، فمر بناس من أصحابه وهم يتحدثون، فقالوا: ما رأينا كاليوم رجلا أجلد ولا أقوى لو كان هذا في سبيل الله، فسمعها رسول الله صلى الله عليه وسلم، فقال رسول الله صلى الله عليه وسلم: «إن كان يسعى على صبية له صغار ليغنيهم فهو في سبيل الله، وإن كان يسعى على والديه ليغنيهما فهو في سبيل الله، وإن كان يسعى على نفسه ليغنيها ويكافئ الناس فهو في سبيل الله، وإن كان يسعى سمعة ورياء فهو للشيطان»,0
Sunan Sa'id ibn Mansur,2827,UNGRADED,Prophets & Past Peoples,2621- # حدثنا سعيد قال: نا خالد، عن يونس، عن الحسن، قال: قال رسول الله صلى الله عليه وسلم: «إني لأستعمل الرجل، وغيره أحب إلي منه؛ لأنه أيقظ عينا، وأشد مكيدة، وأمثل رحلة، وإني لأعطيه، وغيره أحب إلي منه أتألفه»,0
Sunan Sa'id ibn Mansur,2828,UNGRADED,Prophets & Past Peoples,2622- # حدثنا سعيد قال: نا أبو معاوية، عن الأعمش، عن إبراهيم، قال: قال رسول الله صلى الله عليه وسلم: «ليس شيء خيرا من ألف مثله من الإنسان»,0
Sunan Sa'id ibn Mansur,2830,UNGRADED,Women,2623- # حدثنا سعيد قال: نا مغيرة بن عبد الرحمن الخزامي، عن أبي الزناد، قال: حدثني مرقع بن صيفي، قال: أخبرني جدي رباح بن ربيع أخو حنظلة الكاتب أنه كان مع رسول الله صلى الله عليه وسلم في غزوة على مقدمتها خالد بن الوليد، فمر رباح وأصحابه على امرأة مقتولة مما أصابت المقدمة، فوقفوا عليها يتعجبون منها، فجاء رسول الله صلى الله عليه وسلم على ناقته، فلما جاء انفرجوا عن المرأة فوقف عليها رسول الله صلى الله عليه وسلم فنظر إليها فقال: «أكانت هذه تقاتل؟ ألم يكن في وجوه القوم» ثم قال لرجل: «الحق خالدا فلا يقتلن ذرية ولا عسيفا»,0
Sunan Sa'id ibn Mansur,2831,UNGRADED,Other Narrations,2624- # حدثنا سعيد قال: نا هشيم، قال: أنا حجاج، قال: نا قتادة، عن الحسن عن سمرة بن جندب، قال: قال رسول الله صلى الله عليه وسلم: «اقتلوا شيوخ المشركين واستبقوا شرخهم»,0
Sunan Sa'id ibn Mansur,2833,UNGRADED,Bloodshed & Murder,2626- # حدثنا سعيد قال: نا هشيم، قال: أنا جويبر، عن الضحاك، قال: «نهى رسول الله صلى الله عليه وسلم عن قتل النساء والولدان إلا من عدا بالسيف»,0
Sunan Sa'id ibn Mansur,2834,UNGRADED,Bloodshed & Murder; Day of Judgement,2627- # حدثنا سعيد قال: نا سفيان، عن الزهري، عن ابن كعب بن مالك، عن عمه، قال: «نهى رسول الله صلى الله عليه وسلم عن قتل النساء والولدان إذ بعث إلى ابن أبي الحقيق»,0
Sunan Sa'id ibn Mansur,2835,UNGRADED,Bloodshed & Murder,2628- # حدثنا سعيد قال: نا حماد بن زيد، عن أيوب، عن رجل، عن أبيه، قال: «نهى رسول الله صلى الله عليه وسلم عن قتل العسفاء والوصفاء»,0
Sunan Sa'id ibn Mansur,2836,UNGRADED,Bloodshed & Murder,2629- # حدثنا سعيد قال: نا إسماعيل بن عياش، عن أبي بكر بن أبي مريم، عن ضمرة بن حبيب أن رسول الله صلى الله عليه وسلم «نهى عن قتل النساء والصبيان والشيوخ، وعقر البهيمة إذا قامت في سبيل الله»,0
Sunan Sa'id ibn Mansur,2838,UNGRADED,Treaties & Non-Muslims,2631- # حدثنا سعيد قال: نا سفيان، عن الزهري، عن عبيد الله بن عبد الله، عن ابن عباس، عن الصعب بن جثامة، قال: سألت رسول الله صلى الله عليه وسلم أو سمعته سئل عن أهل الدار من المشركين يبيتون فيصاب من نسائهم وذراريهم، قال: «هم منهم»,0
Sunan Sa'id ibn Mansur,2845,UNGRADED,Animals,2636- # حدثنا سعيد قال: نا أبو عوانة، عن عاصم بن كليب، عن أبيه، عن رجل من أصحاب النبي صلى الله عليه وسلم قال: غزونا مع رسول الله صلى الله عليه وسلم فأصابتنا مجاعة، ففتح الله علينا، فأصبنا غنما، فانتهب القوم، فأخذنا منها شاة، وإنها لتغلي في قدورنا، إذ أتأنا رسول الله صلى الله عليه وسلم يمشي على قوسه حتى طعن في قدورنا بالقوس، فجفنها وقال: «ليست النهبة بأحل من الميتة، فجعل ينظر إلى العظم قد ارتفع عن الأرض فيدوسه بقوسه حتى يرمله بالتراب»,0
Sunan Sa'id ibn Mansur,2846,UNGRADED,Other Narrations,2637- # حدثنا سعيد قال: نا أبو الأحوص، عن سماك بن حرب، عن ثعلبة بن الحكم، قال: أصبنا غنما للعدو فانتهبناها، فنصبنا قدورنا، فمر النبي صلى الله عليه وسلم بالقدور، وهي تغلي، فأمر بها فأكفئت، ثم قال لهم: «إن النهبة لا تحل»,0
Sunan Sa'id ibn Mansur,2849,UNGRADED,Prophets & Past Peoples,2640- # حدثنا سعيد قال: نا يزيد بن هارون، عن الحجاج، عن الحكم، عن الشعبي، قال: «إنما النهبى التي نهى رسول الله صلى الله عليه وسلم أن يؤخذ بغير طيب نفس صاحبها، ولكن سنتها ليست حسنة» قال الحكم: وكان إبراهيم يكرهه,0
Sunan Sa'id ibn Mansur,2851,UNGRADED,Prophets & Past Peoples,2641- # حدثنا سعيد قال: نا عبد الله بن وهب، قال: أخبرني عمرو بن الحارث أن بكيرا حدثه قال: سمعت سليمان بن يسار، يقول: «أمر رسول الله صلى الله عليه وسلم أسامة بن زيد على جيش وأمره أن يحرق في يبنا»,0
Sunan Sa'id ibn Mansur,2852,UNGRADED,Prophets & Past Peoples,"2642- # حدثنا سعيد قال: نا عبد الله بن المبارك، عن موسى بن عقبة # ، عن نافع، عن ابن عمر، "" أن رسول الله صلى الله عليه وسلم قطع نخل بني النضير وحرق، ولها يقول حسان: # [البحر الوافر] # وهان على سراة بني لؤي ... حريق بالبويرة مستطير # وفي ذلك نزلت: {ما قطعتم من لينة أو تركتموها قائمة} [الحشر: 5] الآية """,0
Sunan Sa'id ibn Mansur,2854,UNGRADED,Jihad & Battles,2643- # حدثنا سعيد قال: نا مغيرة، عن عبد الرحمن الحزامي، عن أبي الزناد، قال: حدثني محمد بن حمزة الأسلمي، عن أبيه، أن رسول الله صلى الله عليه وسلم أمره على سرية، فخرجت فيها فقال: «إن أخذتم فلانا فأحرقوه بالنار» فوليت، فناداني، فرجعت، فقال: «إن أخذتم فلانا فاقتلوه ولا تحرقوه، فإنه لا يعذب بالنار إلا رب النار»,0
Sunan Sa'id ibn Mansur,2855,UNGRADED,Day of Judgement; Resurrection & Intercession,2644- # حدثنا سعيد قال: نا هشيم، قال: أنا يونس، عن الحسن، قال: لما بعث رسول الله صلى الله عليه وسلم معاذا إلى اليمن قال له: «إن أمكنك الله من فلان فحرقه بالنار» فلما مضى معاذ دعاه فقال له: «إن أمكنك الله منه فاضرب عنقه، فإنه ليس لأحد أن يعذب بعذاب الله»,0
Sunan Sa'id ibn Mansur,2856,UNGRADED,Day of Judgement; Resurrection & Intercession,2645- # حدثنا سعيد قال: نا عبد الله بن وهب، قال: أخبرني عمرو بن الحارث، عن بكير، عن سليمان بن يسار، عن أبي هريرة، أنه قال: بعثنا # رسول الله صلى الله عليه وسلم في بعث، فقال: «إنكم إن لقيتم فلانا وفلانا لرجلين من قريش سماهما فأخذتموهما فحرقوهما بالنار» فأتيناه نودعه حين أردنا الخروج، فقال: «إني كنت أمرتكم أن تحرقوا فلانا وفلانا بالنار، وإن النار لا يعذب بها إلا الله عز وجل، فإن وجدتموهما فاقتلوهما»,0
Sunan Sa'id ibn Mansur,2857,UNGRADED,Women; Jihad & Battles,"2646- # حدثنا سعيد قال: نا سفيان، عن ابن أبي نجيح، أن هبار بن الأسود أصاب زينب بنت رسول الله صلى الله عليه وسلم بشيء وهي في خدرها، فأسقطت، فبعث رسول الله صلى الله عليه وسلم سرية، فقال: «إن وجدتموه فاجعلوه بين حزمتي حطب، ثم أشعلوا فيه النار» ثم قال: "" إني لأستحيي من الله لا ينبغي لأحد أن يعذب بعذاب الله، وقال: إن وجدتموه فاقطعوا يده، ثم اقطعوا رجله، ثم اقطعوا يده، ثم اقطعوا رجله "" فلم تصبه السرية وأصابته نقلة إلى المدينة، فأسلم، فأتى النبي صلى الله عليه وسلم فقيل له: هذا هبار، يسب، ولا يسب، وكان رجلا سبابا، فجاءه النبي صلى الله عليه وسلم يمشي حتى وقف عليه، فقال: «يا هبار سب من سبك، يا هبار سب من سبك»",0
Sunan Sa'id ibn Mansur,2861,UNGRADED,Leadership & Governance; Treaties & Non-Muslims,2649- # حدثنا سعيد قال: نا عبد الله بن المبارك، عن سعيد بن يزيد، عن يزيد بن أبي حبيب، عن علي بن رباح، عن عقبة بن عامر، أنه قدم على أبي بكر الصديق رضي الله عنه برأس يناق البطريق فأنكر ذلك، فقال: يا خليفة رسول الله فإنهم يفعلون ذلك بنا، قال: «فاستنان بفارس والروم؟ لا تحمل إلي رأس، فإنما يكفي الكتاب والخبر»,0
Sunan Sa'id ibn Mansur,2863,UNGRADED,Brotherhood & Friendship; Day of Judgement,2651- # حدثنا سعيد قال: نا عبد الله بن المبارك، عن معمر، قال: حدثني صاحب لي، عن الزهري قال: «لم يحمل إلى النبي صلى الله عليه وسلم رأس قط، ولا يوم بدر، وحمل إلى أبي بكر رأس فأنكره، وأول من حملت إليه الرءوس عبد الله بن الزبير»,0
Sunan Sa'id ibn Mansur,2867,UNGRADED,Women; Trade & Business,2654- # حدثنا سعيد قال: نا عبد العزيز بن محمد، عن جعفر بن محمد، عن أبيه، أن رسول الله صلى الله عليه وسلم كان إذا قدم عليه سبي صفهم، ثم قام ينظر إليهم، فإن كانت امرأة تبكي قال لها: «ما يبكيك؟» فتقول: بيع ابني، بيعت ابنتي، فيرد إليها وقدم عليه أبو أسيد الساعدي بسبي فصفوا له، ثم قام ينظر إليهم، فرأى امرأة تبكي، فقال: ما يبكيك؟ قالت: بيع ابني في بني عبس، فقال رسول الله صلى الله عليه وسلم: «لتركبن فلتأتيني به كما بعته» فركب أبو أسيد، فجاء به,0
Sunan Sa'id ibn Mansur,2869,UNGRADED,Other Narrations,2656- # حدثنا سعيد قال: نا سفيان، عن ابن أبي ليلى، عن الحكم أن عليا فرق، فقال رسول الله صلى الله عليه وسلم: «أدرك أدرك»,0
Sunan Sa'id ibn Mansur,2871,UNGRADED,Prophets & Past Peoples,2658- # حدثنا سعيد قال: نا هشيم، قال: أنا سليمان التيمي، عن طليق بن محمد بن عمران، قال: قال رسول الله صلى الله عليه وسلم: «ملعون من فرق»,0
Sunan Sa'id ibn Mansur,2874,UNGRADED,Parents; Women,"2661- # حدثنا سعيد قال: نا أبو شهاب، عن محمد بن إسحاق، عن عبد الله بن الحسن، عن أمه، فاطمة بنت حسين قالت: بعث رسول الله صلى الله عليه وسلم زيد بن حارثة إلى مدينة مقنا - قال سعيد: مقنا هي مدين - فأصاب منهم سبايا منهم ضيمر مولى علي، فأمر رسول الله صلى الله عليه وسلم ببيعهم، فخرج إليهم، وهم يبكون فقال لهم: «مم يبكون؟» قالوا: فرقنا بينهم وهم إخوة، فقال رسول الله صلى الله عليه وسلم: «لا تفرقوا بينهم , بيعوهم جميعا»",0
Sunan Sa'id ibn Mansur,2876,UNGRADED,Jihad & Battles,2662- # حدثنا سعيد قال: نا إسماعيل بن عياش، عن صفوان بن عمرو، عن ضمرة بن حبيب، أن رجلا كان بسق على رسول الله صلى الله عليه وسلم # بمكة من المشركين، فكان رسول الله صلى الله عليه وسلم يتواعده لئن أظفرني الله به لأقتلنه، فبينا هو بعث يوما سرية، إذ جاء بشير فأخبره أن الله قد أحسن بلاءهم، وأعز نصرهم، وأخبرك يا رسول الله أن الله قد أمكن من فلان، فسر بذلك رسول الله صلى الله عليه وسلم، فأقبلوا به مغلولا، فلما رآه رسول الله صلى الله عليه وسلم دعا بسيف، فسله، ثم وضع رداءه عن منكبه، ثم قام إليه شاطرا بالسيف، فقال: «أدنوه مني» فأدنوه، فقال: «كيف رأيت يا عدو الله، أمكن الله منك؟» قال: نعم، فلا تقتلني، فإني أشهد أن لا إله إلا الله وحده لا شريك له وأنك رسول الله، فانصرف رسول الله صلى الله عليه وسلم سريعا راجعا حتى جلس مجلسه، ووضع عليه رداءه، وغمد السيف ثم قال: «خلوا سبيله إن ربي نهاني أن أقتل المصلين»,0
Sunan Sa'id ibn Mansur,2877,UNGRADED,Day of Judgement; Resurrection & Intercession,2663- # حدثنا سعيد قال: نا معتمر بن سليمان، عن إسماعيل بن أبي خالد، عن قيس بن أبي حازم، قال: بعث رسول الله صلى الله عليه وسلم رهطا إلى خثعم، فلما رأوا أصحاب رسول الله صلى الله عليه وسلم قد غشوهم اعتصموا بالسجود، فقتل بعضهم على ذلك، فأمر نبي الله صلى الله عليه وسلم لهم بنصف العقل لصلاتهم، وقال: «إني بريء من كل مسلم مع مشرك» قيل: لم يا رسول الله؟ قال: «لا ترايا نارهما»,0
Sunan Sa'id ibn Mansur,2878,UNGRADED,Prophets & Past Peoples,"2664- # حدثنا سعيد قال: نا معتمر بن سليمان، عن أبيه، عن أبي عثمان النهدي، قال: قال رسول الله صلى الله عليه وسلم: «من رجل لا يخاف في الله لومة لائم؟» فقام الضحاك فقال: أنا يا رسول الله، ثم عاد نبي الله: «من رجل لا يخاف في الله لومة لائم؟» فقام الضحاك فأمره بأمره، وأمره بقتل المقاتلة، وكان رجل إما يحصبي، وإما محاربي يواردهم الماء، وكان فاضلا فأصاب الجيش له ابنين، وأصابوا له إبلا، فأتى النبي صلى الله عليه وسلم فقال: يا نبي الله إني رجل مسلم، فقال: «لا والله حتى لا تواردهم الماء , ولا ترايا نارهما والله لا تأخذهما حتى تجيء بكذا وكذا»",0
Sunan Sa'id ibn Mansur,2882,UNGRADED,Bloodshed & Murder,2667- # حدثنا سعيد قال: نا عبد الله بن وهب، عن عمرو بن الحارث، عن بكير بن الأشج، عن ابن يعلى، أنه قال: غزونا مع عبد الرحمن بن خالد بن الوليد، فأتي بأربعة أعلاج من العدو، فأمر بهم فقتلوا صبرا بالنبل، فبلغ ذلك أبا أيوب الأنصاري فقال: سمعت رسول الله صلى الله عليه وسلم ينهى عن قتل الصبر، فوالذي نفسي بيده لو كانت دجاجة ما صبرتها، فبلغ ذلك عبد الرحمن بن خالد بن الوليد فأعتق أربع رقاب,0
Sunan Sa'id ibn Mansur,2883,UNGRADED,"Day of Judgement; Time, Days & Nights",2668- # حدثنا سعيد قال: نا هشيم، قال: أنا مجالد، عن الشعبي، قال: «كانت الأسارى يوم بدر أحدا وسبعين، والقتلى تسعة وستين، فأمر رسول الله صلى الله عليه وسلم بعقبة بن أبي معيط فضربت عنقه، فكان القتلى سبعين والأسارى سبعين»,0
Sunan Sa'id ibn Mansur,2887,UNGRADED,Prophets & Past Peoples; Jihad & Battles,2672- # حدثنا سعيد قال: نا إسماعيل بن عياش، عن سعيد بن يوسف، عن يحيى بن أبي كثير، قال: قال رسول الله صلى الله عليه وسلم: «لا يتعاطين أحدكم أسير صاحبه إذا أخذه فيقتله»,0
Sunan Sa'id ibn Mansur,2889,UNGRADED,Other Narrations,2673- # حدثنا سعيد قال: نا هشيم، قال: أنا مطرف الحارثي، قال: سألت الشعبي عن سهم النبي صلى الله عليه وسلم والصفي، قال: «أما السهم فكان سهمه كسهم رجل من المسلمين، وأما الصفي فكانت له غرة يصطفيها من المغنم»,0
Sunan Sa'id ibn Mansur,2890,UNGRADED,Other Narrations,2674- # حدثنا سعيد قال: نا سفيان، عن مطرف، عن الشعبي، قال: سئل عن الصفي، قال: «هو علو من المال يتخيره رسول الله صلى الله عليه وسلم»,0
Sunan Sa'id ibn Mansur,2891,UNGRADED,Women; Day of Judgement,2675- # حدثنا سعيد قال: نا هشيم، قال: أنا خالد الحذاء، عن ابن سيرين، «أن رسول الله صلى الله عليه وسلم اصطفى يوم خيبر صفية بنت حيي»,0
Sunan Sa'id ibn Mansur,2892,UNGRADED,Dhikr & Supplication,2676- # حدثنا سعيد قال: نا يعقوب بن عبد الرحمن الزهري، عن عمرو بن أبي عمرو، عن أنس بن مالك، أن رسول الله صلى الله عليه وسلم قال لأبي طلحة: «التمس لي غلاما من غلمانكم يخدمني» حين خرج إلى خيبر، فخرج بي # أبو طلحة مردفي، وأنا غلام قد راهقت الحلم، فكنت أخدم رسول الله صلى الله عليه وسلم إذا نزل، فكنت أسمعه كثيرا يقول: «اللهم إني أعوذ بك من الهم والحزن، والعجز والكسل، والبخل والجبن، وضلع الدين وغلبة الرجال» ثم قدمنا خيبر، فلما فتح الله الحصن ذكر له جمال صفية بنت حيي بن أخطب، وقد قتل زوجها، وكانت عروسا، فاصطفاها رسول الله صلى الله عليه وسلم لنفسه، فخرج بها حتى بلغنا سد الصهباء حلت، فبنى بها، ثم صنع حيسا في نطع صغير، ثم قال: «آذن من حولك» فكانت تلك وليمة رسول الله صلى الله عليه وسلم على صفية، ثم خرجنا إلى المدينة فرأيت رسول الله صلى الله عليه وسلم يحوي لها وراءه بعباءة، ثم يجلس عند بعيره فيضع ركبتيه، فتضع صفية رجلها على ركبتيه حتى تركب، فسرنا حتى إذا أشرفنا على المدينة نظر إلى أحد، فقال: «هذا جبل يحبنا ونحبه» ثم نظر إلى المدينة، فقال: «إني أحرم ما بين لابتيها بمثل ما حرم به إبراهيم مكة، اللهم بارك لهم في مدهم وصاعهم»,0
Sunan Sa'id ibn Mansur,2894,UNGRADED,Prophets & Past Peoples,2678- # حدثنا سعيد قال: نا أبو عوانة، عن موسى بن أبي عائشة # ، قال: سألت يحيى بن الجزار عن سهم النبي صلى الله عليه وسلم من الخمس فقال: «خمس الخمس»,0
Sunan Sa'id ibn Mansur,2895,UNGRADED,Other Narrations,2679- # حدثنا سعيد قال: نا هشيم، قال: أنا أشعث، عن ابن سيرين، قال: «كان رسول الله صلى الله عليه وسلم يضرب له سهم من الغنائم شهد أو غاب»,0
Sunan Sa'id ibn Mansur,2896,UNGRADED,Other Narrations,2680- # حدثنا سعيد قال: نا هشيم، قال: أنا خالد الحذاء، عن عبد الله بن شقيق قال: أخبرني رجل من بلقين عن رجل منهم أنه أتى النبي صلى الله عليه وسلم وهو محاصر وادي القرى، فقال: يا محمد إلى ما تدعو قال: «إلى الله وحده» قال: فهذا المال هل أحد أحق به من أحد؟ فقال: «خمس لله وأربعة أخماس لهؤلاء - يعني أصحابه - وإن انتزع من جنبك سهم، فلست أحق به من أحد»,0
Sunan Sa'id ibn Mansur,2898,UNGRADED,"Day of Judgement; Time, Days & Nights",2681- # حدثنا سعيد قال: نا عبد الرحمن بن أبي الزناد، عن أبيه، عن عبيد الله بن عبد الله، عن ابن عباس، قال: «تنفل رسول الله صلى الله عليه وسلم # سيفه ذا الفقار يوم بدر»,0
Sunan Sa'id ibn Mansur,2899,UNGRADED,Day of Judgement; Jihad & Battles,2682- # حدثنا سعيد قال: نا سفيان، عن عمرو بن دينار، عن عكرمة أن «سيف رسول الله صلى الله عليه وسلم ذا الفقار كان لأبي العاص بن منبه فقتله رسول الله صلى الله عليه وسلم يوم بدر وتسلحه»,0
Sunan Sa'id ibn Mansur,2900,UNGRADED,Other Narrations,2683- # حدثنا سعيد قال: نا عبد الله بن وهب، قال: أخبرني عمرو بن الحارث، عن أبي النضر، أن عوف بن مالك الأشجعي، أتى رسول الله صلى الله عليه وسلم، فقال: يا رسول الله، إني أخاف أن لا أراك بيومي هذا، فأوصني، قال: «عليك بجبل الخمر؟» قال: وما جبل الخمر؟ قال: «أرض المحشر» فأوصاه، ثم قال: «إياك وسرية النفل، فإنهم إن يلقوا يفروا، وإن يغنموا يغلوا»,0
Sunan Sa'id ibn Mansur,2907,UNGRADED,Quran & Recitation,2689- # حدثنا سعيد قال: نا أبو معاوية، قال: نا أبو إسحاق الشيباني، عن محمد بن عبيد الله الثقفي، عن سعد بن أبي وقاص، قال: لما كان يوم بدر قتلت سعيد بن العاص، وأخذت سيفه، وكان يسمى ذا الكتيفة، فجئت به إلى رسول الله صلى الله عليه وسلم وقد قتل أخي عمير قبل ذلك، فقال لي رسول الله صلى الله عليه وسلم: «اذهب فاطرحه في القبض» قال: فرجعت وبي ما لا يعلمه إلا الله عز وجل من قتل أخي وأخذ سلبي، فما جاوزت إلا # قريبا حتى نزلت سورة الأنفال، فدعاني رسول الله صلى الله عليه وسلم فقال: «اذهب فخذ سيفك»,0
Sunan Sa'id ibn Mansur,2912,UNGRADED,"Day of Judgement; Time, Days & Nights",2694- # حدثنا سعيد قال: نا شريك، عن عبد الكريم الجزري، عن عكرمة، أن يهوديا قال يوم خيبر: هل مبارز، فقال رسول الله صلى الله عليه وسلم: «ابرز له يا زبير» فقالت صفية: واحدي يا رسول الله قال: «نعم» # : فبرز له فقتله فأعطاه رسول الله صلى الله عليه وسلم سلبه,0
Sunan Sa'id ibn Mansur,2913,UNGRADED,"Day of Judgement; Time, Days & Nights","2695- # حدثنا سعيد قال: نا سفيان، عن يحيى بن سعيد، عن عمر بن كثير بن أفلح، عن أبي محمد، عن أبي قتادة، أن رسول الله صلى الله عليه وسلم نفله سلب رجل قتله يوم حنين، ولم يخمس """,0
Sunan Sa'id ibn Mansur,2914,UNGRADED,Character & Manners; Truthfulness & Lying,"2696- # حدثنا سعيد قال: نا هشيم، قال: أنا يحيى بن سعيد، عن عمر بن كثير بن أفلح، قال: أخبرني أبو محمد الأنصاري، وكان جليسا لأبي قتادة، قال: سمعت أبا قتادة يقول: لما انكشف المسلمون يوم حنين رأيت عمر بن الخطاب رضي الله عنه، فقلت: ما هذا؟ قال: أمر الله، ثم إن الناس تراجعوا بعد، فأتيت رسول الله صلى الله عليه وسلم وهو في حلقة من أصحابه، فسمعته يقول: «من أقام البينة على قتيل قتله، فله سلبه» وقد كنت رأيت رجلا من المشركين يختل رجلا من المسلمين ليقتله، فأتيته من خلفه، فضربت يديه فقطعتهما، فمال علي فاحتضنني، فقلت: لأموتن، ثم إنه تحلل عني فعرفت أنه قد نزف، فلما تركني ملت عليه بالسيف، فضربت عنقه، فسمعت النبي صلى الله عليه وسلم وهو يقول: «من أقام البينة على قتيل قتله فله سلبه» فقمت فنظرت، فقلت: من يشهد لي؟ فجلست، ثم إني قمت الثانية، فنظرت، فقلت: من يشهد لي؟ فقال رسول الله صلى الله عليه وسلم: "" ما لك يا أبا قتادة؟ قلت: يا رسول الله , قطعت يد رجل من المشركين وقتلته، وليس لي بينة على قتله، فقال رجل # : صدق يا رسول الله، وإن سلب هذا الذي يذكر لمعي، أو قال لعندي , قال أبو بكر للرجل: والله ما ذاك لك، رجل يقاتل عن رسول الله صلى الله عليه وسلم وعن المسلمين، فقال رسول الله صلى الله عليه وسلم: «صدق أبو بكر، ادفع إليه سلبه» فأخذت السلب فكان أول مخرف أصبته من المدينة لمن ثمن ذلك السلب",0
Sunan Sa'id ibn Mansur,2915,UNGRADED,Justice & Judgement,"2697- # حدثنا سعيد قال: نا إسماعيل بن عياش، عن صفوان بن عمرو، عن عبد الرحمن بن جبير بن نفير، عن أبيه، عن عوف بن مالك الأشجعي، قال: غزونا غزوة إلى طرف الشام فأمر علينا خالد بن الوليد، فانضم إلينا رجل من أمداد حمير يأوي إلى رحالنا، وليس معه شيء إلا سيف له، ليس معه سلاح غيره، فنحر رجل من المسلمين جزورا فلم يزل يحتال حتى أخذ من جلده كهيئة المجن، ثم بسطه على الأرض، ثم أوقد عليه حتى جف، فجعل له ممسكا كهيئة الترس، فقضي لنا أن لقينا عدونا، وفيهم أخلاط من الروم، والعرب من قضاعة، فقاتلونا قتالا شديدا، وفي القوم رجل من الروم على فرس له أشقر، وسرج مذهب، ومنطقة ملطخة، وسيف مثل ذلك، فجعل يحمل على القوم ويغري بهم، فلم يزل ذلك المددي يختل لذلك # الرومي حتى مر به، فاستقفاه، فضرب عرقوب فرسه بالسيف، ثم وقع وأتبعه ضربا بالسيف حتى قتله، فلما فتح الله الفتح أقبل يسلب السلب، وقد شهد له الناس أنه قاتله، فأعطاه خالد بعض سلبه، وأمسك سائره، فلما رجع إلى رحل عوف، ذكر ذلك له، فقال عوف: ارجع إليه فليعطك ما بقي، فرجع إليه فأبى عليه، فمشى حتى أتى خالدا فقال: أما تعلم أن رسول الله صلى الله عليه وسلم قضى بالسلب للقاتل، قال: بلى، قال: فما منعك أن تدفع إليه سلب قتيله؟ قال خالد: استكثرته له، فقال عوف: لئن رأيت وجه رسول الله صلى الله عليه وسلم لأذكرن ذلك له، فلما قدم المدينة بعثه فاستعدى رسول الله صلى الله عليه وسلم، فدعا خالدا، وعوف قاعد، فقال رسول الله صلى الله عليه وسلم: «ما منعك أن تدفع إلى هذا سلب قتيله؟» قال: استكثرته يا رسول الله، قال: «فادفع إليه» ، قال: فمر بعوف، فجر عوف بردائه، ثم قال: قد أنجزت لك ما ذكرت لك من أمر رسول الله صلى الله عليه وسلم، فسمعه رسول الله صلى الله عليه وسلم فاستغضب، فقال: «لا تعطه يا خالد لا تعطه يا خالد هل أنتم تاركو لي أمرائي، إنما مثلكم كمثل رجل استرعي إبلا وغنما، فرعاها، ثم تحين سقيها، فأوردها حوضه، فشرعت فيه فشربت صفوه، وتركت كدره، فصفوه أمره لكم، وكدره عليهم» # وإذا تنازع رجلان في القتيل، وكل واحد منهما: يقول أنا قتلته , وليس بالعلج رمق، ولا بينة لواحد منهما فالسلب بينهما، وإن كان بالعلج رمق فالسلب لمن قال العلج: إنه قتله",0
Sunan Sa'id ibn Mansur,2916,UNGRADED,Justice & Judgement,2698- # حدثنا سعيد قال: نا إسماعيل بن عياش، مرة أخرى عن صفوان بن عمرو، عن عبد الرحمن بن جبير بن نفير، عن أبيه، عن عوف بن مالك الأشجعي، وخالد بن الوليد، «أن رسول الله صلى الله عليه وسلم قضى بالسلب للقاتل ولم يخمس السلب»,0
Sunan Sa'id ibn Mansur,2918,UNGRADED,Character & Manners; Prophets & Past Peoples,"2700- # حدثنا سعيد قال: نا عبد الله بن وهب، قال: أخبرني عمرو بن الحارث، عن بكير بن سليمان، حدثه أنهم كانوا مع معاوية بن حديج في غزوة بالمغرب فنفل الناس، ومعنا أصحاب رسول الله صلى الله عليه وسلم فلم يردد ذلك أحد غير جبلة بن عمرو بن الأنصاري """,0
Sunan Sa'id ibn Mansur,2919,UNGRADED,Women,"2701- # حدثنا سعيد قال: نا سفيان، عن يزيد بن يزيد بن جابر، عن # مكحول، عن زياد بن جارية، عن حبيب بن مسلمة، قال: شهدت رسول الله صلى الله عليه وسلم ينفل الثلث في بدأته """,0
Sunan Sa'id ibn Mansur,2920,UNGRADED,Women; Prophets & Past Peoples,2702- # حدثنا سعيد قال: نا إسماعيل بن عياش، عن عبيد الله بن عبيد، عن مكحول، عن زياد بن جارية التميمي، عن حبيب بن مسلمة، قال: «نفل رسول الله صلى الله عليه وسلم الثلث والربع» قال عبيد الله: فسمعني سليمان بن يسار أذكر هذا الحديث، فقال: «الربع في بدأته، والثلث في رجعته»,0
Sunan Sa'id ibn Mansur,2921,UNGRADED,Other Narrations,2703- # حدثنا سعيد قال: نا إسماعيل بن عياش، عن عبد الرحمن بن يزيد بن تميم، عن مكحول، قال: سألت الحجاج بن عبد الله النضري عن النفل، فقال: «نفل رسول الله صلى الله عليه وسلم بالثلث والربع» ولم يمنعني أن أسأله من يسنده إلا إجلالا له,0
Sunan Sa'id ibn Mansur,2922,UNGRADED,Jihad & Battles,2704- # حدثنا سعيد قال: نا إسماعيل بن عياش، عن عبيد الله بن عمر، عن نافع، عن ابن عمر أن رسول الله صلى الله عليه وسلم «نفلهم في سرية خرجوا فيها قبل نجد، فغنموا إبلا كثيرة فنفلهم بعيرا بعيرا، وكانت سهمانهم اثني عشر بعيرا، ولم يكونوا خرجوا على نفل شيء»,0
Sunan Sa'id ibn Mansur,2932,UNGRADED,Character & Manners; Oaths & Vows,2713- # حدثنا سعيد قال: نا أبو عوانة، عن أبي الجويرية، عن معن بن يزيد، قال: بايعت النبي صلى الله عليه وسلم أنا وأبي وجدي، وخاصمت إليه فأفلحني، وخطب علي فأنكحني، قال معن: «لا تحل غنيمة حتى تقسم، ولا يحل نفل حتى يقسم على الناس حفة واحدة، فإذا قسم حل لي أن أعطيك»,0
Sunan Sa'id ibn Mansur,2939,UNGRADED,Justice & Judgement; Knowledge & Scholars,2718- # حدثنا سعيد قال: نا إسماعيل بن عياش، قال: سألت حريز بن عثمان عن الرجل يقتل الرجل ويجهز عليه آخر، قال: «السلب للذي قتله إذا جرحه، وليس للذي أجهز عليه شيء، كذلك قضى رسول الله صلى الله عليه وسلم في سلب أبي جهل»,0
Sunan Sa'id ibn Mansur,2942,UNGRADED,Other Narrations,2720- # حدثنا سعيد قال: نا سفيان، عن عمرو بن دينار، عن سالم بن أبي الجعد، عن عبد الله بن عمرو، أن رجلا كان على نفل النبي صلى الله عليه وسلم يقال له كركرة، فمات، فقال رسول الله صلى الله عليه وسلم: «إنه في النار» ، فنظروا، فوجدوا عنده كساء قد غله,0
Sunan Sa'id ibn Mansur,2943,UNGRADED,"Time, Days & Nights",2721- # حدثنا سعيد قال: نا عبد الله بن وهب، عن عمرو بن الحارث، عن سعيد بن أبي هلال، أن شيبة بن نصاح مولى أم سلمة زوج النبي صلى الله عليه وسلم حدثه، عن خالد بن مغيث أن رسول الله صلى الله عليه وسلم قال: «لقد رأيت قزمان متلففا في خميلة في النار» يريد أسود غل يوم حنين,0
Sunan Sa'id ibn Mansur,2944,UNGRADED,Women; Day of Judgement,2722- # حدثنا سعيد قال: نا أبو معاوية، عن محمد بن إسحاق، عن يزيد # بن أبي حبيب، عن أبي مرزوق، مولى تجيب عن حنش الصنعاني، قال: فتحنا مدينة بالمغرب يقال لها جربة، فقام فينا رويفع بن ثابت الأنصاري، فقال: لا أقول لكم إلا ما سمعت رسول الله صلى الله عليه وسلم يقول يوم حنين: «من كان يؤمن بالله واليوم الآخر فلا يطأ جارية من السبي حتى يستبرئها بحيضة، ومن كان يؤمن بالله واليوم الآخر فلا يبع نصيبه من المغنم حتى يقبضه، ومن كان يؤمن بالله واليوم الآخر فلا يركب دابة في فيء المسلمين حتى إذا أعجفها ردها فيه، ومن كان يؤمن بالله واليوم الآخر فلا يلبس ثوبا من فيء المسلمين حتى إذا أخلقه رده فيه»,0
Sunan Sa'id ibn Mansur,2945,UNGRADED,Repentance & Forgiveness; Day of Judgement,2723- # حدثنا سعيد قال: نا سفيان، عن عمرو بن دينار، قال: لما كان يوم بدر جاء رجل إلى النبي صلى الله عليه وسلم، فقال: يا رسول الله، إن فلانا غل قطيفة من المغنم، فسأله النبي صلى الله عليه وسلم: «هل فعلت؟» قال: لا، فنظر النبي صلى الله عليه وسلم إلى الرجل الذي أخبره، فقال: «احفروا هاهنا» ، فحفروا # ، فاستخرجوا القطيفة فقالوا: يا رسول الله، استغفر له، فقال: «دعونا من الأخر»,0
Sunan Sa'id ibn Mansur,2948,UNGRADED,Prophets & Past Peoples,2726- # حدثنا سعيد قال: نا شريك بن عبد الله، عن إبراهيم بن المهاجر، عن قيس بن أبي حازم، أن رجلا أتى رسول الله صلى الله عليه وسلم بكبة شعر من المغنم، فقال: يا رسول الله، إنا نعمل الشعر، فهبها لي، فقال: «نصيبي منها لك»,0
Sunan Sa'id ibn Mansur,2952,UNGRADED,Other Narrations,2729- # حدثنا سعيد قال: نا عبد العزيز بن محمد، قال: أخبرني صالح بن محمد بن زائدة، قال: كنت مع مسلمة بن عبد الملك في الغزو، فوجد إنسانا قد غل، فدعا سالم بن عبد الله، فسأله عن ذلك، فقال: حدثني أبي، عن عمر بن الخطاب رضي الله عنه أن رسول الله صلى الله عليه وسلم قال: «من وجدتموه قد غل فاضربوه، وحرقوا متاعه» ، فوجد في رحله مصحف، فسئل سالم عن ذلك، فقال: بيعوه وتصدقوا بثمنه,0
Sunan Sa'id ibn Mansur,2963,UNGRADED,Character & Manners; Oaths & Vows,"2738- # حدثنا سعيد قال: نا عبد الله بن وهب، قال: أخبرني عمرو بن الحارث، أن بكر بن سوادة حدثه أن زياد بن نعيم حدثه أن رجلا من بني ليث حدثه أنهم كانوا مع رسول الله صلى الله عليه وسلم في غزوة، فكان النفر يصيبون الغنم العظيمة، ولا يصيب الآخرون إلا الشاة، فقال رسول الله صلى الله عليه وسلم # : «لو أنكم أطعمتم إخوانكم» فرمينا لهم بشاة شاة، حتى كان الذي معهم أكثر من الذي معنا قال بكر: وما رأينا أحدا قط يقسم الطعام كله، ولا ينكر أخذه، ولكن يستمتع به، ولا يباع، فأما غير الطعام من متاع العدو فإنه يقسم , قال بكر: وقد رأيت الناس ينقلبون بالمشاجب، والعيدان، لا يباع في قسم لنا من ذلك شيء",0
Sunan Sa'id ibn Mansur,2964,UNGRADED,Other Narrations,2739- # حدثنا سعيد قال: نا عبد الله بن وهب، قال: أخبرني عمرو بن الحارث، أن ابن حرشف الأزدي حدثه، عن القاسم بن عبد الرحمن، عن بعض أصحاب رسول الله صلى الله عليه وسلم قال: «كنا نأكل الجزر في الغزو ولا نقسمه حتى إن كنا لنرجع إلى رحالنا وأخرجتنا منه مملأة»,0
Sunan Sa'id ibn Mansur,2965,UNGRADED,Day of Judgement; Treaties & Non-Muslims,2740- # حدثنا سعيد قال: نا أبو معاوية، وقال أبو إسحاق الشيباني، عن محمد بن أبي مجالد، عن عبد الله بن أبي أوفى، قال: قلت: هل كنتم تخمسون في عهد رسول الله صلى الله عليه وسلم الطعام؟ قال: «أصبنا طعاما يوم خيبر، وكان الرجل يجيء فيأخذ منه مقدار ما يكفيه، ثم ينصرف»,0
Sunan Sa'id ibn Mansur,2969,UNGRADED,Other Narrations,2744- # حدثنا سعيد قال: نا خالد بن عبد الله، عن الحارث، عن شيخ قديم قد أدرك عثمان بن عفان وأصحاب رسول الله صلى الله عليه وسلم قال: «كنا نغزو فنصيب من الثمار والأعناب ما كانت ظاهرة، وإذا أدخلوها البيوت لم نأخذها إلا مثامنة»,0
Sunan Sa'id ibn Mansur,2975,UNGRADED,Other Narrations,2749- # حدثنا سعيد قال: نا هشيم، عن خالد الحذاء، عن أبي قلابة، عن أبي ثعلبة الخشني، قال: سألت رسول الله صلى الله عليه وسلم عن آنية المشركين: أيطبخ فيها؟ قال: «اغسلوها بالماء، ثم اطبخوا فيها»,0
Sunan Sa'id ibn Mansur,2982,UNGRADED,Other Narrations,2754- # حدثنا سعيد قال: نا سفيان، عن عمرو بن دينار، عن النبي صلى الله عليه وسلم، وابن عجلان عن عمرو بن شعيب، عن أبيه، عن جده - يزيد أحدهما على صاحبه - أن رسول الله صلى الله عليه وسلم لما انصرف عن حنين وهو على ناقته فأخذت سمرة بردائه، فقال: «ردوا علي ردائي، تخافون علي البخل، والله لو أفاء الله علي مثل سمر تهامة نعما لقسمته عليكم، ثم لا تجدوني بخيلا، ولا جبانا، ولا كذابا» فلما كان عند قسمة الخمس أتاه رجل يستحله مخيطا أو خياطا، فقال: «إياكم والغلول، فإنه عار وشنار ونار» ، ثم رفع وبرة من ظهر بعيره، فقال: «ما يحل لي مما أفاء الله عليكم ولا مثل هذا إلا الخمس وهو مردود عليكم»,0
Sunan Sa'id ibn Mansur,2983,UNGRADED,Character & Manners; Prophets & Past Peoples,2755- # حدثنا سعيد قال: نا صالح بن موسى، قال: نا شريك بن عبد الله بن أبي نمر، عن أنس بن مالك، قال: لما ظهر رسول الله صلى الله عليه وسلم على أهل حنين سأله الناس وازدحموا عليه حتى ألجوه إلى شجرة علقت رداءه، فقال: «علام تضطروني إلى هذه الشجرة؟ حتى علقت ردائي، والذي نفس محمد بيده لو كان هذا الوادي نعما كله لقسمته فيكم»,0
Sunan Sa'id ibn Mansur,2984,UNGRADED,Day of Judgement,2756- # حدثنا سعيد قال: نا يعقوب بن عبد الرحمن، عن الزهري # ، عن عمرو بن أبي عمرو، عن المطلب بن عبد الله، أنه بلغه أن رسول الله صلى الله عليه وسلم جلس يوم حنين يؤتى بالغنائم، فأخذ وبرة من الأرض صغيرة، فأمسكها بين إصبعيه، فقال: «يا أيها الناس، والله ما يحل لي من الفيء قدر هذه الوبرة إلا الخمس، وإن الخمس لمردود فيكم، فاتقوا الله، وأدوا المخيط والخياط، واعلموا أن الغلول يوم القيامة عار ونار وشنار»,0
Sunan Sa'id ibn Mansur,2985,UNGRADED,Other Narrations,2757- # حدثنا سعيد قال: نا عبد الله بن وهب، قال: أخبرني أبو هانئ الخولاني، أنه سمع علي بن رباح اللخمي، يقول: سمعت فضالة بن عبيد الأنصاري، يقول: أتي رسول الله صلى الله عليه وسلم وهو بخيبر بقلادة فيها خرز وذهب، وهي من الغنائم تباع، فأمر رسول الله صلى الله عليه وسلم بالذهب الذي في القلادة، فنزع وحده، ثم قال لهم رسول الله صلى الله عليه وسلم: «الذهب بالذهب وزنا بوزن»,0
Sunan Sa'id ibn Mansur,2987,UNGRADED,Trade & Business,2759- # حدثنا سعيد قال: نا سفيان، عن يزيد بن يزيد بن جابر، عن مكحول، «أن رسول الله صلى الله عليه وسلم نهى عن بيع المغنم حتى يقسم»,0
Sunan Sa'id ibn Mansur,2989,UNGRADED,Other Narrations,2760- # حدثنا سعيد قال: نا عبد العزيز بن محمد، قال: أخبرني عبيد الله بن عمر، عن نافع، عن ابن عمر، قال: لا أعلم إلا عن النبي صلى الله عليه وسلم أنه «فرض للفرس سهمين وللراجل سهما» قال عبد العزيز: لا أدري أنا شككت أو عبيد الله,0
Sunan Sa'id ibn Mansur,2990,UNGRADED,Destiny & Decree,2761- # حدثنا سعيد قال: نا ابن عياش، عن سوادة بن زياد، قال: كتب عمر بن عبد العزيز إلى عبد الحميد بن عبد الرحمن: «أما بعد، فإن سهمان الخيل فريضة مما فرض رسول الله صلى الله عليه وسلم سهمين للفرس، وسهما للرجال، ولعمري لقد كان حديثا ما أشعر أن أحدا من المسلمين هم بانتقاص ذلك، فمن هم بانتقاص ذلك فعاقبه، والسلام عليك»,0
Sunan Sa'id ibn Mansur,2991,UNGRADED,"Day of Judgement; Time, Days & Nights",2762- # حدثنا سعيد قال: نا أبو معاوية، قال: نا عبيد الله بن عمر، عن نافع، عن ابن عمر، أن رسول الله صلى الله عليه وسلم «أعطى يوم خيبر للرجل سهما وللفرس سهمين»,0
Sunan Sa'id ibn Mansur,2993,UNGRADED,Day of Judgement; Animals,2764- # حدثنا سعيد قال: نا ابن عياش، عن يحيى بن سعيد، عن صالح بن كيسان، أن الخيل كانت مع رسول الله صلى الله عليه وسلم يوم خيبر ستة وثلاثين فرسا، وأنه «أسهم لكل فرس سهمين، وكان يوم حنين مائتي فارس، وأسهم لكل فرس سهمين وللرجل سهما»,0
Sunan Sa'id ibn Mansur,2996,UNGRADED,"Day of Judgement; Time, Days & Nights",2767- # حدثنا سعيد قال: نا سفيان، عن يحيى بن سعيد، عن بشير # بن يسار أن «أصحاب رسول الله صلى الله عليه وسلم يوم الحديبية كانوا ألفا وأربع مائة»,0
Sunan Sa'id ibn Mansur,2998,UNGRADED,Other Narrations,2769- # حدثنا سعيد قال: نا عبد العزيز بن محمد، قال: نا أسامة بن زيد، عن مكحول أن النبي صلى الله عليه وسلم «فرض للفارس منهم سهمين، وللراجل سهما»,0
Sunan Sa'id ibn Mansur,2999,UNGRADED,Other Narrations,2770- # حدثنا سعيد قال: نا جرير بن عبد الحميد، عن ليث، عن مجاهد، قال: «أول من أشار على النبي صلى الله عليه وسلم للفرس سهمين عمر بن الخطاب رضي الله عنه»,0
Sunan Sa'id ibn Mansur,3004,UNGRADED,Brotherhood & Friendship,"2773- # حدثنا سعيد قال: نا هشيم، قال: أنا جويبر بن سعيد، قال: أتانا كتاب عمر بن عبد العزيز ونحن بخراسان: «سلام عليكم أما بعد، فإنه بلغني أن بعض ولاتكم وضعوا سهام البراذين، فكانوا لما فعلوا من ذلك أهلا، وإنه بلغني عن الثقة، عن رسول الله صلى الله عليه وسلم أنه» أسهم الخيل كلها عرابها ومقاريفها للفرس سهمين "" فأسهموها كما أسهمها رسول الله صلى الله عليه وسلم، قال الله عز وجل في كتابه: {والخيل والبغال} [النحل: 8] فجعلها خيلا كلها، ولعمري ما كانت البرذون بأعفى من العمل من صاحب العربي فيما كان من مسلحة أو حرس، والسلام عليك """,0
Sunan Sa'id ibn Mansur,3006,UNGRADED,Other Narrations,2774- # حدثنا سعيد قال: نا ابن عياش، عن الأوزاعي أن رسول الله صلى الله عليه وسلم كان «يسهم للخيل، وكان لا يسهم للرجل فوق فرسين، وإن كان معه عشرة أفراس»,0
Sunan Sa'id ibn Mansur,3020,UNGRADED,"Time, Days & Nights",2784- # حدثنا سعيد قال: نا عبد الله بن وهب، قال: أخبرني عمرو، أن سعيد بن أبي هلال، حدثه أن شبلا حدثه أن سهلة بنت عاصم ولدت يوم خيبر، فقال رسول الله صلى الله عليه وسلم: «تساهلت» ، ثم ضرب لها بسهم، فقال رجل من القوم: أعطيت سهلة مثل سهمي,0
Sunan Sa'id ibn Mansur,3025,UNGRADED,"Day of Judgement; Time, Days & Nights",2789- # حدثنا سعيد قال: نا هشيم، قال: أنا محمد بن إسحاق، عن الزهري «أن رسول الله صلى الله عليه وسلم أسهم لرجلين من اليهود يوم خيبر»,0
Sunan Sa'id ibn Mansur,3026,UNGRADED,Other Narrations,2790- # حدثنا سعيد قال: نا سفيان، عن يزيد بن يزيد بن جابر، عن الزهري «أن رسول الله صلى الله عليه وسلم استعان بناس من اليهود في حربه فأسهم لهم»,0
Sunan Sa'id ibn Mansur,3028,UNGRADED,Character & Manners; Prophets & Past Peoples,2791- # حدثنا سعيد قال: نا عبد الرحمن بن زياد، عن شعبة، عن قيس # بن مسلم، قال: سمعت طارق بن شهاب، قال: إن أهل البصرة غزوا نهاوند، فأمدهم أهل الكوفة، فأراد أهل البصرة أن لا يقسموا لأهل الكوفة، وكان عمار على أهل الكوفة، فقال رجل من بني عطارد: أيها الأجدع، تريد أن تشاركنا في غنائمنا؟ قال: خير أذني سببت، كأنها أصيبت مع رسول الله صلى الله عليه وسلم، فكتب في ذلك إلى عمر، فكتب عمر أن «الغنيمة لمن شهد الوقعة»,0
Sunan Sa'id ibn Mansur,3030,UNGRADED,Day of Judgement; Resurrection & Intercession,2793- # حدثنا سعيد قال: نا ابن عياش، عن محمد بن الوليد الزبيدي، عن الزهري، أن عنبسة بن سعيد أخبره أنه، سمع أبا هريرة يحدث سعيد بن العاص أن رسول الله صلى الله عليه وسلم بعث أبان بن سعيد بن العاص على سرية من المدينة قبل نجد، فقدم أبان بن سعيد وأصحابه على رسول الله صلى الله عليه وسلم بخيبر بعد أن فتحها، وإن حزم خيلهم لليف، فقال أبان: اقسم لنا # يا رسول الله، فقال أبو هريرة: لا تقسم لهم يا رسول الله، فقال أبان: أنت بها يا وبر، تحدر من رأس ضال، فقال النبي صلى الله عليه وسلم: «اجلس يا أبان» ، ولم يقسم لهم رسول الله صلى الله عليه وسلم,0
Sunan Sa'id ibn Mansur,3045,UNGRADED,Adultery & Chastity; Theft & Property,2805- # حدثنا سعيد قال: نا ابن عياش، عن أبي بكر بن أبي مريم، عن عطية بن قيس أن رسول الله صلى الله عليه وسلم كان «إذا لحق الرجل من أصحابه العدو فقتل فيهم، أو زنى، أو سرق، ثم أخذ أمانا على نفسه بما أصاب، فأعطاه الأمان، لم يقم عليه ما أصاب في الشرك، وإذا أصاب في الإسلام شيئا من ذلك فلحق بالشرك، ثم أخذ على نفسه أمانا، فإنه يقام عليه ما فر منه»,0
Sunan Sa'id ibn Mansur,3047,UNGRADED,Justice & Judgement,2806- # حدثنا سعيد قال: نا أبو معاوية، عن الحجاج، عن أبي سعيد الأعم، قال: «قضى رسول الله صلى الله عليه وسلم في العبد وسيده قضيتين، قضى في العبد إذا خرج من دار الحرب قبل سيده أنه حر، فإن خرج سيده بعد لم يرد عليه، وقضى أن السيد إذا خرج من دار الحرب قبل العبد، ثم خرج العبد بعده، رد على سيده»,0
Sunan Sa'id ibn Mansur,3048,UNGRADED,"Day of Judgement; Time, Days & Nights",2807- # حدثنا سعيد قال: نا يزيد بن هارون، عن الحجاج، عن الحكم، عن مقسم، عن ابن عباس، قال: «كان صلى الله عليه وسلم يعتق العبيد إذا جاءوا # قبل مواليهم، فأسلموا، وأعتق يوم الطائف عبدين»,0
Sunan Sa'id ibn Mansur,3049,UNGRADED,Other Narrations,"2808- # حدثنا سعيد قال: نا أبو الأحوص، عن مغيرة، عن شباك، عن عامر، عن رجل من ثقيف قال: سألنا رسول الله صلى الله عليه وسلم ثلاثا، فلم يرخص لنا في واحد منهن، وسألناه أن يرخص لنا في الطهور وكانت أرضنا أرضا باردة، فلم يفعل، ولم يرخص لنا في الدباء ساعة قط، وسألناه أن يرد علينا أبا بكرة وكان عبدا لنا، أتى رسول الله صلى الله عليه وسلم وهو محاصر ثقيفا فأسلم، فأبى أن يرده علينا "" قال: «هو طليق الله، ثم طليق رسوله» ، فلم يرده علينا",0
Sunan Sa'id ibn Mansur,3058,UNGRADED,Trade & Business,2815- # حدثنا سعيد قال: نا سفيان، عن يزيد بن يزيد بن جابر، عن مكحول أن رسول الله صلى الله عليه وسلم «نهى أن توطأ الحبالى حتى يضعن # ، وعن بيع المغانم حتى يقسم، وعن لحوم الحمر الأهلية، وعن كل ذي ناب من السبع»,0
Sunan Sa'id ibn Mansur,3065,UNGRADED,Prophets & Past Peoples,"2820- # حدثنا سعيد قال: نا سفيان، عن أيوب، عن أبي قلابة، عن أبي المهلب، عن عمران بن حصين أن رسول الله صلى الله عليه وسلم أعطى رجلا من بني عقيل، وأخذ رجلين من المسلمين """,0
Sunan Sa'id ibn Mansur,3066,UNGRADED,Other Narrations,2821- # حدثنا سعيد قال: نا إسماعيل بن عياش، عن عبد الرحمن بن زياد بن أنعم، عن حبان بن أبي جبلة، أن رسول الله صلى الله عليه وسلم قال: «إن على المسلمين في فيئهم أن يفادوا أسيرهم ويؤدوا عن غارمهم»,0
Sunan Sa'id ibn Mansur,3088,UNGRADED,Prophets & Past Peoples; Women; Day of Judgement,"2837- # حدثنا سعيد قال: نا عبد الله بن وهب، قال: أخبرني عمرو بن الحارث، أن عبد الرحمن بن عبد الله الزهري، أخبره عن بريدة بن سفيان الأسلمي أن رسول الله صلى الله عليه وسلم بعث عاصم بن ثابت، وزيد بن دثنة أحد بني بياضة، وخبيب بن عدي، ومرثد بن أبي مرثد إلى بني لحيان بالرجيع، فقاتلوهم حتى أخذوا لأنفسهم عقدا إلا عاصما فإنه أبى وقال: لا أقبل اليوم عهدا من مشرك ودعا عند ذلك، وقال: اللهم إني أحمي لك اليوم دينك فاحم لي لحمي، فجعل يقاتل ويقول: # [البحر الرجز] # ما علتي وأنا جلد نابل # تزل عن صفحتي المعابل # الموت حق والحياة باطل، # ويقول وهو يحرض # نفسه: # أبو سليمان وريش المقعد # وضالة كالجحيم الموقد # إذا النواحي ارتعشت لم أرعد # فلما قتلوه كان في قليب لهم، فقال بعضهم لبعض: هذا الذي آلت فيه المكية، وهي السلافة أحد بني الأقلح بن عمرو بن عوف، وكان عاصم يوم أحد قتل لها نفرا ثلاثة، كلهم صاحب لواء قريش يومئذ، وهم من بني عبد الدار فجعل يرمي - وكان راميا - ويقول: خذها وأنا ابن الأقلح، فتؤتى به فنقول كلما أتيت بإنسان: من قتله؟ فيقولون: ما ندري , غير أنا سمعنا رجلا وهو يقول: خذها وأنا ابن الأقلح، فقالت: أقلحنا فحلفت لئن قدرت على رأسه لتشربن في قحفه الخمر، فأرادوا أن يحتزوا رأسه ليذهبوا به إليها، فبعث الله رجلا من دبر فلم يستطيعوا أن يحتزوا رأسه، وأسر خبيب بن عدي، وزيد بن دثنة، فانطلق بهما حتى قدم بهما مكة # ، فبيع خبيب من بعض الجمحيين بأمة سوداء، فجاء عقبة بن عدي أحد بني نوفل بن عبد مناف يسأله أن يعطيه إياه، فيقتله مكان أخيه طعمة بن عدي، لأنه قتله يوم بدر، فأبى أن يبيعه إياه، وأعطاه إياه عطية فأساء إليه في إساره، فقال: ما يصنع القوم الكرام هذا بأسيرهم قال: فأخرجوه وأحسنوا إليه، وجعلوه عند امرأة تحرسه وهو في إساره , حتى قيل: إنك مخروج بك لتقتل، فقال للمرأة: أعطيني موسى أستطيب به، فأعطته، وكان لها ابن صغير فأقبل إليه الصبي فأخذه فأجلسه عنده، فظنت المرأة أنه يريد أن يقتله، فصاحت إليه تناشده، وأراد أن يفزعها ثم أرسله، وقال عند ذلك: ما كنت لأغدر، فخرج به ليقتل فمر بنسوة، فقلن: هذا خبيب الأثربي يقتل بطعمة، فلما دنا من الخشبة قال: # [البحر الطويل] # والله ما أجعل إذا كان في تقى على أي جنب كان لله مصرعي # وذلك في ذات الإله وإن يشأ يبارك في أعضاء شلو ممزع ثم قال: دعوني أسجد سجدتين - وكان أول من سنها - ثم قال: لو ما أن تقولوا جزع خبيب من الموت لزدت سجدتين أخريين، وقال عند ذلك: اللهم إني لا أجد من يبلغ رسولك مني السلام، فبلغ رسولك مني السلام، فزعموا أن النبي صلى الله عليه وسلم قال حينئذ: «وعليه السلام» فقال أصحابه: يا نبي الله , على من؟ قال: أخوكم خبيب بن عدي يقتل، فلما رفع على الخشبة # استقبل الدعاء , قال الرجل: فلما رأيته يريد أن يدعو ألبدت بالأرض، فقال: اللهم أحصهم عددا، واقتلهم بددا، فلم يحل الحول - زعموا - ومنهم أحد حي غير ذلك الرجل الذي لبد بالأرض",0
Sunan Sa'id ibn Mansur,3090,UNGRADED,Truthfulness & Lying; Day of Judgement,2839- # حدثنا سعيد قال: نا عمرو بن خالد، قال: نا أبو خيثمة، قال: نا أبو إسحاق، قال: سمعت البراء، وسأله رجل: أكنتم فررتم يا أبا عمارة يوم حنين؟ فقال: لا والله، ما ولى رسول الله صلى الله عليه وسلم، ولكن خرج شبان أصحابه وأخفاؤهم حسرا، ليس عليهم سلاح، فأتوا قوما رماة جمع هوازن وبني نضر ما يكاد يسقط لهم سهم فرشقوهم رشقا ما يكادون يخطئون، فأقبلوا هنالك إلى رسول الله صلى الله عليه وسلم وهو على بغلته البيضاء، وابن عمه أبو سفيان بن الحارث بن عبد المطلب يقود به، فنزل واستنصر # ، ثم قال: «أنا النبي لا كذب، أنا ابن عبد المطلب» صلى الله عليه وسلم، ثم صف أصحابي,0
Sunan Sa'id ibn Mansur,3091,UNGRADED,Truthfulness & Lying,2840- # حدثنا سعيد قال: نا أبو عوانة، عن قتادة، أن رسول الله صلى الله عليه وسلم قال في بعض المشاهد: «أنا النبي لا كذب، أنا ابن عبد المطلب أنا ابن العواتك»,0
Sunan Sa'id ibn Mansur,3092,UNGRADED,"Day of Judgement; Time, Days & Nights",2841- # حدثنا سعيد قال: نا هشيم، عن يحيى بن سعيد بن عمرو القرشي، نا سيابة بن عاصم، أن رسول الله صلى الله عليه وسلم قال يوم حنين: «أنا ابن العواتك»,0
Sunan Sa'id ibn Mansur,3093,UNGRADED,"Time, Days & Nights",2842- # حدثنا سعيد قال: نا عبد الله بن وهب، قال: أخبرني عمرو بن الحارث عن سعيد بن أبي هلال، عن رجل من بني مازن أنه بلغه أن رسول الله صلى الله عليه وسلم قام يوم أحد فقال: «ألا رجل يأتيني بخبر سعد # بن الربيع، فإن آخر عهدي به أني رأيته بملاذ الجبل، وقد شرعت إليه الرماح» فقام فتى من الأنصار، فقال: أنا يا رسول الله، فانطلق فوجده تحت شجرة، فأخبره الخبر، فقال اقرأ على رسول الله السلام، وأخبره أني قد طعنت ثنتي عشرة طعنة، وقد أنفذت مقاتلي كلها، واقرأ على قومك السلام، وقل لهم إن سعد بن الربيع يقول لكم: إنه لا عذر لكم إن قتل رسول الله صلى الله عليه وسلم حتى لا يبقى منكم أحد، وأصيب سعد فأوصى إلى أبي بكر الصديق رضي الله عنه، فدخل رجل على أبي بكر وبنت سعد على بطنه وهو يشمها فقال: يا خليفة رسول الله، ابنتك هذه؟ قال: لا، بل ابنة رجل هو خير مني، قال الرجل: من هذا الذي هو خير منك بعد رسول الله صلى الله عليه وسلم؟ قال: سعد بن الربيع، كان من النقباء يوم العقبة، وشهد بدرا، وقتل يوم أحد,0
Sunan Sa'id ibn Mansur,3094,UNGRADED,"Time, Days & Nights",2843- # حدثنا سعيد قال: نا عبد الله بن وهب، عن عمرو بن الحارث، أن سعيد بن أبي هلال، وأبا النضر، حدثاه أن سعد بن معاذ قال يوم الأحزاب: # [البحر الرجز] # لبث قليلا يشهد الهيجا جمل # قال سعيد: وقال أيضا: # لا بأس بالموت # إذا كان الأجل، # فقالت عائشة: اللهم سلمه فما أخاف على الرجل إلا من أطرافه، وقال سعيد: إن أم سعد تبكيه عند موته، فقال النبي صلى الله عليه وسلم: «كل باكية كاذبة لا محالة إلا أم سعد» # وقال سعيد عن أبي حازم أنه بلغه أن النبي صلى الله عليه وسلم قال يوم أحد: «اللهم اغفر لقومي إنهم لا يعلمون» #,0
Sunan Sa'id ibn Mansur,3096,UNGRADED,Other Narrations,2845- # حدثنا سعيد قال: نا أبو عوانة، عن الأسود بن قيس، عن جندب بن سفيان البجلي، أن رسول الله صلى الله عليه وسلم دميت إصبعه في بعض المغازي أو المشاهد، فقال # : «هل أنت إلا إصبع دميت، وفي سبيل الله ما لقيت»,1
Sunan Sa'id ibn Mansur,3098,UNGRADED,Women,2847- # حدثنا سعيد قال: نا يعقوب بن عبد الرحمن، قال: حدثني أبو حازم، أنه سمع سهلا وهو يسأل عن جرح النبي، صلى الله عليه وسلم فقال: «أما والله إني لأعرف من كان يغسل جرح رسول الله صلى الله عليه وسلم، ومن كان يسكب الماء، وبماذا دووي، كانت فاطمة بنت النبي صلى الله عليه وسلم تغسله، وكان علي يسكب الماء، بالمجن، فلما رأت فاطمة أن الماء لا يزيد الدم إلا كثرة، أخذت قطعة من حصير فأحرقتها فألصقتها، فاستمسك الدم، وكسرت رباعيته يومئذ، وجرح وجهه، وكسرت البيضة على رأسه»,0
Sunan Sa'id ibn Mansur,3099,UNGRADED,"Day of Judgement; Time, Days & Nights",2848- # حدثنا سعيد قال: نا عبد العزيز بن أبي حازم، قال: حدثني أبي أنه سمع سهل بن سعد، سئل عن جرح النبي صلى الله عليه وسلم يوم أحد # مثله إلا أنه قال: هشمت البيضة على رأسه,0
Sunan Sa'id ibn Mansur,3100,UNGRADED,Day of Judgement; Prophets & Past Peoples,"2849- # حدثنا سعيد قال: نا صالح بن موسى الطلحي، قال: نا معاوية بن إسحاق، عن عائشة، وأم إسحاق ابنتي طلحة أنهما قالتا: "" جرح أبونا يوم أحد أربعة وعشرين جرحا ربع منها رأسه شجة مربعة، وقطع منه نساه عرق النساء، وشلت منها أصبعه وسائر الجراحة في سائر جسده، وقد وقاه الله عز وجل الغلبة والغشي، وقالتا: ورسول الله صلى الله عليه وسلم مكسورة رباعيته، مشجوج في وجهه وقد أدركته تلك الغشية، فجعل طلحة محتملا به إلى الشعب يرجع به القهقرى، فإذا أدركه أحد من المشركين قاتل دونه حتى أسنده إلى الشعب",0
Sunan Sa'id ibn Mansur,3101,UNGRADED,Other Narrations,"2850- # حدثنا سعيد قال: نا خالد بن عبد الله، عن إسماعيل بن أبي خالد، عن قيس بن أبي حازم، قال: رأيت يد طلحة بن عبيد الله، وقد شلت التي وقى بها رسول الله صلى الله عليه وسلم """,0
Sunan Sa'id ibn Mansur,3102,UNGRADED,"Day of Judgement; Time, Days & Nights",2851- # حدثنا سعيد قال: نا سفيان، عن عمرو بن دينار، عن عكرمة، قال: جاء علي بسيفه يوم أحد مخضبا بالدماء وفاطمة تغسل الدم عن وجه رسول الله صلى الله عليه وسلم، فقال: خذيه حميدا، فقال النبي صلى الله عليه وسلم: «إن كنت أحسنت اليوم القتال فقد أحسن سهل بن حنيف، وعاصم بن ثابت # ، والحرث بن الصمة، وأبو دجانة»,0
Sunan Sa'id ibn Mansur,3103,UNGRADED,Paradise,"2852- # حدثنا سعيد قال: نا سفيان، عن ابن أبي نجيح، قال: وقى رسول الله صلى الله عليه وسلم طلحة بيده فأصيبت إصبعه فقال حس، فقال رسول الله صلى الله عليه وسلم: "" لو قال: بسم الله لدخل الجنة والناس ينظرون """,0
Sunan Sa'id ibn Mansur,3105,UNGRADED,Character & Manners; Day of Judgement,"2853- # حدثنا سعيد قال: نا عمرو بن خالد، قال: نا أبو خيثمة، قال: نا أبو إسحاق، قال: سمعت البراء، يقول: جعل رسول الله صلى الله عليه وسلم على الرماة يوم أحد عبد الله بن جبير، وكانوا خمسين رجلا، فقال لهم: «إن رأيتمونا تخطفنا الطير فلا تبرحوا من مكانكم حتى أرسل إليكم، وإن رأيتمونا هزمنا القوم وأوطأناهم، فلا تبرحوا حتى أرسل إليكم» قال: فهزمهم الله، فأنا والله رأيت النساء يشتددن على الجبل، قد بدت خلاخلهن وأسوقهن رافعات ثيابهن # ، فقال أصحاب عبد الله بن جبير: الغنيمة أي قوم الغنيمة، ظهر أصحابكم فما تنتظرون؟ فقال عبد الله بن جبير: أنسيتم ما قال رسول الله صلى الله عليه وسلم؟ قالوا: إنا والله لنأتين الناس فلنصيبن من الغنيمة، فلما أتوهم صرفت وجوههم، فانقلبوا منهزمين، فإذا رسول الله صلى الله عليه وسلم يدعوهم في أخراهم، فلم يبق مع رسول الله صلى الله عليه وسلم إلا اثنا عشر رجلا، فأصابوا منا سبعين رجلا، وكان أصحابه أصابوا من المشركين يوم بدر أربعين ومائة رجل، سبعين أسيرا، وسبعين قتيلا، فقال أبو سفيان: أفي القوم محمد؟ ثلاث مرات، فنهاهم رسول الله صلى الله عليه وسلم أن يجيبوه، ثم قال: أفي القوم ابن أبي قحافة؟ ثلاث مرات، ثم قال: أفي القوم عمر بن الخطاب؟ ثلاث مرات، فرجع إلى أصحابه فقال: أما هؤلاء فقد قتلوا، فما ملك عمر نفسه، قال: كذبت يا عدو الله، إن الذين عددت لأحياء، وقد بقى الله لك ما يسوءك، فقال: يوم بيوم بدر، والحرب سجال، إنكم ستجدون في القوم مثلة لم آمر بها ولم تسؤني، ثم أخذ يرتجز أعل هبل، أعل هبل، فقال رسول الله صلى الله عليه وسلم: «ألا تجيبوه؟» فقالوا: يا رسول الله ما نقول؟ قال: "" قولوا: الله أعلى وأجل، فقال: إن لنا العزى، ولا عزى لكم، فقال رسول الله صلى الله عليه وسلم: «ألا تجيبوه؟» قالوا: يا رسول الله ما نقول؟ قال: «قولوا الله مولانا، ولا مولى لكم»",0
Sunan Sa'id ibn Mansur,3106,UNGRADED,Character & Manners,"2854- # حدثنا سعيد قال: نا سفيان، عن عمرو، سمع جابر بن عبد الله، يقول: أنا أبو سعيد الخدري، عن رسول الله صلى الله عليه وسلم قال: "" يأتي على الناس زمان يغزو فيه فئام من الناس، فيقال لهم: أفيكم من صحب رسول الله صلى الله عليه وسلم؟ فيقال: نعم، فيفتح لهم، ثم يأتي على الناس زمان فيغزو فيه فئام من الناس، فيقال لهم: أفيكم من صحب أصحاب رسول الله صلى الله عليه وسلم؟ فيقال: نعم، فيفتح لهم """,0
Sunan Sa'id ibn Mansur,3107,UNGRADED,"Day of Judgement; Time, Days & Nights",2855- # حدثنا سعيد قال: نا عبد الرحمن بن زياد، عن شعبة، عن حميد الطويل، عن أنس، قال: كانت الأنصار تقول يوم الخندق: # [البحر الرجز] # نحن الذين بايعنا محمدا ... على الجهاد ما بقينا أبدا # فأجابهم رسول الله صلى الله عليه وسلم: # «لا عيش إلا عيش الآخرة، ... فأكرم الأنصار والمهاجرة»,0
Sunan Sa'id ibn Mansur,3109,UNGRADED,Other Narrations,2857- # حدثنا سعيد قال: نا إسماعيل بن عياش، عن يحيى بن سعيد، وعبد الرحمن بن زياد، قالا: «أول من اتخذ الخندق على عسكره رسول الله صلى الله عليه وسلم»,0
Sunan Sa'id ibn Mansur,3110,UNGRADED,"Day of Judgement; Time, Days & Nights","2858- # حدثنا سعيد قال: نا سفيان، عن يزيد بن خصيفة، عن السائب بن يزيد، إن شاء الله، "" أن النبي صلى الله عليه وسلم ظاهر يوم أحد بين درعين، وقال مرة: لبس - كما قال سفيان - درعين """,0
Sunan Sa'id ibn Mansur,3112,UNGRADED,Day of Judgement; Angels & the Unseen,2860- # حدثنا سعيد قال: نا يعقوب بن عبد الرحمن الزهري، قال: حدثني أبي، عن عبيد الله بن عبد الله، قال: لما كان يوم بدر جلس ناس من العرب في جبل بدر يقولون حيثما كانت الدبرة كنا مع أهلها، فلما أعز الله نصر رسوله جاءوه فأخبروه أمرهم، فقالوا: أي رسول الله سمعنا شيئا يهبط من السماء، وسمعنا حمحمة الخيل، وقرع الأداة، وسمعنا شيئا يقال له: أقدم حيزوم قال: «ذاك جبريل عليه السلام»,0
Sunan Sa'id ibn Mansur,3113,UNGRADED,Other Narrations,2861- # حدثنا سعيد قال: نا حماد بن زيد، عن ابن عون، عن عمير بن إسحاق، قال: قال رسول الله صلى الله عليه وسلم: «سوموا فإن الملائكة قد سومت»,0
Sunan Sa'id ibn Mansur,3114,UNGRADED,Prophets & Past Peoples,"2862- # حدثنا سعيد قال: نا عبد الله بن وهب، قال: أخبرني عمرو بن الحارث، أن أبا يونس، حدثه عن أبي هريرة، عن رسول الله صلى الله عليه وسلم أنه قال "" نصرت بالرعب على العدو، وأوتيت جوامع الكلم، قال: وبينا أنا نائم أوتيت بمفاتيح خزائن الأرض فوضعت في يدي """,0
Sunan Sa'id ibn Mansur,3115,UNGRADED,Character & Manners; Day of Judgement,2863- # حدثنا سعيد قال: نا سفيان، عن عمرو بن دينار، عن أبي العباس، شاعر كان بمكة عن عبد الله بن عمر، أن رسول الله صلى الله عليه وسلم لما كان يوم الطائف قال: «إنا قافلون غدا إن شاء الله» فقال الناس: قبل أن نفتحها؟ قال: فاغدوا على القتال، فغدوا وأصابتهم، فقال النبي صلى الله عليه وسلم: «إنا قافلون غدا إن شاء الله، فسروا بذلك فضحك رسول الله صلى الله عليه وسلم»,0
Sunan Sa'id ibn Mansur,3117,UNGRADED,Women; Treaties & Non-Muslims,"2865- # حدثنا سعيد قال: نا حماد بن زيد، عن أيوب، عن عكرمة، قال: لما حاصر رسول الله صلى الله عليه وسلم أهل الطائف أشرفت امرأة فكشفت عن قبلها، فقالت: ها دونكم فارموا، فرماها رجل من المسلمين فما أخطأ ذلك منها """,0
Sunan Sa'id ibn Mansur,3120,UNGRADED,Other Narrations,2868- # حدثنا سعيد قال: نا حديج بن معاوية، قال: نا أبو إسحاق، قال: سمعت البراء بن عازب، يقول: «غزوت مع رسول الله صلى الله عليه وسلم خمس عشرة غزوة» # وسمعت زيد بن أرقم يقول: «غزوت مع رسول الله صلى الله عليه وسلم سبع عشرة غزوة» #,0
Sunan Sa'id ibn Mansur,3123,UNGRADED,Marriage & Spouses; Women,"2871- # حدثنا سعيد قال: نا عبد الله بن وهب، قال: أخبرني عمرو بن الحارث، عن سعيد بن أبي هلال، أنه بلغه أن رسول الله صلى الله عليه وسلم زوج أبا بكر أسماء بنت عميس وهم تحت الرايات """,0
Sunan Sa'id ibn Mansur,3124,UNGRADED,Prayer (Salah); Hajj & Umrah,2872- # حدثنا سعيد قال: نا يعقوب بن عبد الرحمن، عن أبيه، عن عبيد الله بن عبد الله، قال: لما كان يوم بدر فنظر رسول الله صلى الله عليه وسلم إلى المشركين، وتكاثرهم ونظر إلى المسلمين فاستقلهم، فركع ركعتين، وقام أبو بكر عن يمينه فقال رسول الله صلى الله عليه وسلم في صلاته: «اللهم لا تودع مني، اللهم لا تخذلني، اللهم لا تترني، اللهم أنشدك ما وعدتني، اللهم إن يهزم هذا الجمع من المشركين هذا الجمع من المسلمين لا تعبد أبدا» فقال أبو بكر: ألحفت والله بأبي أنت وأمي، والله لا يتودع منك، ولا يخذلك # ، ولا يترك، ولينصرنك على عدوك كما وعدك، فانصرف رسول الله صلى الله عليه وسلم مسرورا، وقال: «رأيت جبريل معتجرا متدليا من السماء معتجرا بعجرة القتال، على أسنانه قترة الغبار، فعرفت أنه النصر»,0
Sunan Sa'id ibn Mansur,3125,UNGRADED,Prophets & Past Peoples,2873- # حدثنا سعيد قال: نا عيسى بن يونس، عن أبي بكر بن أبي مريم، عن عطية بن قيس، أن جبريل، أتى رسول الله صلى الله عليه وسلم بعدما فرغ من قتال بدر على فرس حمراء، معقود الناصية قد عصب ثنيته الغبار، عليه درعه، فقال: يا محمد إن الله بعثني إليك، وأمرني أن لا أفارق حتى ترضى، أفرضيت؟ قال: «نعم»,0
Sunan Sa'id ibn Mansur,3126,UNGRADED,Marriage & Spouses; Orphans & the Weak,2874- # حدثنا سعيد قال: نا ابن عياش، عن صفوان بن عمرو، عن أبي اليمان عامر بن عبد الله بن لحي الهوزني، قال: خرج رسول الله صلى الله عليه وسلم يوم بدر فقال لأصحابه: «تعادوا» فوجدهم ثلاثمائة وأربعة عشر رجلا، ثم قال لهم: «تعادوا» فتعادوا مثل ذلك مرتين، فأقبل رجل وهم يتعادون على بكر له ضعيف، فتمت العدة ثلاثمائة وخمسة عشر رجلا، فقال: «أنتم اليوم على عدة النبيين، وعدة أصحاب طالوت»,0
Sunan Sa'id ibn Mansur,3127,UNGRADED,"Day of Judgement; Time, Days & Nights",2875- # حدثنا سعيد قال: نا سفيان، عن عمرو بن دينار، عن عبيد بن عمير، قال: لما كان يوم بدر استحيا المسلمون من عورات إخوانهم وألقوهم في قليب فجاء رسول الله صلى الله عليه وسلم، فقام عليهم، فقال: «أي فلان أي فلان ألم تجدوا الله مليا بما وعدكم؟ أي فلان أي فلان - يسميهم بأسمائهم - ألم تجدوا الله مليا بما وعدكم؟» قالوا: يا رسول الله أو يسمعون؟ قال: «والذي نفسي بيده كما تسمعون»,0
Sunan Sa'id ibn Mansur,3128,UNGRADED,Anger & Patience; Bloodshed & Murder,2876- # حدثنا سعيد قال: نا سفيان، عن عمرو، عن عكرمة، أن رسول الله صلى الله عليه وسلم قتل أبي بن خلف بيده، وقال: «اشتد غضب الله على رجل قتله رسول الله صلى الله عليه وسلم بيده في سبيل الله، واشتد غضب الله على قوم أدموا وجه رسول الله صلى الله عليه وسلم في سبيل الله»,0
Sunan Sa'id ibn Mansur,3129,UNGRADED,"Day of Judgement; Time, Days & Nights",2877- # حدثنا سعيد قال: نا سفيان، عن عمرو، عن عكرمة، قال: قال رسول الله صلى الله عليه وسلم يوم أحد: «من يأخذ هذا السيف بحقه؟» فقال أبو دجانة: أنا، فجاء به قد انثنى قال: أعطيته حقه؟ قال: «نعم»,0
Sunan Sa'id ibn Mansur,3130,UNGRADED,Dhikr & Supplication; Character & Manners,"2878- # حدثنا سعيد قال: نا ابن عياش، عن محمد بن زياد الألهاني # ، عن أشياخه قال: ذكر أن رسول الله صلى الله عليه وسلم قال: إن الله يقول: «إن عبدي كل عبدي الذي يذكرني، وإن كان مكافئا قرنه» فسمعها رجل من المسلمين فعقد عليها حتى إذا قدم الناس الشام انبعث في سرية وهم رجال على أقدامهم، فأبطأ عن أصحابه يصلي، وهبط إليه علج من الروم على كودن شاك السلاح , يريده، فجاء بينه وبينه كرم له سياج أم غيلان الشوك، فربط العلج فرسه، ثم شقق إليه الكرم يتهدده , حتى إذا لم يكن بينه وبينه إلا السياج والرجل يذكر قول رسول الله صلى الله عليه وسلم، وكثرة ذكره لم يشغله تهدد عدوه إياه، يقول: اللهم قد ضقت به ذرعا , فاكفنيه، فنظر الرومي فرجة من السياج فذهب ليخرج إليه منها، فنشب الشوك بكم يده فعالج طويلا ليتخلص منها، فذهب ليخلص كمه الأيمن، فقبض الشوك عليه، فربطه الله ربطا، فلما رآه المسلم مضى إليه، فلما رأى العلج المسلم قد أقبل إليه جعل ينخر وهو في ذلك قد أثبته الله فلم يتخلص إليه الرجل حتى وجأ نفسه بخنجر كان معه، فوقع , فجعل الرجل المسلم يذكر الله ويحمده ويقول: اللهم أنت قتلته ثم سلبه سلاحه وثيابه، وحمله الله على فرسه",0
Sunan Sa'id ibn Mansur,3137,UNGRADED,Character & Manners; Day of Judgement,2885- # حدثنا سعيد قال: نا سفيان، عن عمرو بن دينار، سمع جابر # بن عبد الله، يقول: كنا يوم الحديبية ألفا وأربع مائة، فقال لنا رسول الله صلى الله عليه وسلم: «أنتم اليوم خير أهل الأرض» قال جابر: لو كنت أبصر أريتكم موضع الشجرة,0
Sunan Sa'id ibn Mansur,3138,UNGRADED,Work & Livelihood,2886- # حدثنا سعيد قال: نا ابن عياش، عن عبد الرحمن بن زياد بن أنعم، قال: حدثنا مشيختنا أن رسول الله صلى الله عليه وسلم قال: «أطيب كسب المسلم سهمه في سبيل الله، وصفقة يده، وما تعطيه أرضه»,0
Sunan Sa'id ibn Mansur,3141,UNGRADED,Other Narrations,2889- # حدثنا سعيد قال: نا سفيان، عن عمرو بن دينار، سمع جابر بن عبد الله، يقول: قال رسول الله صلى الله عليه وسلم: «الحرب خدعة»,0
Sunan Sa'id ibn Mansur,3142,UNGRADED,Prayer (Salah); Character & Manners,"2890- # حدثنا سعيد قال: نا عبد الله بن وهب، قال: أخبرني عمرو بن الحارث، أن بكيرا، حدثه أنه بلغه أن رسول الله صلى الله عليه وسلم لما أمر أسامة بن زيد أكثر الناس في ذلك، فقال رسول الله صلى الله عليه وسلم: «إنكم تقولون في أسامة أن أسامة حدث السن، وإن تقولوا فقد قلتم لأبيه من قبله، وايم الله إنه لخليق للإمرة» قال بكير: فبلغني أن عبيدة بن سفيان قال: فإني لأرجو أن تكون هذه إلى اليوم # قال بكير: وسمعت سليمان بن يسار قال: "" أمر رسول الله صلى الله عليه وسلم أسامة على جيش وأمره أن يحرق قرية يبنا، فمضى أول الجيش وجعل أسامة يتردد حتى قبض رسول الله صلى الله عليه وسلم، ودخل أسامة على أبي بكر، فقال: ما تأمرني؟ فقال: «تمضي على أمرك الذي أمرك رسول الله صلى الله عليه وسلم لا أزيد فيه ولا أنقص منه» فقال الناس: إنك إن تبعث أسامة ومعه حد الناس فترتد هذه الأعراب فتميل على ثقل رسول الله صلى الله عليه وسلم، فقال أبو بكر: «والله لو أني أعلم أن الذئاب والكلاب تنهشني بها ما رددت أمرا أمر به رسول الله صلى الله عليه وسلم، امض، فإن الله سيعيننا، ولكن إن رأيت أن تأذن عمر بن الخطاب» فقال: نعم، قال أسامة: فخرجت على عمر # ، فقال: ما فعلت؟ قال: قلت: سألني أن آذن لك ففعلت، وأمرني أن أمضي، فقال عمر: رحمك الله #",0
Sunan Sa'id ibn Mansur,3143,UNGRADED,Treaties & Non-Muslims,2891- # حدثنا سعيد قال: نا سفيان، عن عمرو بن دينار، عن أبي جعفر، أن رسول الله صلى الله عليه وسلم قام على المنبر، فقال: «إن أناسا طعنوا في إمرة أسامة كما طعنوا في إمرة أبيه من قبل، وإنه وأبوه لها أهل»,0
Sunan Sa'id ibn Mansur,3149,UNGRADED,Other Narrations,"2897- # حدثنا سعيد قال: نا ابن عياش، عن شرحبيل بن مسلم، عن # ثوبان، مولى رسول الله صلى الله عليه وسلم قال: "" اشحذ سيفك , فقيل له: وما ذاك يا أبا عبد الله قال: «قد قذف في قلوبكم الوهن، ونزع من قلوب عدوكم الرعب» قالوا: وبم ذاك قال: «بحبكم الدنيا وكراهيتكم الموت، وطوبى لمن خرس لسانه، وبكى على خطيئته، ووسعه بيته»",0
Sunan Sa'id ibn Mansur,3150,UNGRADED,Character & Manners,"2898- # حدثنا سعيد قال: نا سفيان، عن علي بن زيد، عن أنس، أن رسول الله صلى الله عليه وسلم قال: «صوت أبي طلحة في الجيش خير من فئة» ، وكان يجثو بين يدي النبي صلى الله عليه وسلم ثم يقول: وجهي لوجهك الوقاء , ونفسي لنفسك الفداء",0
Sunan Sa'id ibn Mansur,3151,UNGRADED,"Day of Judgement; Time, Days & Nights","2899- # حدثنا سعيد قال: نا سفيان، قال: نا الوليد بن كثير، عن أبي ريدرس، قالوا: سألوا أسماء عن أشد يوم أتى على رسول الله صلى الله عليه وسلم قالت: "" إني أظن أني أذكر ذلك، بينا هو في المسجد وفيه جماعة منهم، فقالوا: إنه يقول كذا، ويقول كذا فيما يكرهون، فقوموا إليه نسأله، فذهب جماعة إليه، فقال: تقول كذا، وتقول كذا، قال: «نعم» وكان لا يكتمهم شيئا فامتدوه بينهم، وجاء الصريخ إلى أبي، أدرك صاحبك، قالت: فخرج أبي يسعى، وله غدائر، فنادى: ويلكم أتقتلون رجلا أن يقول ربي الله؟ قالت: فلهوا عنه وأقبلوا إلى أبي، فلقد أتانا وهو يقول: تباركت يا ذا الجلال # والإكرام وإن له الغدائر، وإنه ليقول هكذا ويدها فتتبعه وقال سفيان بيده",0
Sunan Sa'id ibn Mansur,3152,UNGRADED,Relatives & Kinship; Character & Manners,"2900- # حدثنا سعيد قال: نا أبو شهاب، عن حميد الطويل، عن أنس، قال: أعطى رسول الله صلى الله عليه وسلم عيينة بن بدر مائة من الإبل من غنائم حنين، وأعطى الأقرع بن حابس مثل ذلك، فقال ناس من الأنصار: تعطى غنائمنا أقواما تقطر دماؤهم من سيوفنا، أو دماؤنا من سيوفهم، فاجتمع رسول الله صلى الله عليه وسلم إلى الأنصار، فقال: «هل فيكم إلا منكم؟» فقالوا: لا , إلا فلان ابن أختنا، فقال: «إن ابن أخت القوم منهم» ثم قال: «أما ترضون يا معاشر الأنصار أن يذهب الناس بالدنيا، وتذهبون أنتم بمحمد صلى الله عليه وسلم إلى دياركم؟» قالوا: بلى يا رسول الله فقال: «لو أخذ الناس واديا، وأخذت الأنصار شعبا لأخذت شعب الأنصار، الأنصار كرشي وعيبتي # ، ولولا الهجرة لكنت امرأ من الأنصار»",0
Sunan Sa'id ibn Mansur,3153,UNGRADED,Hajj & Umrah; Character & Manners,2901- # حدثنا سعيد قال: نا سفيان، عن الزهري، عمن حدثه، أن أبا بكر حين منعه الناس الزكاة أراد أن يقاتلهم، فقيل له: أليس قال رسول الله صلى الله عليه وسلم: «أمرت أن أقاتل الناس حتى يقولوا لا إله إلا الله، فإذا قالوها عصموا مني دماءهم وأموالهم إلا بحقها» قال: فهذا من حقها أن لا يفرقوا بين ما جمع الله، ولو منعوني شيئا مما أقروا لرسول الله صلى الله عليه وسلم قاتلتهم عليه,1
Sunan Sa'id ibn Mansur,3154,UNGRADED,Oaths & Vows,"2902- # حدثنا سعيد قال: نا سفيان، عن أبي الزبير، عن جابر، أن النبي صلى الله عليه وسلم قسم بالجعرانة قسما، فأتاه رجل، فقال: "" اعدل يا محمد فإنك لم تعدل، فقال: «ويلك، ومن يعدل إن لم أعدل؟» فقال عمر: دعني أضرب عنقه، قال: لا، إن هذا وأصحابا له يقرأون القرآن ما يعدو تراقيهم، يمرقون من الدين كما يمرق السهم من الرمية """,0
Sunan Sa'id ibn Mansur,3155,UNGRADED,Mercy & Kindness; Bloodshed & Murder,2903- # حدثنا سعيد قال: نا أبو الأحوص، عن سعيد بن مسروق # ، عن عبد الرحمن بن أبي نعم، عن أبي سعيد الخدري، قال: بعث علي وهو باليمن بذهيبة في تربتها إلى رسول الله صلى الله عليه وسلم فقسمها رسول الله صلى الله عليه وسلم بين أربعة نفر: الأقرع بن حابس الحنظلي، وعيينة بن بدر الفزاري، وعلقمة بن علاثة العامري، وزيد الخير الطائي، فغضب قريش، فقالوا: يعطي صناديد أهل نجد ويدعنا، فقال رسول الله صلى الله عليه وسلم: «إني إنما فعلت ذلك لأتألفهم» فجاء رجل كث اللحية، مشرف الوجنتين، غائر العينين، ناتئ الجبين، محلوق الرأس، فقال: اتق الله يا محمد، قال رسول الله صلى الله عليه وسلم: «فمن يطيع الله إن عصيته؟ أيأمني على أهل الأرض ولا تأمنوني؟» ثم أدبر الرجل فاستأذن رجل من القوم في قتله، قال رسول الله صلى الله عليه وسلم: «لا، إن من ضئضئ هذا قوما يقرءون القرآن لا يجاوز حناجرهم، يقتلون أهل الإسلام، ويدعون أهل الأوثان، يمرقون من الإسلام كما يمرق السهم من الرمية لئن أدركتهم لأقتلنهم قتل عاد»,0
Sunan Sa'id ibn Mansur,3156,UNGRADED,Relatives & Kinship,"2904- # حدثنا سعيد قال: نا مهدي بن ميمون، عن محمد بن سيرين، عن أخيه معبد بن سيرين، عن أبي سعيد الخدري، عن النبي صلى الله عليه وسلم قال: "" يخرج من المشرق قوم يقرءون القرآن لا يجاوز تراقيهم، يمرقون من الدين كما يمرق السهم من الرمية، ثم لا يعودون فيه حتى يعود السهم على فوقه، قيل: ما سيماهم؟ فقال: سيماهم التحليق أو التسبيد """,0
Sunan Sa'id ibn Mansur,3157,UNGRADED,Prayer (Salah); Leadership & Governance,2905- # حدثنا سعيد قال: نا خلف بن خليفة، عن حفص بن عمر، قال: انطلق بي أنس إلى عبد الملك بن مروان في أربعين راكبا من الأنصار، ففرض لنا، فلما رجعنا معه حتى إذا كنا بفج الناقة صلى الظهر ركعتين، ثم سلم، فدخل فسطاطه، فقام القوم فصلوا إلى ركعتيه ركعتين أخراوين، فقال لابنه أبي بكر: ما يصنع هؤلاء؟ قال: يضيفون إلى ركعتيك ركعتين، فقال أنس: قبح الله الوجوه، والله ما أصابت السنة، ولا قبلت الرخصة؛ إني سمعت رسول الله صلى الله عليه وسلم يقول: «إن قوما يتعمقون في الدين يمرقون منه كما يمرق السهم من الرمية»,0
Sunan Sa'id ibn Mansur,3158,UNGRADED,Hellfire,2906- # حدثنا سعيد قال: نا أبو معاوية، عن الأعمش، عن أبي صالح، عن أبي هريرة، قال: قال رسول الله صلى الله عليه وسلم: «لم تحل الغنائم لقوم سود الرءوس غيركم، كانت تنزل نار من السماء فتأكلها» ، فلما كان يوم بدر أسرع الناس في الغنائم، فأنزل الله عز وجل: {لولا كتاب من الله سبق لمسكم فيما أخذتم عذاب عظيم، فكلوا مما غنمتم حلالا طيبا} [الأنفال: 69],0
Sunan Sa'id ibn Mansur,3160,UNGRADED,Quran & Recitation; Day of Judgement,2908- # حدثنا سعيد قال: نا يعقوب بن عبد الرحمن، عن هشام بن عروة، عن أبيه، أن شعار أصحاب النبي صلى الله عليه وسلم يوم مسيلمة كان: يا أصحاب سورة البقرة,0
Sunan Sa'id ibn Mansur,3162,UNGRADED,Women; Prophets & Past Peoples,2910- # حدثنا سعيد قال: نا عبد العزيز بن محمد، عن شريك بن عبد الله بن أبي نمر، عن عطاء بن يسار، أن رسول الله صلى الله عليه وسلم مر على نساء بني الأشهل لما فرغ من أحد، فسمعهن يبكين على من استشهد منهن بأحد، فقال رسول الله صلى الله عليه وسلم: «ولكن حمزة ليس له بواكي» فسمعه منه سعد بن معاذ، فذهب إلى نساء بني عبد الأشهل، فأمرهن أن يذهبن إلى بيت حمزة فليبكين عليه، فذهبن يبكين عليه، فسمع رسول الله صلى الله عليه وسلم بكاءهن، فقال: «من هؤلاء؟» فقيل: نساء الأنصار يبكين على حمزة، فخرج إليهن رسول الله صلى الله عليه وسلم، وقال: «لا بكاء، رضي الله عنكن وعن أولادكن وأولاد أولادكن»,0
Sunan Sa'id ibn Mansur,3163,UNGRADED,Women,2911- # حدثنا سعيد قال: نا هشيم، قال: أنا مغيرة، عن الشعبي، قال: لما انصرف رسول الله صلى الله عليه وسلم يوم أحد إذا هو بنساء الأنصار يبكين قتلاهن، فقال رسول الله صلى الله عليه وسلم: «لكن حمزة لا بواكي له» ، فسمع ذلك سيد الأنصار سعد بن معاذ، فأتى نساء الأنصار، فقال: عزمت عليكن أن لا تبكين امرأة منكن شجوا حتى تبدأ بشجو رسول الله صلى الله عليه وسلم، فجعلن يبكين على حمزة، فسمع ذلك النبي صلى الله عليه وسلم # ، فقال: «ما هذا؟» ، فأخبروه بما كان من سعد، فقال: «ما أردت ذلك» ، ونهى عن النوح,0
Sunan Sa'id ibn Mansur,3165,UNGRADED,Women; Bloodshed & Murder,2913- # حدثنا سعيد قال: نا إسماعيل بن عياش، عن عبد الله بن عثمان بن خثيم، قال: أخبرني سعيد بن جبير، عن ابن عباس أنه اجتمع الملأ من قريش في الحجر، وتعاقدوا باللات والعزى ومنات الثالثة الأخرى، ليقتلن محمدا، فبلغ ذلك فاطمة بنت محمد، فدخلت على أبيها، فأخبرته، فدعا بماء فتوضأ، ثم خرج النبي صلى الله عليه وسلم وهم كما هم جلوس في الحجر حتى جاءهم، فلما نظروا إليه ضرب الله بأذقانهم في صدورهم، فأقبل حتى وقف عليهم، ثم قال: «شاهت الوجوه، شاهت الوجوه» ، وأخذ قبضة من تراب، فرماهم بها، فقال: ما أصابت تلك الحصباء من أحد إلا قتل يوم بدر كافرا,0
Sunan Sa'id ibn Mansur,3166,UNGRADED,Character & Manners,"2914- # حدثنا سعيد قال: نا سفيان، عن عمرو، عن عكرمة، قال: كانت بدر متجرا في الجاهلية، وكان رسول الله صلى الله عليه وسلم واعد أبا سفيان أن يلقاه به، فلقيهم رجل، فقال: إن بها جمعا عظيما من المشركين # ، فندب رسول الله صلى الله عليه وسلم الناس، فأتوا بدرا، فلم يلقوا بها أحدا، فرجع الجبان، ومضى الجريء، فتسوقوا بها، فلم يلقوا أحدا، فنزلت {الذين قال لهم الناس إن الناس قد جمعوا لكم فاخشوهم فزادهم إيمانا، وقالوا حسبنا الله ونعم الوكيل فانقلبوا بنعمة من الله وفضل} [آل عمران: 174] """,0
Sunan Sa'id ibn Mansur,3169,UNGRADED,Treaties & Non-Muslims,2917- # حدثنا سعيد قال: نا هشيم، عن هشام بن عروة، عن أبيه، عن جدته، قالت: أتتني أمي راغبة في عهد قريش، فسألت رسول الله صلى الله عليه وسلم أصلها؟ قال: «نعم»,0
Sunan Sa'id ibn Mansur,3170,UNGRADED,Prophets & Past Peoples,2918- # حدثنا سعيد قال: نا خالد بن يونس، عن عكرمة «أن رسول الله صلى الله عليه وسلم أهدى إلى ناس من المشركين إلى أبي سفيان وغيره، فقبل هديتهم»,0
Sunan Sa'id ibn Mansur,3171,UNGRADED,Character & Manners,2919- # حدثنا سعيد قال: نا سفيان، عن أيوب، عن أبي قلابة، أن رسول الله صلى الله عليه وسلم كان يرافق بين أصحابه رفقاء، فجاءت رفقة يهرفون برجل يقولون: ما رأينا مثل فلان، إن نزلنا فصلاة، وإن ركبنا فقراءة، ولا يفطر، فقال رسول الله صلى الله عليه وسلم: «من كان يرحل له؟ ومن كان يعمل له؟» وذكر سفيان أشياء فقالوا: نحن، فقال: «كلكم خير منه»,0
Sunan Sa'id ibn Mansur,3174,UNGRADED,Other Narrations,2922- # حدثنا سعيد قال: نا إسماعيل بن عياش، عن عبد الرحمن بن نجيح، وفضيل بن فضالة، قال: أمر رسول الله صلى الله عليه وسلم أصحابه بالعصائب، وقال: «إن لم يجد أحدكم إلا خرقة فليتعصب بها»,0
Sunan Sa'id ibn Mansur,3182,UNGRADED,Other Narrations,2930- # حدثنا سعيد قال: نا عثمان بن مطر، قال: حدثني أبو حريز، عن عامر الشعبي، قال: «أصاب المسلمون سبايا من أوطاس فنهى رسول الله صلى الله عليه وسلم # ، عن الحبالى أن يوطأن حتى يضعن حملهن، ومن لم تكن حاملا فلتستبرئ بحيضة»,0
Sunan Sa'id ibn Mansur,3183,UNGRADED,Death & Burial; Paradise,2931- # حدثنا سعيد قال: نا أبو معاوية، عن الأعمش، عن أبي ظبيان، عن أشياخهم، عن أبي أيوب الأنصاري، قال: خرج غازيا في زمن معاوية فمرض، فلما حضره الموت قال لأصحابه: إذا أنا مت فاحملوني، فإذا صافقتم العدو فادفنوني تحت أقدامهم، وسأحدثكم بحديث سمعته من رسول الله صلى الله عليه وسلم لولا ما حضرني لم أحدثكموه، سمعت رسول الله صلى الله عليه وسلم يقول: «من مات لا يشرك بالله شيئا دخل الجنة»,0
Sunan Sa'id ibn Mansur,3184,UNGRADED,Other Narrations,"2932- # حدثنا سعيد قال: نا سفيان، عن عمرو بن دينار، عن محمد بن طلحة بن يزيد بن ركانة، قال: قال عمر بن الخطاب: "" لأن أكون سألت رسول الله صلى الله عليه وسلم عن قوم، قالوا: نقر بالزكاة في أموالنا، ولا نؤديها إليكم، أحب إلي من حمر النعم """,0
Sunan Sa'id ibn Mansur,3186,UNGRADED,Bloodshed & Murder; Leadership & Governance,"2934- # حدثنا سعيد قال: نا سفيان، عن أيوب الطائي، عن قيس بن مسلم، عن طارق بن شهاب، قال: جاء وفد أهل الردة من أسد وغطفان يسألون أبا بكر الصلح، فخيرهم، إما حرب مجلية، وإما سلم مخزية، قالوا: أما حرب مجلية فقد عرفناها، فما سلم مخزية؟ قال: «تدون قتلانا، ولا نودي قتلاكم، وتشهدون على قتلاكم أنهم في النار، وتردون إلينا من أخذتم منا، ولا نرد إليكم ما أخذنا منكم، وننزع منكم الحلقة والكراع، وتتركون تتبعون أذناب الإبل حتى يري الله خليفة رسول الله والمؤمنين رأيا يعذرونكم عليه» فقال عمر: أما ما قد قلت فكما قلت، لكن قتلانا قتلوا في الله، أجورهم على الله , لا دية لهم",0
Sunan Sa'id ibn Mansur,3198,UNGRADED,Hajj & Umrah; Brotherhood & Friendship,"2946- # حدثنا سعيد قال: نا فرج بن فضالة، قال: حدثني مروان بن أبي أمية، عن عبد الله بن سلام وجاء إلى عثمان وهو محصور في داره فسلم عليه وقال: مرحبا يا أخي ألا أخبرك بما رأيت في ليلتي هذه؟ قال - قلت: بلى، قال: "" رأيت رسول الله صلى الله عليه وسلم في هذه الكوة، فقال لي: «يا عثمان» قلت: لبيك يا رسول الله قال: «حصروك؟» قلت: نعم، قال: «وأعطشوك؟» قلت: نعم، فأرسل إلي دلوا من ماء فشربته حتى رويت، إني لأجد برده بين ثديي وكتفي، فقال: «يا عثمان اختر إن شئت أن تفطر عندي، وإن شئت أن تظهر على القوم» قلت "": بل أفطر عندك، فقتل من يومه ذلك رضي الله عنه",0
Sunan Sa'id ibn Mansur,3205,UNGRADED,Women; Theft & Property,2953- # حدثنا سعيد قال: نا عبد الله بن المبارك، قال: أنا معمر، عن الزهري، قال: كتب إليه سليمان بن هشام يسأله عن امرأة لحقت بالحرورية، وفارقت زوجها، وشهدت على قومها بالشرك، وتزوجت فيهم، ثم رجعت تائبة، فكتب إليه الزهري، وأنا شاهد: «أما بعد، فإن فتنة الأولى ثارت وأصحاب رسول الله صلى الله عليه وسلم ممن شهد بدرا كثير، فرأوا أن يهدروا أمر الفتنة، ولا يقام فيها حد على أحد من فرج استحله بتأويل القرآن، ولا على قصاص استحله بتأويل القرآن، ولا مال استحله بتأويل القرآن، إلا أن يوجد شيء بعينه، وإني أرى أن تردها إلى زوجها وأن تحد من افترى عليها»,0
Sunan Sa'id ibn Mansur,3208,UNGRADED,Adhan & the Mosque; Prophets & Past Peoples,2956- # حدثنا سعيد قال: نا سفيان، عن إسماعيل بن أمية، عن نافع، عن ابن عمر، «أن رسول الله صلى الله عليه وسلم سبق بين الخيل فأرسل ما ضمر # منها من الحفياء إلى مسجد بني زريق»,0
Sunan Sa'id ibn Mansur,3211,UNGRADED,Other Narrations,2959- # حدثنا سعيد قال: نا سفيان، عن عمرو، قال: قالوا لجابر بن زيد: إن أصحاب النبي صلى الله عليه وسلم كانوا لا يرون بالدخيل بأسا، قال: «هم أعف من ذلك»,0
Sunan Sa'id ibn Mansur,3214,UNGRADED,Justice & Judgement; Day of Judgement,2962- # حدثنا سعيد قال: نا حزم بن أبي حزم، قال: سمعت الحسن، يقول: إن سعد بن معاذ أصابه سهم يوم الأحزاب، فقال: اللهم لا تمتني حتى تشفيني من قريظة والنضير، فلما فرغ رسول الله صلى الله عليه وسلم من الأحزاب وانصرف إلى قريظة فحاصرهم، فولي سعد بن معاذ حكمهم، فحكم فيهم أن يقتل المقاتلة، وأن تسبى الذراري، فقتل رسول الله صلى الله عليه وسلم ما شاء أن يقتل من مقاتلتهم، وسبى ذراريهم، ثم حمل سعد بن معاذ، وكان في جنازته يومئذ منافقون، فقال بعضهم: ما أخفه، وقال بعضهم: فيم ذلك؟ قالوا: فيما حكم في بني قريظة وهم كاذبون، وقد كان سعد كثير اللحم، عبلا من الرجال، عظيما، فقال رسول الله صلى الله عليه وسلم وهم يحملونه: «يقولون ما أخفه، والذي نفسي بيده لقد اهتز العرش لروح سعد بن معاذ»,0
Sunan Sa'id ibn Mansur,3215,UNGRADED,Other Narrations,2963- # حدثنا سعيد قال: نا أبو معاوية، عن الأعمش، عن أبي سفيان، عن جابر، قال: قال رسول الله صلى الله عليه وسلم: «لقد اهتز عرش الله عز وجل لموت سعد بن معاذ»,0
Sunan Sa'id ibn Mansur,3216,UNGRADED,Justice & Judgement; Prophets & Past Peoples,2964- # حدثنا سعيد قال: نا عبد الرحمن بن زياد، قال: نا شعبة، عن سعد بن إبراهيم، قال: سمعت أبا أمامة بن سهل، يحدث عن أبي سعيد الخدري، يقول: لما نزل أهل قريظة على حكم سعد بن معاذ أرسل رسول الله صلى الله عليه وسلم إليه، فجاء على حمار، فلما أن كان قريبا من النبي صلى الله عليه وسلم، قال النبي صلى الله عليه وسلم للأنصار: «قوموا إلى سيدكم» ، فجاء حتى قعد إلى جنب النبي صلى الله عليه وسلم، فقال: إن هؤلاء نزلوا على حكمك، قال: فإني أحكم فيه، أن تقتل مقاتلتهم وتسبى ذريتهم، فقال رسول الله صلى الله عليه وسلم: «لقد حكمت بحكم الملك»,0
Sunan Sa'id ibn Mansur,3217,UNGRADED,"Day of Judgement; Time, Days & Nights","2965- # حدثنا سعيد قال: نا هشيم، قال: أنا عبد الملك بن عمير، قال: حدثني عطية القرظي، قال: كنت فيمن عرض على رسول الله صلى الله عليه وسلم يوم قريظة فشكوا في فنظروا إلى عانتي فلم يجدوني أنبت فخلى سبيلي """,0
Sunan Sa'id ibn Mansur,3219,UNGRADED,Prophets & Past Peoples; Animals,"2967- # حدثنا سعيد قال: نا سفيان، قال: نا أيوب، عن أبي قلابة، عن عمه، عن عمران بن حصين، أن ثقيفا كانت حلفاء لبني عقيل في الجاهلية # فأصاب المسلمون رجلا من بني عقيل ومعه ناقة له، فأتوا به رسول الله صلى الله عليه وسلم، فلما أتاه قال: يا محمد بم أخذتني وأخذت سابقة الحاج؟ وكانت الناقة في الجاهلية إذا سبقت لم تمنع من حوض شرعت فيه أو كلأ رتعت فيه، قال: "" بجريرة حلفائك ثقيف، وكانت ثقيف أسرت رجلين من المسلمين، فكان رسول الله صلى الله عليه وسلم يمر به وهو محبوس، فيقول: يا محمد إني مسلم، فقال: «لو قلتها وأنت تملك أمرك كنت أنت قد أفلحت كل الفلاح» ثم مر به أخرى، فقال: يا محمد إني جائع فأطعمني وظمآن فاسقني، قال: «تلك حاجتك» ثم بدا له أن يفديه ففداه رسول الله صلى الله عليه وسلم بالرجلين من المسلمين، وأمسك الناقة لنفسه، وهي العضباء، فأغار عدو على سرح المدينة فأصابوها، وكان يريحون إبلهم ليلا، وكانت عند المشركين امرأة سبوها، فانطلقت فأتت النعم، فجعلت لا تأتي إلى بعير إلا رغا، فأتتها فلم ترغ، فاستوت عليها فأرسلتها، فلما قدمت المدينة قال الناس: العضباء العضباء، قالت: إني نذرت إن أنجاني الله عليها لأنحرنها، فأخبروا النبي صلى الله عليه وسلم فقال: «بئس ما جزيتها، لا وفاء لنذر في معصية، ولا وفاء لنذر فيما لا يملك ابن آدم»",0
Sunan Sa'id ibn Mansur,3224,UNGRADED,Other Narrations,2972- # حدثنا سعيد قال: نا أبو عوانة، عن قتادة، عن أبي نضرة، عن أبي سعيد الخدري، قال: قال رسول الله صلى الله عليه وسلم: «تكون أمتي # فرقتين تخرج بينهما مارقة تلي قتلها أولاهما بالحق»,0
Sunan Sa'id ibn Mansur,3230,UNGRADED,Quran & Recitation; Brotherhood & Friendship,"2978- # حدثنا سعيد قال: نا عطاف بن خالد، قال: حدثني صديق بن موسى بن عبد الله بن الزبير، أن رسول الله صلى الله عليه وسلم قدم المدينة فاستناخت به راحلته بين دار جعفر بن محمد بن علي ودار الحسن بن زيد، فأتاه الناس، فقالوا: يا رسول الله المنزل، فانبعثت به راحلته، فقال: "" دعوها، فإنها مأمورة، ثم خرجت به حتى جاءت به باب أبي أيوب الأنصاري فاستناخت به، فأتاه الناس، فقالوا: يا رسول الله المنزل، فانبعثت به راحلته، فقال: دعوها فإنها مأمورة، ثم خرجت به حتى جاءت به موضع المنبر فاستناخت به ثم تحللت، وللناس ثم عريش كانوا يرشونه، ويقيمونه، ويتبردون فيه فنزل رسول الله صلى الله عليه وسلم، عن راحلته فأوى إلى الظل، فنزل فيه وأتاه # أبو أيوب، فقال: يا رسول الله إن منزلي أقرب المنازل إليك فانقل رحلك إلي، قال: «نعم» فذهب برحله إلى المنزل، ثم أتاه رجل آخر، فقال: يا رسول الله انزل علي، فقال: «إن الرجل مع رحله حيث كان» وثبت رسول الله صلى الله عليه وسلم في العريش حتى صلى بالناس فيه ثنتي عشرة ليلة",0
