collection,seq_no,grade,topics,arabic_text,merged_dups
Musnad at-Tayalisi,3,UNGRADED,Prayer (Salah); Repentance & Forgiveness,"1 - # حدثنا شعبة، قال: أخبرنا عثمان بن المغيرة، عن علي بن ربيعة الأسدي، عن أسماء بن الحكم الفزاري، قال: سمعت عليا رضي الله عنه يقول: كنت إذا سمعت من رسول الله صلى الله عليه وسلم حديثا ينفعني الله عز وجل بما شاء أن ينفعني، قال علي: وحدثني أبو بكر، وصدق أبو بكر رضي الله عنه، أن رسول الله صلى الله عليه وسلم قال: "" ما من عبد يذنب ذنبا ثم يتوضأ ويصلي ركعتين، ثم يستغفر الله إلا غفر له، ثم تلا هذه الآية {والذين إذا فعلوا فاحشة أو ظلموا أنفسهم ذكروا الله فاستغفروا لذنوبهم} [آل عمران: 135] الآية، والآية الأخرى: {ومن يعمل سوءا أو يظلم نفسه} [النساء: 110] "" الآية",0
Musnad at-Tayalisi,5,UNGRADED,Dhikr & Supplication; Prophets & Past Peoples,2 - # حدثنا أبو داود، قال: حدثنا أبو عوانة، عن عثمان بن المغيرة، عن علي بن ربيعة، عن أسماء بن الحكم الفزاري، قال: سمعت عليا رضي الله عنه يقول: كنت إذا سمعت من رسول الله صلى الله عليه وسلم حديثا نفعني الله بما شاء أن ينفعني، وإذا حدثني غيره استحلفته أنه سمعه منه، ثم صدقته، وحدثني أبو بكر - وصدق أبو بكر رضي الله عنه - أن رسول الله صلى الله عليه وسلم قال، ثم ذكر نحو حديث شعبة #,0
Musnad at-Tayalisi,7,UNGRADED,Character & Manners; Day of Judgement,"[ص: 6] # : "" أرسل إلي أبو بكر رضي الله عنه مقتل أهل اليمامة، وإذا عنده عمر بن الخطاب رضي الله عنه، فقال: إن هذا أتاني فأخبرني أن القتل قد استحر بقراء القرآن في هذا الموطن - يعني يوم اليمامة - وإني أخاف أن يستحر القتل بقراء القرآن في سائر المواطن فيذهب القرآن، وقد رأيت أن تجمعه - فقلت له، يعني لعمر: كيف نفعل شيئا لم يفعله رسول الله صلى الله عليه وسلم، فقال لي عمر: هو والله خير، فلم يزل بي عمر حتى شرح الله صدري للذي شرح له صدره، ورأيت فيه مثل الذي رأى - وأنت رجل",0
Musnad at-Tayalisi,9,UNGRADED,Repentance & Forgiveness; Prophets & Past Peoples,"4 - # حدثنا أبو داود، حدثنا شعبة، عن توبة العنبري، قال: سمعت أبا السوار العنبري يحدث، عن أبي برزة، قال: "" كنت عند أبي بكر رضي الله عنه وهو يوعد رجلا، فأغلظ له، فقلت: ألا أضرب عنقه، فقال أبو بكر: إنه ليست لأحد بعد النبي صلى الله عليه وسلم "" #",0
Musnad at-Tayalisi,11,UNGRADED,Character & Manners; Paradise,[ص: 8] # ، قال: سمعت سليم بن عامر، يحدث عن أوسط البجلي رضي الله عنه، قال: سمعت أبا بكر، رضي الله عنه يخطب، فذكر النبي صلى الله عليه وسلم فبكى، ثم قال: يعني النبي صلى الله عليه وسلم: «عليكم بالصدق، فإنه يهدي إلى البر وهما في الجنة، وإياكم والكذب فإنه يهدي إلى الفجور وهما في النار، واسألوا الله اليقين والمعافاة، فإن الناس لم يعطوا شيئا بعد اليقين أفضل من المعافاة - أو قال العافية - ولا تحاسدوا، ولا تباغضوا، ولا تقاطعوا، ولا تدابروا، وكونوا عباد الله إخوانا» #,0
Musnad at-Tayalisi,13,UNGRADED,Dhikr & Supplication; Character & Manners,[ص: 9] # عائشة رضي الله عنها قالت: كان أبو بكر رضي الله عنه إذا ذكر يوم أحد بكى، ثم قال: ذاك كله يوم طلحة، ثم أنشأ يحدث، قال: كنت أول من فاء يوم أحد فرأيت رجلا يقاتل مع رسول الله صلى الله عليه وسلم دونه، وأراه قال: يحميه، قال: فقلت: كن طلحة حيث فاتني ما فاتني، فقلت: يكون رجلا من قومي أحب إلي وبيني وبين المشرق رجل لا أعرفه، وأنا أقرب إلى رسول الله صلى الله عليه وسلم منه، وهو يخطف المشي خطفا لا أخطفه، فإذا هو أبو عبيدة بن الجراح، فانتهينا إلى رسول الله صلى الله عليه وسلم وقد كسرت رباعيته، وشج في وجهه وقد دخل في وجنتيه حلقتان من حلق المغفر، فقال رسول الله صلى الله عليه وسلم: «عليكما صاحبكما» ، يريد طلحة، وقد نزف، فلم يلتفت إلى قوله، وذهبت لأنزع ذاك من وجهه، فقال أبو عبيدة: أقسمت عليك بحقي لما تركتني، فتركته فكره أن يتناولهما بيده، فيؤذي النبي صلى الله عليه وسلم، فأزم عليهما بفيه فاستخرج إحدى الحلقتين، ووقعت ثنيته مع الحلقة، وذهبت لأصنع ما صنع فقال: أقسمت عليك بحقي لما تركتني قال: ففعل مثل ما فعل في المرة الأولى فوقعت ثنيته الأخرى مع الحلقة فكان أبو عبيدة من أحسن الناس هتما فأصلحنا من شأن النبي صلى الله عليه وسلم، ثم أتينا طلحة في بعض تلك,0
Musnad at-Tayalisi,15,UNGRADED,Prophets & Past Peoples,7 - # حدثنا أبو داود قال: حدثنا صدقة بن موسى، وهمام، عن فرقد، عن مرة، عن أبي بكر رضي الله عنه، قال: سمعت رسول الله صلى الله عليه وسلم يقول: «أول من يقرع باب الجنة عبد أدى حق الله وحق مواليه» #,1
Musnad at-Tayalisi,18,UNGRADED,Dhikr & Supplication; Knowledge & Scholars,"9 - # حدثنا أبو داود قأل: حدثنا شعبة، عن يعلى بن عطاء، قال سمعت عمرو بن عاصم الثقفي، قال: سمعت أبا هريرة، يقول: قال أبو بكر الصديق رضي الله عنه: يا رسول الله مرني بشيء أقوله إذا أصبحت وإذا أمسيت قال: "" قل: اللهم عالم الغيب والشهادة فاطر السموات والأرض رب كل شيء ومليكه، أشهد أن لا إله إلا أنت، أعوذ بك من شر نفسي، ومن شر الشيطان وشركه قله إذا أصبحت وإذا أمسيت وإذا أخذت مضجعك "" #",1
Musnad at-Tayalisi,19,UNGRADED,Other Narrations,أحاديث عمر بن الخطاب بن نفيل بن عبد العزى بن رباح بن عبد الله بن قرط بن رزاح بن عدي بن كعب رضي الله عنه، عن رسول الله صلى الله عليه وسلم #,0
Musnad at-Tayalisi,22,UNGRADED,Hajj & Umrah,[ص: 13] # بن الخطاب، رضي الله عنه استأذن النبي صلى الله عليه وسلم في عمرة فأذن له وقال له: «يا أخي أشركنا في دعائك» أو «لا تنسنا من دعائك» #,0
Musnad at-Tayalisi,23,UNGRADED,Prophets & Past Peoples; Treaties & Non-Muslims,11 - # حدثنا أبو داود قال: حدثنا شعبة، عن عاصم بن عبيد الله، عن سالم، عن أبيه، أن عمر، قال: يا رسول الله أرأيت ما نعمل فيه أمر مبتدع أو مبتدأ أو ما قد فرغ منه؟ قال: «ما قد فرغ منه فاعمل يا ابن الخطاب فكل ميسر، من كان من أهل السعادة فإنه يعمل بالسعادة أو للسعادة، ومن كان من أهل الشقاء فإنه يعمل بالشقاء أو للشقاوة» #,0
Musnad at-Tayalisi,25,UNGRADED,Dhikr & Supplication; Paradise,"[ص: 15] # عنه أن النبي صلى الله عليه وسلم قال: "" من دخل سوقا من هذه الأسواق فقال: لا إله إلا الله وحده لا شريك له له الملك وله الحمد يحيي ويميت وهو حي لا يموت بيده الخير وهو على كل شيء قدير، كتب الله عز وجل له ألف ألف حسنة ومحا عنه ألف ألف سيئة وبنى له قصرا في الجنة "" #",0
Musnad at-Tayalisi,27,UNGRADED,Dhikr & Supplication; Character & Manners,"[ص: 17] # دينار، عن سالم، عن ابن عمر، عن عمر رضي الله عنه، أن النبي صلى الله عليه وسلم قال: "" ما من رجل رأى مبتلى فقال: الحمد لله الذي عافاني مما ابتلاه به وفضلني على كثير ممن خلق تفضيلا إلا لم يصبه ذلك البلاء كائنا ما كان "" #",0
Musnad at-Tayalisi,28,UNGRADED,Prophets & Past Peoples,14 - # حدثنا أبو داود قال: حدثنا شريك، عن عاصم بن عبيد الله، عن رجل، عن ابن عمر، عن عمر رضي الله عنه، قال: «رأيت النبي صلى الله عليه وسلم يمسح على الخفين» #,0
Musnad at-Tayalisi,29,UNGRADED,Prophets & Past Peoples,15 - # حدثنا أبو داود قال: حدثنا شعبة، عن قتادة، عن سعيد بن المسيب، عن ابن عمر، عن عمر بن الخطاب، أن النبي صلى الله عليه وسلم قال: «إن الميت ليعذب بالنياحة عليه في قبره» #,0
Musnad at-Tayalisi,31,UNGRADED,Other Narrations,[ص: 20] # عن النبيذ، فحدث، عن عمر، أن رسول الله صلى الله عليه وسلم «نهى عن الجر والدباء والمزفت» #,0
Musnad at-Tayalisi,32,UNGRADED,Night & Voluntary Prayer; Prophets & Past Peoples,17 - # حدثنا أبو داود، حدثنا شعبة، حدثنا عبد الله بن دينار، قال: سمعت ابن عمر، يقول: قال عمر: يا رسول الله تصيبني الجنابة من الليل فكيف أصنع؟ قال: «اغسل ذكرك وتوضأ ثم ارقد» #,0
Musnad at-Tayalisi,33,UNGRADED,Modesty & Dress; Day of Judgement,18 - # حدثنا أبو داود قال: حدثنا صخر بن جويرية، حدثنا نافع، عن ابن عمر، أن عمر رأى حلة عطارد التميمي من حرير سيراء تباع فقال عمر: يا رسول الله اشتر هذه الحلة فالبسها يوم الجمعة وللوفود إذا جاءوك فقال رسول الله صلى الله عليه وسلم: «إنما يلبس هذا من لا خلاق له في الآخرة» ثم أتي رسول الله صلى الله عليه وسلم بحلل منها بعد ذلك فأرسل إلى عمر منها بحلة فأتاه عمر فقال: يا رسول الله أرسلت إلي اليوم بحلة وقد قلت في حلة عطارد ما قلت قال: «تستنفقها أو تكسوها نساءك» #,0
Musnad at-Tayalisi,34,UNGRADED,Prophets & Past Peoples,19 - # حدثنا أبو داود قال: حدثنا جويرية بن أسماء، عن نافع، عن ابن عمر رضي الله عنه، قال: أتى رسول الله صلى الله عليه وسلم على عمر رضي الله عنه وهو يحلف بأبيه فناداه رسول الله صلى الله عليه وسلم: «إن الله عز وجل ينهاكم أن تحلفوا بآبائكم، فمن كان حالفا فليحلف بالله أو ليصمت» #,0
Musnad at-Tayalisi,35,UNGRADED,Prophets & Past Peoples,20 - # حدثنا أبو داود قال: حدثنا حماد بن سلمة، وهشام، وشعبة، عن قتادة، عن يونس بن جبير، قال: سألت ابن عمر عن رجل طلق امرأته وهي حائض فقال: تعرف ابن عمر فإنه طلق امرأته وهي حائض، فذكر عمر ذلك للنبي صلى الله عليه وسلم فقال: «يراجعها» #,1
Musnad at-Tayalisi,36,UNGRADED,Faith & Creed; Character & Manners,21 - # حدثنا أبو داود قال: حدثنا حماد بن زيد، عن مطر الوراق، عن عبد الله بن بريدة الأسلمي، عن يحيى بن يعمر، عن ابن عمر، قال: حدثني عمر بن الخطاب رضي الله عنهما، أنه كان عند رسول الله صلى الله عليه وسلم فجاءه رجل عليه ثوبان أبيضان مقوم حسن النحو والناحية فقال: أدنو منك يا رسول الله؟ فقال: «ادن» ثم قال: أدنو منك يا رسول الله؟ فقال: «ادن» فلم يزل يدنو حتى كانت ركبته عند ركبة رسول الله صلى الله عليه وسلم ثم قال: أسألك؟ قال: «سل» قال: أخبرني عن الإسلام قال: «شهادة أن لا إله إلا الله وأني رسول الله وإقام,0
Musnad at-Tayalisi,37,UNGRADED,Prayer (Salah); Fasting & Ramadan,"[ص: 25] # الصلاة وإيتاء الزكاة وحج البيت وصوم رمضان» قال: فإذا فعلت ذلك فأنا مسلم؟ قال رسول الله صلى الله عليه وسلم: «نعم» قال له الرجل: صدقت، فجعلنا نعجب من قوله لرسول الله صلى الله عليه وسلم: صدقت كأنه أعلم منه ثم قال: يا رسول الله أخبرني عن الإيمان قال: «الإيمان أن تؤمن بالله وملائكته وكتبه ورسله والبعث بعد الموت والجنة والنار وتؤمن بالقدر خيره وشره» ، قال: فإذا فعلت ذلك فأنا مؤمن؟ قال رسول الله صلى الله عليه وسلم: «نعم» قال: صدقت، فجعلنا نعجب من قوله لرسول الله صلى الله عليه وسلم: صدقت ثم قال: أخبرني ما الإحسان قال: «أن تخشى الله كأنك تراه فإن كنت لا تراه فإنه يراك» قال: صدقت ثم قال: أخبرني عن الساعة قال رسول الله صلى الله عليه وسلم: "" ما المسئول عنها بأعلم من السائل هن خمس لا يعلمهن إلا الله {إن الله عنده علم الساعة وينزل الغيث} [لقمان: 34] "" الآية فقال الرجل: صدقت #",0
Musnad at-Tayalisi,38,UNGRADED,Paradise; Prophets & Past Peoples,22 - # حدثنا أبو داود قال: حدثنا داود بن أبي الفرات، عن عبد الله بن بريدة، عن أبي الأسود الدؤلي، قال: جلست إلى عمر بن الخطاب رضي الله عنه فقال: قال رسول الله صلى الله عليه وسلم: «ما من رجل يموت فيشهد له ثلاثة بخير إلا وجبت له الجنة» ، فقلت: يا رسول الله واثنان؟ قال: «واثنان» ولم يسأل رسول الله صلى الله عليه وسلم عن الواحد #,0
Musnad at-Tayalisi,40,UNGRADED,Prophets & Past Peoples,23 - # حدثنا يونس، حدثنا أبو داود، حدثنا حماد بن سلمة، حدثنا يحيى بن سعيد، عن عبيد بن حنين، عن ابن عباس رضي الله عنهما، قال: أقبلنا مع عمر رضي الله عنه حتى انتهينا إلى مر الظهران فدخل عمر الأراك يقضي حاجته وقعدت له حتى خرج فقلت: يا أمير المؤمنين أريد أن أسألك عن حديث منذ سنة فمنعتني هيبتك أن أسألك فقال: لا تفعل إذا علمت أن عندي علما فسلني قال: قلت أسألك عن حديث المرأتين؟ قال: نعم حفصة وعائشة كنا في الجاهلية لا نعتد بالنساء ولا ندخلهن في شيء من أمورنا فلما جاء الله عز وجل بالإسلام وأنزلهن الله تعالى حيث أنزلهن وجعل لهن حقا من غير أن يدخلن في شيء من أمورنا فبينا أنا يوما جالس في بعض شأني إذ قالت لي امرأتي كذا وكذا فقلت: ما لك أنت ولهذا؟ ومتى كنت تدخلين في أمورنا؟ فقالت: يا ابن الخطاب ما يستطيع أحد أن يكلمك وابنتك تكلم رسول الله صلى الله عليه وسلم حتى يظل غضبان فقلت: وإنها لتفعل؟ قالت: نعم فقمت فدخلت على,0
Musnad at-Tayalisi,41,UNGRADED,Children & Upbringing; Brotherhood & Friendship,[ص: 28] # حفصة فقلت: يا حفصة ألا تتقين الله تكلمين رسول الله صلى الله عليه وسلم حتى يظل غضبان ويحك لا تغترين بحسن عائشة وحب رسول الله صلى الله عليه وسلم إياها ثم أتيت أم سلمة أيضا فقلت لها مثل ذلك فقالت: لقد دخلت يا ابن الخطاب في كل شيء حتى بين رسول الله صلى الله عليه وسلم وبين نسائه، وكان لي صاحب من الأنصار يحضر رسول الله صلى الله عليه وسلم إذا غبت وأحضره إذا غاب ويخبرني وأخبره ولم يكن أحد أخوف عندنا أن يغزونا من ملك من ملوك غسان فلما هدأ الله الأمر عنا فبينا أنا ذات يوم جالس في بعض أمري إذ جاء صاحبي فقال: أبا حفص أبا حفص مرتين فقلت: ويلك ما لك أجاء الغساني أجاء الغساني؟ قال: لا ولكن طلق رسول الله صلى الله عليه وسلم نساءه فقلت: رغم أنف حفصة رغم أنف حفصة وانتعلت وأتيت النبي صلى الله عليه وسلم فإذا في كل بيت بكاء وإذا رسول الله صلى الله عليه وسلم في مشربة وإذا على الباب غلام أسود فقلت: استأذن لي على رسول الله صلى الله عليه وسلم فاستأذن فأذن لي فإذا هو نائم على حصير تحت رأسه وسادة من أدم حشوها ليف وإذا قرظ وأهب معلقة فأنشأت أخبره بما قلت لحفصة، وأم سلمة «وكان آلى من نسائه,0
Musnad at-Tayalisi,43,UNGRADED,Prophets & Past Peoples,"24 - # حدثنا أبو داود قال: حدثنا سفيان بن عيينة، عن الزهري، عن عبيد الله بن عبد الله، عن ابن عباس، عن عمر رضي الله عنهم، قال: قال رسول الله صلى الله عليه وسلم: "" لا تطروني كما أطرت النصارى عيسى ابن مريم فإنما أنا عبد فقولوا: عبد الله ورسوله "" #",0
Musnad at-Tayalisi,45,UNGRADED,Justice & Judgement,[ص: 30] # رضي الله عنه قام فينا فقال: يا أيها الناس ألا إن الرجم حد من حدود الله فلا تخدعن عنه فإنه في كتاب الله وسنة نبيكم صلى الله عليه وسلم، وقد «رجم رسول الله صلى الله عليه وسلم ورجم أبو بكر ورجمت» #,0
Musnad at-Tayalisi,47,UNGRADED,Character & Manners; Leadership & Governance,"[ص: 31] # يدركني الناس، إني لم أقض في الكلالة ولم أستخلف على الناس خليفة، وكل مملوك لي عتيق فقيل له: استخلف قال: أي ذلك فعلت فقد فعله من هو خير مني إن أستخلف فقد استخلف من هو خير مني وإن أدع الناس إلى أمرهم فقد تركه رسول الله صلى الله عليه وسلم قلت: أبشر بالجنة يا أمير المؤمنين صحبت رسول الله صلى الله عليه وسلم فأطلت صحبته، ثم وليت فعدلت وأديت الأمانة، فقال عمر رضي الله عنه: أما تبشيرك إياي بالجنة فوالله الذي لا إله إلا هو لو أن لي ما بين السماء والأرض لافتديت به مما هو أمامي قبل أن أعلم الخبر، وأما ما ذكرت من أمر المسلمين فوالله لوددت أني نجوت منها كفافا لا علي ولا لي، وأما ما ذكرت من صحبة رسول الله صلى الله عليه وسلم فذاك "" #",0
Musnad at-Tayalisi,48,UNGRADED,Prophets & Past Peoples,27 - # حدثنا أبو داود قال: حدثنا زمعة، عن سلمة بن وهرام، عن عكرمة، عن ابن عباس، عن عمر رضي الله عنه، أنه طاف فأراد أن لا يرمل فقال: «إنما رمل النبي صلى الله عليه وسلم ليغيظ المشركين» ثم قال: أمر فعله رسول الله صلى الله عليه وسلم ولم ينه عنه فرمل #,0
Musnad at-Tayalisi,49,UNGRADED,Prayer (Salah); Prophets & Past Peoples,28 - # حدثنا أبو داود قال: حدثنا جعفر بن عثمان القرشي، من أهل مكة قال: رأيت محمد بن عباد بن جعفر قبل الحجر وسجد عليه ثم قال: رأيت خالك ابن عباس قبله وسجد عليه فقال ابن عباس: رأيت عمر بن الخطاب قبله وسجد عليه ثم قال عمر: «لو لم أر رسول الله صلى الله عليه وسلم قبله ما قبلته» #,0
Musnad at-Tayalisi,50,UNGRADED,Prayer (Salah); Prophets & Past Peoples,"29 - # حدثنا أبو داود قال: حدثنا همام، عن قتادة، عن أبي العالية الرياحي، عن ابن عباس، قال: شهد عندي رجال مرضيون فيهم عمر وأرضاهم عندي عمر «أن رسول الله صلى الله عليه وسلم» نهى عن صلاة بعد العصر حتى تغرب الشمس وعن صلاة بعد الصبح حتى تشرق الشمس "" #",0
Musnad at-Tayalisi,51,UNGRADED,Death & Burial; Paradise,30 - # حدثنا أبو داود قال: حدثنا حماد بن سلمة، عن زياد بن مخراق، عن شهر بن حوشب، عن عقبة بن عامر، قال: دخلت المسجد ورسول الله صلى الله عليه وسلم يخطب فقال لي عمر: قال رسول الله صلى الله عليه وسلم قبل أن تجيء: «من مات يؤمن بالله واليوم الآخر قيل له ادخل الجنة من أي أبواب الجنة الثمانية» #,0
Musnad at-Tayalisi,53,UNGRADED,Prophets & Past Peoples,31 - # حدثنا يونس، حدثنا أبو داود قال: حدثنا جرير بن حازم، حدثنا عبد الملك بن عمير، عن جابر بن سمرة، قال: خطبنا عمر بن الخطاب رضي الله عنه بالجابية فقال: قام فينا رسول الله صلى الله عليه وسلم مقامي فيكم، فقال: «أكرموا أصحابي، ثم الذين يلونهم، ثم الذين يلونهم، ثم يفشو الكذب حتى يحلف الرجل ولم يستحلف، ويشهد,0
Musnad at-Tayalisi,57,UNGRADED,Character & Manners; Leadership & Governance,[ص: 38] # أكلت ماله وأفنيت شبابه ثم أنشأت تخبرين بما ليس فيه فقالت: يا أمير المؤمنين لا تعجل فوالله لا أجلس هذا المجلس أبدا ثم أمر لها بثلاثة أثواب فقال: خذي لما صنعت بك وإياك أن تشتكين هذا الشيخ، كأني أنظر إليها قامت ومعها الثياب ثم أقبل على زوجها فقال: لا يحملنك ما رأيتني صنعت بها أن تسيء إليها، انصرفا فقال الرجل: ما كنت لأفعل ثم قال عمر: سمعت رسول الله صلى الله عليه وسلم يقول: «خير أمتي القرن الذي أنا منه ثم الثاني ثم الثالث ثم ينشأ قوم تسبق أيمانهم شهادتهم يشهدون من غير أن يستشهدوا، لهم لغط في أسواقهم» ، قال: قال لي كهمس: أفتخاف أن يكون هؤلاء من أولئك ثم قال لي كهمس: إني أتيت النبي صلى الله عليه وسلم فأخبرته بإسلامي ثم غبت عنه حولا ثم أتيته فقلت: يا رسول الله كأنك تنكرني؟ فقال: «أجل» فقلت: يا رسول الله ما أفطرت منذ فارقتك فقال له رسول الله صلى الله عليه وسلم: «ومن أمرك أن تعذب نفسك صم يوما من الشهر» ، فقلت: زدني قال: «فصم يومين» ، حتى قال: «فصم ثلاثة أيام من الشهر» #,0
Musnad at-Tayalisi,58,UNGRADED,Prophets & Past Peoples,33 - # حدثنا أبو داود قال: حدثنا جعفر بن سليمان، عن ثابت البناني، عن أبي رافع، أن صهيبا، لما طعن عمر قال: واأخاه واأخاه، فقال له عمر: مه يا أخي مه يا صهيب أما سمعت رسول الله صلى الله عليه وسلم يقول: «الميت يعذب في قبره ببكاء أهله» #,0
Musnad at-Tayalisi,59,UNGRADED,Prophets & Past Peoples,34 - # حدثنا أبو داود، قال: حدثنا إسرائيل، عن إبراهيم بن عبد الأعلى، عن سويد بن غفلة قال: رأيت عمر بن الخطاب يقبل الحجر، ويقول: إني لأقبلك وأعلم أنك حجر ولكني رأيت أبا القاسم صلى الله عليه وسلم,0
Musnad at-Tayalisi,61,UNGRADED,Prayer (Salah); Prophets & Past Peoples,35 - # حدثنا أبو داود قال: حدثنا شعبة، عن يزيد بن خمير، قال: سمعت حبيب بن عبيد، يحدث عن جبير بن نفير الحضرمي، عن ابن السمط، أنه سمع عمر يقول: «صليت مع رسول الله صلى الله عليه وسلم بذي الحليفة ركعتين» #,0
Musnad at-Tayalisi,62,UNGRADED,Character & Manners; Day of Judgement,36 - # حدثنا أبو داود قال: حدثنا حماد بن سلمة، عن هشام بن عمرو، عن رجل، عن عمر، قال: كنت عند رسول الله صلى الله عليه وسلم وعنده قبص من الناس فأتاه رجل فقال: يا رسول الله أي الناس خير منزلة عند الله يوم القيامة بعد أنبيائه وأصفيائه؟ فقال: «المجاهد في سبيل الله بنفسه وماله حتى تأتيه دعوة الله وهو على متن فرسه وآخذ بعنانه» ، قال: ثم من؟ قال: «وامرؤ بناحية أحسن عبادة ربه وترك الناس من شره» ، قال: يا رسول الله فأي الناس شر منزلة عند الله يوم القيامة؟ قال: «المشرك» ، قال: ثم من؟ قال: «إمام جائر يجور عن الحق وقد مكن له» ، وخص رسول الله صلى الله عليه وسلم أبواب الغيب وقال: «سلوني ولا تسألوني عن شيء إلا أنبأتكم به» ، فقال عمر: رضينا بالله ربا وبالإسلام دينا وبك نبيا حسبنا ما أتانا قال فسري عنه #,0
Musnad at-Tayalisi,64,UNGRADED,Women; Character & Manners,[ص: 42] # محمد التميمي، كلاهما عن يحيى بن سعيد الأنصاري، عن محمد بن إبراهيم التيمي، قال: سمعت علقمة بن وقاص الليثي، يقول: سمعت عمر بن الخطاب، رضي الله عنه يقول: سمعت رسول الله صلى الله عليه وسلم يقول: «يا أيها الناس إنما الأعمال بالنية وإنما لكل امرئ ما نوى فمن كانت هجرته إلى الله ورسوله فهجرته إلى الله ورسوله ومن كانت هجرته لدنيا يصيبها أو امرأة يتزوجها فهجرته إلى ما هاجر إليه» #,0
Musnad at-Tayalisi,66,UNGRADED,Other Narrations,[ص: 43] # فخطبهم عمر فقال: سمعت رسول الله صلى الله عليه وسلم يقول: «لا تزال طائفة من أمتي على الحق حتى يأتي أمر الله عز وجل» #,0
Musnad at-Tayalisi,67,UNGRADED,Quran & Recitation; Prophets & Past Peoples,39 - # حدثنا أبو داود قال: حدثنا فليح بن سليمان الخزاعي، قال: سمعت الزهري، يقول: أخبرني عروة بن الزبير، عن المسور بن مخرمة القرشي، وابن عبد القاري، أنهما سمعا عمر بن الخطاب يقول: أقرأني رسول الله صلى الله عليه وسلم سورة من القرآن فحفظتها ووعيتها فبينا أنا قائم في المسجد أصلي إذا هشام بن حكيم يصلي إلى جنبي فافتتح تلك السورة على غير الحرف الذي أقرأني عليه رسول الله صلى الله عليه وسلم فهممت أن أساوره في الصلاة ثم كففت عنه حتى صلى فأخذت بمجامع ثوبه فقلت: من أقرأك هذه الآية؟ فقال: أقرأنيها رسول الله صلى الله عليه وسلم فقلت: كذبت لقد أقرأنيها رسول الله صلى الله عليه وسلم على غير هذا الحرف فخرجت أقوده فلما رآني رسول الله صلى الله عليه وسلم قال لي: «يا عمر خل سبيله» ، فأرسلت ثوبه فقلت: يا رسول الله أقرأتني سورة من القرآن فإذا هو يقرأ على خلاف ما أقرأتني فقال رسول الله صلى الله عليه وسلم: «اقرأ يا هشام» ، فقرأ فقال: «هكذا أنزلت» ، ثم قال لي: «اقرأ يا عمر» ، فقرأت فقال: «هكذا أنزلت، إن القرآن أنزل على سبعة,0
Musnad at-Tayalisi,69,UNGRADED,Prophets & Past Peoples,40 - # حدثنا أبو داود قال: حدثنا سليمان بن المغيرة، عن ثابت البناني، عن أنس، قال: ترائينا الهلال فما من الناس أحد يزعم أنه رآه غيري فقلت لعمر: يا أمير المؤمنين أما تراه؟ فجعلت أريه إياه فلما أعياه أن يراه قال: سأراه وأنا مستلق على فراشي ثم أنشأ يحدثنا عن يوم بدر فقال: إن رسول الله صلى الله عليه وسلم يخبرنا بمصارع القوم بالأمس: «هذا مصرع فلان إن شاء الله غدا، هذا مصرع فلان إن شاء الله غدا»,0
Musnad at-Tayalisi,73,UNGRADED,Prophets & Past Peoples,42 - # حدثنا أبو داود قال: حدثنا حماد بن سلمة، عن ثابت، عن أنس رضي الله عنه، قال: لما طعن عمر رضي الله عنه أعولت عليه حفصة، فقال عمر: أما سمعت النبي صلى الله عليه وسلم يقول: «المعول عليه يعذب» #,0
Musnad at-Tayalisi,74,UNGRADED,Character & Manners; Prophets & Past Peoples,43 - # حدثنا أبو داود قال: حدثنا شعبة، قال: سمعت أبا ذبيان، يقول: سمعت ابن الزبير رضي الله عنه، يقول وهو يخطب الناس: لا تلبسوا نساءكم الحرير فإني سمعت عمر رضي الله عنه يقول: قال رسول الله صلى الله عليه وسلم: «من لبس الحرير في الدنيا لم يلبسه في الآخرة» #,0
Musnad at-Tayalisi,75,UNGRADED,Prophets & Past Peoples,44 - # حدثنا أبو داود قال: حدثنا المسعودي، عن حكيم بن جبير، عن موسى بن طلحة، عن ابن الحوتكية، قال: أتي عمر رضي الله عنه بالأرنب فقال: لولا مخافة أن أزيد أو أنقص لحدثتكم بحديث الأعرابي حين أتى رسول الله صلى الله عليه وسلم بالأرنب فذكر أنه رأى بها دما فأمرهم أن يأكلوها وقال للأعرابي: «ادن فكل» ، فقال: إني صائم,0
Musnad at-Tayalisi,78,UNGRADED,Character & Manners; Bloodshed & Murder,"[ص: 51] # بن عقبة الحضرمي، عن عطاء بن دينار الهذلي، عن أبي يزيد الخولاني، أنه سمع فضالة بن عبيد الأنصاري، يقول: سمعت عمر بن الخطاب رضي الله عنه، يقول: سمعت رسول الله صلى الله عليه وسلم يقول: «الشهداء أربعة فمؤمن جيد الإيمان لقي العدو فصدق الله فقاتل حتى يقتل فذلك الذي يرفع الناس إليه أعينهم - ورفع رأسه حتى وقعت قلنسوة كانت على رأسه، أو على رأس عمر» فهذا في الدرجة الأولى - ورجل مؤمن جيد الإيمان إذا لقي العدو كأنما يضرب جلده شوك الطلح من الجبن أتاه سهم غرب فقتله فهذا في الدرجة الثانية، ورجل مؤمن خلط عملا صالحا وآخر سيئا لقي العدو فصدق الله حتى قتل فهذا في الدرجة الثالثة، ورجل أسرف على نفسه فلقي العدو فقاتل حتى قتل فهذا في الدرجة الرابعة "" #",0
Musnad at-Tayalisi,79,UNGRADED,Prophets & Past Peoples; Animals,46 - # حدثنا أبو داود قال: حدثنا خارجة بن مصعب، عن زيد بن أسلم، عن أبيه، عن عمر بن الخطاب رضي الله عنه، أنه حمل على فرس في سبيل الله فرآه وقد أضاعه صاحبه وهو يريد أن يبيعه، فسأل النبي صلى الله عليه وسلم أن يشتريه فقال رسول الله صلى الله عليه وسلم: «لا تشتره وإن كان بدرهم فإن مثل الذي يعود في صدقته كمثل الكلب يعود في قيئه» #,0
Musnad at-Tayalisi,81,UNGRADED,Night & Voluntary Prayer,[ص: 53] # الخطاب فقال: يا أشعث احفظ عني ثلاثا حفظتهن عن رسول الله صلى الله عليه وسلم: «لا تسأل الرجل فيما ضرب امرأته، ولا تنامن إلا على وتر» ونسيت الثالثة #,0
Musnad at-Tayalisi,84,UNGRADED,Dhikr & Supplication; Leadership & Governance,49 - # حدثنا أبو داود قال: حدثنا المسعودي، عن عاصم بن عمرو البجلي، عن أحد النفر الذين أتوا عمر بن الخطاب رضي الله عنه فقالوا: يا أمير المؤمنين جئنا نسألك عن ثلاث خصال: ما يحل للرجل من امرأته وهي حائض، وعن الغسل من الجنابة وعن قراءة القرآن في البيوت؟ فقال عمر: سبحان الله أسحرة أنتم؟ لقد سألتموني عن شيء سألت عنه رسول الله صلى الله عليه وسلم ما سألني عنه أحد بعد فقال: «أما ما يحل للرجل من امرأته وهي حائض فما فوق الإزار وأما الغسل من الجنابة فيغسل يده وفرجه ثم يتوضأ ويفيض على رأسه وجسده الماء، وأما قراءة,0
Musnad at-Tayalisi,86,UNGRADED,Prophets & Past Peoples,"50 - # حدثنا أبو داود قال: حدثنا شعبة، عن عاصم الأحول، قال: سمعت عبد الله بن سرجس، قال: رأيت عمر بن الخطاب رضي الله عنه قبل الحجر ثم قال: إني أقبلك وأعلم أنك حجر ولولا أني رأيت رسول الله صلى الله عليه وسلم يقبلك ما قبلتك "" #",0
Musnad at-Tayalisi,87,UNGRADED,Prophets & Past Peoples,51 - # حدثنا أبو داود قال: حدثنا عبد الله بن المبارك، عن حيوة بن شريح، عن بكر بن عمرو، عن عبد الله بن هبيرة، عن أبي تميم الجيشاني، قال: سمعت عمر بن الخطاب رضي الله عنه، يقول: سمعت رسول الله صلى الله عليه وسلم يقول: «لو تتوكلون على الله حق توكله,0
Musnad at-Tayalisi,89,UNGRADED,Leadership & Governance; Day of Judgement,52 - # حدثنا أبو داود قال: حدثنا حرب بن شداد، عن يحيى بن أبي كثير، حدثنا أبو سلمة، حدثنا أبو هريرة، قال: بينما عمر بن الخطاب رضي الله عنه يخطب يوم الجمعة إذ جاء رجل فقال عمر: لم تحتبسون عن الجمعة؟ فقال: يا أمير المؤمنين ما هو إلا أن سمعت النداء فتوضأت ثم أقبلت فقال: والوضوء أيضا؟ أولم تسمعوا رسول الله صلى الله عليه وسلم يقول: «إذا راح أحدكم إلى الجمعة فليغتسل» ؟ #,0
Musnad at-Tayalisi,90,UNGRADED,Quran & Recitation; Day of Judgement,53 - # حدثنا أبو داود قال: حدثنا هشام، عن قتادة، عن سالم بن أبي الجعد، عن معدان بن أبي طلحة، قال: خطب عمر رضي الله عنه يوم الجمعة فذكر النبي صلى الله عليه وسلم وأبا بكر، ثم قال: إني رأيت في المنام كأن ديكا نقرني نقرة أو نقرتين وإني لا أراه إلا لحضور أجلي وإن قوما يأمروني أن أستخلف وإن الله عز وجل لم يكن ليضيع دينه ولا خلافته والذي بعث به نبيه صلى الله عليه وسلم، إن عجل بي أمر فالخلافة بين هؤلاء الرهط الستة الذين فارقوا رسول الله صلى الله عليه وسلم وهو عنهم راض وإني لا أدع بعدي شيئا هو أهم إلي من الكلالة وما نازعت رسول الله صلى الله عليه وسلم منذ صحبته ما نازعته في شيء في الكلالة وما أغلظ لي في شيء منذ صحبته ما أغلظ لي في الكلالة حتى ضرب بيده قبل صدري وقال: «يا عمر إنما يكفيك آية الصيف التي أنزلت في آخر سورة النساء» ، ثم إنكم أيها الناس تأكلون من شجرتين لا أراهما إلا خبيثتين هذا البصل والثوم، ولقد كنت أرى رسول الله صلى الله عليه وسلم إذا وجد ريحهما من الرجل أمر به فأخرج إلى البقيع فمن كان منكم آكلهما لا بد فليمتهما طبخا #,0
Musnad at-Tayalisi,91,UNGRADED,Prophets & Past Peoples,"54 - # حدثنا أبو داود، حدثنا محمد بن أبي سليمان، حدثنا سعيد الجريري، عن أبي نضرة، عن أبي فراس، قال: خطب عمر بن الخطاب رضي الله عنه فقال: "" ألا فمن ظلمه أميره فليرفع ذلك إلي أقيد منه، فقام عمرو بن العاص فقال: يا أمير المؤمنين لئن أدب رجل رجلا من أهل رعيته لتقصه منه؟ قال: كيف لا أقصه منه وقد «رأيت رسول الله صلى الله عليه وسلم يقص من نفسه» #",0
Musnad at-Tayalisi,93,UNGRADED,Other Narrations,"[ص: 59] # المكي، عن عمر بن الخطاب قال: سمعت رسول الله صلى الله عليه وسلم يخطب وهو يقول: "" من احتكر على المسلمين طعامهم ابتلاه الله بالجذام أو قال: بالإفلاس "" #",0
Musnad at-Tayalisi,95,UNGRADED,Character & Manners; Prophets & Past Peoples,57 - # حدثنا أبو داود قال: حدثنا شعبة، عن سماك بن حرب، قال: سمعت النعمان بن بشير، يقول: سمعت عمر بن الخطاب يخطب فذكر ما فتح على الناس فقال: «لقد رأيت رسول الله صلى الله عليه وسلم يلتوي يومه من الجوع ما يجد من الدقل ما يملأ به بطنه» #,0
Musnad at-Tayalisi,96,UNGRADED,Prophets & Past Peoples; Treaties & Non-Muslims,58 - # حدثنا أبو داود قال: حدثنا شعبة، عن الأعمش، ومنصور، عن أبي وائل، عن الصبي بن معبد، أنه أهل بالحج والعمرة جميعا فذكر ذلك لعمر فقال: «هديت لسنة نبيك صلى الله عليه وسلم» #,0
Musnad at-Tayalisi,97,UNGRADED,Prophets & Past Peoples; Treaties & Non-Muslims,59 - # حدثنا أبو داود قال: حدثنا شعبة، قال: أخبرني الحكم، عن أبي وائل، أن الصبي بن معبد كان نصرانيا تغلبيا أعرابيا، فأسلم فسأل: أي الأعمال أفضل؟ فقيل له: الجهاد في سبيل الله فأراد أن يجاهد فقيل له: أحججت؟ فقال: لا فقيل له: حج واعتمر ثم جاهد فانطلق حتى إذا كان بالحوائط أهل بهما جميعا فرآه زيد بن صوحان وسلمان بن ربيعة فقالا: لهو أضل من جمله أو ما هو بأهدى من ناقته فانطلق إلى عمر فأخبره بقولهما فقال: «هديت لسنة نبيك محمد صلى الله عليه وسلم» #,0
Musnad at-Tayalisi,99,UNGRADED,Parents,"[ص: 62] # مرة، قال: قال عمر رضي الله عنه: "" ثلاث لأن يكون رسول الله صلى الله عليه وسلم بينهن أحب إلي من حمر النعم: الخلافة والكلالة والربا ""، فقلت لمرة: ومن يشك في الكلالة هو ما دون الولد والوالد قال: إنهم يشكون في الوالد #",0
Musnad at-Tayalisi,101,UNGRADED,Zakah & Charity; Theft & Property,[ص: 63] # : دخل العباس، وعلي على عمر رضي الله عنهم وهما يختصمان قال: وعند عمر، طلحة، والزبير، وسعد، وعبد الرحمن بن عوف رضي الله عنهم فقال لهم عمر: أنشدكم بالله أولم تعلموا أولم تسمعوا أن رسول الله صلى الله عليه وسلم قال: «إن كل مال النبي صلى الله عليه وسلم صدقة إلا ما أطعمه أهله أو كساهم إنا لا نورث» ؟ فقالوا: بلى فكان رسول الله صلى الله عليه وسلم ينفق من ماله على أهله ويتصدق بفضله #,0
Musnad at-Tayalisi,103,UNGRADED,Prophets & Past Peoples,"63 - # حدثنا أبو داود قال: حدثنا شعبة، عن أبي إسحاق، قال: سمعت عمرو بن ميمون، يقول: شهدت عمر بن الخطاب رضي الله عنه بجمع بعدما صلى الصبح وقف فقال: "" إن المشركين كانوا لا يفيضون حتى تطلع الشمس ويقولون: أشرق ثبير وإن رسول الله صلى الله عليه وسلم خالفهم "" فأفاض عمر قبل طلوع الشمس #",0
Musnad at-Tayalisi,105,UNGRADED,Marriage & Spouses,"[ص: 65] # الدنيا وتقوى عند الله كان أولاكم بها محمد صلى الله عليه وسلم ما زوج أحدا من بناته ولا تزوج أحدا من نسائه بأكثر من ثنتي عشرة أوقية إن أحدكم ليغلي صدقة المرأة حتى يكون فداؤه لها فيقول: قد كلفت لك علق القربة ""، أو قال: «عرق القربة» #",0
Musnad at-Tayalisi,106,UNGRADED,Day of Judgement,65 - # حدثنا أبو داود قال: حدثنا سوار بن ميمون أبو الجراح العبدي، قال: حدثني رجل من آل عمر، عن عمر رضي الله عنه، قال: سمعت رسول الله صلى الله عليه وسلم يقول: «من زار قبري» أو قال: «من زارني كنت له شفيعا أو شهيدا ومن مات في أحد الحرمين بعثه الله في الآمنين يوم القيامة» #,0
Musnad at-Tayalisi,107,UNGRADED,Prophets & Past Peoples; Treaties & Non-Muslims,66 - # حدثنا أبو داود قال: حدثنا شعبة، قال: أخبرني أبو جمرة، قال: سمعت جويرية بن قدامة، يقول: قدمت المدينة فدخلت على عمر حين طعن فقال: «أوصيكم بأهل الذمة فإنهم ذمة نبيكم صلى الله عليه وسلم» #,0
Musnad at-Tayalisi,108,UNGRADED,Prophets & Past Peoples,67 - # حدثنا أبو داود قال: حدثنا شعبة، عن قيس بن مسلم، قال: سمعت طارق بن شهاب، يحدث عن أبي موسى، قال: قال عمر رضي الله عنه: إن نأخذ بكتاب الله تعالى فإن الله عز وجل أمر بالتمام، وإن نأخذ بسنة رسول الله صلى الله عليه وسلم، فإن رسول الله «لم يحل حتى بلغ الهدي محله» #,0
Musnad at-Tayalisi,109,UNGRADED,Prophets & Past Peoples,68 - # حدثنا أبو داود قال: حدثنا ابن أبي ذئب، عن نافع، عن ابن عمر رضي الله عنه، «أنه طلق امرأته وهي حائض فأتى عمر النبي صلى الله عليه وسلم فذكر ذلك له فجعلها واحدة» #,0
Musnad at-Tayalisi,110,UNGRADED,Prophets & Past Peoples,69 - # حدثنا أبو داود قال: حدثنا ابن بديل، عن عمرو بن دينار، عن ابن عمر أن عمر رضي الله عنه، قال: يا رسول الله إنه كان,0
Musnad at-Tayalisi,114,UNGRADED,Prophets & Past Peoples,71 - # حدثنا أبو داود قال: حدثنا أبو بكر الهذلي، حدثنا أبو المليح الهذلي، عن ابن عباس رضي الله عنهما، قال: ذكرت طلحة لعمر فقال: «ذلك رجل فيه بأو منذ أصيبت يده مع رسول الله صلى الله عليه وسلم» #,0
Musnad at-Tayalisi,115,UNGRADED,Other Narrations,أحاديث عثمان بن عفان بن أبي العاص بن أمية بن عبد شمس رضي الله عنه، عن النبي صلى الله عليه وسلم #,0
Musnad at-Tayalisi,117,UNGRADED,Faith & Creed; Adultery & Chastity,"[ص: 72] # اليوم فقلنا: يكفيكهم الله يا أمير المؤمنين قال: وبم يقتلوني؟ وقد سمعت رسول الله صلى الله عليه وسلم يقول: "" لا يحل دم امرئ مسلم إلا بإحدى ثلاث: رجل كفر بعد إسلامه أو زنى بعد إحصانه أو قتل نفسا بغير نفس ""، فوالله ما زنيت في الجاهلية ولا في الإسلام قط ولا أحببت بديني بدلا منذ هداني الله عز وجل وما قتلت نفسا فعلام يريد هؤلاء قتلي؟ #",0
Musnad at-Tayalisi,118,UNGRADED,Knowledge & Scholars; Prophets & Past Peoples,73 - # حدثنا أبو داود قال: حدثنا شعبة، قال: أخبرني علقمة بن مرثد الحضرمي، قال: سمعت سعد بن عبيدة، عن أبي عبد الرحمن السلمي، عن عثمان بن عفان رضي الله عنه، أن رسول الله صلى الله عليه وسلم قال: «خيركم من تعلم القرآن وعلمه» ، قال أبو عبد الرحمن: فذاك أقعدني مقعدي هذا #,0
Musnad at-Tayalisi,119,UNGRADED,Prophets & Past Peoples,74 - # حدثنا أبو داود قال: حدثنا ابن أبي ذئب، عن نافع، عن نبيه بن وهب، عن أبان بن عثمان، عن أبيه، أن رسول الله صلى الله عليه وسلم قال: «لا ينكح المحرم ولا يخطب» #,1
Musnad at-Tayalisi,120,UNGRADED,Prophets & Past Peoples,75 - # حدثنا أبو داود قال: حدثنا شعبة، عن جامع بن شداد، قال: سمعت حمران بن أبان، يحدث أبا بردة، عن عثمان بن عفان، أن رسول الله صلى الله عليه وسلم قال: «من أتم الوضوء كما أمره الله فالصلوات كفارات لما بينهن» #,0
Musnad at-Tayalisi,121,UNGRADED,Faith & Creed; Prayer (Salah),76 - # حدثنا أبو داود قال: حدثنا حماد بن سلمة، عن هشام بن عروة، عن أبيه، عن حمران بن أبان، أن عثمان بن عفان رضي الله عنه، أتي بالوضوء لصلاة العصر وهو بالمقاعد فقال عثمان: إني قد رأيت أن أحدثكم بحديث ما ظني أحدثكموه فقال الحكم بن أبي العاص: يا أمير المؤمنين إنما هو خير نتبعه أو شر نتقيه فقال: أتي رسول الله صلى الله عليه وسلم وهو بالمقاعد بالوضوء فقال: «من توضأ فأحسن وضوءه ثم صلى فأتم ركوعها وسجودها كفر عنه ما بينه وبين الصلاة الأخرى ما لم يركب مقتلة» ، يعني ما لم يركب كبيرة #,0
Musnad at-Tayalisi,122,UNGRADED,Prophets & Past Peoples,"77 - # حدثنا أبو داود قال: حدثنا حماد بن سلمة، عن عاصم ابن بهدلة، عن موسى بن طلحة، عن حمران بن أبان، عن عثمان بن عفان، قال: أتي رسول الله صلى الله عليه وسلم بالوضوء وهو بالمقاعد لصلاة العصر فقال: "" إن المسلم إذا توضأ فأحسن الوضوء ثم صلى الصلوات - قال حماد: أحسبه قال في جماعة - فأتم ركوعها وسجودها غفر الله ما بينهما ما لم يركب مقتلة "" #",0
Musnad at-Tayalisi,123,UNGRADED,Paradise; Prophets & Past Peoples,78 - # حدثنا أبو داود قال: حدثنا شعبة، عن عمرو بن دينار، عن رجل، عن عثمان رضي الله عنه، أن النبي صلى الله عليه وسلم قال: «إن رجلا كان سهلا قاضيا ومقتضيا وبائعا ومبتاعا فدخل الجنة» #,0
Musnad at-Tayalisi,124,UNGRADED,"Time, Days & Nights","79 - # حدثنا أبو داود قال: حدثنا عبد الرحمن بن أبي الزناد، عن أبيه، عن أبان بن عثمان، قال: سمعت عثمان رضي الله عنه، يقول: سمعت رسول الله صلى الله عليه وسلم يقول: "" ما من عبد يقول في صباح كل يوم أو مساء كل ليلة: بسم الله الذي لا يضر مع اسمه شيء في الأرض ولا في السماء وهو السميع العليم إلا لم يضره شيء ""، قال: وكان أبان قد أصابه ريح من الفالج فدخل عليه رجل فرأى ما به ففطن له أبان بن عثمان فقال: إن الحديث كما حدثتك ولكن لم أقله يومئذ ليمضي قدر الله #",0
Musnad at-Tayalisi,125,UNGRADED,Prophets & Past Peoples,80 - # حدثنا أبو داود قال: حدثنا عبد الرحمن بن أبي الزناد، عن أبيه، عن عامر بن سعد، قال: سمعت عثمان بن عفان، يقول: والله ما يمنعني أن أحدث عن رسول الله صلى الله عليه وسلم أني لا أكون أوعاهم لحديثه ولكن أشهد أني سمعته يقول: «من قال علي ما لم أقل فليتبوأ مقعده من النار» #,0
Musnad at-Tayalisi,126,UNGRADED,Purity & Wudu; Prophets & Past Peoples,81 - # حدثنا أبو داود قال: حدثنا عبد الرحمن بن ثابت، عن عبدة بن أبي لبابة، عن أبي وائل، عن عثمان، «أنه توضأ ثلاثا ثلاثا» وقال: هكذا توضأ رسول الله صلى الله عليه وسلم #,1
Musnad at-Tayalisi,127,UNGRADED,Prophets & Past Peoples,82 - # حدثنا أبو داود قال: حدثنا أبو عوانة، عن حصين بن عبد الرحمن، عن عمرو بن جاوان، عن الأحنف بن قيس، قال: سمعت عثمان رضي الله عنه، يقول لسعد بن أبي وقاص، وعلي، والزبير، وطلحة رضي الله عنهم: أنشدكم بالله هل تعلمون أن النبي صلى الله عليه وسلم,0
Musnad at-Tayalisi,129,UNGRADED,Prophets & Past Peoples,83 - # حدثنا أبو داود قال: حدثنا حريث بن السائب، قال: حدثني الحسن، قال: حدثني حمران بن أبان، أن عثمان رضي الله عنه، حدثه، أن رسول الله صلى الله عليه وسلم قال: «كل شيء سوى جلف هذا الطعام والماء العذب وبيت يظله فضل، ليس لابن آدم فيه فضل» #,0
Musnad at-Tayalisi,130,UNGRADED,Character & Manners; Paradise,84 - # حدثنا أبو داود قال: حدثنا عبد الواحد بن زيد، قال: حدثنا عبد الله بن راشد مولى عثمان قال: حدثني مولاي عثمان بن عفان رضي الله عنه رضي الله عنه أن رسول الله صلى الله عليه وسلم قال: «إن الله عز وجل خلق مائة خلق وسبعة عشر خلقا فمن أتى الله بخلق منها دخل الجنة» #,0
Musnad at-Tayalisi,131,UNGRADED,Prophets & Past Peoples,85 - # حدثنا أبو داود قال: حدثنا سفيان بن عيينة، عن أيوب بن موسى، عن نبيه بن وهب، عن أبان بن عثمان رضي الله عنه، عن عثمان، رضي الله عنه، عن النبي صلى الله عليه وسلم قال: «المحرم إذا اشتكى عينيه قطر فيهما الصبر إقطارا» #,0
Musnad at-Tayalisi,132,UNGRADED,Dhikr & Supplication; Women,"86 - # حدثنا أبو داود قال: حدثنا جرير بن حازم، ومهدي بن ميمون، عن محمد بن عبد الله بن أبي يعقوب، عن رباح، قال: زوجني أهلي جارية لهم رومية فولدت لي غلاما أسود مثلي فسميته عبد الله، ثم وقعت عليها فولدت لي غلاما آخر أسود مثلي فسميته عبيد الله ثم طبن لها غلام لنا رومي يقال له: يحنس فوطئها فحملت فولدت غلاما كأنه وزغ من الوزغان فقلت: ما هذا؟ فقالت: لا والله ما هذا منك هذا من يحنس قال: صدقت فاختصما إلى عثمان فاعترفا جميعا، فقال عثمان: أترضيان أن أقضي بينكما بقضاء رسول الله صلى الله عليه وسلم، "" إن رسول الله صلى الله عليه وسلم قضى أن: «الولد للفراش وللعاهر الحجر» .، هو ابنك ترثه ويرثك فقلت: سبحان الله قال: هو ذاك فكنت أنيمه بينهما، هذان أسودان وهذا أبيض #",0
Musnad at-Tayalisi,133,UNGRADED,Adhan & the Mosque; Character & Manners,87 - # حدثنا أبو داود قال: حدثنا ابن المبارك، عن أبي معن، عن أبي صالح مولى عثمان بن عفان قال: قال عثمان بن عفان رضي الله عنه في مسجد الخيف: يا أيها الناس، حديثا سمعته من رسول الله صلى الله عليه وسلم كنت أكتمكموه ضنا بكم قد بدا لي أن أبديه نصيحة لكم، سمعت رسول الله صلى الله عليه وسلم يقول: «يوم المجاهد في سبيل الله كألف يوم فيما سواه» ، فلينظر كل امرئ منكم لنفسه #,0
Musnad at-Tayalisi,135,UNGRADED,Other Narrations,أحاديث علي بن أبي طالب بن عبد المطلب بن هاشم بن عبد مناف رضي الله عنه، عن النبي صلى الله عليه وسلم #,0
Musnad at-Tayalisi,136,UNGRADED,Prophets & Past Peoples,89 - # حدثنا يونس، حدثنا أبو داود قال: حدثنا إسرائيل، عن أبي إسحاق، عن عاصم بن ضمرة، عن علي رضي الله عنه، قال: «الوتر ليس بحتم ولكنه سنة حسنة عن رسول الله صلى الله عليه وسلم، إن الله وتر يحب الوتر فأوتروا يا أهل القرآن» #,0
Musnad at-Tayalisi,137,UNGRADED,Prophets & Past Peoples,90 - # حدثنا أبو داود قال: حدثنا شعبة، عن الأعمش، عن سعد بن عبيدة، عن أبي عبد الرحمن السلمي، عن علي، رضي الله عنه أن النبي صلى الله عليه وسلم قال: «إنما الطاعة في المعروف» #,0
Musnad at-Tayalisi,138,UNGRADED,Prophets & Past Peoples,91 - # حدثنا أبو داود قال: حدثنا حماد بن سلمة، عن عطاء بن السائب، عن أبي ظبيان الجنبي، عن علي رضي الله عنه، قال: سمعت رسول الله صلى الله عليه وسلم قال: «رفع القلم عن ثلاث عن المبتلى أو قال المجنون حتى يبرأ، وعن الصبي حتى يبلغ أو يعقل وعن النائم حتى يستيقظ» #,1
Musnad at-Tayalisi,140,UNGRADED,Day of Judgement; Prophets & Past Peoples,93 - # حدثنا أبو داود قال: حدثنا شعبة، عن الحكم، قال: سمعت القاسم بن مخيمرة، يحدث عن شريح بن هانئ، قال: سألت عائشة عن المسح على الخفين، قالت: سل عليا فإنه كان يسافر مع رسول الله صلى الله عليه وسلم فسألته فقال: «للمسافر ثلاثة أيام ولياليهن وللمقيم يوم وليلة» #,0
Musnad at-Tayalisi,141,UNGRADED,Prophets & Past Peoples,94 - # حدثنا أبو داود قال: حدثنا شعبة، قال: أخبرنا الحكم، قال: سمعت ابن أبي ليلى، قال: حدثنا علي بن أبي طالب، رضي الله عنه أن فاطمة رضي الله عنها اشتكت ما تلقى من أثر الرحى في يدها فأتي النبي صلى الله عليه وسلم بسبي فانطلقت فلم تجده ولقيت عائشة رضي الله عنها فأخبرتها فلما جاء النبي صلى الله عليه وسلم أخبرته عائشة بمجيء فاطمة إليه فجاء النبي صلى الله عليه وسلم وقد أخذنا مضاجعنا فذهبنا نقوم فقال رسول الله صلى الله عليه وسلم: «على مكانكما» ، فقعد بيننا حتى وجدت برد قدميه على صدري فقال: «ألا أعلمكما خيرا مما سألتما إذا أخذتما مضاجعكما أن تكبرا الله أربعا وثلاثين وتسبحا ثلاثا وثلاثين وتحمداه,0
Musnad at-Tayalisi,143,UNGRADED,Prayer (Salah); Day of Judgement,95 - # حدثنا أبو داود قال: حدثنا شعبة، عن الحكم، عن يحيى بن الجزار، عن علي، عن النبي صلى الله عليه وسلم أنه كان يوم الأحزاب على فرضة من فراض الخندق فقال: «شغلونا عن صلاة الوسطى حتى غربت الشمس ملأ الله قبورهم وبيوتهم نارا أو قبورهم وبطونهم نارا» #,0
Musnad at-Tayalisi,144,UNGRADED,Hajj & Umrah; Character & Manners,96 - # حدثنا أبو داود قال: حدثنا شعبة، عن الحكم، عن علي بن حسين، عن مروان بن الحكم، قال: شهدت عثمان، وعليا رضي الله عنهما بين مكة والمدينة، وعثمان ينهى عن المتعة، أو أن يجمع بينهما، فلما رأى ذلك علي، أهل بهما جميعا فقال: «لبيك بعمرة وحجة معا» فقال عثمان: تراني أنهى الناس عن شيء وأنت تفعله؟ قال: «ما كنت لأدع سنة رسول الله صلى الله عليه وسلم لقول أحد من الناس» #,0
Musnad at-Tayalisi,145,UNGRADED,Character & Manners; Death & Burial,97 - # حدثنا أبو داود قال: حدثنا شعبة، عن الحكم، عن رجل، من أهل البصرة، ويكنونه أهل البصرة أبا المورع، وأهل الكوفة يكنونه، بأبي محمد، وكان من هذيل، عن علي بن أبي طالب رضي الله عنه قال: كان رسول الله صلى الله عليه وسلم في جنازة فقال: «أيكم يأتي المدينة فلا يدع فيها وثنا إلا كسره ولا صورة إلا لطخها، ولا قبرا إلا سواه؟» فقام رجل من القوم فقال: يا رسول الله أنا فانطلق الرجل فكأنه هاب أهل المدينة فرجع فانطلق علي رضي الله عنه فرجع فقال: ما أتيتك يا رسول الله حتى لم أدع فيها وثنا إلا كسرته، ولا قبرا إلا سويته، ولا صورة إلا لطختها فقال النبي صلى الله عليه وسلم: «من عاد لصنعة شيء منها» ، فقال فيه قولا شديدا، وقال لعلي: «لا تكن فتانا ولا مختالا ولا تاجرا إلا تاجر خير فإن أولئك المسبوقون في العمل» #,0
Musnad at-Tayalisi,146,UNGRADED,Prophets & Past Peoples,98 - # حدثنا أبو داود قال: عن أبي عوانة، عن جابر، عن عبد الله بن نجي، عن علي رضي الله عنه، قال: «نهى النبي صلى الله عليه وسلم عن عضباء الأذن والقرن» #,0
Musnad at-Tayalisi,147,UNGRADED,Prophets & Past Peoples,99 - # حدثنا أبو داود قال: حدثنا شعبة، عن قتادة، عن جري بن كليب، سمع عليا، رضي الله عنه يقول: «نهى رسول الله صلى الله عليه وسلم أن يضحى بعضباء الأذن والقرن» قال قتادة: سألت سعيد بن المسيب عن العضب فقال: النصف فما زاد #,0
Musnad at-Tayalisi,148,UNGRADED,Destiny & Decree; Knowledge & Scholars,100 - # حدثنا أبو داود قال: حدثنا شعبة، عن عمرو بن مرة، سمع أبا البختري، يقول: حدثني من سمع عليا رضي الله عنه، يقول: لما بعثني رسول الله صلى الله عليه وسلم إلى اليمن قلت: يا رسول الله بعثتني وأنا رجل حديث السن لا علم لي بكثير من القضاء؟ قال فضرب يده في صدري وقال: «إن الله عز وجل سيثبت لسانك ويهدي قلبك» ، فما أعياني قضاء بين اثنين #,0
Musnad at-Tayalisi,149,UNGRADED,Prophets & Past Peoples,101 - # حدثنا أبو داود قال: حدثنا شعبة، قال: أخبرني عمرو بن مرة، سمع أبا البختري، يحدث عن أبي عبد الرحمن السلمي، قال: سمعت عليا، يقول: «إذا حدثتكم عن رسول الله صلى الله عليه وسلم حديثا فظنوا برسول الله صلى الله عليه وسلم أهناه وأهداه وأتقاه» #,0
Musnad at-Tayalisi,150,UNGRADED,Prophets & Past Peoples,102 - # حدثنا أبو داود قال: حدثنا شعبة، قال: أخبرني عمرو بن مرة، قال: سمعت سعيد بن المسيب، قال: اجتمع علي، وعثمان رضي الله عنهما بعسفان وكان عثمان ينهى عن المتعة فقال علي: «ما تريد إلى أمر فعله رسول الله صلى الله عليه وسلم تنهى عنه؟» فقال عثمان: دعنا منك,0
Musnad at-Tayalisi,152,UNGRADED,Prophets & Past Peoples,103 - # حدثنا أبو داود قال: حدثنا شعبة قال: أخبرني عمرو بن مرة، سمع عبد الله بن سلمة، يقول: دخلت على علي بن أبي طالب رضي الله عنه أنا ورجلان، رجل منا ورجل من بني أسد أحسب فبعثهما وجها وقال: إنكما علجان فعالجا عن دينكما ثم دخل المخرج ثم خرج فأخذ حفنة من ماء فمسح بها ثم جعل يقرأ القرآن فرآنا أنكرنا ذلك فقال: «كان رسول الله صلى الله عليه وسلم يدخل الخلاء فيقضي الحاجة ثم يخرج، فيأكل معنا اللحم ويقرأ القرآن ولا يحجبه - وربما قال - ولا يحجزه عن القرآن شيء ليس الجنابة» #,0
Musnad at-Tayalisi,153,UNGRADED,Prophets & Past Peoples,104 - # حدثنا أبو داود قال: حدثنا شعبة، عن سعد بن إبراهيم، قال: سمعت عبد الله بن شداد، قال: سمعت عليا رضي الله عنه يقول: ما جمع رسول الله صلى الله عليه وسلم أبويه لأحد إلا لسعد فإنه قال له يوم أحد: «ارم سعد فداك أبي وأمي» #,0
Musnad at-Tayalisi,154,UNGRADED,Prophets & Past Peoples,105 - # حدثنا أبو داود قال: حدثنا زمعة، عن الزهري، عن إبراهيم بن عبد الله بن حنين، عن أبيه، عن علي رضي الله عنه، قال: «نهاني رسول الله صلى الله عليه وسلم أن أقرأ القرآن وأنا راكع وأن ألبس المعصفر وأن أتختم بالذهب» #,0
Musnad at-Tayalisi,155,UNGRADED,Prophets & Past Peoples,106 - # حدثنا أبو داود قال: حدثنا شعبة، عن الأعمش، قال: سمعت منذرا الثوري، يحدث عن محمد بن الحنفية، عن علي رضي الله عنه، قال: استحييت أن أسأل رسول الله صلى الله عليه وسلم عن المذي من أجل فاطمة فأمرت رجلا فسأله فقال: «فيه الوضوء» #,0
Musnad at-Tayalisi,156,UNGRADED,Prophets & Past Peoples,107 - # حدثنا أبو داود قال: حدثنا شعبة، قال: أخبرني عون بن أبي جحيفة، قال: سمعت أبي يقول: سمعت عليا، يقول: «إذا حدثتكم عن رسول الله صلى الله عليه وسلم فلأن أخر من السماء أحب إلي من أن أقول على رسول الله صلى الله عليه وسلم ما لم يقل وإذا حدثتكم برأيي فإن الحرب خدعة» #,0
Musnad at-Tayalisi,157,UNGRADED,Prophets & Past Peoples,108 - # حدثنا أبو داود قال: حدثنا شعبة، وورقاء، عن منصور، عن ربعي بن حراش، قال شعبة: عن علي، وقال ورقاء، عن ربعي، عن رجل، عن علي رضي الله عنه، أن رسول الله صلى الله عليه وسلم قال: «لا يؤمن عبد حتى يؤمن بأربع يشهد أن لا إله إلا الله وأني رسول الله بعثني,0
Musnad at-Tayalisi,159,UNGRADED,Prophets & Past Peoples,109 - # حدثنا أبو داود قال: حدثنا شعبة، قال: أخبرني منصور، قال: سمعت ربعي بن حراش، قال: سمعت عليا رضي الله عنه، يخطب وهو يقول: قال رسول الله صلى الله عليه وسلم: «لا تكذبوا علي فإنه من يكذب علي يلج النار» #,0
Musnad at-Tayalisi,161,UNGRADED,"Time, Days & Nights",[ص: 105] # : سمعت هلال بن يساف، يحدث عن وهب بن الأجدع، عن علي رضي الله عنه، أن النبي صلى الله عليه وسلم قال: «لا تصلوا بعد العصر إلا أن تصلوا والشمس مرتفعة» #,0
Musnad at-Tayalisi,162,UNGRADED,Day of Judgement; Resurrection & Intercession,111 - # حدثنا أبو داود قال: حدثنا شعبة عن زبيد عن سعد بن عبيدة، عن أبي عبد الرحمن السلمي، عن علي رضي الله عنه، أن النبي صلى الله عليه وسلم بعث سرية وأمر عليهم رجلا وأمرهم أن يطيعوه فأجج,0
Musnad at-Tayalisi,164,UNGRADED,Prophets & Past Peoples,112 - # حدثنا أبو داود قال: حدثنا شعبة، عن علي بن مدرك، قال: سمعت أبا زرعة بن عمرو بن جرير، يحدث عن عبد الله بن نجي، عن علي رضي الله عنه، أن رسول الله صلى الله عليه وسلم قال: «لا تدخل الملائكة بيتا فيه صورة ولا جنب» #,0
Musnad at-Tayalisi,165,UNGRADED,Marriage & Spouses; Prophets & Past Peoples,113 - # حدثنا أبو داود قال: حدثنا سفيان بن عيينة، وعبد العزيز بن أبي سلمة، كلاهما سمعا الزهري، يقول: حدثني الحسن، وعبد الله، ابنا محمد بن الحنفية عن أبيهما، أن عليا، رضي الله عنه قال لرجل يفتي في المتعة: انظر ماذا تفتي فأشهد أن رسول الله صلى الله عليه وسلم «نهى عن نكاح المتعة وعن أكل لحوم الحمر الأهلية» #,0
Musnad at-Tayalisi,168,UNGRADED,Prophets & Past Peoples,115 - # حدثنا أبو داود قال: حدثنا حماد بن سلمة، وقيس، وسلام، كلهم عن سماك بن حرب، عن خالد بن عرعرة، عن علي رضي الله عنه، قال: لما انهدم البيت بعد جرهم فبنته قريش فلما أرادوا وضع الحجر تشاجروا من يضعه فاتفقوا على أن يضعه أول من يدخل من هذا الباب «فدخل رسول الله صلى الله عليه وسلم من باب بني شيبة فأمر بثوب فوضع فأخذ الحجر فوضعه في وسطه وأمر من كل فخذ أن يأخذوا بطائفة من الثوب فيرفعوه وأخذه رسول الله صلى الله عليه وسلم فوضعه» #,0
Musnad at-Tayalisi,169,UNGRADED,Character & Manners; Justice & Judgement,116 - # حدثنا أبو داود قال: حدثنا حماد بن سلمة، وقيس بن الربيع، وأبو عوانة كلهم عن سماك بن حرب، عن حنش بن المعتمر الكناني، حدثنا علي بن أبي طالب رضي الله عنه، قال: لما بعثني رسول الله صلى الله عليه وسلم إلى اليمن حفر قوم زبية للأسد فازدحم الناس على الزبية ووقع فيها الأسد فوقع فيها رجل وتعلق الرجل برجل وتعلق الآخر بالآخر حتى صاروا أربعة فجرحهم الأسد فيها فهلكوا وحمل القوم السلاح فكادوا أن يكون بينهم قتال، قال: فأتيتهم فقلت: أتقتلون مائتي رجل من أجل أربعة أناس تعالوا أقض بينكم بقضاء فإن رضيتموه فهو قضاء بينكم وإن أبيتم رفعتم إلى رسول الله صلى الله عليه وسلم فهو أحق بالقضاء قال: فجعل للأول ربع الدية وجعل للثاني ثلث الدية وجعل للثالث نصف الدية وجعل للرابع الدية وجعل الديات على من حضر الزبية على القبائل الأربعة فسخط بعضهم ورضي بعضهم ثم قدموا على رسول الله صلى الله عليه وسلم فقصوا عليه القصة فقال: «أنا أقضي بينكم» ، فقال قائل: فإن عليا قد قضى بيننا فأخبروه بما قضى علي فقال رسول الله صلى الله عليه وسلم: «القضاء كما قضى علي» قال,0
Musnad at-Tayalisi,171,UNGRADED,Night & Voluntary Prayer; Prophets & Past Peoples,117 - # حدثنا أبو داود قال: حدثنا شعبة، قال: عن أبي إسحاق، قال: سمعت عاصم بن ضمرة السلولي، يقول: سمعت علي بن أبي طالب رضي الله عنه، يقول: «من كل الليل أوتر رسول الله صلى الله عليه وسلم من أوله وأوسطه وآخره فانتهى وتره إلى السحر» #,0
Musnad at-Tayalisi,172,UNGRADED,"Prophets & Past Peoples; Time, Days & Nights","118 - # حدثنا أبو داود قال: حدثنا شعبة، عن أبي إسحاق، قال: سمعت حارثة بن مضرب، يقول: سمعت عليا رضي الله عنه يقول: «لقد» رأتينا ليلة بدر وما فينا أحد إلا نائم إلا النبي صلى الله عليه وسلم فإنه كان يصلي إلى شجرة ويدعو، وما كان فينا فارس إلا المقداد رضي الله عنه "" #",0
Musnad at-Tayalisi,173,UNGRADED,Prophets & Past Peoples,119 - # حدثنا أبو داود قال: حدثنا شعبة، عن أبي إسحاق، قال: سمعت هانئ بن هانئ، يقول سمعت عليا يقول: استأذن عمار على النبي صلى الله عليه وسلم فقال: «الطيب المطيب ائذنوا له» #,0
Musnad at-Tayalisi,174,UNGRADED,Prophets & Past Peoples,"120 - # حدثنا أبو داود قال: حدثنا شعبة، عن أبي إسحاق، قال: سمعت هبيرة، يحدث عن علي رضي الله عنه، «أن رسول الله صلى الله عليه وسلم» كان يوقظ أهله في العشر الأواخر "" #",0
Musnad at-Tayalisi,175,UNGRADED,Modesty & Dress; Prophets & Past Peoples,121 - # حدثنا أبو داود قال: حدثنا شعبة، عن أبي إسحاق، قال: سمعت هبيرة بن يريم قال: سمعت عليا رضي الله عنه، يقول: أهديت لرسول الله صلى الله عليه وسلم حلة حرير فبعث بها إلي فلبستها فقال لي: «إني لا أرضى لك ما أكره لنفسي» ، فأمرني فشققتها خمرا بين,0
Musnad at-Tayalisi,177,UNGRADED,Death & Burial; Prophets & Past Peoples,122 - # حدثنا أبو داود قال: حدثنا شعبة، عن أبي إسحاق، قال: سمعت ناجية بن كعب، يقول: شهدت عليا رضي الله عنه يقول: لما توفي أبي أتيت رسول الله صلى الله عليه وسلم فقلت: إن عمك قد توفي قال: «اذهب فواره» ، قلت: إنه مات مشركا، قال: «اذهب فواره ولا تحدثن شيئا حتى تأتيني» ، ففعلت ثم أتيته فأمرني أن أغتسل,0
Musnad at-Tayalisi,179,UNGRADED,Prophets & Past Peoples,123 - # حدثنا أبو داود قال: حدثنا شعبة، قال: أخبرني الفضيل أبو معاذ، عن أبي حريز السجستاني، عن الشعبي، قال: قال علي رضي الله عنه: لما رجعت إلى النبي صلى الله عليه وسلم وقد دفنته قال لي قولا ما أحب أن لي به الدنيا #,0
Musnad at-Tayalisi,180,UNGRADED,Prophets & Past Peoples,124 - # حدثنا أبو داود قال: حدثنا يزيد بن عطاء، عن أبي إسحاق، عن ناجية بن كعب، عن علي رضي الله عنه، قال: «لما أتيت النبي صلى الله عليه وسلم بعدما دفنت أبا طالب فدعا لي بدعوات» #,0
Musnad at-Tayalisi,181,UNGRADED,Dhikr & Supplication; Prophets & Past Peoples,125 - # حدثنا أبو داود قال: حدثنا حماد بن سلمة، عن هشام الفزاري، عن عبد الرحمن بن الحارث بن هشام، عن علي بن أبي طالب رضي الله عنه، أن النبي صلى الله عليه وسلم كان يقول في وتره: «اللهم إني أعوذ برضاك من سخطك وبمعافاتك من عقوبتك وأعوذ بك منك لا أحصي نعمك ولا ثناء عليك أنت كما أثنيت على نفسك» #,0
Musnad at-Tayalisi,182,UNGRADED,Zakah & Charity; Prophets & Past Peoples,126 - # حدثنا أبو داود قال حدثنا شريك، عن أبي إسحاق، عن الحارث، عن علي رضي الله عنه قال: قال النبي صلى الله عليه وسلم: «قد عفوت لكم عن صدقة الخيل والرقيق هلموا ربع العشور من كل أربعين درهما درهم» #,0
Musnad at-Tayalisi,183,UNGRADED,Knowledge & Scholars; Prophets & Past Peoples,127 - # حدثنا أبو داود قال: حدثنا شريك، وزائدة، وسليمان بن معاذ، قالوا: حدثنا سماك بن حرب، عن حنش بن المعتمر، عن علي رضي الله عنه، قال: لما بعثني رسول الله صلى الله عليه وسلم إلى اليمن قلت: تبعثني وأنا حديث السن لا علم لي بكثير من القضاء؟ فقال: «إذا أتاك الخصمان,0
Musnad at-Tayalisi,185,UNGRADED,Prayer (Salah); Prophets & Past Peoples,128 - # حدثنا أبو داود قال: حدثنا شريك، عن أبي إسحاق، عن الحارث، عن علي رضي الله عنه، أن النبي صلى الله عليه وسلم «كان يوتر عند الأذان ويصلي ركعتين عند الإقامة» #,0
Musnad at-Tayalisi,188,UNGRADED,Prayer (Salah); Prophets & Past Peoples,130 - # حدثنا أبو داود قال: حدثنا زهير، قال: حدثنا أبو إسحاق، قال: سمعت عاصم بن ضمرة، يقول: سألت عليا رضي الله عنه عن صلاة رسول الله صلى الله عليه وسلم فذكر من صلاته «قبل الظهر أربعا وركعتين بعد الظهر وأربع ركعات قبل العصر» #,0
Musnad at-Tayalisi,189,UNGRADED,Children & Upbringing; Prophets & Past Peoples,131 - # حدثنا أبو داود قال: حدثنا قيس، عن أبي إسحاق، قال: سمعت هانئ بن هانئ، يحدث عن علي رضي الله عنه، قال: لما ولد الحسن بن علي قلت: سموه حربا وقد كنت أحب أن أكتني بأبي حرب، فأتى رسول الله صلى الله عليه وسلم فدعا به فقال: «ما سميتموه؟» قلنا: سميناه حربا قال رسول الله صلى الله عليه وسلم: «بل هو الحسن» ، فلما ولد الحسين سميناه حربا فجاء النبي صلى الله عليه وسلم فقال: «ما سميتموه؟» قلنا: حربا قال رسول الله صلى الله عليه وسلم: «هو الحسين» #,0
Musnad at-Tayalisi,191,UNGRADED,Character & Manners,[ص: 119] # إسحاق، عن هانئ بن هانئ، عن علي رضي الله عنه، قال: «كان الحسن بن علي أشبه الناس برسول الله صلى الله عليه وسلم من وجهه إلى سرته وكان الحسين أشبه الناس بالنبي صلى الله عليه وسلم ما أسفل من ذلك» #,0
Musnad at-Tayalisi,192,UNGRADED,Prophets & Past Peoples,133 - # حدثنا أبو داود قال: حدثنا قيس، عن أبي إسحاق، قال: سمعت أبا الخليل، قال أبو داود واسمه عبد الله بن الخليل قال: سمعت عليا رضي الله عنه، يقول: «صلى رجل إلى جنبي فسمعته يستغفر لأبويه وقد ماتا مشركين» فقلت: «تستغفر لأبويك وقد ماتا مشركين؟» فقال لي: قد استغفر إبراهيم لأبويه فلم أدر ما أرد عليه فأتيت النبي صلى الله عليه وسلم فذكرت ذلك له فأنزل الله عز وجل {وما كان استغفار إبراهيم لأبيه} [التوبة: 114] الآية #,0
Musnad at-Tayalisi,193,UNGRADED,Dhikr & Supplication; Brotherhood & Friendship,"134 - # حدثنا أبو داود قال: حدثنا سلام، عن أبي إسحاق، عن علي بن ربيعة الأسدي، قال: شهدت عليا أتي بدابة ليركبها فلما وضع رجله في الركاب قال: بسم الله فلما استوى على ظهرها قال: الحمد لله ثلاث مرات وقال الله أكبر ثلاث مرات ثم قال: سبحانك إني ظلمت نفسي فاغفر لي إنه لا يغفر الذنوب إلا أنت ثم ضحك فقلت: يا أمير المؤمنين من أي شيء ضحكت؟ قال رأيت رسول الله صلى الله عليه وسلم فعل مثل ما فعلت ثم ضحك فقلت: يا رسول الله صلى الله عليه وسلم من أي شيء ضحكت؟ قال: "" إن ربك عز وجل يعجب من عبده إذا قال: اغفر لي ذنوبي يعلم أنه لا يغفر الذنوب غيري "" #",0
Musnad at-Tayalisi,194,UNGRADED,Prophets & Past Peoples,135 - # حدثنا أبو داود قال: حدثنا زهير، قال: حدثنا أبو إسحاق، عن هبيرة، وأصحاب علي، عن علي، قال: «نهى - أو نهاني - رسول الله صلى الله عليه وسلم عن الجعة» ، والجعة: شراب يصنع من الشعير حتى يسكر #,0
Musnad at-Tayalisi,195,UNGRADED,Trials & Illness; Prophets & Past Peoples,136 - # حدثنا أبو داود قال: حدثنا شعبة، قال: أخبرني عمرو بن مرة، قال: سمعت عبد الله بن سلمة يقول: سمعت عليا يقول: أتى علي رسول الله صلى الله عليه وسلم وأنا شاك أقول: اللهم إن كان أجلي قد حضر فأرحني وإن كان متأخرا فارفعني وإن كان بلاء فصبرني فضربني برجله وقال: «كيف قلت؟» فأعدت عليه، فقال: «اللهم اشفه» أو قال: «اللهم عافه» ، قال علي: فما اشتكيت وجعي بعد ذلك #,0
Musnad at-Tayalisi,197,UNGRADED,Women,[ص: 123] # أبي عبد الرحمن السلمي، عن علي رضي الله عنه، قال: كنت رجلا مذاء وكان عندي بنت رسول الله صلى الله عليه وسلم فأمرت رجلا فسأله عن المذي فقال: «إذا رأيته فتوضأ واغسله» #,0
Musnad at-Tayalisi,198,UNGRADED,Prophets & Past Peoples,138 - # حدثنا أبو داود قال: حدثنا زائدة، عن الركين بن الربيع، عن حصين بن قبيصة الفزاري، عن علي رضي الله عنه، قال: سألت رسول الله صلى الله عليه وسلم عن المذي فقال: «إذا رأيت المذي فتوضأ واغسل ذكرك وإذا رأيت فضخ الماء فاغتسل» #,0
Musnad at-Tayalisi,199,UNGRADED,Parents; Prophets & Past Peoples,139 - # حدثنا أبو داود قال: حدثنا أبو وكيع، وسلام، كلاهما عن عبد الأعلى بن عامر، عن أبي جميلة، عن علي، أن أمة لرسول الله صلى الله عليه وسلم فجرت فأمرني رسول الله صلى الله عليه وسلم أن أقيم عليها الحد,0
Musnad at-Tayalisi,201,UNGRADED,Women; Prophets & Past Peoples,140 - # حدثنا أبو داود قال: حدثنا شعبة، قال: أخبرني أبو عون الثقفي، قال: سمعت أبا صالح الحنفي، يقول: سمعت ابن الكوى، سأل عليا عن بنت الأخ من الرضاعة فقال علي: ذكرت ابنة حمزة لرسول الله صلى الله عليه وسلم فقال: «إنها بنت أخي من الرضاعة» #,0
Musnad at-Tayalisi,202,UNGRADED,Purity & Wudu; Night & Voluntary Prayer,141 - # حدثنا أبو داود قال: حدثنا شعبة، قال: أخبرني عبد الملك بن ميسرة، قال: سمعت النزال بن سبرة، يقول: صلى علي رضي الله عنه الظهر في الرحبة ثم جلس في حوائج الناس حتى حضرت العصر ثم أتي بكوز من ماء فصب منه كفا فغسل وجهه ويديه ومسح على رأسه ورجليه ثم قام فشرب فضل الماء وهو قائم ثم قال: إن ناسا يكرهون أن يشربوا وهم قيام ورأيت رسول الله صلى الله عليه وسلم فعل مثل الذي فعلت وقال: «هذا وضوء من لم يحدث» #,0
Musnad at-Tayalisi,208,UNGRADED,Prophets & Past Peoples,145 - # حدثنا أبو داود قال: حدثنا شعبة، عن محمد بن المنكدر، قال: أخبرني مسعود بن الحكم، قال: سمعت عليا، رضي الله عنه يقول: «رأينا رسول الله صلى الله عليه وسلم قام فقمنا ثم رأيناه قعد فقعدنا» ، فقال شعبة: فقلت لمحمد: في الجنازة يعني؟ قال: نعم #,0
Musnad at-Tayalisi,211,UNGRADED,Prayer (Salah),147 - # حدثنا أبو داود قال: حدثنا عبد العزيز بن عبد الله بن أبي سلمة، قال: حدثني عمي الماجشون عبد الله بن أبي سلمة، عن عبد الرحمن الأعرج، عن عبيد الله بن أبي رافع، عن علي، قال: كان رسول الله صلى الله عليه وسلم إذا استفتح الصلاة كبر ثم قال: «وجهت وجهي للذي فطر السموات والأرض حنيفا وما أنا من المشركين إن صلاتي ونسكي ومحياي ومماتي لله رب العالمين لا شريك له وبذلك أمرت وأنا أول المسلمين اللهم أنت الملك لا إله إلا أنت، أنت ربي وأنا عبدك ظلمت نفسي واعترفت بذنبي فاغفر لي ذنوبي جميعا إنه لا يغفر الذنوب إلا أنت واهدني لأحسن الأخلاق لا يهدي لأحسنها إلا أنت واصرف عني سيئها لا يصرف سيئها إلا أنت، لبيك وسعديك والخير كله في يديك والشر ليس إليك أنا بك وإليك تباركت وتعاليت أستغفرك وأتوب إليك» ، وإذا ركع قال: «اللهم لك ركعت وبك آمنت ولك أسلمت خشع لك سمعي وبصري وعظامي ومخي وعصبي» ، وإذا رفع رأسه قال: «سمع الله لمن حمده اللهم ربنا لك الحمد ملء السموات وملء الأرض وملء ما بينهما وملء ما شئت من شيء بعد» ، وإذا سجد قال: «اللهم لك سجدت وبك آمنت ولك أسلمت سجد وجهي للذي خلقه وصوره فأحسن صوره وشق سمعه وبصره تبارك الله أحسن الخالقين» ، وإذا سلم قال: «اللهم,0
Musnad at-Tayalisi,213,UNGRADED,Prophets & Past Peoples,148 - # حدثنا أبو داود قال: حدثنا ورقاء، عن عبد الأعلى، عن أبي جميلة، عن علي رضي الله عنه، قال: «احتجم رسول الله صلى الله عليه وسلم وأمرني فأعطيت الحجام أجره» #,0
Musnad at-Tayalisi,215,UNGRADED,"Day of Judgement; Time, Days & Nights",[ص: 131] # عبد الله بن بشر، عن أبي راشد الحبراني، عن علي رضي الله عنه، قال: عممني رسول الله صلى الله عليه وسلم يوم غدير خم بعمامة سدلها خلفي ثم قال: «إن الله عز وجل أمدني يوم بدر وحنين بملائكة يعتمون هذه العمة» ، فقال: «إن العمامة حاجزة بين الكفر والإيمان» ، ورأى رجلا يرمي بقوس فارسية فقال: «ارم بها» ، ثم نظر إلى قوس عربية فقال: «عليكم بهذه وأمثالها ورماح القنا فإن بهذه يمكن الله لكم في البلاد ويؤيد لكم في النصر» #,0
Musnad at-Tayalisi,216,UNGRADED,Prophets & Past Peoples,150 - # حدثنا أبو داود قال: حدثنا قيس بن الربيع، عن حبيب بن أبي ثابت، عن أبي وائل، عن ابن أبي الهياج، عن أبيه، قال: قال لي علي رضي الله عنه: «أستعملك على ما استعملني عليه رسول الله صلى الله عليه وسلم على مسخ التماثيل وتسوية القبور» #,0
Musnad at-Tayalisi,217,UNGRADED,Prophets & Past Peoples,151 - # حدثنا أبو داود قال: حدثنا شريك، عن عثمان بن المغيرة عن سالم بن أبي الجعد، عن علي بن علقمة، عن علي رضي الله عنه، قال: قيل للنبي صلى الله عليه وسلم: أننزي الحمار على الفرس؟ قال: «إنما يعمل ذلك الذين لا يعلمون» #,0
Musnad at-Tayalisi,220,UNGRADED,Other Narrations,"[ص: 134] # المغيرة بن حذف، عن علي، أو حذيفة رضي الله عنهما «أن رسول الله صلى الله عليه وسلم» أشرك بين المسلمين في هديهم البقرة عن سبعة "" #",1
Musnad at-Tayalisi,223,UNGRADED,Prophets & Past Peoples,155 - # حدثنا أبو داود قال: حدثنا شعبة، عن سلمة بن كهيل، قال: سمعت حجية بن عدي، يحدث عن علي رضي الله عنه، قال: «أمرنا رسول الله صلى الله عليه وسلم أن نستشرف العين والأذن» #,0
Musnad at-Tayalisi,224,UNGRADED,Prophets & Past Peoples,156 - # حدثنا أبو داود قال: حدثنا شعبة، عن عاصم بن كليب، قال: سمعت أبا بردة، يقول: سمعت عليا رضي الله عنه، يقول: كنت مع رسول الله صلى الله عليه وسلم في بيت فقال: «يا علي سل الله الهدى واذكر بالهدى هدايتك الطريق وسل الله السداد واذكر بالسداد تسديدك السهم» #,0
Musnad at-Tayalisi,225,UNGRADED,Prophets & Past Peoples,157 - # حدثنا أبو داود قال: حدثنا زائدة، عن ليث بن أبي سليم، عن مجاهد، عن عبد الله بن سخبرة، قال: كنا جلوسا مع علي رضي الله عنه ننتظر إذ مرت بنا جنازة فقمنا لها فقال: ما هذا؟ فقلنا: هذا ما تأتوننا به يا أصحاب محمد، حدثنا أبو موسى الأشعري أن رسول الله صلى الله عليه وسلم قال: «إذا مرت بكم جنازة رجل مسلم أو يهودي أو نصراني فقوموا لها فإنا لسنا نقوم لها ولكن نقوم لمن معها من,1
Musnad at-Tayalisi,227,UNGRADED,Prophets & Past Peoples,158 - # حدثنا أبو داود قال: حدثنا شيبان، عن عاصم، عن زر، قال: استأذن قاتل الزبير بن العوام على علي بن أبي طالب رضي الله عنه، قال علي: والله ليدخلن قاتل ابن صفية النار إني سمعت رسول الله صلى الله عليه وسلم يقول: «إن لكل نبي حواريا وحواري الزبير» #,0
Musnad at-Tayalisi,228,UNGRADED,Prayer (Salah); Prophets & Past Peoples,159 - # حدثنا أبو داود قال: حدثنا قيس، عن عاصم، عن زر، عن علي، قال: قال رسول الله صلى الله عليه وسلم: «صلاة الوسطى صلاة,0
Musnad at-Tayalisi,230,UNGRADED,Prophets & Past Peoples,160 - # حدثنا أبو داود قال: حدثنا أبو عوانة، عن عبد الملك بن حكيم، ونعيم بن حكيم، كلاهما عن أبي مريم، قال: سمعت عليا رضي الله عنه يقول: سمعت رسول الله صلى الله عليه وسلم يقول: «إن ناسا من أمتي يقرءون القرآن لا يجاوز تراقيهم يمرقون من الإسلام كما يمرق السهم من الرمية علامتهم رجل مخدج اليد» ، قال أبو مريم: حدثني أخي وكان خرج مع مولاه إلى الحرورية بالنهروان قال: لم يأتهم حتى,0
Musnad at-Tayalisi,233,UNGRADED,Speech & Backbiting,[ص: 140] # على لسان نبيه صلى الله عليه وسلم» فقلت لعلي رضي الله عنه: أنت سمعته من محمد صلى الله عليه وسلم؟ قال: إي ورب الكعبة قالها ثلاثا #,0
Musnad at-Tayalisi,234,UNGRADED,Prophets & Past Peoples,162 - # حدثنا أبو داود قال: حدثنا شعبة، عن عاصم بن كليب، سمعت أبا بردة، سمع عليا رضي الله عنه يقول: «نهاني رسول الله صلى الله عليه وسلم أن أتختم في الوسطى والذي يليها» #,0
Musnad at-Tayalisi,235,UNGRADED,Truthfulness & Lying; Prophets & Past Peoples,163 - # حدثنا أبو داود قال: حدثنا قيس بن الربيع، عن شمر بن عطية، عن سويد بن غفلة الجعفي، قال: كان علي يخرج إلى السوق فيقول: صدق الله ورسوله فقيل له: قولك: صدق الله ورسوله؟ فقال: صدق الله ورسوله إذا حدثتكم عن رسول الله صلى الله عليه وسلم فوالله لأن أخر من السماء فتخطفني الطير أحب إلي من أن أقول: سمعت من رسول الله صلى الله عليه وسلم ما لم أسمع وإذا حدثتكم عن نفسي فإن الحرب خدعة، سمعت النبي صلى الله عليه وسلم يقول: «يجيء في آخر الزمان أقوام,0
Musnad at-Tayalisi,238,UNGRADED,Brotherhood & Friendship; Prophets & Past Peoples,165 - # حدثنا أبو داود قال: حدثنا سلام، عن منصور، عن ربعي، عن علي رضي الله عنه، عن النبي صلى الله عليه وسلم قال: «لا يجد عبد طعم الإيمان حتى يؤمن بالقدر كله» #,0
Musnad at-Tayalisi,239,UNGRADED,Prayer (Salah); Prophets & Past Peoples,166 - # حدثنا أبو داود قال: حدثنا المسعودي، عن عثمان بن عبد الله بن هرمز، عن نافع بن جبير، عن علي بن أبي طالب رضي الله عنه، قال: «كان رسول الله صلى الله عليه وسلم ليس بالقصير ولا بالطويل ضخم الرأس واللحية شثن الكفين والقدمين ضخم الكراديس، مشرب وجهه حمرة، طويل المسربة إذا مشى تكفى تكفيا كأنما ينحط من صبب لم أر قبله ولا بعده مثله» #,0
Musnad at-Tayalisi,240,UNGRADED,Speech & Backbiting; Prophets & Past Peoples,167 - # حدثنا أبو داود قال: حدثنا قيس، عن أبي إسحاق، عن ابن ذي حدان، عن علي رضي الله عنه، قال: «إن الله عز وجل سمى الحرب على لسان نبيه صلى الله عليه وسلم الخدعة» #,0
Musnad at-Tayalisi,241,UNGRADED,Alcohol & Intoxicants; Justice & Judgement,168 - # حدثنا أبو داود قال: حدثنا عبد العزيز بن المختار، عن عبد الله بن فيروز، عن حضين أبي ساسان الرقاشي، قال: حضرت عثمان بن عفان رضي الله عنه وأتي بالوليد بن عقبة قد شرب الخمر وشهد عليه حمران بن أبان ورجل آخر فقال عثمان لعلي: أقم عليه الحد فأمر علي عبد الله بن جعفر ذي الجناحين أن يجلده فأخذ في جلده وعلي يعد حتى جلد أربعين، ثم قال له: «أمسك؛ جلد رسول الله صلى الله عليه وسلم أربعين وجلد أبو بكر رضي الله عنه أربعين وجلد عمر رضي الله عنه ثمانين وكل سنة وهذا أحب إلي» #,0
Musnad at-Tayalisi,243,UNGRADED,Modesty & Dress; Signs of the End Times,[ص: 145] # رجل من عنزة عن رجل من بني أسد قال: خرج علينا علي رضي الله عنه حين ثوب المثوب فقال: إن نبيكم صلى الله عليه وسلم أمر بالوتر ووقت له هذه الساعة أذن «يا ابن النباح أو أقم يا ابن النباح» #,0
Musnad at-Tayalisi,244,UNGRADED,Prophets & Past Peoples,170 - # حدثنا أبو داود قال: حدثنا حماد بن سلمة، عن عطاء بن السائب، عن زاذان، عن علي رضي الله عنه، قال: قال رسول الله صلى الله عليه وسلم: «من ترك شعرة لم يصبها الماء من الجنابة فعل الله بها كذا وكذا من النار» ، فلذلك عاديت رأسي أو قال: شعري وكان يجز شعره #,0
Musnad at-Tayalisi,246,UNGRADED,Zakah & Charity; Brotherhood & Friendship,172 - # حدثنا أبو داود قال: حدثنا سلام، عن أبي إسحاق، عن الحارث، عن علي رضي الله عنه، أن رجلا، قال: يا رسول الله كانت لي مائة أوقية تصدقت منها بعشر أواق وقال آخر: يا رسول الله كانت لي مائة دينار فتصدقت منها بعشرة دنانير وقال آخر: يا رسول الله كانت لي عشرة دنانير فتصدقت منها بدينار فقال: «كلكم قد أحسن وأنتم في الأجر سواء تصدق كل رجل منكم بعشر ماله» #,0
Musnad at-Tayalisi,247,UNGRADED,Prophets & Past Peoples,173 - # حدثنا أبو داود قال: حدثنا شعبة، عن سلمة بن كهيل، عن حبة العرني، قال: سمعت عليا، يقول: «أنا أول من صلى مع رسول الله صلى الله عليه وسلم» #,0
Musnad at-Tayalisi,248,UNGRADED,Prophets & Past Peoples,"174 - # حدثنا أبو داود قال: حدثنا المسعودي، عن أبي إسحاق، عن الحارث، عن علي رضي الله عنه، "" أنه كان إذا مر بالحجر الأسود فرأى عليه زحاما استقبله وكبر وقال: اللهم تصديقا بكتابك وسنة نبيك صلى الله عليه وسلم "" #",0
Musnad at-Tayalisi,249,UNGRADED,Prophets & Past Peoples,"175 - # حدثنا أبو داود قال: حدثنا قيس، عن أبي إسحاق، عن الحارث، عن علي قال: "" قضى رسول الله صلى الله عليه وسلم بالدين قبل الوصية وأنتم تقرءون {من بعد وصية يوصي بها أو دين} [النساء: 11] وأن أعيان بني الأم يتوارثون دون بني العلات "" #",0
Musnad at-Tayalisi,251,UNGRADED,Modesty & Dress; Day of Judgement,177 - # حدثنا أبو داود قال: حدثنا شعبة، عن عبد الملك بن ميسرة، قال: سمعت زيد بن وهب، يقول: سمعت عليا، رضي الله عنه يقول: بعث إلي رسول الله صلى الله عليه وسلم بحلة سيراء يعني من حرير فلبستها فخرجت فيها فرأيت الغضب في وجهه وقال: «إني لم أبعث بها إليك لتلبسها» ، قال: فشققتها بين نسائنا أو نسائي #,0
Musnad at-Tayalisi,252,UNGRADED,Prayer (Salah); Prophets & Past Peoples,178 - # حدثنا أبو داود قال: حدثنا إسرائيل، عن أبي إسحاق، عن الحارث، عن علي رضي الله عنه، قال: قال لي رسول الله صلى الله عليه وسلم: «يا علي إني أحب لك ما أحب لنفسي وأكره لك ما أكره لنفسي لا تقرأ وأنت راكع ولا وأنت ساجد ولا تصل وأنت عاقص شعرك مقيل الشيطان، ولا تعبث بالحصى وأنت في الصلاة ولا تتختم بالذهب، ولا تلبس القسي ولا تركب,0
Musnad at-Tayalisi,254,UNGRADED,Prophets & Past Peoples,"179 - # حدثنا أبو داود قال: حدثنا شريك، عن أبي إسحاق، عن عمير بن سعيد النخعي، قال: قال علي رضي الله عنه: "" ما أحد كنت مقيما عليه حدا فيموت فأديه إلا حد الخمر فإن رسول الله صلى الله عليه وسلم لم يستنه، أو قال: إلا حد الخمر فإنا نحن سنناه "" #",0
Musnad at-Tayalisi,255,UNGRADED,Prophets & Past Peoples,180 - # حدثنا أبو داود قال: حدثنا شعبة، عن الأعمش، عن إبراهيم التيمي، عن أبيه، عن علي رضي الله عنه، قال: ما عندنا شيء إلا كتاب الله وإلا هذه الصحيفة عن النبي صلى الله عليه وسلم: «إن المدينة حرم ما بين عير إلى ثور من أحدث فيها حدثا أو آوى محدثا فعليه لعنة الله والملائكة والناس أجمعين لا يقبل الله منه صرفا ولا عدلا ومن والى قوما بغير إذن مواليه فعليه لعنة الله والملائكة والناس أجمعين لا يقبل منه صرف ولا عدل» #,0
Musnad at-Tayalisi,256,UNGRADED,Prophets & Past Peoples,181 - # حدثنا أبو داود قال: حدثنا حماد بن سلمة، عن الحجاج، عن الحكم، عن ميمون بن أبي شبيب، عن علي رضي الله عنه، قال: وهب لي رسول الله صلى الله عليه وسلم غلامين أخوين فبعت أحدهما فقال النبي صلى الله عليه وسلم: «ما فعل الغلامان؟» قلت: بعت أحدهما، قال: «رده» #,0
Musnad at-Tayalisi,257,UNGRADED,Destiny & Decree; Prophets & Past Peoples,182 - # حدثنا أبو داود قال: حدثنا ابن فضالة، عن الحسن، قال: أخبرني الأحنف بن قيس، قال: قال علي رضي الله عنه: إن رسول الله صلى الله عليه وسلم لما صالح قريشا كتب: «هذا ما صالح عليه محمد رسول الله» ، فقالوا: لو علمنا أنك رسول الله ما قاتلناك فمحاه وكتب: «محمد بن عبد الله» #,0
Musnad at-Tayalisi,258,UNGRADED,Women; Prophets & Past Peoples,183 - # حدثنا أبو داود قال: حدثنا قيس، عن الأجلح، عن الشعبي، عن عبد الله بن خليل الحضرمي، عن علي رضي الله عنه، أنه أتي في ثلاثة اشتركوا في طهر امرأة فأقرع بينهم وقال: «أنتم شركاء متشاكسون فجعل الولد للذي أقرع، وجعل لهما ثلثا الدية، فأخبر بذلك النبي صلى الله عليه وسلم فضحك حتى بدت نواجذه» #,0
Musnad at-Tayalisi,259,UNGRADED,Prophets & Past Peoples,"184 - # حدثنا أبو داود قال: حدثنا يحيى بن سلمة بن كهيل، عن أبيه، عن حبة العرني، قال: سمعت عليا رضي الله عنه، يخطب فضحك ضحكا ما رأيته ضحكه وهو على المنبر فقال: "" لقد رأيتني أصلي مع رسول الله صلى الله عليه وسلم فاطلع أبي علينا وأنا أصلي مع رسول الله صلى الله عليه وسلم فقال: أي بني ما كنتما تصنعان؟ قلت: كنا نصلي فقال أبو طالب: والله والله لا تعلوني استي أبدا ""، فرأيته يضحك من قول أبيه ثم قال: «لقد رأيتني صليت قبل الناس حججا» #",0
Musnad at-Tayalisi,260,UNGRADED,Prophets & Past Peoples,185 - # حدثنا أبو داود قال: حدثنا أبو عوانة، عن مغيرة الضبي، عن أم موسى، قالت: سمعت عليا رضي الله عنه، يقول: «ما رمدت ولا صدعت منذ دفع رسول الله صلى الله عليه وسلم إلي بالراية يوم خيبر» #,0
Musnad at-Tayalisi,261,UNGRADED,Day of Judgement,186 - # حدثنا أبو داود قال: حدثنا عمرو بن ثابت، عن أبيه، عن أبي فاختة، قال: قال علي رضي الله عنه: زارنا رسول الله صلى الله عليه وسلم فبات عندنا والحسن والحسين نائمان فاستسقى الحسن فقام رسول الله صلى الله عليه وسلم إلى قربة لنا فجعل يعصرها في القدح ثم يسقيه فتناوله الحسين ليشرب فمنعه وبدأ بالحسن فقالت فاطمة: يا رسول الله كأنه أحبهما إليك فقال: «لا ولكنه استسقى أول مرة» ، ثم قال رسول الله صلى الله عليه وسلم: «إني وإياك وهذين - وأحسبه قال - وهذا الراقد - يعني عليا - يوم القيامة في مكان واحد» #,0
Musnad at-Tayalisi,263,UNGRADED,Prophets & Past Peoples,187 - # حدثنا يونس، حدثنا أبو داود قال: حدثنا شعبة، قال: أخبرني جامع بن شداد، قال: أخبرني عامر بن عبد الله بن الزبير، عن أبيه، قال: قلت للزبير رضي الله عنهما: ما يمنعك أن تحدث عن رسول الله صلى الله عليه وسلم كما يحدث ابن مسعود وفلان وفلان؟ فقال: أما والله ما فارقته منذ أسلمت ولكني سمعته قال كلمة، قال: «من قال علي ما لم أقل فليتبوأ مقعده من النار» #,0
Musnad at-Tayalisi,267,UNGRADED,Paradise; Prophets & Past Peoples,"190 - # حدثنا أبو داود قال: حدثنا حرب بن شداد، عن يحيى بن أبي كثير، أن يعيش بن الوليد بن هشام، حدثه أن مولى للزبير بن العوام رضي الله عنه حدثه أن النبي صلى الله عليه وسلم قال: "" دب إليكم داء الأمم قبلكم الحسد والبغضاء، والبغضاء هي الحالقة لا أقول تحلق الشعر ولكنها تحلق الدين والذي نفسي بيده لا تدخلوا الجنة حتى تؤمنوا ولا تؤمنوا حتى تحابوا ألا أخبركم بما يثبت ذاك لكم: أفشوا السلام بينكم "" #",0
Musnad at-Tayalisi,269,UNGRADED,Prophets & Past Peoples,191 - # حدثنا يونس قال: حدثنا أبو داود قال: حدثنا سلام، عن عطاء بن السائب، عن أبي عبد الرحمن السلمي، عن سعد رضي الله عنه قال: دخل علي رسول الله صلى الله عليه وسلم وأنا مريض فقال لي: «هل أوصيت؟» قلت: نعم أوصيت بمالي كله قال: «فما تركت لولدك؟» قلت: هم أغنياء بخير، قال: «أوص بالعشر» ، فما زال يناقصني وأناقصه حتى قال: «أوص بالثلث والثلث كثير» #,0
Musnad at-Tayalisi,270,UNGRADED,Character & Manners; Prophets & Past Peoples,192 - # حدثنا أبو داود قال: حدثنا إبراهيم بن سعد، وعبد العزيز بن أبي سلمة، وغيرهما، كلهم عن الزهري، عن عامر بن سعد، عن أبيه، قال: مرضت مرضا أشفيت منه فدخل علي رسول الله صلى الله عليه وسلم فقلت: يا رسول الله إن لي مالا كثيرا وترثني ابنة لي واحدة أفأتصدق بمالي كله؟ فقال: «لا» قلت: أتصدق بالشطر أو قال: فأوصي بالشطر؟ فقال: «لا» ، قلت: يا رسول الله: فبم أوصي؟ قال: «الثلث والثلث كثير إنك لأن تدع ورثتك أغنياء خير من أن تدعهم عالة يتكففون أيدي الناس» #,0
Musnad at-Tayalisi,273,UNGRADED,Prophets & Past Peoples,194 - # حدثنا أبو داود قال: حدثنا إبراهيم بن سعد، وعبد العزيز بن أبي سلمة وغيرهما كلهم عن الزهري، عن عامر بن سعد، عن أبيه، قال: مرضت مرضا شديدا أشفيت منه فدخل علي رسول الله صلى الله عليه وسلم فقلت: يا رسول الله أخلف دون هجرتي فقال: «إنك لن تخلف بعدي فتعمل عملا تبتغي وجه الله إلا ازددت به رفعة ودرجة ولعلك أن تخلف حتى ينتفع بك قوم ويضر بك قوم آخرون، اللهم أمض لأصحابي هجرتهم ولا تردهم على أعقابهم لكن البائس سعد بن خولة» ، كان يرثي له رسول الله صلى الله عليه وسلم أن مات بمكة #,0
Musnad at-Tayalisi,274,UNGRADED,Prophets & Past Peoples,195 - # حدثنا أبو داود قال: حدثنا ابن أبي ذئب، عن الزهري، عن عامر بن سعد، عن أبيه، أن رسول الله صلى الله عليه وسلم أعطى قوما ومنع,0
Musnad at-Tayalisi,276,UNGRADED,Prophets & Past Peoples,196 - # حدثنا أبو داود قال: حدثنا ثابت أبو زيد، وسلام بن سليم، عن عاصم، عن أبي عثمان النهدي، عن سعد بن أبي وقاص، رضي الله عنه قال: سمعته أذناي ووعاه قلبي من رسول الله صلى الله عليه وسلم قال: «من ادعى إلى غير أبيه وهو يعلم أنه غير أبيه فالجنة عليه حرام» #,1
Musnad at-Tayalisi,277,UNGRADED,Paradise; Prophets & Past Peoples,197 - # حدثنا أبو داود قال: حدثنا شعبة، قال: أخبرني زياد بن مخراق، قال: سمعت أبا عباية أو قيس بن عباية، شك أبو داود أن سعدا رضي الله عنه، سمع ابنا له يقول: اللهم إني أسألك الجنة غرفها كذا وكذا وأعوذ بك من النار وأغلالها وسلاسلها، فقال له سعد: لقد سألت الله خيرا كثيرا وتعوذت به من شر كثير أو قال: عظيم وإني سمعت رسول الله صلى الله عليه وسلم يقول: «سيكون قوم يعتدون في الدعاء» ، وبحسبك أن تقول: اللهم إني أسألك من الخير كله ما علمت منه وما لم أعلم وأعوذ بك من الشر كله ما علمت منه وما لم أعلم #,0
Musnad at-Tayalisi,279,UNGRADED,Other Narrations,[ص: 165] # ، عن ابن أبي مليكة، عن عبيد الله بن أبي نهيك، عن سعد رضي الله عنه، أن رسول الله صلى الله عليه وسلم قال: «ليس منا من لم يتغن بالقرآن» #,0
Musnad at-Tayalisi,280,UNGRADED,Prophets & Past Peoples,199 - # حدثنا أبو داود قال: حدثنا شعبة، عن قتادة، قال: سمعت يونس بن جبير، يحدث عن محمد بن سعد، عن سعد رضي الله عنه، أن النبي صلى الله عليه وسلم قال: «لأن يمتلئ جوف ابن آدم قيحا خير له من أن يمتلئ شعرا» #,0
Musnad at-Tayalisi,281,UNGRADED,Prophets & Past Peoples,200 - # حدثنا أبو داود قال: حدثنا شعبة، عن قتادة، قال: سمعت عكرمة بن خالد المخزومي، يحدث عن ابن سعد، عن سعد، أن النبي صلى الله عليه وسلم قال في الطاعون: «إذا كان بأرض وأنتم بها فلا تخرجوا منها وإذا كان بأرض ولستم بها فلا تدخلوها» ، قال أبو داود: من قال غير هذا فقد غلط.,0
Musnad at-Tayalisi,283,UNGRADED,Other Narrations,[ص: 167] # : حدثنا عكرمة بن خالد، عن يحيى بن سعد، عن سعد، عن النبي صلى الله عليه وسلم بمثله #,0
Musnad at-Tayalisi,284,UNGRADED,Prophets & Past Peoples,202 - # حدثنا أبو داود قال: حدثنا شعبة عن سعد بن إبراهيم قال: سمعت إبراهيم بن سعد بن أبي وقاص، يحدث عن سعد رضي الله عنه، أن النبي صلى الله عليه وسلم قال لعلي: «ألا ترضى بأن تكون مني بمنزلة هارون من موسى» #,0
Musnad at-Tayalisi,285,UNGRADED,Prophets & Past Peoples,203 - # حدثنا أبو داود قال: حدثنا إبراهيم بن سعد، عن أبيه، عن جده، عن سعد، قال: «رأيت يوم أحد عن يمين رسول الله صلى الله عليه وسلم وعن,0
Musnad at-Tayalisi,286,UNGRADED,Other Narrations,[ص: 168] # يساره رجلين عليهما ثياب بياض يقاتلان عن رسول الله صلى الله عليه وسلم أشد القتال ما رأيتهم قبل ذلك اليوم ولا بعده» #,0
Musnad at-Tayalisi,289,UNGRADED,Quran & Recitation; Parents,[ص: 169] # حرب، قال: سمعت مصعب بن سعد، قال: نزلت في أبي أربع آيات قال: قال أبي: أصبت سيفا يوم بدر فأتيت به النبي صلى الله عليه وسلم فقلت: يا رسول الله نفلنيه قال: «ضعه من حيث أخذته» ، ثم عاودته فقلت: أأترك كمن لا غناء له؟ فقال رسول الله صلى الله عليه وسلم: «ضعه من حيث أخذته» ونزلت هذه الآية {يسألونك عن الأنفال} [الأنفال: 1] وهي في قراءة عبد الله هكذا «يسألونك الأنفال» الآية كلها قال: وقالت أم سعد: أليس قد أمر الله بطاعة الوالدين فلا آكل طعاما ولا أشرب شرابا حتى تكفر بالله فامتنعت من الطعام والشراب حتى جعلوا يشجرون فاها بالعصا ونزلت {ووصينا الإنسان بوالديه حسنا وإن جاهداك لتشرك بي ما ليس لك به علم فلا تطعهما} [العنكبوت: 8] وصنع رجل من الأنصار طعاما فدعا ناسا من المهاجرين وناسا من الأنصار فأكلنا وشربنا حتى سكرنا ثم افتخرنا فرفع رجل لحي بعير ففزر به أنف سعد فكان سعد مفزور الأنف وذلك قبل أن تحرم الخمر فنزلت,0
Musnad at-Tayalisi,291,UNGRADED,Prophets & Past Peoples,206 - # حدثنا أبو داود قال: حدثنا شعبة، عن الحكم، عن مصعب بن سعد، عن سعد، قال: خلف رسول الله صلى الله عليه وسلم علي بن أبي طالب رضي الله عنه في غزوة تبوك فقال: يا رسول الله أتخلفني في النساء والصبيان فقال: «أما ترضى أن تكون مني بمنزلة هارون من موسى غير أنه لا نبي بعدي» #,0
Musnad at-Tayalisi,292,UNGRADED,Prophets & Past Peoples,"207 - # حدثنا أبو داود قال: حدثنا محمد بن أبي حميد الأنصاري، قال: حدثني إسماعيل بن محمد بن سعد بن أبي وقاص، عن أبيه، عن سعد رضي الله عنه، أن رسول الله صلى الله عليه وسلم قال: "" سعادة لابن آدم ثلاث، وشقوة لابن آدم ثلاث، فمن سعادة ابن آدم: الزوجة الصالحة، والمركب الصالح، والمسكن الواسع، أو قال: والمسكن الصالح، وشقوة لابن آدم ثلاث: المسكن السوء، والمرأة السوء، والمركب السوء "" #",0
Musnad at-Tayalisi,293,UNGRADED,Trials & Illness; Prophets & Past Peoples,208 - # حدثنا أبو داود قال: حدثنا شعبة، عن أبي إسحاق، قال: سمعت العيزار بن حريث، يحدث، عن عمر بن سعد، عن أبيه رضي الله عنه، قال: سمعت النبي صلى الله عليه وسلم يقول: «عجبت للمسلم؛ إذا أصابته مصيبة,0
Musnad at-Tayalisi,295,UNGRADED,Guests & Hospitality; Prophets & Past Peoples,209 - # حدثنا أبو داود قال: حدثنا شعبة، عن إسماعيل بن أبي خالد، عن قيس بن أبي حازم، قال: سمعت سعدا رضي الله عنه، يقول: «لقد رأيتنا مع رسول الله صلى الله عليه وسلم وما لنا طعام إلا ورق الشجر، حتى يضع أحدنا كما تضع الشاة، فأصبحت بنو أسد تعزرني على الإسلام، لقد خسرت إذا وضل سعيي» #,0
Musnad at-Tayalisi,296,UNGRADED,Prophets & Past Peoples,210 - # حدثنا أبو داود قال: حدثنا شعبة، عن علي بن زيد، عن سعيد بن المسيب، عن سعد رضي الله عنه، قال: قال رسول الله صلى الله عليه وسلم لعلي رضي الله عنه: «أنت مني بمنزلة هارون من موسى» #,0
Musnad at-Tayalisi,297,UNGRADED,Prophets & Past Peoples,211 - # حدثنا أبو داود قال: حدثنا مالك بن أنس، عن عبد الله بن يزيد، عن زيد أبي عياش، قال: سألت سعدا عن اشتراء السلت، بالبيضاء فكرهه وقال سعد: سألت رسول الله صلى الله عليه وسلم عن الرطب بالتمر,0
Musnad at-Tayalisi,299,UNGRADED,Trials & Illness,212 - # حدثنا أبو داود قال: حدثنا شعبة، وهشام، وحماد بن سلمة، كلهم عن عاصم ابن بهدلة، عن مصعب بن سعد، عن أبيه رضي الله عنه، قال: قلت: يا رسول الله أي الناس أشد بلاء قال: «الأنبياء ثم الأمثل فالأمثل حتى يبتلى الرجل على قدر دينه فإن كان صلب الدين اشتد بلاؤه وإن كان في دينه رقة ابتلي على حسب ذلك أو قدر ذلك فما يبرح البلاء بالعبد حتى يمشي على الأرض وما عليه من خطيئة» #,0
Musnad at-Tayalisi,300,UNGRADED,Prayer (Salah),213 - # حدثنا أبو داود قال: حدثنا شعبة، عن أبي عون الثقفي، قال: سمعت جابر بن سمرة، يقول: قال عمر لسعد رضي الله عنه: قد شكوك في كل شيء حتى في الصلاة فقال: «أما أنا فكنت أمد في الأوليين وأحذف في الأخريين وما آلو ما اقتديت به من صلاة رسول الله صلى الله عليه وسلم» فقال: ذاك الظن بك أو ظني بك #,0
Musnad at-Tayalisi,302,UNGRADED,Other Narrations,[ص: 176] # الله صلى الله عليه وسلم ولا أخرم عنها، صلاتي العشي أركد في الأوليين وأحذف في الأخريين» فقال: عمر: ذاك الظن بك يا أبا إسحاق #,0
Musnad at-Tayalisi,303,UNGRADED,Children & Upbringing; Prophets & Past Peoples,215 - # حدثنا أبو داود قال: حدثنا ابن أبي ذئب، عن صالح، مولى التوأمة قال: حدثني بعض ولد سعد، عن سعد، أن رسول الله صلى الله عليه وسلم قال: «من أخذتموه يقطع من الشجر شيئا - يعني شجر الحرم - فلكم سلبه لا يعضد شجرها ولا يقطع» قال: فرأى سعد غلمانا يقطعون فأخذ متاعهم فانتهوا إلى مواليهم فأخبروهم أن سعدا فعل كذا وكذا فأتوه فقالوا: يا أبا إسحاق إن غلمانك أو مواليك أخذوا متاع غلماننا فقال: بل أنا أخذته سمعت رسول الله صلى الله عليه وسلم يقول: «من أخذتموه يقطع من شجر الحرم فلكم سلبه» ولكن سلوني من مالي ما شئتم #,0
Musnad at-Tayalisi,304,UNGRADED,Prophets & Past Peoples,"216 - # حدثنا أبو داود قال: حدثنا إبراهيم بن سعد، عن الزهري، عن سعيد بن المسيب، عن سعد بن مالك رضي الله عنه، قال: "" رد النبي صلى الله عليه وسلم على عثمان بن مظعون التبتل ولو أذن له فيه لاختصينا #",0
Musnad at-Tayalisi,305,UNGRADED,Day of Judgement; Prophets & Past Peoples,217 - # حدثنا أبو داود قال: حدثنا شعبة، عن يحيى بن سعيد، قال: سمعت سعيد بن المسيب، قال: سمعت سعدا رضي الله عنه، يقول: «جمع لي رسول الله صلى الله عليه وسلم أبويه يوم أحد» #,0
Musnad at-Tayalisi,307,UNGRADED,Prophets & Past Peoples,219 - # حدثنا أبو داود قال: حدثنا شعبة، عن سماك، قال: حدثني رجل، عن عمه، عن سعد رضي الله عنه، أن بني ناجية، ذكروا عند رسول الله صلى الله عليه وسلم فقال: «هم حي مني» قال: وأحسبه قال: «وأنا منهم» فإما أن يكون رسول الله صلى الله عليه وسلم قال: عيني فابكي سامة بن لؤي,0
Musnad at-Tayalisi,310,UNGRADED,Prophets & Past Peoples,220 - # حدثنا يونس قال: حدثنا أبو داود قال: حدثنا ابن سعد، عن أبيه، عن جده، «أن عبد الرحمن بن عوف لما صلى وجاء النبي صلى الله عليه وسلم فذهب يتأخر فأومأ إليه النبي صلى الله عليه وسلم كما أنت فصلى رسول الله صلى الله عليه وسلم بصلاة عبد الرحمن» #,0
Musnad at-Tayalisi,311,UNGRADED,Dhikr & Supplication; Fasting & Ramadan,221 - # حدثنا أبو داود قال: حدثنا نصر بن علي الحداني، قال: حدثنا النضر بن شيبان، قال: لقيت أبا سلمة بن عبد الرحمن فقلت: حدثني حديثا حدثك أبوك عن النبي صلى الله عليه وسلم قال: حدثني أبي رضي الله عنه قال: ذكر رسول الله صلى الله عليه وسلم رمضان فقال: «شهر فرض الله عليكم صيامه وسننت أنا قيامه فمن صامه وقامه إيمانا واحتسابا خرج من ذنوبه كيوم ولدته أمه» #,0
Musnad at-Tayalisi,312,UNGRADED,Prophets & Past Peoples,222 - # حدثنا أبو داود قال: حدثنا سفيان بن عيينة، عن عمرو بن دينار، عن بجالة، قال: «لم يأخذ عمر الجزية من المجوس حتى شهد عبد الرحمن بن عوف رضي الله عنه أن النبي صلى الله عليه وسلم أخذها من مجوس هجر» #,0
Musnad at-Tayalisi,313,UNGRADED,Zakah & Charity; Theft & Property,223 - # حدثنا أبو داود قال: حدثنا شعبة، عن عمرو بن مرة، عن أبي البختري، قال: سمعت من رجل حديثا فأعجبني فقلت: اكتبه فأتاني به مكتوبا مزبرا قال: دخل علي والعباس على عمر وعنده عبد الرحمن بن عوف، والزبير بن العوام وسعد بن أبي وقاص فقال: أنشدكم بالله أولم تسمعوا أولم تعلموا أن رسول الله صلى الله عليه وسلم قال: «كل مال النبي صلى الله عليه وسلم صدقة إلا ما أطعمه أهله وكساهم إنا لا نورث» ، قالوا: بلى #,0
Musnad at-Tayalisi,315,UNGRADED,Zakah & Charity; Prophets & Past Peoples,224 - # حدثنا يونس قال: حدثنا أبو داود قال: حدثنا جرير بن حازم، عن بشار بن أبي سيف، عن الوليد بن عبد الرحمن، عن غضيف بن الحارث، قال: سمعت أبا عبيدة، رضي الله عنه يقول: سمعت رسول الله صلى الله عليه وسلم يقول: «من أنفق نفقة في سبيل الله عز وجل فاضلة، فالحسنة بسبعمائة ومن أنفق على نفسه أو على أهله أو عاد مريضا أو أماط أذى فالحسنة بعشر أمثالها والصوم جنة ما لم يخرقها ومن ابتلاه الله عز وجل في جسده فله حطة» #,0
Musnad at-Tayalisi,316,UNGRADED,Prophets & Past Peoples,225 - # حدثنا أبو داود قال: حدثنا جرير بن حازم، عن ليث عن عبد الرحمن بن سابط، عن أبي ثعلبة الخشني، عن أبي عبيدة بن الجراح، ومعاذ بن جبل رضي الله عنهم عن النبي صلى الله عليه وسلم قال: «إن الله عز وجل بدأ هذا الأمر نبوة ورحمة، وكائنا خلافة ورحمة وكائنا ملكا عضوضا وكائنا عنوة وجبرية وفسادا في الأرض يستحلون الفروج والخمور والحرير وينصرون على ذلك ويرزقون أبدا حتى يلقوا الله» #,0
Musnad at-Tayalisi,317,UNGRADED,Prophets & Past Peoples,226 - # حدثنا أبو داود قال: حدثنا قيس، عن إبراهيم بن ميمون، عن ابن سمرة، عن أبيه، عن أبي عبيدة رضي الله عنه، قال: قال رسول الله صلى الله عليه وسلم: «أخرجوا يهود الحجاز من جزيرة العرب» #,0
Musnad at-Tayalisi,319,UNGRADED,Prophets & Past Peoples,227 - # حدثنا أبو داود قال: حدثنا أبو عوانة، عن سماك بن حرب، عن موسى بن طلحة، عن أبيه رضي الله عنه، قال: كنت مع النبي صلى الله عليه وسلم فأتى على قوم يلقحون النخل فقال: «ما يصنع هؤلاء؟» قلت: يلقحون النخل يجعلون الذكر في الأنثى قال: «ما أظن هذا يغني شيئا» ، ثم قال: «إن كان ينفعهم فليصنعوه لا تؤاخذوني بالظن ولكن إذا قلت لكم شيئا عن الله عز وجل فإني لا أكذب على الله شيئا» #,0
Musnad at-Tayalisi,322,UNGRADED,Prophets & Past Peoples; Food & Drink,229 - # حدثنا أبو داود قال: حدثنا سفيان، عن محمد بن المنكدر، عن شيخ، لهم عن طلحة بن عبيد الله رضي الله عنه «أن النبي صلى الله عليه وسلم سئل عن لحم الصيد يهديه الحلال إلى الحرام فرخص فيه» #,0
Musnad at-Tayalisi,324,UNGRADED,Prophets & Past Peoples,230 - # حدثنا يونس قال: حدثنا أبو داود قال: حدثنا إبراهيم بن سعد، عن أبيه، عن أبي عبيدة بن محمد بن عمار بن ياسر، عن طلحة بن عبد الله بن عوف، عن سعيد بن زيد رضي الله عنه، أن النبي صلى الله عليه وسلم قال: «من قتل دون ماله فهو شهيد ومن قتل دون دمه فهو شهيد» #,0
Musnad at-Tayalisi,327,UNGRADED,Brotherhood & Friendship; Oppression & Injustice,232 - # حدثنا أبو داود قال: حدثنا شعبة، قال: حدثني حصين بن عبد الرحمن، قال: سمعت هلال بن يساف، يحدث عن عبد الله بن ظالم المازني، عن سعيد بن زيد رضي الله عنه، أن رسول الله صلى الله عليه وسلم كان على حراء ومعه أبو بكر وعمر وعثمان وعلي وطلحة والزبير وسعد وعبد الرحمن بن عوف رضي الله عنهم قال: «اثبت حراء فإنما عليك نبي أو صديق أو شهيد» ، وذكر سعيد أنه كان معهم #,0
Musnad at-Tayalisi,328,UNGRADED,Paradise; Prophets & Past Peoples,233 - # حدثنا أبو داود قال: حدثنا شعبة، عن الحر بن الصياح النخعي، قال: سمعت عبد الرحمن بن الأخنس، قال: شهدت المغيرة بن شعبة يخطب فنال من علي فقام سعيد بن زيد بن عمرو بن نفيل العدوي عدي قريش رضي الله عنه فقال: أشهد أني سمعت رسول الله صلى الله عليه وسلم يقول: «عشرة في الجنة رسول الله وأبو بكر وعمر وعثمان وعلي وطلحة والزبير وسعد بن مالك وعبد الرحمن بن عوف» رضي الله عنهم، ولو شئت أن أسمي العاشر سميته ثم سماه,0
Musnad at-Tayalisi,330,UNGRADED,Women; Oppression & Injustice,234 - # حدثنا أبو داود قال: حدثنا ابن أبي ذئب، عن الحارث بن عبد الرحمن، عن أبي سلمة، قال: أرسلنا مروان لنصلح بين سعيد بن زيد بن عمرو بن نفيل وبين امرأة يقال لها: أروى ادعت عليه شيئا من الأرض فقال سعيد: أتروني أخذت من أرضها شيئا وقد سمعت رسول الله صلى الله عليه وسلم يقول: «من ظلم شبرا من أرض طوقه من سبع أرضين» ؟ #,0
Musnad at-Tayalisi,331,UNGRADED,Prophets & Past Peoples,235 - # حدثنا أبو داود قال: حدثنا ابن أبي ذئب، عن الحارث، عن أبي سلمة، عن سعيد رضي الله عنه، أن النبي صلى الله عليه وسلم قال: «من اقتطع مالا بيمينه فلا بارك الله له فيه» #,0
Musnad at-Tayalisi,332,UNGRADED,Prophets & Past Peoples,236 - # حدثنا أبو داود قال: حدثنا ابن أبي ذئب، عن محمد بن زيد بن قنفذ، عن إبراهيم بن محمد بن طلحة بن عبيد الله، عن سعيد بن زيد، قال: أراد مروان أن يأخذ أرضه فأبى عليه وقال: إن أتوني قاتلتهم؛ سمعت رسول الله صلى الله عليه وسلم يقول: «من قتل دون ماله فهو شهيد» #,0
Musnad at-Tayalisi,333,UNGRADED,Prophets & Past Peoples,237 - # حدثنا أبو داود قال: حدثنا ابن أبي ذئب، عن الحارث، عن أبي سلمة، عن سعيد، أن النبي صلى الله عليه وسلم قال: «من تولى مولى بغير إذن مواليه فعليه لعنة الله» #,0
Musnad at-Tayalisi,334,UNGRADED,Prophets & Past Peoples,238 - # حدثنا أبو داود قال: حدثنا شعبة، قال: سألت سعد بن إبراهيم عن بني ناجية، فقال: قال رسول الله صلى الله عليه وسلم: «هم حي مني»,0
Musnad at-Tayalisi,335,UNGRADED,Other Narrations,[ص: 195] # ، وأحسبه قال: «وأنا منهم» ، فقلت: من يروي هذا عن النبي صلى الله عليه وسلم؟ قال: سعيد بن زيد #,0
Musnad at-Tayalisi,336,UNGRADED,Prophets & Past Peoples; Treaties & Non-Muslims,239 - # حدثنا أبو داود قال: حدثنا الحسن بن أبي جعفر الجفري، عن أبي ثفال من أهل المدينة عن أبي حويطب بن عبد العزى، عن جدته، عن أبيها رضي الله عنه، قال: سمعت رسول الله صلى الله عليه وسلم يقول: «لم يؤمن بالله من لم يؤمن بي، ولم يؤمن بي من لم يحب الأنصار» #,0
Musnad at-Tayalisi,337,UNGRADED,Prayer (Salah); Purity & Wudu,240 - # حدثنا أبو داود قال: حدثنا الحسن بن أبي جعفر، عن أبي ثفال، عن أبي حويطب بن عبد العزى، عن جدته، عن أبيها، قال: سمعت رسول الله صلى الله عليه وسلم يقول: «لا صلاة إلا بوضوء ولا وضوء لمن لم يذكر اسم الله عليه» #,0
Musnad at-Tayalisi,339,UNGRADED,Prophets & Past Peoples,"241 - # حدثنا يونس قال: حدثنا أبو داود قال: حدثنا حماد بن زيد، عن عاصم ابن بهدلة، عن أبي وائل، عن عبد الله، قال: خط لنا رسول الله صلى الله عليه وسلم خطا فقال: «هذا سبيل الله» ، ثم خط خطوطا عن يمينه وعن شماله فقال: «هذه سبل على كل سبيل منها شيطان يدعو إليه» ثم تلا "" {وأن هذا صراطي مستقيما} [الأنعام: 153] "" الآية #",0
Musnad at-Tayalisi,340,UNGRADED,Prayer (Salah); Prophets & Past Peoples,242 - # حدثنا أبو داود قال: حدثنا شعبة، عن عاصم، عن أبي وائل، عن عبد الله، قال: أتيت رسول الله صلى الله عليه وسلم فسلمت عليه فلم يرد علي فأخذني ما قدم وما حدث فقلت: يا رسول الله أحدث في شيء؟ فقال رسول الله صلى الله عليه وسلم: «إن الله عز وجل يحدث لنبيه من أمره ما شاء وإن مما أحدث ألا تكلموا في الصلاة» #,0
Musnad at-Tayalisi,341,UNGRADED,Character & Manners,243 - # حدثنا أبو داود قال: حدثنا المسعودي، عن عاصم، عن أبي وائل، عن عبد الله، قال: «إن الله عز وجل نظر في قلوب العباد فاختار محمدا فبعثه برسالاته وانتخبه بعلمه ثم نظر في قلوب الناس بعده فاختار له أصحابه فجعلهم أنصار دينه ووزراء نبيه صلى الله عليه وسلم فما رآه المؤمنون حسنا فهو عند الله حسن وما رآه المؤمنون قبيحا فهو عند الله قبيح» #,0
Musnad at-Tayalisi,342,UNGRADED,Prophets & Past Peoples,244 - # حدثنا أبو داود قال: حدثنا شعبة، عن منصور، عن أبي وائل، عن عبد الله، عن النبي صلى الله عليه وسلم قال: «لا يزال العبد يصدق ويتحرى الصدق حتى يكتب عند الله صديقا ولا يزال يكذب ويتحرى الكذب حتى يكتب عند الله كذابا» #,0
Musnad at-Tayalisi,343,UNGRADED,Faith & Creed; Prophets & Past Peoples,245 - # حدثنا أبو داود قال: حدثنا شعبة، عن زبيد، قال: لما ظهرت المرجئة أتيت أبا وائل فذكرت ذلك له فقال: سمعت عبد الله، يقول عن النبي صلى الله عليه وسلم أنه قال: «سباب المؤمن فسق وقتاله كفر» #,0
Musnad at-Tayalisi,344,UNGRADED,Angels & the Unseen; Prophets & Past Peoples,"246 - # حدثنا أبو داود قال: حدثنا هشام، عن حماد، عن أبي وائل، عن عبد الله، قال: كنا إذا صلينا خلف رسول الله صلى الله عليه وسلم قلنا: السلام على الله السلام على جبريل السلام على ميكائيل فالتفت إلينا رسول الله صلى الله عليه وسلم فقال: "" لا تقولوا السلام على الله فإن الله عز وجل هو السلام ولكن قولوا: التحيات لله والصلوات والطيبات السلام، عليك أيها النبي ورحمة الله وبركاته، السلام علينا وعلى عباد الله الصالحين، أشهد أن لا إله إلا الله وأشهد أن محمدا عبده ورسوله "" #",0
Musnad at-Tayalisi,345,UNGRADED,Character & Manners; Prophets & Past Peoples,247 - # حدثنا أبو داود قال: حدثنا المسعودي، قال: أخبرني أبو نهشل، عن أبي وائل، قال قال ابن مسعود: فضل الناس عمر بدعوة رسول الله صلى الله عليه وسلم في عمر: «اللهم أيد الناس بعمر» #,0
Musnad at-Tayalisi,346,UNGRADED,Prophets & Past Peoples,"248 - # حدثنا أبو داود قال: حدثنا المسعودي، عن عاصم، عن أبي وائل، عن عبد الله بن مسعود، قال: قد جاء ابن النواحة وابن أثال رسولين لمسيلمة إلى رسول الله صلى الله عليه وسلم فقال لهما رسول الله صلى الله عليه وسلم: «تشهدان أني رسول الله؟» فقالا: "" نشهد أن مسيلمة رسول الله فقال",0
Musnad at-Tayalisi,348,UNGRADED,Day of Judgement; Prophets & Past Peoples,"249 - # حدثنا أبو داود قال: حدثنا المسعودي، عن عاصم، عن أبي وائل، عن عبد الله، قال: "" إن الله عز وجل اتخذ إبراهيم خليلا وإن صاحبكم خليل الله وإن نبي الله صلى الله عليه وسلم أكرم الخلائق على الله عز وجل يوم القيامة ثم قرأ {عسى أن يبعثك ربك مقاما محمودا} [الإسراء: 79] "" #",0
Musnad at-Tayalisi,349,UNGRADED,Prayer (Salah); Prophets & Past Peoples,250 - # حدثنا أبو داود قال: حدثنا همام، عن عطاء بن السائب، عن أبي وائل، عن عبد الله، قال: «جدب إلينا رسول الله صلى الله عليه وسلم السمر بعد صلاة العتمة» #,0
Musnad at-Tayalisi,350,UNGRADED,Prophets & Past Peoples,251 - # حدثنا أبو داود، حدثنا شعبة، عن الأعمش، سمع أبا وائل، يحدث عن عبد الله عن النبي صلى الله عليه وسلم قال: «المرء مع من أحب» #,2
Musnad at-Tayalisi,351,UNGRADED,Day of Judgement,"252 - # حدثنا أبو داود قال: حدثنا شعبة، عن الأعمش، سمع أبا وائل، يحدث عن عبد الله عن النبي صلى الله عليه وسلم قال: "" لكل غادر لواء يوم القيامة يقال: هذه غدرة فلان "" #",0
Musnad at-Tayalisi,352,UNGRADED,Prophets & Past Peoples,"253 - # حدثنا أبو داود قال: حدثنا شعبة، عن الأعمش، سمع أبا وائل، يقول: قال عبد الله: «إني لأخبر بجماعتكم فما يمنعني أن أخرج إليكم إلا خشية أن أملكم، إن رسول الله صلى الله عليه وسلم» كان يتخولنا بالموعظة خشية السآمة علينا "" #",0
Musnad at-Tayalisi,353,UNGRADED,Death & Burial; Paradise,254 - # حدثنا أبو داود قال: حدثنا شعبة، عن الأعمش، قال: سمعت أبا وائل، يحدث عن عبد الله، قال: قال رسول الله صلى الله عليه وسلم كلمة وأنا أقول أخرى قال: قال رسول الله صلى الله عليه وسلم: «من مات وهو يجعل لله ندا دخل النار» ، قال عبد الله: وأنا أقول: من مات وهو لا يجعل لله ندا أدخله الله الجنة #,0
Musnad at-Tayalisi,354,UNGRADED,Prophets & Past Peoples,255 - # حدثنا أبو داود قال: حدثنا شعبة، عن الأعمش، قال: سمعت أبا وائل، يحدث عن عبد الله، عن النبي صلى الله عليه وسلم قال: «إذا كانوا ثلاثة فلا يتناجى اثنان دون الثالث فإن ذلك يحزنه» #,0
Musnad at-Tayalisi,355,UNGRADED,Faith & Creed; Prophets & Past Peoples,256 - # حدثنا أبو داود قال: حدثنا شعبة، قال: حدثني الأعمش، ومنصور، قالا: سمعت أبا وائل، يحدث عن عبد الله، أن النبي صلى الله عليه وسلم قال: «سباب المسلم فسوق، وقتاله كفر» #,0
Musnad at-Tayalisi,356,UNGRADED,Prayer (Salah); Quran & Recitation,257 - # حدثنا أبو داود قال: حدثنا شعبة، عن الأعمش، قال: سمعت أبا وائل، يقول: سأل رجل عبد الله عن قول الله عز وجل {من ماء غير آسن} [محمد: 15] أو ياسن، فقال عبد الله: كل القرآن قد قرأت غير هذا؟ قال: نعم قال: إن قوما يقرءونه ينثرونه نثر الدقل لا يجاوز تراقيهم إني لأعرف السور النظائر التي كان رسول الله صلى الله عليه وسلم يقرن بينهن قال: فأمرنا علقمة فسأله فقال: عشرين سورة من المفصل «كان رسول الله صلى الله عليه وسلم يقرن بين كل سورتين في ركعة» #,0
Musnad at-Tayalisi,357,UNGRADED,Work & Livelihood; Prophets & Past Peoples,258 - # حدثنا أبو داود قال: حدثنا شعبة، عن الأعمش قال سمعت أبا وائل، يحدث عن عبد الله، قال: قلنا: يا رسول الله أنؤاخذ بما عملنا في الجاهلية فقال رسول الله صلى الله عليه وسلم: «من أحسن في الإسلام لم يؤاخذ بما عمل في الجاهلية والإسلام، ومن أساء في الإسلام أخذ بما عمل في الجاهلية والإسلام» #,0
Musnad at-Tayalisi,358,UNGRADED,Quran & Recitation; Prophets & Past Peoples,"259 - # حدثنا أبو داود قال: حدثنا شعبة، عن منصور، قال: سمعت أبا وائل، يحدث عن عبد الله، عن النبي صلى الله عليه وسلم قال: "" بئس ما لأحدهم أن يقول: نسيت آية كيت وكيت بل هو نسي، واستذكروا القرآن فوالذي نفسي بيده لهو أشد تفصيا من صدور الرجال من",0
Musnad at-Tayalisi,360,UNGRADED,Oaths & Vows,260 - # حدثنا أبو داود قال: حدثنا ورقاء، عن منصور، عن أبي وائل، عن عبد الله، قال: من حلف على يمين صبر ليقتطع بها مالا هو فيها فاجر لقي الله عز وجل وهو عليه غضبان قال: فخرج علينا الأشعث بن قيس الكندي فقال: ما حدثكم أبو عبد الرحمن؟ قال: فقلنا: حديث كذا وكذا قال: صدق نزلت في خاصمت رجلا في بئر إلى رسول الله صلى الله عليه وسلم فقال رسول الله صلى الله عليه وسلم: «بينتك أو يمينه» ، قلت: إذا يحلف وهو آثم، قال رسول الله صلى الله عليه وسلم: «من حلف على يمين,1
Musnad at-Tayalisi,363,UNGRADED,Prophets & Past Peoples,262 - # حدثنا أبو داود قال: حدثنا شعبة، قال: أخبرني واصل، قال: سمعت أبا وائل، يحدث عن عبد الله بن مسعود، قال: سألت رسول الله صلى الله عليه وسلم: أي الذنب أعظم؟ قال: «أن تجعل لله ندا وهو خلقك» ، قال: ثم أي؟ قال: «تقتل ولدك من أجل أن يأكل مالك» ، قال: ثم أي قال؟ قال: «أن تزني بحليلة جارك»,0
Musnad at-Tayalisi,365,UNGRADED,Prophets & Past Peoples,263 - # حدثنا أبو داود قال: حدثنا مهدي بن ميمون، عن عاصم، عن أبي وائل، عن عبد الله، عن النبي صلى الله عليه وسلم بمثله، وتلا هذه الآية {والذين لا يدعون مع الله إلها آخر ولا يقتلون النفس التي حرم الله إلا بالحق ولا يزنون},0
Musnad at-Tayalisi,368,UNGRADED,Prayer (Salah); Quran & Recitation,"265 - # حدثنا أبو داود قال: حدثنا شعبة، عن عمرو، وسمع أبا وائل، يحدث أن رجلا جاء إلى ابن مسعود فقال: قرأت المفصل الليلة في ركعة فقال عبد الله: «هذا كهذ الشعر لقد عرفت السور النظائر التي كان رسول الله صلى الله عليه وسلم يقرن بينهن فذكر» عشرين سورة من المفصل سورتين سورتين في ركعة "" #",0
Musnad at-Tayalisi,369,UNGRADED,Women; Prophets & Past Peoples,266 - # حدثنا أبو داود قال: حدثنا شعبة، عن الأعمش، قال سمعت: أبا وائل، يحدث عن عبد الله، عن النبي صلى الله عليه وسلم قال: «لا تباشر المرأة المرأة فتنعتها لزوجها حتى كأنه ينظر إليها» #,0
Musnad at-Tayalisi,372,UNGRADED,Prayer (Salah); Prophets & Past Peoples,269 - # حدثنا أبو داود قال: حدثنا زائدة، عن منصور، عن إبراهيم، عن علقمة، عن عبد الله بن مسعود، قال: صلى بنا رسول الله صلى الله عليه وسلم فزاد أو نقص - فأما الناسي لذلك فإبراهيم عن علقمة أو علقمة عن عبد الله - فلما قضى صلاته قيل: يا رسول الله: أحدث في الصلاة من حدث؟ قال: «لا وما ذاك؟» فذكرنا له الذي صنع فثنى رجله واستقبل القبلة ثم سجد سجدتين ثم أقبل علينا بوجهه فقال: «لو حدث في الصلاة حدث أنبأتكم ولكني بشر مثلكم أنسى كما,0
Musnad at-Tayalisi,374,UNGRADED,Prophets & Past Peoples,270 - # حدثنا أبو داود قال: حدثنا شعبة، عن الأعمش، عن إبراهيم، عن علقمة، أنه كان واقفا مع عبد الله بعرفة في خلافة عثمان فقال عثمان لعبد الله: ألا أزوجك؟ - قال أبو داود: قال شعبة: أو غيره في هذا الإسناد: - ألا أزوجك جارية تذكرك من نفسك ما نسيت؟ قال: فقال عبد الله كي يسمع علقمة: قال لنا رسول الله صلى الله عليه وسلم: «من استطاع منكم الباءة فليتزوج وإلا فليصم فإن الصوم له وجاء» #,0
Musnad at-Tayalisi,375,UNGRADED,Prayer (Salah); Quran & Recitation,"271 - # حدثنا أبو داود قال: حدثنا شعبة، عن الأعمش، قال: سمعت أبا وائل، يقول: قال عبد الله: "" إني لأعرف السور النظائر التي كان رسول الله صلى الله عليه وسلم يقرن بينها قال: فأمرنا علقمة فسأله فقال: «عشرين سورة من المفصل كان رسول الله صلى الله عليه وسلم يقرن بين كل سورتين في ركعة» #",0
Musnad at-Tayalisi,376,UNGRADED,Prophets & Past Peoples,272 - # حدثنا أبو داود قال: حدثنا أبو عوانة، عن مغيرة، عن إبراهيم، عن هني بن نويرة، عن علقمة، عن عبد الله، عن النبي صلى الله عليه وسلم قال: «أعف الناس قتلة أهل الإيمان» #,0
Musnad at-Tayalisi,380,UNGRADED,Prayer (Salah); Prophets & Past Peoples,"[ص: 221] # إبراهيم عن علقمة، عن عبد الله، «عن النبي صلى الله عليه وسلم أنه» صلى الظهر خمسا فقيل له: أزيد في الصلاة؟ فقال النبي صلى الله عليه وسلم: «وما ذلك؟» فقالوا: إنك صليت خمسا، فسجد سجدتين بعدما سلم "" #",0
Musnad at-Tayalisi,381,UNGRADED,Prophets & Past Peoples,"275 - # حدثنا أبو داود قال: حدثنا المسعودي، عن عمرو بن مرة، عن إبراهيم، عن علقمة، عن عبد الله، قال "" اضطجع رسول الله صلى الله عليه وسلم على حصير فأثر الحصير بجلده فجعلت أمسحه عنه وأقول: بأبي أنت وأمي يا رسول الله ألا آذنتنا فنبسط لك شيئا يقيك منه تنام عليه فقال: «مالي وللدنيا ما أنا والدنيا إنما أنا والدنيا كراكب استظل تحت شجرة ثم راح وتركها» #",0
Musnad at-Tayalisi,383,UNGRADED,Prophets & Past Peoples,277 - # حدثنا أبو داود قال: حدثنا زهير، عن أبي إسحاق، عن عبد الرحمن بن الأسود، عن أبيه، وعلقمة، عن عبد الله، قال: «أنا رأيت رسول الله صلى الله عليه وسلم يكبر في كل خفض ورفع وقيام وقعود ويسلم عن يمينه وعن يساره حتى رأيت بياض خده» ، ورأيت أبا بكر وعمر رضي الله عنهما يفعلان ذلك #,0
Musnad at-Tayalisi,384,UNGRADED,Prophets & Past Peoples,278 - # حدثنا أبو داود قال: حدثنا يزيد بن عطاء، عن سماك، عن إبراهيم النخعي، عن علقمة أو الأسود، عن عبد الله، في قول الله عز وجل {اقتربت الساعة وانشق القمر} [القمر: 1] قال: «انشق القمر على عهد رسول الله صلى الله عليه وسلم» #,0
Musnad at-Tayalisi,385,UNGRADED,Character & Manners; Prophets & Past Peoples,279 - # حدثنا أبو داود قال: حدثنا وهيب بن خالد، ويزيد بن زريع، عن داود بن أبي هند، عن الشعبي، عن علقمة، قال: قلت لابن مسعود: إن الناس يتحدثون أنك كنت مع رسول الله صلى الله عليه وسلم ليلة الجن فقال: ما صحبه منا أحد ولكنا فقدناه بمكة فطلبناه في الشعاب وفي الأودية فقلت: اغتيل، استطير فبتنا بشر ليلة بات بها قوم، فلما أصبحنا رأيناه مقبلا فقلنا: يا رسول الله بتنا الليلة بشر ليلة بات بها قوم فقدناك فقال: «إنه أتاني داعي الجن فانطلقت أقرأتهم القرآن» ، فانطلق بنا فأرانا بيوتهم ونيرانهم وسألوه الزاد فقال: «كل عظم لم يذكر عليه اسم الله يقع في أيديكم أوفر ما كان لحما,0
Musnad at-Tayalisi,387,UNGRADED,Quran & Recitation; Prophets & Past Peoples,"280 - # حدثنا أبو داود قال: حدثنا شعبة، عن أبي إسحاق، قال: سمعت الأسود، سمع عبد الله، "" سمع النبي صلى الله عليه وسلم يقرأ {فهل من مدكر}",0
Musnad at-Tayalisi,389,UNGRADED,Quran & Recitation; Bloodshed & Murder,281 - # حدثنا أبو داود قال: حدثنا شعبة، عن أبي إسحاق، قال: سمعت الأسود بن يزيد، يحدث عن عبد الله، «أن النبي صلى الله عليه وسلم قرأ النجم بمكة وسجد فيها» وسجد من كان معه غير شيخ أخذ كفا من حصى أو تراب فرفعه إلى جبهته وقال: يكفيني هذا، قال عبد الله: فلقد رأيته قتل كافرا يوم بدر #,0
Musnad at-Tayalisi,390,UNGRADED,Prophets & Past Peoples,282 - # حدثنا أبو داود قال: حدثنا شعبة، عن الأعمش، قال: سمعت عمارة بن عمير، يحدث عن الأسود، عن عبد الله، قال: لا يجعلن أحدكم للشيطان جزءا من صلاته يراه عليه حتما ألا ينصرف إلا عن يمينه فقد «رأيت أكثر انصراف رسول الله صلى الله عليه وسلم عن يساره» #,0
Musnad at-Tayalisi,391,UNGRADED,Prophets & Past Peoples,283 - # حدثنا أبو داود قال: حدثنا أبو عوانة، قال: حدثنا سماك بن حرب، عن إبراهيم، عن الأسود أو علقمة، عن عبد الله بن مسعود، أن رجلا أتى النبي صلى الله عليه وسلم فذكر أنه أصاب من امرأة دون الجماع فلم يرد عليه النبي صلى الله عليه وسلم حتى أنزل الله عز وجل {وأقم الصلاة طرفي النهار وزلفا من الليل} [هود: 114] الآية، فقال رجل: يا رسول الله أله خاصة أم للناس كافة؟ فقال رسول الله صلى الله عليه وسلم: «بل للناس كافة» #,0
Musnad at-Tayalisi,392,UNGRADED,Prophets & Past Peoples,"284 - # حدثنا أبو داود قال: حدثنا همام، عن عطاء بن السائب، عن عبد الرحمن بن الأسود، عن أبيه، عن عبد الله، "" أنه كان يسلم عن يمينه: «السلام عليكم ورحمة الله وبركاته» ، وعن يساره: «السلام عليكم ورحمة الله» وقد روي عن الأسود من غير هذا الإسناد عن عبد الله، عن النبي صلى الله عليه وسلم بمثله #",0
Musnad at-Tayalisi,394,UNGRADED,Prophets & Past Peoples,[ص: 231] # ، قال: دخل النبي صلى الله عليه وسلم الغائط فاتبعته فوضعت له حجرين وروثة قال: فخرج فأخذ الحجرين ورمى بالروثة وقال: «إنه رجس» ، قال أبو بشر: أظن غير أبي داود يقول: عن عبد الرحمن بن الأسود عن أبيه #,0
Musnad at-Tayalisi,396,UNGRADED,Treaties & Non-Muslims,[ص: 232] # عبد الرحمن بن الأسود، عن أبيه، عن عبد الله، أن النبي صلى الله عليه وسلم «كان إذا أتي بالسبي أعطى أهل البيت جميعا وكره أن يفرق بينهم» #,1
Musnad at-Tayalisi,397,UNGRADED,Prophets & Past Peoples,"287 - # حدثنا أبو داود قال: حدثنا شعبة، عن الأعمش، قال: سمعت عبد الله بن مرة يحدث عن مسروق عن عبد الله، قال: قال رسول الله صلى الله عليه وسلم: "" لا يحل دم امرئ مسلم إلا بإحدى ثلاث: الثيب الزاني، والنفس بالنفس وتارك لدينه المفارق للجماعة "" #",0
Musnad at-Tayalisi,398,UNGRADED,Prophets & Past Peoples,288 - # حدثنا أبو داود قال: حدثنا شعبة، عن الأعمش، عن عبد الله بن مرة، أراه عن النبي صلى الله عليه وسلم قال أبو داود: قال زائدة في هذا الإسناد عن عبد الله، عن النبي صلى الله عليه وسلم قال: «ليس منا من ضرب الخدود وشق الجيوب ودعا بدعوى الجاهلية» #,0
Musnad at-Tayalisi,401,UNGRADED,Trade & Business; Prophets & Past Peoples,290 - # حدثنا أبو داود قال: حدثنا المسعودي، عن جابر، عن أبي الضحى، عن مسروق، عن عبد الله، قال: أشهد على الصادق المصدوق أبي القاسم صلى الله عليه وسلم أنه قال: «بيع المحفلات خلابة ولا تحل الخلابة لمسلم» #,0
Musnad at-Tayalisi,402,UNGRADED,Justice & Judgement; Day of Judgement,"291 - # حدثنا أبو داود قال: حدثنا جرير بن حازم، عن الأعمش، عن أبي الضحى، عن مسروق، عن عبد الله، أن قريشا لما استصعبت على رسول الله صلى الله عليه وسلم "" دعا عليهم السنين حتى أكلوا الميتة والعظام حتى جعل الرجل يقوم فيرى ما بينه وبين السماء مثل الدخان فذلك قوله تعالى {يوم تأتي السماء بدخان مبين}",0
Musnad at-Tayalisi,404,UNGRADED,Knowledge & Scholars; Prophets & Past Peoples,"292 - # حدثنا أبو داود قال: حدثنا جرير بن حازم، عن الأعمش، عن أبي الضحى، عن مسروق، عن عبد الله، قال: "" من كان عنده علم فليقل بعلمه ومن لم يكن عنده علم - أو قال من سئل عما لم يكن له به علم - فليقل: الله أعلم، فإن الله عز وجل قال لنبيه صلى الله عليه وسلم {قل لا أسألكم عليه أجرا إلا المودة في القربى} [الشورى: 23] "" #",0
Musnad at-Tayalisi,405,UNGRADED,Character & Manners; Magic & Superstition,"293 - # حدثنا أبو داود قال: حدثنا أبو عوانة، عن المغيرة، عن أبي الضحى، عن مسروق، عن عبد الله، قال: "" انشق القمر على عهد رسول الله صلى الله عليه وسلم فقالت قريش: هذا سحر ابن أبي كبشة، قال: وقالوا: انتظروا ما تأتيكم به السفار فإن محمدا لا يستطيع أن يسحر الناس كلهم قال: فجاء السفار فقالوا ذاك "" #",0
Musnad at-Tayalisi,406,UNGRADED,Prophets & Past Peoples,294 - # حدثنا أبو داود قال: حدثنا قيس، عن أبي حصين، عن يحيى بن وثاب، عن مسروق، عن عبد الله، يرفعه إلى النبي صلى الله عليه وسلم قال: «إن الخبيث لا يكفر السيئ ولكن الطيب يكفر السيئ» #,0
Musnad at-Tayalisi,407,UNGRADED,Prophets & Past Peoples,295 - # حدثنا أبو داود قال: حدثنا شعبة، عن الأعمش، قال: سمعت زيد بن وهب، يحدث عن عبد الله، قال: قال رسول الله صلى الله عليه وسلم: «إنكم سترون بعدي أثرة وأمورا تنكرونها» ، قلنا: يا رسول الله فما تأمرنا؟ قال: «أدوا إليهم حقهم الذي جعله لهم واسألوا الله حقكم» #,0
Musnad at-Tayalisi,408,UNGRADED,Treaties & Non-Muslims,"296 - # حدثنا أبو داود قال: حدثنا شعبة، عن الأعمش، قال: سمعت زيد بن وهب الجهني، يقول: سمعت عبد الله، يقول: حدثنا رسول الله صلى الله عليه وسلم وهو الصادق المصدوق: "" إن خلق أحدكم ليجمع في بطن أمه أربعين ليلة ثم يكون علقة مثل ذلك ثم يكون مضغة مثل ذلك ثم يبعث إليه ملك فيؤمر بأربع كلمات: رزقه وأجله وعمله وشقي أو سعيد ثم ينفخ فيه الروح والله إن أحدكم - أو إن الرجل منكم - ليعمل عمل أهل الجنة حتى ما يكون بينه وبينها إلا ذراع فيسبق عليه الكتاب فيعمل عمل أهل النار فيدخلها، وإن الرجل منكم - أو إن أحدكم - ليعمل عمل أهل النار حتى ما يكون بينه وبينها إلا ذراع فيسبق عليه الكتاب فيعمل عمل أهل الجنة فيدخلها "" #",0
Musnad at-Tayalisi,409,UNGRADED,Prophets & Past Peoples,297 - # حدثنا أبو داود قال: حدثنا شعبة، عن منصور، والأعمش، عن إبراهيم، عن عبيدة السلماني، عن عبد الله، أن النبي صلى الله عليه وسلم قال: «خير أمتي قرني ثم الذين يلونهم ثم الذين يلونهم ثم يجيء قوم تسبق أيمانهم شهادتهم ويشهدون قبل أن يستشهدوا» #,0
Musnad at-Tayalisi,410,UNGRADED,Prophets & Past Peoples,298 - # حدثنا أبو داود قال: حدثنا شعبة، قال: أخبرني أبو إسحاق، قال: سمعت أبا الأحوص، يحدث عن عبد الله، عن النبي صلى الله عليه وسلم قال: «لو كنت متخذا من أمتي خليلا لاتخذت أبا بكر» #,0
Musnad at-Tayalisi,411,UNGRADED,Prophets & Past Peoples,299 - # حدثنا أبو داود قال: حدثنا شعبة، قال: أخبرني أبو إسحاق، قال: سمعت أبا الأحوص، يحدث عن عبد الله، قال: إن محمدا صلى الله عليه وسلم قال: «إن الرجل ليصدق حتى يكتب صديقا، وإن الرجل ليكذب حتى يكتب كذابا» #,0
Musnad at-Tayalisi,412,UNGRADED,Brotherhood & Friendship; Prophets & Past Peoples,300 - # حدثنا أبو داود قال: حدثنا شعبة، قال: أخبرني أبو إسحاق، سمع أبا الأحوص، عن عبد الله، قال: أتينا النبي صلى الله عليه وسلم في صاحب لنا نستأذنه في الكي أن نكويه فسكت ثم عاودناه فسكت ثم عاودناه الثالثة فسكت ثم عاودناه فقال: «ارضفوه أحرقوه» ، وكره ذلك #,0
Musnad at-Tayalisi,413,UNGRADED,Dhikr & Supplication; Prophets & Past Peoples,301 - # حدثنا أبو داود قال: حدثنا شعبة، عن أبي إسحاق، سمع أبا الأحوص، يحدث عن عبد الله، أن النبي صلى الله عليه وسلم كان يدعو بهذا الدعاء: «اللهم إني أسألك الهدى والتقى والعفاف والغنى» #,0
Musnad at-Tayalisi,414,UNGRADED,Prayer (Salah); Knowledge & Scholars,302 - # حدثنا أبو داود قال: حدثنا شعبة، قال: حدثنا أبو إسحاق، سمع أبا الأحوص، قال: قال عبد الله: كنا لا ندري ما نقول في كل ركعتين غير أن نسبح ونكبر ونحمد ربنا، وإن محمدا صلى الله عليه وسلم علم فواتح الخير وجوامعه أو جوامعه وخواتمه فأمرنا أن نقول في كل ركعتين: «التحيات لله والصلوات والطيبات، السلام عليك أيها النبي ورحمة الله وبركاته السلام علينا وعلى عباد الله الصالحين، أشهد أن لا إله إلا الله وأشهد أن محمدا عبده ورسوله ثم ليتخير أحدكم من الدعاء أعجبه إليه فيدعو به» #,0
Musnad at-Tayalisi,416,UNGRADED,Faith & Creed; Prophets & Past Peoples,304 - # حدثنا أبو داود قال: حدثنا شعبة، عن أبي إسحاق، سمع أبا الأحوص، يحدث عن عبد الله، قال: ألا إن محمدا صلى الله عليه وسلم قال: «إن قتال المسلم كفر وسبابه فسق ألا ولا يحل لمسلم أن يهجر أخاه فوق الثلاث» #,0
Musnad at-Tayalisi,417,UNGRADED,Character & Manners; Anger & Patience,305 - # حدثنا أبو داود قال: حدثنا داود بن أبي الفرات، عن محمد بن زيد العبدي، عن أبي الأعين، عن أبي الأحوص، عن ابن مسعود، قال: سألنا رسول الله صلى الله عليه وسلم عن القردة والخنازير أهم من نسل اليهود؟ فقال: «لا إن الله عز وجل لم يلعن قوما قط فمسخهم فيكون لهم نسل ولكن هذا خلق كان، فلما غضب الله عز وجل على اليهود فمسخهم,0
Musnad at-Tayalisi,419,UNGRADED,Prayer (Salah); Prophets & Past Peoples,306 - # حدثنا أبو داود قال: حدثنا شريك، عن أبي إسحاق، عن أبي الأحوص، عن عبد الله، أن النبي صلى الله عليه وسلم «سلم في الصلاة تسليمتين» #,0
Musnad at-Tayalisi,422,UNGRADED,Zakah & Charity; Work & Livelihood,308 - # حدثنا أبو داود قال: حدثنا جعفر، عن النضر بن حميد، عن الجارود، عن أبي الأحوص، عن عبد الله، قال: قال رسول الله صلى الله عليه وسلم: «لا يعجبنك رحب الذراعين يسفك الدماء فإن له عند الله قاتلا لا يموت، ولا يعجبنك امرؤ كسب مالا من حرام فإنه إن أنفقه أو تصدق به لم يقبل منه وإن تركه لم يبارك له فيه وإن بقي منه شيء كان زاده إلى النار» #,0
Musnad at-Tayalisi,423,UNGRADED,Character & Manners; Signs of the End Times,309 - # حدثنا أبو داود قال: حدثنا شعبة، عن علي بن الأقمر، عن أبي الأحوص، عن عبد الله، عن النبي صلى الله عليه وسلم قال: «لا تقوم الساعة إلا على شرار الناس» #,0
Musnad at-Tayalisi,425,UNGRADED,Prayer (Salah); Adhan & the Mosque,311 - # حدثنا أبو داود قال: حدثنا المسعودي، عن علي بن الأقمر، عن أبي الأحوص، عن عبد الله، قال: «من سره أن يلقى الله عز وجل غدا مسلما فليحافظ على هؤلاء الصلوات الخمس حيث ينادى بهن فإن الله قد شرع لنبيكم صلى الله عليه وسلم سنن الهدى، وإنهن من سنن الهدى، وإني لا أحسب منكم أحدا إلا له مسجد يصلي فيه في بيته، ولو صليتم في بيوتكم وتركتم مساجدكم لتركتم سنة نبيكم صلى الله عليه وسلم، ولو تركتم سنة نبيكم لضللتم، وما من مسلم يتوضأ فيحسن الوضوء ثم يمشي إلى الصلاة إلا كتب له بكل خطوة يخطوها حسنة ويرفع له بها درجة ويكفر عنه بها خطيئة حتى إن كنا لنقارب بين الخطى ولقد رأيتنا وما يتخلف عنها إلا منافق معلوم نفاقه ولقد رأيت الرجل يهادى بين الرجلين حتى يقام في الصف» #,0
Musnad at-Tayalisi,428,UNGRADED,Bloodshed & Murder; Prophets & Past Peoples,313 - # حدثنا أبو داود قال: حدثنا داود بن أبي الفرات، عن محمد بن زيد، عن أبي الأعين، عن أبي الأحوص، عن عبد الله، عن النبي صلى الله عليه وسلم قال: «من قتل حية فكأنما قتل كافرا» #,0
Musnad at-Tayalisi,429,UNGRADED,Prophets & Past Peoples,314 - # حدثنا أبو داود قال: حدثنا زهير، عن أبي إسحاق، عن أبي الأحوص، عن ابن مسعود، قال: قال رسول الله صلى الله عليه وسلم: «لقد هممت أن آمر رجلا يصلي بالناس ثم أتخلف على قوم يتخلفون عن الجمعة فأحرق عليهم بيوتهم» #,0
Musnad at-Tayalisi,430,UNGRADED,Prophets & Past Peoples,315 - # حدثنا أبو داود قال: حدثنا قيس بن الربيع، عن أبي إسحاق، عن عبد الرحمن بن يزيد، عن عبد الله، قال: «أقرأني رسول الله صلى الله عليه وسلم (إني أنا الرزاق ذو القوة المتين) » #,0
Musnad at-Tayalisi,432,UNGRADED,Prayer (Salah),[ص: 250] # : سمعت عمارة بن عمير، أو غيره، عن عبد الرحمن بن يزيد، عن عبد الله، قال: حججت مع رسول الله صلى الله عليه وسلم «فصلى بمنى ركعتين، ومع أبي بكر فصلى بمنى ركعتين، ومع عمر فصلى ركعتين، فليت حظي من أربع ركعتان متقبلتان» #,0
Musnad at-Tayalisi,435,UNGRADED,Prayer (Salah); Prophets & Past Peoples,319 - # حدثنا أبو داود قال: حدثنا يزيد بن عطاء، عن أبي إسحاق، عن عبد الرحمن بن يزيد، قال: صلى عبد الله الصبح بجمع بغلس وقال: إن رسول الله صلى الله عليه وسلم «كان لا يصلي هذه الصلاة في هذا الوقت إلا في هذا المكان» #,0
Musnad at-Tayalisi,436,UNGRADED,Day of Judgement,320 - # حدثنا أبو داود قال: حدثنا شريك، عن حكيم بن جبير، عن محمد بن عبد الرحمن بن يزيد، عن أبيه، عن عبد الله بن مسعود، قال: قال رسول الله صلى الله عليه وسلم: «من سأل عن غنى جاء يوم القيامة كدوح أو خموش في وجهه» ، قيل: يا رسول الله وما يغنيه؟ قال: «خمسون درهما أو قيمتها من الذهب» #,0
Musnad at-Tayalisi,437,UNGRADED,Truthfulness & Lying; Angels & the Unseen,321 - # حدثنا أبو داود قال: حدثنا قيس، عن أبي إسحاق، عن عبد الرحمن بن يزيد، عن عبد الله بن مسعود، في قوله عز وجل {ما كذب الفؤاد ما رأى} [النجم: 11] قال: «رأى رسول الله صلى الله عليه وسلم جبريل في حلة رفرف قد ملأ ما بين السماء والأرض» #,0
Musnad at-Tayalisi,438,UNGRADED,Justice & Judgement; Paradise,322 - # حدثنا أبو داود قال: حدثنا شعبة، قال: أخبرني أبو إسحاق، عن عمرو بن ميمون، عن عبد الله، قال: كنا مع رسول الله صلى الله عليه وسلم في قبة نحوا من أربعين فقال: «أترضون أن تكونوا ربع أهل الجنة؟» قالوا: نعم، قال: «أترضون أن تكونوا ثلث أهل الجنة؟» قالوا: نعم، قال: «فوالذي نفسي بيده إني لأرجو أن تكونوا نصف أهل الجنة وذاك أن الجنة لا يدخلها إلا نفس مسلمة وما أنتم في الشرك إلا كالشعرة البيضاء في جلد الثور الأسود، أو كالشعرة السوداء في جلد الثور الأحمر» #,0
Musnad at-Tayalisi,441,UNGRADED,Day of Judgement; Prophets & Past Peoples,"324 - # حدثنا أبو داود قال: حدثنا المسعودي، قال: حدثنا مسلم البطين، عن عمرو بن ميمون، قال: اختلفت إلى عبد الله بن مسعود سنة لا أسمعه يقول فيها: قال رسول الله صلى الله عليه وسلم إلا أنه جرى ذات يوم حديث، فقال: "" قال رسول الله صلى الله عليه وسلم، فعلاه كرب وجعل العرق ينحدر عن عينيه ثم قال: إما فوق ذلك وإما دون ذلك وإما قريبا من ذلك "" #",0
Musnad at-Tayalisi,442,UNGRADED,Dhikr & Supplication; Prophets & Past Peoples,325 - # حدثنا أبو داود قال: حدثنا زهير، عن أبي إسحاق، عن عمرو بن ميمون، عن عبد الله، أن النبي صلى الله عليه وسلم «كان يدعو ثلاثا ويستغفر ثلاثا» #,0
Musnad at-Tayalisi,443,UNGRADED,Prophets & Past Peoples,326 - # حدثنا أبو داود قال: حدثنا أبو وكيع، عن أبي إسحاق، عن عمرو بن ميمون، عن عبد الله بن مسعود، قال: لما كان يوم بدر انتهيت إلى أبي جهل وهو مصروع فضربته بسيفي فما صنع شيئا وندر سيفه فضربته به ثم أتيت النبي صلى الله عليه وسلم في يوم حار كأنما أقل من الأرض فقلت: يا رسول الله هذا عدو الله أبو جهل قد قتل فقال النبي صلى الله عليه وسلم: «آلله لقد قتل؟» قلت: آلله لقد قتل فانطلق بنا فأريناه فجاءه فنظر إليه فقال: «هذا كان فرعون هذه الأمة» #,0
Musnad at-Tayalisi,444,UNGRADED,"Prophets & Past Peoples; Time, Days & Nights",327 - # حدثنا أبو داود قال: حدثنا المسعودي، عن سعيد بن عمرو بن جعدة، عن أبي عبيدة، عن عبد الله، أن رجلا أتى رسول الله صلى الله عليه وسلم فسأله عن ليلة القدر فقال: «أيكم يذكر ليلة الصهباوات؟» قال عبد الله: أنا والله بأبي وأمي أذكرها فإن في يدي لتميرات أتسحر بهن مستتر بمؤخر رحلي من الفجر وذلك حين يطلع القمر #,0
Musnad at-Tayalisi,445,UNGRADED,Prophets & Past Peoples; Animals,328 - # حدثنا أبو داود قال: حدثنا يزيد بن عطاء، عن أبي إسحاق، عن أبي عبيدة، عن عبد الله، قال: «كانت الأنبياء يركبون الحمر ويلبسون الصوف ويحتلبون الشاة وكان لرسول الله صلى الله عليه وسلم حمار اسمه عفير» #,0
Musnad at-Tayalisi,446,UNGRADED,Prophets & Past Peoples,"329 - # حدثنا أبو داود قال: حدثنا شعبة، عن سعد بن إبراهيم، قال: سمعت عبيدة، يحدث عن عبد الله، «أن رسول الله صلى الله عليه وسلم» كان في الركعتين الأوليين كأنه على الرضف "" قال: «فيحرك شفتيه بشيء» فأقول: حتى يقوم؟ فيقول: «حتى يقوم» #",0
Musnad at-Tayalisi,448,UNGRADED,Prayer (Salah); Prophets & Past Peoples,331 - # حدثنا أبو داود قال: حدثنا هشام، عن أبي الزبير، عن نافع بن جبير، عن أبي عبيدة، عن أبيه، قال: شغلنا المشركون عن صلاة الظهر، والعصر والمغرب والعشاء، فأمر رسول الله صلى الله عليه وسلم بلالا فأذن وأقام فصلينا الظهر ثم أقام فصلينا العصر ثم أقام فصلينا المغرب ثم أقام فصلينا العشاء ثم قال: «ما في الأرض عصابة يذكرون الله عز وجل غيركم» #,0
Musnad at-Tayalisi,449,UNGRADED,Prophets & Past Peoples,332 - # حدثنا أبو داود قال: حدثنا حديج بن معاوية، عن أبي إسحاق، عن أبي عبيدة، عن عبد الله، أن النبي صلى الله عليه وسلم قال: «من سره أن,0
Musnad at-Tayalisi,451,UNGRADED,Brotherhood & Friendship; Prophets & Past Peoples,333 - # حدثنا أبو داود قال: حدثنا سلام، وقيس، عن أبي إسحاق، عن أبي عبيدة، عن عبد الله، عن النبي صلى الله عليه وسلم قال: «ارحم من في الأرض يرحمك من في السماء» #,0
Musnad at-Tayalisi,452,UNGRADED,Repentance & Forgiveness; Mercy & Kindness,334 - # حدثنا أبو داود قال: حدثنا المسعودي، عن الحسن بن سعد، عن عبد الرحمن بن عبد الله بن مسعود، عن عبد الله، قال: كنا مع رسول الله صلى الله عليه وسلم في سفر فدخل رجل غيضة فأخرج منها بيضة حمرة فجاءت الحمرة ترف على رأس رسول الله صلى الله عليه وسلم وأصحابه فقال: «أيكم فجع هذه؟» فقال رجل من القوم: أنا أخذت بيضتها فقال: «رده رده رحمة لها» #,0
Musnad at-Tayalisi,453,UNGRADED,Prophets & Past Peoples,335 - # حدثنا أبو داود قال: حدثنا شعبة، قال: أخبرني سماك بن حرب، قال: سمعت عبد الرحمن بن عبد الله بن مسعود، يحدث عن أبيه، أنه سمع النبي صلى الله عليه وسلم يقول: «إنكم مصيبون ومنصورون ومفتوح لكم فمن أدرك ذلك منكم فليتق الله وليأمر بالمعروف ولينه عن المنكر» #,0
Musnad at-Tayalisi,454,UNGRADED,Dhikr & Supplication; Prophets & Past Peoples,"336 - # حدثنا أبو داود قال: حدثنا شعبة، قال: حدثنا أبو إسحاق، قال: سمعت أبا عبيدة بن عبد الله، يحدث عن أبيه، قال: علمنا رسول الله صلى الله عليه وسلم خطبة الحاجة: "" الحمد لله أو إن الحمد لله نستعينه ونستغفره ونعوذ بالله من شرور أنفسنا من يهده الله فلا",0
Musnad at-Tayalisi,456,UNGRADED,Quran & Recitation; Prophets & Past Peoples,337 - # حدثنا أبو داود قال: حدثنا شعبة، عن أبي إسحاق، قال: سمعت أبا عبيدة، يحدث عن أبيه، أن النبي صلى الله عليه وسلم كان يكثر أن يقول: «سبحانك ربنا وبحمدك اللهم اغفر لي» فلما نزلت {إذا جاء نصر الله والفتح} [النصر: 1] ، {فسبح بحمد ربك واستغفره إنه كان توابا} [النصر: 3] قال: «سبحانك وبحمدك اللهم اغفر لي إنك أنت التواب الرحيم» #,0
Musnad at-Tayalisi,457,UNGRADED,"Prophets & Past Peoples; Time, Days & Nights",338 - # حدثنا أبو داود قال: حدثنا شعبة، عن أبي إسحاق، قال: سمعت أبا عبيدة، يحدث عن أبيه، قال: بينما أنا أصلي ذات ليلة إذ مر بي النبي صلى الله عليه وسلم وأبو بكر وعمر فقال رسول الله صلى الله عليه وسلم: «سل تعطه»,0
Musnad at-Tayalisi,459,UNGRADED,Adhan & the Mosque; Character & Manners,339 - # حدثنا أبو داود قال: حدثنا المسعودي، عن عطاء بن السائب، قال: دخلت مسجد الكوفة يوم الجمعة فإذا رجل قد اجتمع الناس عليه ولو استطاعوا أن يدخلوه بطونهم لأدخلوه من حبهم إياه وإذا هو يحدث قال: قال عبد الله: لا تكثروا الشهادة قتل فلان شهيدا وقتل فلان شهيدا فإن كنتم لا بد مثنين على قوم أنهم استشهدوا فأثنوا على سرية بعثهم رسول الله صلى الله عليه وسلم إلى حي فلم يلبثوا إلا يسيرا حتى قام فينا رسول الله صلى الله عليه وسلم فقال: «ألا إن إخوانكم قد لقوا ربهم ألا وإنهم سألوا الله عز وجل أن يبلغ عنهم بأنهم قد رضوا ورضي عنهم فإن كنتم مثنين على قوم أنهم شهداء فأثنوا على,0
Musnad at-Tayalisi,461,UNGRADED,Truthfulness & Lying; Prophets & Past Peoples,340 - # حدثنا أبو داود قال: حدثنا شعبة، قال: أخبرنا سماك، قال: سمعت عبد الرحمن بن عبد الله، يحدث عن أبيه، أنه سمع النبي صلى الله عليه وسلم قال: «من كذب علي متعمدا فليتبوأ مقعده من النار» #,2
Musnad at-Tayalisi,462,UNGRADED,Speech & Backbiting; Usury & Interest,341 - # حدثنا أبو داود قال: حدثنا شعبة، وحماد بن سلمة، عن سماك بن حرب، قال: سمعت عبد الرحمن بن عبد الله، عن أبيه، أن النبي صلى الله عليه وسلم «لعن آكل الربا وموكله وشاهديه» أو قال: «وشاهده وكاتبه» #,0
Musnad at-Tayalisi,464,UNGRADED,Prophets & Past Peoples,343 - # حدثنا أبو داود قال: حدثنا المسعودي، عن الحسن بن سعد، عن عبد الرحمن بن عبد الله، عن أبيه، أن رسول الله صلى الله عليه وسلم نزل منزلا,0
Musnad at-Tayalisi,466,UNGRADED,Day of Judgement; Resurrection & Intercession,"344 - # حدثنا أبو داود قال: حدثنا حديج بن معاوية، عن أبي إسحاق، عن عبد الله بن عتبة، عن عبد الله بن مسعود، قال: "" بعثنا رسول الله صلى الله عليه وسلم إلى النجاشي ونحن ثمانون رجلا ومعنا جعفر بن أبي طالب، وعثمان بن مظعون وبعثت قريش عمارة وعمرو بن العاص وبعثوا معهما هدية إلى النجاشي فلما دخلا عليه سجدا له ودفعا إليه الهدية، وقالا: إن ناسا من قومنا رغبوا عن ديننا وقد نزلوا أرضك قال: فأين هم؟ قالوا: هم في أرضك فبعث إليهم النجاشي قال: فقال جعفر: أنا خطيبكم اليوم فاتبعوه حتى دخلوا على النجاشي فلم يسجدوا له فقال: مالكم لا تسجدون للملك؟ فقال: إن الله عز وجل بعث",0
Musnad at-Tayalisi,467,UNGRADED,Children & Upbringing; Prophets & Past Peoples,"[ص: 271] # إلينا نبيه صلى الله عليه وسلم فأمرنا أن لا نسجد إلا لله، فقال النجاشي: وما ذاك؟ فأخبر، فقال عمرو بن العاص: إنهم يخالفونك في عيسى قال: فما تقولون في عيسى وأمه؟ قال: نقول كما قال الله عز وجل هو روح الله وكلمته ألقاها إلى العذراء البتول التي لم يمسسها بشر ولم يفرضها ولد فتناول النجاشي عودا فقال: يا معشر القسيسين والرهبان ما تزيدون على ما يقول هؤلاء ما يزن هذه، فمرحبا بكم وبمن جئتم من عنده فأنا أشهد له أنه نبي ولوددت أني عنده فأحمل نعليه أو قال: أخدمه، فانزلوا حيث شئتم من أرضي فجاء ابن مسعود فبادر فشهد بدرا "" #",0
Musnad at-Tayalisi,469,UNGRADED,Other Narrations,[ص: 272] # عون بن عبد الله بن عتبة، عن أبيه، عن عبد الله، قال: كنا عند النبي صلى الله عليه وسلم فتبسم فقلنا: يا رسول الله مم تبسمت؟ قال: «عجبت للمؤمن وجزعه من السقم ولو يعلم ما في السقم أحب أن يكون سقيما حتى يلقى الله عز وجل» #,0
Musnad at-Tayalisi,470,UNGRADED,Work & Livelihood; Prophets & Past Peoples,346 - # حدثنا أبو داود قال: حدثنا محمد بن أبي حميد، عن عون بن عبد الله، عن أبيه، عن عبد الله بن مسعود، قال: رفع رسول الله صلى الله عليه وسلم بصره إلى السماء ثم خفضه فقلنا: يا رسول الله مم صنعت؟ هذا قال: عجبت لملكين من الملائكة نزلا إلى الأرض يلتمسان عبدا في مصلاه فلم يجداه، ثم عرجا إلى ربهما فقالا: يا رب كنا نكتب لعبدك المؤمن في يومه وليلته من العمل كذا وكذا فوجدناه قد حبسته في حبالتك فلم نكتب له شيئا فقال عز وجل: «اكتبوا لعبدي عمله في يومه وليلته ولا تنقصوه منه شيئا علي أجر ما حبسته وله أجر ما كان يعمل» #,0
Musnad at-Tayalisi,471,UNGRADED,Dhikr & Supplication; Prophets & Past Peoples,"347 - # حدثنا أبو داود قال: حدثنا ابن أبي ذئب، عن إسحاق بن يزيد الهذلي، عن عون بن عبد الله، عن ابن مسعود، قال: قال رسول الله صلى الله عليه وسلم: "" من قال في ركوعه ثلاث مرات: سبحان ربي العظيم فقد تم ركوعه وذلك أدناه، ومن قال في سجوده ثلاث مرات: سبحان ربي الأعلى فقد تم سجوده وذلك أدناه "" #",0
Musnad at-Tayalisi,472,UNGRADED,Adhan & the Mosque; Prophets & Past Peoples,348 - # حدثنا أبو داود قال: حدثنا حماد بن سلمة، عن سليمان التيمي، عن أبي عثمان النهدي، عن ابن مسعود، أن رسول الله صلى الله عليه وسلم قال: «لا يغرنكم أذان بلال من سحوركم فإنما يؤذن ليرجع قائمكم,0
Musnad at-Tayalisi,475,UNGRADED,Day of Judgement; Paradise,"350 - # حدثنا أبو داود قال: حدثنا حماد بن سلمة، عن عاصم بن بهدلة، عن زر بن حبيش، عن عبد الله بن مسعود، أن رسول الله صلى الله عليه وسلم قال: "" أريت الأمم بالموسم فرأيت أمتي قد ملئوا السهل والجبل فأعجبني كثرتهم وهيأتهم فقيل لي: أرضيت؟ قلت: «نعم» ، قال: ومع هؤلاء سبعون ألفا يدخلون الجنة بغير حساب لا يكتوون ولا يتطيرون ولا يسترقون وعلى ربهم يتوكلون ""، فقام عكاشة بن محصن الأسدي فقال: يا رسول الله ادع الله أن يجعلني منهم فقال رسول الله صلى الله عليه وسلم: «اللهم اجعله منهم» ، فقام آخر فقال: ادع الله عز وجل أن يجعلني منهم فقال رسول الله صلى الله عليه وسلم: «سبقك بها عكاشة» #",0
Musnad at-Tayalisi,476,UNGRADED,Food & Drink,351 - # حدثنا أبو داود قال: حدثنا حماد بن سلمة، عن عاصم، عن زر، عن عبد الله، قال: كنت غلاما يافعا أرعى غنما لعقبة بن أبي معيط بمكة فأتى علي رسول الله صلى الله عليه وسلم وأبو بكر وقد فرا من المشركين فقال: «يا غلام عندك لبن تسقينا؟» قلت: إني مؤتمن ولست بساقيكما قالا: «فهل عندك من جذعة لم ينز عليها الفحل بعد؟» قلت: نعم فأتيتهما بها فاعتقلها أبو بكر وأخذ رسول الله صلى الله عليه وسلم الضرع فدعا فحفل الضرع وأتاه أبو بكر بصخرة منقعرة فحلب فيها ثم شرب هو وأبو بكر ثم سقياني ثم قال للضرع: «اقلص» ، فقلص فلما كان بعد أتيت رسول الله صلى الله عليه وسلم فقلت: علمني من هذا القول الطيب يعني القرآن فقال رسول الله صلى الله عليه وسلم: «إنك غلام معلم» ، فأخذت من فيه سبعين سورة ما ينازعني فيها أحد #,0
Musnad at-Tayalisi,477,UNGRADED,Hajj & Umrah; Day of Judgement,352 - # حدثنا أبو داود قال: حدثنا حماد بن سلمة، عن عاصم ابن بهدلة، عن زر بن حبيش، عن عبد الله، قال: كنا يوم بدر اثنين على بعير وثلاثة على بعير وكان زميل النبي صلى الله عليه وسلم علي، وأبو لبابة الأنصاري وكان إذا حانت عقبتهما قالا: يا رسول الله اركب نمش عنك فقال: «إنكما لستما بأقوى على المشي مني ولا أرغب عن الأجر منكما» #,0
Musnad at-Tayalisi,478,UNGRADED,Prophets & Past Peoples,353 - # حدثنا أبو داود قال: حدثنا حماد بن سلمة، عن عاصم، عن زر، عن عبد الله، أنه كان يجتني سواكا من أراك للنبي صلى الله عليه وسلم وكانت الريح تكفؤه وكان في ساقه دقة فضحك أصحاب رسول الله صلى الله عليه وسلم,0
Musnad at-Tayalisi,480,UNGRADED,Prophets & Past Peoples,354 - # حدثنا أبو داود قال: حدثنا شعبة، عن سلمة بن كهيل، عن عيسى بن عاصم، عن زر بن حبيش، عن عبد الله، عن النبي صلى الله عليه وسلم قال: «الطيرة شرك» ، وما منا إلا أن الله يذهبه بالتوكل #,0
Musnad at-Tayalisi,481,UNGRADED,Prophets & Past Peoples; Treaties & Non-Muslims,355 - # حدثنا أبو داود قال: حدثنا حماد بن زيد، عن عاصم ابن بهدلة، عن زر، عن عبد الله، قال: توفي رجل من أهل الصفة فوجدوا في شملته دينارين فقال رسول الله صلى الله عليه وسلم: «كيتان» #,0
Musnad at-Tayalisi,484,UNGRADED,Day of Judgement; Prophets & Past Peoples,357 - # حدثنا أبو داود قال: حدثنا شيبان، عن عاصم، عن زر بن حبيش، عن عبد الله، قال: «ما رأيت رسول الله صلى الله عليه وسلم مفطرا يوم الجمعة» #,0
Musnad at-Tayalisi,485,UNGRADED,Fasting & Ramadan; Prophets & Past Peoples,358 - # حدثنا أبو داود قال: حدثنا شيبان، عن عاصم، عن زر، عن عبد الله، أن رسول صلى الله عليه وسلم «كان يصوم ثلاثة أيام من غرة كل شهر» #,0
Musnad at-Tayalisi,486,UNGRADED,Day of Judgement,359 - # حدثنا أبو داود قال: حدثنا حماد بن سلمة، عن عاصم، عن زر، عن عبد الله، قال: قلنا: يا رسول الله كيف تعرف من لم تر من أمتك يوم القيامة؟ فقال رسول الله صلى الله عليه وسلم: «غر محجلون بلق من أثر الطهور» #,0
Musnad at-Tayalisi,491,UNGRADED,Prophets & Past Peoples,362 - # حدثنا أبو داود قال: حدثنا شعبة، عن الحكم، عن مجاهد، عن أبي معمر، أن إماما لأهل مكة سلم تسليمتين، فقال عبد الله: «أنى علقها» ؟ حدثنا يونس قال: وحدثت أن غير أبي داود قال عن شعبة قال عبد الله: أنى علقها؟ كان رسول الله صلى الله عليه وسلم يفعله #,0
Musnad at-Tayalisi,492,UNGRADED,Prayer (Salah); Prophets & Past Peoples,"363 - # حدثنا أبو داود قال: حدثنا شعبة، قال: أخبرني منصور، قال: سمعت خيثمة بن عبد الرحمن، يحدث عن عبد الله، عن النبي صلى الله عليه وسلم قال: "" لا سمر بعد الصلاة إلا لأحد رجلين: لمسافر أو مصل "" #",0
Musnad at-Tayalisi,493,UNGRADED,Prayer (Salah),364 - # حدثنا أبو داود قال: حدثنا محمد بن طلحة، عن زبيد، عن مرة، عن عبد الله، قال: قال رسول الله صلى الله عليه وسلم: «شغلونا عن الصلاة الوسطى صلاة العصر ملأ الله بيوتهم وقبورهم نارا» #,0
Musnad at-Tayalisi,495,UNGRADED,Hajj & Umrah,"[ص: 286] # ، قال: سمعت مرة، يحدث عن عبد الله، قال: "" إن أصدق الحديث كتاب الله وإن أحسن الهدي هدي محمد صلى الله عليه وسلم وشر الأمور محدثاتها وإنما توعدون لآت وما أنتم بمعجزين وإن ما بعيد ما ليس آتيا قال عمرو: هذا الحرف: وإنما بعيد ما ليس آتيا حدثنيه مرة عن عبد الله أو رجل عن عبد الله #",0
Musnad at-Tayalisi,496,UNGRADED,Quran & Recitation; Prophets & Past Peoples,366 - # حدثنا أبو داود قال: حدثنا المسعودي، عن قيس بن مسلم، عن طارق بن شهاب، عن عبد الله، عن النبي صلى الله عليه وسلم قال: «إن الله عز وجل لم ينزل داء إلا أنزل له شفاء إلا الهرم فعليكم بألبان البقر فإنها ترم من كل الشجر» #,0
Musnad at-Tayalisi,497,UNGRADED,Prophets & Past Peoples,"367 - # حدثنا أبو داود قال: حدثنا المسعودي، عن قيس بن مسلم، عن طارق بن شهاب، عن عبد الله، عن النبي صلى الله عليه وسلم قال: "" لا تحاسد إلا في اثنتين: رجل أعطاه الله مالا فسلطه على هلكته في الحق، ورجل أعطاه",0
Musnad at-Tayalisi,499,UNGRADED,Prophets & Past Peoples,368 - # حدثنا أبو داود قال: حدثنا محمد بن خازم، عن الأعمش، عن إبراهيم التيمي، عن الحارث بن سويد، عن عبد الله، قال: دخلت على رسول الله صلى الله عليه وسلم وهو يوعك فمسسته فقلت: يا رسول الله إنك توعك وعكا شديدا قال: «أجل إني أوعك كما يوعك الرجلان منكم» ، قال: قلت: وذاك لأن لك الأجر مرتين؟ قال: «نعم والذي نفسي بيده ما من مسلم يصيبه أذى، مرض فما سواه إلا حط الله عز وجل عنه خطاياه كما تحط الشجرة ورقها» #,0
Musnad at-Tayalisi,502,UNGRADED,Prayer (Salah); Parents,370 - # حدثنا أبو داود قال: حدثنا شعبة، قال: أخبرني الوليد بن العيزار، قال: سألت أبا عمرو الشيباني قال: حدثنا صاحب هذا الدار وأشار إلى دار عبد الله قال: سألت رسول الله صلى الله عليه وسلم: أي العمل أفضل؟ قال: «الصلاة لوقتها» ، قلت: ثم أي أو قال: ثم ماذا - شك أبو داود - قال: «ثم بر الوالدين» ، قلت: ثم ماذا أو ثم أي؟ قال: «الجهاد في سبيل الله» ، فحدثني بهن ولو استزدت لزادني #,0
Musnad at-Tayalisi,504,UNGRADED,Prophets & Past Peoples,372 - # حدثنا أبو داود قال: حدثنا ثابت أبو زيد، عن عاصم، عن عوسجة، عن ابن أبي الهذيل، عن عبد الله، أن النبي صلى الله عليه وسلم كان يقول في بعض دعائه: «اللهم كما أحسنت خلقي فحسن خلقي» هكذا رواه أبو داود قال محاضر: عن عاصم، عن عوسجة، عن ابن أبي الهذيل، عن عبد الله عن النبي صلى الله عليه وسلم #,0
Musnad at-Tayalisi,505,UNGRADED,Prophets & Past Peoples,"373 - # حدثنا أبو داود قال: حدثنا شعبة، عن أبي قيس، قال: سمعت الهزيل: "" إن رجلا أتى أبا موسى فسأله عن رجل ترك ابنته وابنة ابنه وأخته فقال: للابنة النصف وللأخت النصف وائت عبد الله فسيتابعني فأتى عبد الله فذكر ذلك له فقال: لقد ضللت إذا وما أنا من المهتدين لأقضين فيها بقضاء رسول الله صلى الله عليه وسلم: للابنة النصف ولابنة الابن السدس وللأخت ما بقي فأتى أبا موسى فأخبره فقال: لا تسألونا عن شيء ما دام هذا الحبر فيكم "" #",0
Musnad at-Tayalisi,506,UNGRADED,Prophets & Past Peoples; Travel & Migration,374 - # حدثنا أبو داود قال: حدثنا شعبة، عن أبي قيس، قال: سمعت الهزيل، قال: «كان النبي صلى الله عليه وسلم في سفر فأخر الظهر وعجل العصر وجمع بينهما وأخر المغرب وعجل العشاء وجمع بينهما» لم يقل شعبة فيه: عن عبد الله قال: وروي عن ابن أبي ليلى أنه وصله عن عبد الله عن النبي صلى الله عليه وسلم #,0
Musnad at-Tayalisi,507,UNGRADED,Prophets & Past Peoples,375 - # حدثنا أبو داود قال: حدثنا شعبة، والمسعودي، عن جامع بن شداد، عن عبد الرحمن بن أبي علقمة القاري من بني قارة، عن عبد الله بن مسعود، قال: وحديث المسعودي أحسن قال: كنا مع رسول الله صلى الله عليه وسلم مرجعه من الحديبية فعرسنا فقال: «من يحرسنا لصلاتنا؟» وقال شعبة: «من يكلؤنا؟» قال بلال: أنا قال المسعودي في حديثه: «إنك تنام» ، قال: «من يحرسنا لصلاتنا؟» فقال ابن مسعود: قلت: أنا فقال رسول الله صلى الله عليه وسلم: «إنك تنام» ، قال: فحرستهم حتى إذا كان في وجه الصبح أدركني ما قال رسول الله صلى الله عليه وسلم فنمت فما استيقظنا إلا بالشمس فقام رسول الله صلى الله عليه وسلم فصنع كما كان يصنع ثم قال: «إن الله عز وجل لو أراد أن لا تناموا عنها لم تناموا ولكن أراد أن يكون لمن بعدكم فهكذا لمن نام منكم أو نسي» ، قال شعبة في حديثه: «هكذا فافعلوا من نام منكم أو نسي» ، وقال المسعودي في حديثه - وليس في حديث شعبة -: إن راحلة رسول الله صلى الله عليه وسلم ضلت فطلبناها فوجدناها عند شجرة قد تعلق خطامها بالشجرة فقلت: يا رسول الله ما كانت لتحلها الأيدي #,0
Musnad at-Tayalisi,508,UNGRADED,Character & Manners; Prophets & Past Peoples,376 - # حدثنا أبو داود قال: حدثنا الصعق بن حزن، عن عقيل الجعدي، عن أبي إسحاق، عن سويد بن غفلة، عن عبد الله بن مسعود، قال: قال رسول الله صلى الله عليه وسلم: «يا عبد الله أتدري أي عرى الإسلام أوثق؟» ، قلت: الله ورسوله أعلم، قال: «الولاية في الله والحب في الله والبغض في الله، يا عبد الله أتدري أي الناس أعلم؟» ، قلت: الله ورسوله أعلم، قال: «فإن أعلم الناس أعلمهم بالحق إذا اختلف,0
Musnad at-Tayalisi,510,UNGRADED,Prophets & Past Peoples,377 - # حدثنا أبو داود قال: حدثنا قيس، قال: أخبرني شمر بن عطية الأسدي، قال: سمعت المغيرة بن سعد بن الأخرم الطائي، عن أبيه، عن عبد الله بن مسعود، قال: قال رسول الله صلى الله عليه وسلم: «لا تتخذوا الضيعة فترغبوا في الدنيا» ، قال عبد الله: براذان ما براذان وبالمدينة ما بالمدينة.,0
Musnad at-Tayalisi,511,UNGRADED,Prophets & Past Peoples,378 - # حدثنا أبو داود قال: حدثنا شعبة، عن الأعمش، قال: سمعت شمر بن عطية الأسدي، يحدث عن رجل، من طيئ عن أبيه، عن عبد الله بن مسعود، عن النبي صلى الله عليه وسلم بمثله #,0
Musnad at-Tayalisi,512,UNGRADED,Prophets & Past Peoples,379 - # حدثنا أبو داود قال: حدثنا شعبة، قال: أخبرني أبو جمرة، عن رجل من طيئ، عن أبيه، عن عبد الله بن مسعود، عن النبي صلى الله عليه وسلم أنه «نهى عن التبقر» يعني الكثرة في المال والولد #,0
Musnad at-Tayalisi,513,UNGRADED,Repentance & Forgiveness; Prophets & Past Peoples,380 - # حدثنا أبو داود قال: حدثنا زهير بن معاوية، عن عبد الكريم الجزري، عن زياد، وليس بابن أبي مريم، عن عبد الله بن معقل، قال: كنت مع أبي وأنا إلى جنبه عند عبد الله بن مسعود فقال له أبي: أسمعت من رسول الله صلى الله عليه وسلم يقول: «الندم توبة» ؟، فقال: نعم سمعت رسول الله صلى الله عليه وسلم #,0
Musnad at-Tayalisi,514,UNGRADED,Faith & Creed; Quran & Recitation,381 - # حدثنا أبو داود قال: حدثنا شعبة، عن أبي إسحاق، عن هبيرة بن يريم، عن عبد الله، قال: «من أتى كاهنا فصدقه بما يقول فقد كفر بما أنزل على محمد صلى الله عليه وسلم» #,0
Musnad at-Tayalisi,515,UNGRADED,Faith & Creed,"382 - # حدثنا أبو داود قال: حدثنا المسعودي عن جامع بن شداد عن الأسود بن هلال قال: قال عبد الله: إن العرافين كهان العجم فمن آمن بكاهن فقد كفر بما أنزل على محمد صلى الله عليه وسلم "" #",0
Musnad at-Tayalisi,516,UNGRADED,Prophets & Past Peoples,383 - # حدثنا أبو داود قال: حدثنا شيبان، عن منصور، عن ربعي بن حراش، عن البراء بن ناجية الكاهلي، عن عبد الله بن مسعود، أن النبي صلى الله عليه وسلم قال: «تدور رحى الإسلام لخمس أو ست أو سبع وثلاثين سنة فإن يهلكوا فسبيل من هلك وإن يقم لهم دينهم يقم سبعين عاما» ، فقال عمر: يا رسول الله بما مضى أو بما بقي؟ فقال رسول الله صلى الله عليه وسلم: «بما بقي» #,0
Musnad at-Tayalisi,517,UNGRADED,Women; Prophets & Past Peoples,384 - # حدثنا أبو داود قال: حدثنا شعبة، عن الحكم، عن ذر، عن وائل بن مهانة، عن عبد الله بن مسعود، عن النبي صلى الله عليه وسلم أنه قال للنساء: «تصدقن فإنكن أكثر أهل النار» ، فقالت امرأة ليست من علية النساء أو من أعقلهن: يا رسول الله فيم أو بم أو لم؟ قال: «لأنكن تكثرن اللعن وتكفرن العشير» #,0
Musnad at-Tayalisi,518,UNGRADED,Signs of the End Times; Knowledge & Scholars,"385 - # حدثنا أبو داود قال: حدثنا شعبة، قال: أخبرني عمرو بن مرة، سمع عبد الله بن سلمة، سمع عبد الله بن مسعود، قال: قلت: سمعته منه؟ قال: نعم أكثر من خمسين مرة قال: "" أعطي نبيكم صلى الله عليه وسلم مفاتيح الغيب إلا الخمس {إن الله عنده علم الساعة} [لقمان: 34] إلى آخر السورة "" #",0
Musnad at-Tayalisi,519,UNGRADED,Modesty & Dress; Prophets & Past Peoples,"386 - # حدثنا أبو داود قال: حدثنا شعبة، عن يزيد بن أبي زياد، عن أبي سعد الأزدي، عن أبي الكنود، عن عبد الله، «أن النبي صلى الله عليه وسلم» نهى عن خاتم الذهب «أو» حلقة الذهب "" #",0
Musnad at-Tayalisi,520,UNGRADED,Quran & Recitation; Prophets & Past Peoples,387 - # حدثنا أبو داود قال: حدثنا شعبة، قال: أخبرني عبد الملك بن ميسرة، قال: سمعت النزال بن سبرة، يحدث عن عبد الله بن مسعود، قال: قرأت آية وقرأ رجل خلافها فأتينا رسول الله صلى الله عليه وسلم,0
Musnad at-Tayalisi,522,UNGRADED,Prophets & Past Peoples,388 - # حدثنا أبو داود قال: حدثنا زهير، عن أبي إسحاق، عن سعد بن عياض، عن عبد الله، قال: «كان أحب العراق إلى رسول الله صلى الله عليه وسلم الذراع، ذراع الشاة وقد كان قد سم فيها وكان يرى أن اليهود سموه» #,0
Musnad at-Tayalisi,523,UNGRADED,Prophets & Past Peoples,"389 - # حدثنا أبو داود قال: حدثنا يحيى بن سلمة بن كهيل، عن أبيه، عن أبي الزعراء، عن عبد الله، قال: "" ثم يأذن الله عز وجل في الشفاعة فيقوم روح القدس جبريل ثم يقوم إبراهيم خليل الله ثم يقوم عيسى أو موسى - قال أبو الزعراء -: لا أدري أيهما قال: "" ثم يقوم نبيكم صلى الله عليه وسلم رابعا فيشفع لا يشفع لأحد بعده في أكثر مما يشفع وهو المقام المحمود الذي قال الله عز وجل {عسى أن يبعثك ربك مقاما محمودا}",0
Musnad at-Tayalisi,525,UNGRADED,Character & Manners; Prophets & Past Peoples,390 - # حدثنا أبو داود قال: حدثنا أبو عوانة، قال: حدثنا عبد الملك بن عمير، عن العريان بن الهيثم النخعي، عن قبيصة بن جابر الأسدي، عن عبد الله بن مسعود، قال: سمعت رسول الله صلى الله عليه وسلم «يلعن المتنمصات والمتفلجات والمستوشمات اللاتي يغيرن خلق الله» #,0
Musnad at-Tayalisi,531,UNGRADED,Truthfulness & Lying; Prophets & Past Peoples,394 - # حدثنا أبو داود قال: حدثنا شريك، وأبو عوانة، وشيبان، كلهم عن أبي يعفور، عن ابن أبي عقرب، قال: أتينا ابن مسعود فسمعناه يقول: صدق الله ورسوله، صدق الله ورسوله، قلنا: يا أبا عبد الرحمن، ما هذا؟ قال: إن رسول الله صلى الله عليه وسلم قال: «ليلة القدر في النصف من السبع، تصبح الشمس ليس لها شعاع» ، فرمقتها فإذا هي كما قال رسول الله صلى الله عليه وسلم #,0
Musnad at-Tayalisi,532,UNGRADED,Prophets & Past Peoples,395 - # حدثنا أبو داود قال: حدثنا زهير، عن أبي إسحاق، عمن حدثه، عن عبد الله، قال: «رأيت النبي صلى الله عليه وسلم يصلي في النعلين والخفين» #,0
Musnad at-Tayalisi,534,UNGRADED,Other Narrations,"[ص: 313] # ، عن القاسم بن حسان، عن عبد الرحمن بن حرملة، عن عبد الله بن مسعود، قال: "" كان رسول الله صلى الله عليه وسلم يكره عشرة: الصفرة - يعني الخلوق - والتختم بالذهب، والرقى إلا بالمعوذات، وعزل الماء عن محله، والتبرج بالزينة لغير محلها، وعقد التمائم، وجر الإزار، وإفساد الصبي غير محرمه، وتغيير الشيب، والضرب بالكعاب "" #",0
Musnad at-Tayalisi,537,UNGRADED,Justice & Judgement; Prophets & Past Peoples,399 - # حدثنا أبو داود قال: حدثنا المسعودي، عن القاسم، قال: بايع عبد الله الأشعث بن قيس برقيق من رقيق الإمارة، فأرسل إليه يتقاضاه، فقال الأشعث: بعتني بعشرة آلاف، وقال عبد الله: بعتك بعشرين ألفا، قال عبد الله: اختر بيني وبينك رجلا، فقال الأشعث: أما والله لأختارن، أنت بيني وبين نفسك، فقال عبد الله: أما والله لأقضين بيني وبينك بقضاء سمعته من رسول الله صلى الله عليه وسلم: «إذا اختلف البيعان ولم يكن بينهما بينة، فهو بما يقول رب السلعة أو يتتاركان» ويرويه هشيم عن القاسم، عن أبيه، عن عبد الله #,0
Musnad at-Tayalisi,538,UNGRADED,Prophets & Past Peoples,400 - # حدثنا أبو داود قال: حدثنا عمران القطان، عن قتادة، عن عبد ربه، عن أبي عياض، عن عبد الله بن مسعود، أن رسول الله صلى الله عليه وسلم,0
Musnad at-Tayalisi,539,UNGRADED,Other Narrations,[ص: 317] # قال: «إياكم ومحقرات الأعمال إنهن ليجتمعن على الرجل حتى يهلكنه» ، فإن رسول الله صلى الله عليه وسلم «ضرب لهن مثلا كمثل قوم نزلوا بأرض فلاة فحضر صنيع القوم فجعل الرجل يجيء بالعود والرجل يجيء بالعويد حتى جمعوا من ذلك سوادا ثم أججوا نارا فأنضجت ما قذف فيها» #,0
Musnad at-Tayalisi,541,UNGRADED,Knowledge & Scholars; Prophets & Past Peoples,402 - # حدثنا أبو داود قال: حدثنا المسعودي، عن الحسن بن سعد، عن عبدة النهدي، عن عبد الله بن مسعود، قال: قال رسول الله صلى الله عليه وسلم: «إن الله عز وجل لم يحرم حرمة إلا وقد علم أنه سيطلعها منكم مطلع، ألا وإني ممسك بحجزكم أن تهافتوا في النار كما تهافت الذبان» #,0
Musnad at-Tayalisi,543,UNGRADED,Character & Manners; Knowledge & Scholars,[ص: 319] # عبد الله، قال: قال رسول الله صلى الله عليه وسلم: «إني امرؤ مقبوض فتعلموا القرآن وعلموه الناس وتعلموا الفرائض وعلموه الناس وتعلموا العلم وعلموه الناس فإني مقبوض وإنه سينقص العلم وتظهر الفتن حتى يختلف الاثنان في الفريضة فلا يجدان من يفصل بينهما» #,0
Musnad at-Tayalisi,544,UNGRADED,Prophets & Past Peoples,"404 - # حدثنا أبو داود قال: حدثنا هشام، عن قتادة، عن الحسن، عن عمران بن حصين، عن عبد الله بن مسعود، قال: كنا عند رسول الله صلى الله عليه وسلم ذات ليلة حتى أكرينا الحديث ثم رجعنا إلى أهالينا فلما أصبحنا غدونا إلى رسول الله صلى الله عليه وسلم فقال رسول الله صلى الله عليه وسلم: "" عرض علي الأنبياء بأممها وأتباعها من أممها فجعل يمر النبي معه الثلاثة من أمته والنبي معه العصابة من أمته والنبي يمر معه النفر من أمته والنبي يمر معه الرجل من أمته والنبي ما معه أحد من أمته حتى مر علي موسى بن عمران في كبكبة من بني إسرائيل فلما رأيتهم أعجبوني فقلت: يا رب من هذا؟ قال: هذا أخوك موسى بن عمران ومن تبعه من بني إسرائيل قلت: يا رب فأين أمتي؟ قال: «انظر عن يمينك» فنظرت فإذا الظراب ظراب مكة قد سدت بوجوه الرجال قلت يا: رب من هؤلاء؟ قيل: هؤلاء أمتك قيل: «أرضيت؟» ، قلت: نعم قد",0
Musnad at-Tayalisi,545,UNGRADED,Day of Judgement; Paradise,"[ص: 321] # رضيت قيل: «انظر عن يسارك» فنظرت فإذا الأفق قد سد بوجوه الرجال قلت: يا رب من هؤلاء؟ قيل: "" هؤلاء أمتك قيل: أرضيت؟ "" قلت: نعم رب رضيت، قيل: «فإن مع هؤلاء سبعين ألفا يدخلون الجنة بغير حساب» ، فأنشأ عكاشة بن محصن أخو بني أسد فقال: يا رسول الله ادع الله أن يجعلني منهم فقال: اللهم اجعله منهم، فأنشأ رجل آخر فقال: يا رسول الله ادع الله أن يجعلني منهم قال: سبقك بها عكاشة بن محصن، قال: وذكر لنا أن رسول الله صلى الله عليه وسلم قال: فداكم أبي وأمي إن استطعتم أن تكونوا من السبعين فكونوا فإن عجزتم وقصرتم فكونوا من أهل الظراب فإن عجزتم وقصرتم فكونوا من أهل الأفق فإني قد رأيت ثم ناسا يتهاوشون كثيرا، قال: وذكر لنا أن رجالا من المؤمنين أو ناسا من المؤمنين تراجعوا بينهم فقالوا: ما ترون هؤلاء السبعين ألفا؟ حتى صيروا من أمورهم أن قالوا: ناس ولدوا في الإسلام فلم يزالوا يعملون به حتى موتوا عليه فبلغ حديثهم نبي الله صلى الله عليه وسلم فقال: «ليس كذاكم ولكنهم الذين لا يكتوون ولا يسترقون ولا يتطيرون وعلى ربهم يتوكلون» وذكر لنا أن نبي الله صلى الله عليه وسلم قال: «إني لأرجو أن يكون من",0
Musnad at-Tayalisi,550,UNGRADED,Prophets & Past Peoples,406 - # حدثنا يونس قال: حدثنا أبو داود قال: حدثنا شعبة، عن الأعمش، سمع أبا وائل، عن حذيفة، أن رسول الله صلى الله عليه وسلم «أتى سباطة قوم فبال قائما، ثم دعا بماء فأتيته بماء فتوضأ ومسح على خفيه» #,0
Musnad at-Tayalisi,554,UNGRADED,Day of Judgement,[ص: 326] # بينك وبينها باب مغلق قال: فقال عمر: فأخبرني عن الباب يكسر كسرا أم يفتح فتحا؟ قال: بل يكسر كسرا فقال عمر: إذا لا يغلق إلى يوم القيامة قال أبو وائل: قلنا لمسروق: سل حذيفة عن الباب من هو فسأله فقال: الباب عمر وروى الناس هذا الحديث أن عمر قال: من يحدثنا عن حديث النبي صلى الله عليه وسلم في الفتنة؟ #,0
Musnad at-Tayalisi,557,UNGRADED,Prophets & Past Peoples; Treaties & Non-Muslims,410 - # حدثنا أبو داود قال: حدثنا شعبة، عن الأعمش، عن أبي وائل، قال حذيفة: «المنافقون اليوم شر منهم على عهد النبي صلى الله عليه وسلم كانوا يومئذ يكتمونه وهم اليوم يظهرونه» #,0
Musnad at-Tayalisi,559,UNGRADED,Dhikr & Supplication; Paradise,[ص: 328] # ابن بهدلة، عن زر بن حبيش، عن حذيفة، أن النبي صلى الله عليه وسلم «أتي بالبراق وهو دابة أبيض فوق الحمار ودون البغل فلم يزايلا ظهره هو وجبريل حتى انتهينا إلى بيت المقدس فصعد به جبريل إلى السماء فاستفتح جبريل فأراه الجنة والنار» ثم قال لي: هل صلى في بيت المقدس؟ قلت: نعم، قال: ما اسمك يا أصلع؟ إني لأعرف وجهك وما أدري ما اسمك، قال: قلت أنا زر بن حبيش قال: فأين تجده صلى؟ فتلوت الآية {سبحان الذي أسرى بعبده} [الإسراء: 1] إلى آخر الآية قال: فإنه لو صلى فيه لصليتم كما تصلون في المسجد الحرام قال: قلت لحذيفة: أربط الدابة بالحلقة التي كانت تربط بها الأنبياء؟ قال: أكان يخاف أن تذهب منه وقد أتاه الله بها #,0
Musnad at-Tayalisi,561,UNGRADED,Relatives & Kinship; Treaties & Non-Muslims,"[ص: 329] # : سمعت صلة بن زفر، يحدث عن حذيفة، قال: جاء أهل نجران إلى رسول الله صلى الله عليه وسلم فقالوا: "" ابعث إلينا رجلا أمينا، فقال: "" لأبعثن إليكم رجلا أمينا حق أمين أمينا حق أمين أمينا حق أمين فاستشرف لها أصحاب رسول الله صلى الله عليه وسلم قال: فبعث رسول الله صلى الله عليه وسلم أبا عبيدة بن الجراح #",0
Musnad at-Tayalisi,563,UNGRADED,Hajj & Umrah; Relatives & Kinship,414 - # حدثنا أبو داود قال: حدثنا شعبة، عن أبي إسحاق، قال: سمعت صلة بن زفر، يحدث عن حذيفة، قال: يجمع الناس في صعيد واحد فلا تكلم نفس فيكون أول مدعو محمد صلى الله عليه وسلم فيقول: «لبيك وسعديك والخير في يديك والشر ليس إليك والمهدي من هديت وعبدك بين يديك، أنا بك وإليك تباركت ربنا وتعاليت سبحانك رب البيت» ، فذلك قوله عز وجل {عسى أن يبعثك ربك مقاما محمودا},0
Musnad at-Tayalisi,565,UNGRADED,Quran & Recitation; Dhikr & Supplication,415 - # حدثنا داود قال: حدثنا شعبة، عن الأعمش، قال: سمعت سعد بن عبيدة، يحدث عن المستورد بن الأحنف، عن صلة بن زفر العبسي، عن حذيفة، أنه صلى مع النبي صلى الله عليه وسلم بالليل فكان يقول في ركوعه: «سبحان ربي العظيم» ، وكان يقول في سجوده: «سبحان ربي الأعلى» ، وما أتى على آية رحمة إلا وقف فسأل ولا أتى على آية عذاب إلا وقف فتعوذ #,0
Musnad at-Tayalisi,566,UNGRADED,Prayer (Salah); Quran & Recitation; Dhikr & Supplication,416 - # حدثنا داود قال: حدثنا شعبة، قال: أخبرني عمرو بن مرة، سمع أبا حمزة، يحدث عن رجل من عبس - شعبة يرى أنه صلة بن زفر - عن حذيفة أنه صلى مع النبي صلى الله عليه وسلم، قال أبو داود: يعني صلاة الليل فلما كبر قال: «الله أكبر ذو الملكوت والجبروت والكبرياء والعظمة» ، قال: ثم قرأ البقرة قال: ثم ركع فكان ركوعه مثل قيامه فجعل يقول في ركوعه: «سبحان ربي العظيم سبحان ربي العظيم» ، ثم رفع رأسه من الركوع فقام مثل ركوعه فقال: «إن لربي الحمد» ، ثم سجد وكان في سجوده مثل قيامه وكان يقول في سجوده: «سبحان ربي الأعلى» ، ثم رفع رأسه من السجود وكان يقول بين السجدتين: «رب اغفر لي رب اغفر لي» ، وجلس بقدر سجوده، قال حذيفة: فصلى أربع ركعات يقرأ فيهن البقرة وآل عمران، والنساء، والمائدة أو الأنعام شك شعبة #,0
Musnad at-Tayalisi,567,UNGRADED,Brotherhood & Friendship; Death & Burial,"417 - # حدثنا أبو داود قال: حدثنا شعبة، عن منصور، قال: سمعت رجلا في جنازة حذيفة وأظنه ربعي بن حراش قال: سمعت صاحب هذا السرير يقول: ما بي بأس بعد ما سمعت من رسول الله صلى الله عليه وسلم ولئن اقتتلتم لأدخلن بيتي فإن دخل علي لأقولن: ها بؤ بإثمي وإثمك "" #",0
Musnad at-Tayalisi,568,UNGRADED,Quran & Recitation; Character & Manners,"418 - # حدثنا أبو داود قال: حدثنا أبو عوانة، عن أبي مالك الأشجعي، عن ربعي بن حراش، عن حذيفة، قال: قال رسول الله صلى الله عليه وسلم: "" فضلنا على الناس بثلاث: جعل صفوفنا كصفوف الملائكة وجعلت الأرض لنا مسجدا وترابها طهورا، وأعطيت آخر سورة البقرة فهن من كنز من بيت من تحت العرش "" #",0
Musnad at-Tayalisi,569,UNGRADED,Zakah & Charity; Character & Manners,419 - # حدثنا أبو داود قال: حدثنا أبو عوانة، عن أبي مالك، عن ربعي بن حراش، عن حذيفة، قال: قال نبيكم صلى الله عليه وسلم: «كل معروف صدقة» #,0
Musnad at-Tayalisi,570,UNGRADED,Prophets & Past Peoples,420 - # حدثنا أبو داود قال: حدثنا شعبة، عن حماد، عن ربعي بن حراش، عن حذيفة، عن النبي صلى الله عليه وسلم - قال أحيانا يرفعه وأحيانا لا,0
Musnad at-Tayalisi,572,UNGRADED,The Grave & Barzakh; Signs of the End Times,421 - # حدثنا أبو داود قال: حدثنا هشام، عن قتادة، عن أبي الطفيل، عن حذيفة، سمعت رسول الله صلى الله عليه وسلم يقول: «إن هذا الحي من مضر لا يدع عبدا لله في الأرض صالحا إلا فتنه وأهلكه حتى يدركهم الله بعد بجنود من عنده أو من السماء فيذلها حتى لا يمنع ذنب,0
Musnad at-Tayalisi,574,UNGRADED,Prophets & Past Peoples,422 - # حدثنا أبو داود قال: حدثنا شعبة، عن منصور، عن إبراهيم، عن همام بن الحارث، قال: قيل لحذيفة في رجل: إن هذا يبلغ الأمراء فقال حذيفة: سمعت رسول الله صلى الله عليه وسلم يقول: «لا يدخل الجنة قتات» #,0
Musnad at-Tayalisi,578,UNGRADED,Quran & Recitation; Character & Manners,"425 - # حدثنا أبو داود قال: حدثنا المسعودي، وقيس، عن الأعمش، عن زيد بن وهب، قال: قال حذيفة: حدثنا رسول الله صلى الله عليه وسلم حديثين قد رأيت أحدهما وأنا أنتظر الآخر حدثنا: «إن الأمانة نزلت في جذر قلوب الرجال فعلموا من القرآن وعلموا من السنة» ، ثم حدثنا عن رفعها قال: "" ينام الرجل النومة فيكم فينكت في قلبه نكتة سوداء فيظل أثرها في جوفه كالمجل كجمر دحرجته على رجلك فنفط فتراه منتبرا ليس فيه شيء فيصبح الناس ليس فيهم أمين، ولقد أتى علي زمان وما أبالي من بايعت منكم، فإن كان مسلما ليردنه",0
Musnad at-Tayalisi,580,UNGRADED,Prophets & Past Peoples,426 - # حدثنا أبو داود قال: حدثنا شعبة، عن أبي إسحاق، قال: سمعت مسلم بن نذير، يحدث عن حذيفة، قال: أخذ رسول الله صلى الله عليه وسلم بعضلة ساقي وقال: «حق الإزار إلى هاهنا فإن أبيت فإلى هاهنا فإن أبيت فلا حق للإزار في الكعبين أو لا حق للكعبين في الإزار» #,0
Musnad at-Tayalisi,581,UNGRADED,Knowledge & Scholars; Prophets & Past Peoples,"427 - # حدثنا أبو داود قال: حدثنا شعبة، عن أبي إسحاق، قال: سمعت عبد الرحمن بن يزيد، يقول: قلنا لحذيفة: "" أخبرنا برجل قريب الهدي والسمت من رسول الله صلى الله عليه وسلم حتى نلزمه فقال: ما أعلم أحدا أقرب هديا وسمتا من رسول الله صلى الله عليه وسلم حتى يواريه جدار بيته من ابن أم عبد ""، قال عبد الرحمن: وقال حذيفة: «لقد علم المحفوظون من أصحاب النبي صلى الله عليه وسلم أن ابن أم عبد من أقربهم إلى الله وسيلة» #",0
Musnad at-Tayalisi,582,UNGRADED,Prophets & Past Peoples,428 - # حدثنا أبو داود قال: حدثنا شعبة، عن أبي إسحاق، عن الوليد بن المغيرة، عن حذيفة، قال: قلت: يا رسول الله إني رجل ذرب اللسان وعامة ذلك على أهلي قال: «فأين أنت من الاستغفار إني لأستغفر ربي في اليوم مائة مرة» #,0
Musnad at-Tayalisi,584,UNGRADED,Prophets & Past Peoples,430 - # حدثنا داود قال: حدثنا شعبة، قال: حدثنا الحكم، عن ابن أبي ليلى، أن حذيفة، استسقى فأتاه دهقان بإناء من فضة فرماه به وقال: إنما فعلت هذا لأني تقدمت إليه فيه، إن رسول الله صلى الله عليه وسلم نهى أن يشرب في آنية الذهب والفضة وعن لبس الديباج والحرير وقال: «هو لهم في الدنيا ولكم في الآخرة» #,0
Musnad at-Tayalisi,585,UNGRADED,Prophets & Past Peoples,"431 - # حدثنا أبو داود قال: حدثنا شعبة، عن منصور، عن عبد الله بن يسار، عن حذيفة، قال: قال رسول الله صلى الله عليه وسلم: "" لا تقولوا ما شاء الله وشاء فلان ولكن قولوا: ما شاء الله وحده "" #",0
Musnad at-Tayalisi,587,UNGRADED,The Grave & Barzakh; Day of Judgement,"433 - # حدثنا أبو داود قال: حدثنا شعبة، قال: أخبرني عمرو بن مرة، قال: سمعت أبا البختري الطائي، يحدث عن أبي ثور، قال: "" كنت جالسا مع حذيفة بن اليمان، وأبي مسعود البدري حيث خرج أهل الكوفة إلى سعيد بن العاص فردوه وهو يوم الجرعة قال: سمعت أبا مسعود يقول: ما كنت أرى أن يرجع ولم يهرق فيها دم فقال حذيفة: ولكني والله لقد علمت لترجعن على عقبيها ولم يهرق فيها محجمة دم وما علمت من ذلك شيئا إلا شيئا علمته ومحمد صلى الله عليه وسلم حي، إن "" الرجل يصبح مؤمنا ويمسي ما معه من دينه شيء ويمسي مؤمنا ويصبح ما معه من دينه شيء يقاتل في فئة القوم - أو قال: فتنة اليوم شك أبو داود - يقتله الله غدا ينكس قلبه وتعلوه استه ""، قال: قلت: «أسفله؟» قال: «استه» #",0
Musnad at-Tayalisi,588,UNGRADED,Day of Judgement,434 - # حدثنا أبو داود قال: حدثنا شعبة، عن عدي بن ثابت، عن عبد الله بن يزيد، عن حذيفة، قال: «قام فينا رسول الله صلى الله عليه وسلم فأخبرنا بما هو كائن إلى يوم القيامة» إلا أني لم أسأله: ما يخرج أهل المدينة من المدينة #,0
Musnad at-Tayalisi,589,UNGRADED,Prophets & Past Peoples,"435 - # حدثنا أبو داود قال: حدثنا أبو عتبة، قال: حدثنا عمر مولى غفرة من أهل المدينة، عن رجل، من الأنصار من بني عبد الأشهل، عن حذيفة بن اليمان، أن النبي صلى الله عليه وسلم قال: "" سيكون في آخر الزمان قوم يقولون: لا قدر فإن مرضوا فلا تعودوهم وإن ماتوا فلا تشهدوهم فإنهم شيعة الدجال وحق على الله عز وجل أن يلحقهم به "" #",0
Musnad at-Tayalisi,590,UNGRADED,Speech & Backbiting,"436 - # حدثنا أبو داود قال: حدثنا شعبة، عن قتادة، عن لاحق بن حميد، أن رجلا قعد وسط الحلقة، فقال حذيفة: "" ملعون على لسان محمد صلى الله عليه وسلم أو قال: إن رسول الله صلى الله عليه وسلم «لعن الذي يجلس وسط الحلقة» #",0
Musnad at-Tayalisi,591,UNGRADED,Speech & Backbiting; Death & Burial,437 - # حدثنا أبو داود قال: حدثنا همام، عن قتادة، عن أبي مجلز، أن رجلا أتى حذيفة فقال: ألم تر أن فلانا مات؟ قال: إن الذي أماته قادر أن يميتك، فجلس وسط الحلقة فقال له: قم فإن رسول الله صلى الله عليه وسلم «لعن الذي يجلس وسط الحلقة» #,0
Musnad at-Tayalisi,593,UNGRADED,Prophets & Past Peoples,439 - # حدثنا أبو داود قال: حدثنا داود الواسطي، وكان ثقة، قال: سمعت حبيب بن سالم، قال: سمعت النعمان بن بشير بن سعد، قال: كنا قعودا في المسجد مع رسول الله صلى الله عليه وسلم، وكان بشير رجلا يكف حديثه، فجاء أبو ثعلبة، فقال: يا بشير بن سعد، أتحفظ,0
Musnad at-Tayalisi,595,UNGRADED,Signs of the End Times; Prophets & Past Peoples,440 - # حدثنا أبو داود قال: حدثنا إسماعيل بن جعفر، عن عمرو بن أبي عمرو مولى المطلب عن المطلب، - هكذا قال أبو داود عن حذيفة، قال: قال رسول الله صلى الله عليه وسلم: «لا تقوم الساعة حتى تقتلوا إمامكم وتجتلدوا بأسيافكم ويرث دنياكم شراركم» #,0
Musnad at-Tayalisi,597,UNGRADED,Prophets & Past Peoples,[ص: 352] # أخصاصا كانت مع محمد صلى الله عليه وسلم ما يدفع عن هذه» يعني الكوفة قال أبو داود: الأخصاص بيوت عندنا بالبصرة من قصب #,0
Musnad at-Tayalisi,598,UNGRADED,Prophets & Past Peoples,442 - # حدثنا أبو داود قال: حدثنا شريك، قال: حدثنا عثمان بن عمير، قال: حدثنا زاذان، عن حذيفة، قال: قلنا: يا رسول الله لو استخلفت فقال: «لو استخلفت فعصيتم نزل بكم العذاب ولكن ما أقرأكم ابن مسعود فاقرءوا وما حدثكم حذيفة فاقبلوا» ، أو قال: «فاسمعوا» #,0
Musnad at-Tayalisi,599,UNGRADED,Prophets & Past Peoples,443 - # حدثنا أبو داود قال: حدثنا سليمان بن المغيرة القيسي، عن حميد بن هلال العدوي، عن نصر بن عاصم الليثي، قال: أتيت اليشكري فقال: ما جاء بكم يا بني ليث؟ قال: قلنا: جئنا نسألك عن حديث حذيفة فقال: غلت الدواب فأتينا الكوفة نجلب منها دواب فقلت لصاحبي: أدخل المسجد فإذا كانت السوق خرجت إليها فدخلت المسجد فإذا حلقة كأنما قطعت رءوسهم مجتمعون على رجل فجئت فقمت فقلت: من هذا؟ قال: من أهل الكوفة أنت؟ قلت: لا بل من أهل البصرة قال: لو كنت من أهل الكوفة ما سألت عن هذا، هذا حذيفة بن اليمان قال: قلت: يا رسول الله هل بعد هذا الخير شر؟ قال: «يا حذيفة تعلم كتاب الله واتبع ما فيه» ، قلت: يا رسول الله هل بعد هذا الخير شر؟ فقال: «هدنة على دخن» ، قلت: يا رسول الله ما الهدنة على دخن؟ قال: «لا ترجع قلوب أقوام إلى ما كانت عليه» ، ثم قال رسول الله صلى الله عليه وسلم: «ثم تكون فتنة عمياء صماء دعاة ضلالة أو قال دعاة النار فلأن تعض على جذل,0
Musnad at-Tayalisi,602,UNGRADED,Prayer (Salah); Character & Manners,[ص: 355] # مشرئبون عليه فقال: لا تعجلوا علي أحدثكم، فإنا كنا حديث عهد بجاهلية فلما جاء الإسلام فإذا أمر لم أر قبله مثله وكان الله رزقني فهما في القرآن وكان الناس يسألون رسول الله صلى الله عليه وسلم عن الخير وأسأله عن الشر فقلت: يا رسول الله هل بعد هذا الخير شر كما كان قبله شر؟ قال: «نعم» ، قلت: فما العصمة يا رسول الله؟ قال: «السيف» ، قلت: فهل للسيف من بقية؟ فما يكون بعده؟ قال: «تكون هدنة على دخن» ، قال: قلت: فما يكون بعد الهدنة؟ قال: «دعاة الضلالة فإن رأيت يومئذ لله عز وجل في الأرض خليفة فالزمه وإن ضرب ظهرك وأخذ مالك وإن لم تر خليفة فاهرب حتى يدركك الموت وأنت عاض على جذل شجرة» ، قلت: يا رسول الله فما يكون بعد ذلك؟ قال: «الدجال» #,0
Musnad at-Tayalisi,604,UNGRADED,Character & Manners; Paradise,445 - # حدثنا أبو داود قال: حدثنا شعبة، عن حبيب بن أبي ثابت، والأعمش، وعبد العزيز بن رفيع، عن زيد بن وهب، عن أبي ذر، قال: قال لي رسول الله صلى الله عليه وسلم: «يا أبا ذر بشر الناس أنه من قال لا إله إلا الله دخل الجنة» #,0
Musnad at-Tayalisi,605,UNGRADED,Travel & Migration,446 - # حدثنا أبو داود قال: حدثنا شعبة، عن مهاجر أبي الحسن، قال: دخلنا على زيد بن وهب فحدثنا، عن أبي ذر، أن رسول الله صلى الله عليه وسلم كان في سفر ومعه بلال فأراد أن يقيم فقال رسول الله صلى الله عليه وسلم: «أبرد» ، ثم أراد أن يقيم فقال: «أبرد» ، ثم أراد أن يقيم فقال: «أبرد» ، ثلاثا يعني في الظهر حتى رأينا فيء التلول ثم أقام فصلى رسول الله صلى الله عليه وسلم ثم قال: «إن شدة الحر من فيح جهنم فأبردوا عن الصلاة» #,0
Musnad at-Tayalisi,606,UNGRADED,Day of Judgement; Prophets & Past Peoples,447 - # حدثنا أبو داود قال: حدثنا هشام، عن حماد بن أبي سليمان، عن زيد بن وهب، عن أبي ذر، قال: قال رسول الله صلى الله عليه وسلم: «المكثرون هم الأسفلون أو المقلون يوم القيامة» #,0
Musnad at-Tayalisi,607,UNGRADED,Hajj & Umrah; Prophets & Past Peoples,448 - # حدثنا أبو داود قال: حدثنا شعبة، عن يزيد بن أبي زياد، قال: سمعت زيد بن وهب، عن أبي ذر، قال: جاء أعرابي إلى النبي صلى الله عليه وسلم فقال: يا رسول الله أكلتنا الضبع فقال النبي صلى الله عليه وسلم: «أنا لغير الضبع أخوف عليكم مني من الضبع إذا صبت عليكم الدنيا صبا فيا ليت أمتي لا يلبسون الذهب» #,0
Musnad at-Tayalisi,608,UNGRADED,"Prophets & Past Peoples; Time, Days & Nights",449 - # حدثنا أبو داود قال: حدثنا شعبة، وسليمان بن المغيرة، قالا: حدثنا حميد بن هلال، سمع عبد الله بن الصامت، عن أبي ذر، عن النبي صلى الله عليه وسلم قال: «إن ناسا من أمتي سيماهم التحليق يقرءون القرآن لا يجاوز حلوقهم يمرقون من الدين أو من الإسلام كما يمرق السهم من الرمية هم شر الخلق والخليقة» #,0
Musnad at-Tayalisi,609,UNGRADED,Prayer (Salah); Prophets & Past Peoples,450 - # حدثنا أبو داود قال: حدثنا شعبة، قال: أخبرني أبو عمران، قال: سمعت عبد الله بن الصامت، يحدث عن أبي ذر، أن النبي صلى الله عليه وسلم قال: «إنه سيكون أمراء يؤخرون الصلاة عن مواقيتها ألا,0
Musnad at-Tayalisi,611,UNGRADED,Prophets & Past Peoples; Treaties & Non-Muslims,451 - # حدثنا أبو داود قال: حدثنا شعبة، قال: حدثنا أبو عمران، سمع عبد الله بن الصامت، يحدث عن أبي ذر، قال: قال رسول الله صلى الله عليه وسلم: «إذا صنعت مرقة فأكثر ماءها ثم انظر أهل بيت من جيرانك فأصبهم منها بمعروف» #,0
Musnad at-Tayalisi,614,UNGRADED,Prophets & Past Peoples,453 - # حدثنا أبو داود قال: حدثنا شعبة، عن أبي عمران، سمع عبد الله بن الصامت، عن أبي ذر، قال: «أمرني رسول الله صلى الله عليه وسلم أن أسمع وأطيع ولو لعبد حبشي مجدع الأطراف» #,0
Musnad at-Tayalisi,615,UNGRADED,Prayer (Salah); Women,454 - # حدثنا أبو داود قال: حدثنا شعبة، عن حميد بن هلال العدوي، قال: سمعت عبد الله بن الصامت، يحدث عن أبي ذر، أن رسول الله صلى الله عليه وسلم قال: «يقطع صلاة الرجل إذا لم يكن بين يديه مثل مؤخرة الرحل، المرأة والحمار والكلب الأسود» قال: قلت لأبي ذر: ما بال الأسود من الأحمر؟ فقال: يا ابن أخي سألت رسول الله صلى الله عليه وسلم كما سألتني فقال: «الكلب الأسود شيطان» #,0
Musnad at-Tayalisi,616,UNGRADED,Prayer (Salah); Prophets & Past Peoples,455 - # حدثنا أبو داود قال: حدثنا شعبة، عن بديل، عن أبي العالية البراء، قال: سمعت عبد الله بن الصامت، عن أبي ذر، أن النبي صلى الله عليه وسلم ضرب فخذه فقال: «كيف أنت إذا بقيت في قوم يؤخرون الصلاة؟ فصل الصلاة لوقتها ثم ائتهم فإن كنت في المسجد حين,0
Musnad at-Tayalisi,618,UNGRADED,Character & Manners; Prophets & Past Peoples,456 - # حدثنا أبو داود قال: حدثنا شعبة، عن أبي عمران الجوني، قال: سمعت عبد الله بن الصامت، عن أبي ذر، قال: قلت: يا رسول الله، الرجل يعمل العمل لنفسه يحبه الناس على ذلك؟ فقال: «تلك عاجل بشرى المؤمن» #,0
Musnad at-Tayalisi,621,UNGRADED,Prophets & Past Peoples,458 - # حدثنا أبو داود قال: حدثنا سليمان بن المغيرة، قال: حدثنا حميد بن هلال، عن عبد الله بن الصامت، عن أبي ذر، قال: انتهيت إلى النبي صلى الله عليه وسلم حين قضى صلاته، فقلت: السلام عليك، قال: «وعليك» ، قال: فكنت أول من حياه بتحية الإسلام #,0
Musnad at-Tayalisi,622,UNGRADED,Prophets & Past Peoples; Food & Drink,459 - # حدثنا أبو داود قال: حدثنا سليمان بن المغيرة، عن حميد بن هلال، عن عبد الله بن الصامت، عن أبي ذر، قال: قال لي رسول الله صلى الله عليه وسلم: «منذ كم أنت هاهنا؟» قال: قلت: منذ ثلاثين يوما وليلة، قال: «منذ ثلاثين يوما وليلة؟» قلت: نعم، قال: «فما كان طعامك؟» قلت: ما كان لي طعام ولا شراب إلا ماء زمزم، ولقد سمنت حتى تكسرت عكن بطني، وما أجد على كبدي سخفة جوع، قال: فقال رسول الله صلى الله عليه وسلم: «إنها مباركة، وهي طعام طعم، وشفاء سقم» #,0
Musnad at-Tayalisi,623,UNGRADED,Prophets & Past Peoples,460 - # حدثنا أبو داود قال: حدثنا سليمان بن المغيرة، قال: حدثنا حميد بن هلال، عن عبد الله بن الصامت، عن أبي ذر، قال: فغبرت مع رسول الله صلى الله عليه وسلم ما غبرت ثم قال لي رسول الله صلى الله عليه وسلم: «إنه قد رفعت لي أرض ذات نخل ولا أراها إلا يثرب فهل أنت مبلغ عني قومك ما ينفعهم الله بك ويأجرك فيهم؟» قلت: نعم قال: فانطلقت فلقيت أنيسا فقال لي: ما صنعت؟ قلت: أسلمت وصدقت فقال: ما بي رغبة عن دينك فقد أسلمت وصدقت قال: وأتينا أمنا فعرضنا عليها الإسلام فقالت: ما بي رغبة عن دينكما فقالت: أسلمت وصدقت، قال: وأتينا قومنا فعرضنا عليهم الإسلام فأسلم نصفهم وقال النصف الآخر: إذا قدم رسول الله صلى الله عليه وسلم أسلمنا، قال: فكان يؤمهم إيماء بن رحضة الغفاري وكان,0
Musnad at-Tayalisi,625,UNGRADED,Hajj & Umrah; Character & Manners,461 - # حدثنا أبو داود قال: حدثنا حماد بن زيد، عن أبي عمران الجوني، عن المنبعث بن طريف، عن عبد الله بن الصامت، عن أبي ذر، قال: قال لي رسول الله صلى الله عليه وسلم: «يا أبا ذر» ، قلت: لبيك وسعديك يا رسول الله، قال: «كيف أنت إذا أصاب الناس جوع تأتي فراشك ولا تقدر أن ترجع إلى مسجدك، وتأتي مسجدك ولا تقدر أن ترجع إلى فراشك؟» قال: قلت: الله ورسوله أعلم قال: «عليك بالعفة» ، قال: «كيف أنت إذا أصاب الناس موت كثير حتى يكون البيت يعني القبر بالوصيف؟» قال: قلت: الله ورسوله أعلم قال: «عليك بالصبر» ، ثم قال: «كيف أنت إذا رأيت أحجار الزيت قد,0
Musnad at-Tayalisi,627,UNGRADED,Prophets & Past Peoples,"462 - # حدثنا أبو داود قال: حدثنا سلام بن سليم، عن الأعمش، عن إبراهيم التيمي، عن أبيه، عن أبي ذر، قال: قال لي رسول الله صلى الله عليه وسلم: «يا أبا ذر أتدري أين تذهب الشمس إذا غابت؟» قال: قلت: لا قال: "" فإنها تأتي العرش فتسجد ويؤذن لها في الرجوع وكان قد قيل لها: ارجعي من حيث جئت فترجع من حيث جاءت فذلك",0
Musnad at-Tayalisi,630,UNGRADED,Prophets & Past Peoples,464 - # حدثنا أبو داود قال: حدثنا شعبة، عن الأعمش، عن إبراهيم التيمي، عن أبيه، عن أبي ذر، قال: قلت: يا رسول الله أي مسجد وضع للناس أولا؟ قال: «المسجد الحرام ثم المسجد الأقصى» ، قال: قلت: وكم بينهما؟ قال: «أربعون سنة وحيثما أدركتك الصلاة فصل فثم مسجد» #,0
Musnad at-Tayalisi,632,UNGRADED,Prophets & Past Peoples,[ص: 371] # قلابة، عن أبي أسماء الرحبي، عن أبي ذر، عن النبي صلى الله عليه وسلم فيما يرويه عن ربه تبارك وتعالى قال: «حرمت الظلم على نفسي وحرمته على عبادي فلا تظالموا، كل بني آدم يخطيء بالليل والنهار ثم يستغفرني فأغفر له ولا أبالي» #,0
Musnad at-Tayalisi,633,UNGRADED,Repentance & Forgiveness; Prophets & Past Peoples,466 - # حدثنا أبو داود قال: حدثنا شعبة، عن واصل، عن المعرور بن سويد، عن أبي ذر، قال: قال رسول الله صلى الله عليه وسلم: قال ربكم عز وجل: «الحسنة بعشرة والسيئة بواحدة أو أغفرها، ومن لقيني بقراب الأرض خطيئة لا يشرك بي لقيته بقراب الأرض مغفرة، ومن هم بحسنة فلم يعملها كتبت له حسنة ومن هم بسيئة فلم يعملها لم يكتب,0
Musnad at-Tayalisi,635,UNGRADED,Prophets & Past Peoples,467 - # حدثنا أبو داود قال: حدثنا شعبة، عن عمرو بن مرة، سمع سويد بن الحارث، سمع أبا ذر، يقول: قال لي رسول الله صلى الله عليه وسلم: «ما يسرني أن لي أحدا ذهبا يأتي علي ثالثة وعندي منه دينار - أو قال مثقال - إلا أن أرصده لغريم» #,0
Musnad at-Tayalisi,636,UNGRADED,Night & Voluntary Prayer,468 - # حدثنا أبو داود قال: حدثنا وهيب، عن داود بن أبي هند، عن الوليد بن عبد الرحمن، عن جبير بن نفير، عن أبي ذر، قال: صمنا رمضان مع رسول الله صلى الله عليه وسلم فلم يقم بنا شيئا من الشهر حتى إذا كانت ليلة أربع وعشرين السابعة مما يبقى، صلى بنا حتى كاد أن يذهب ثلث الليل فلما كانت ليلة خمس وعشرين لم يصل بنا، فلما كانت ليلة ست وعشرين الخامسة مما يبقى صلى بنا حتى كاد أن يذهب شطر الليل فقلت: يا رسول الله لو نفلتنا بقية ليلتنا، فقال: «لا إن الرجل إذا صلى مع الإمام حتى ينصرف كتبت له قيام ليلة» ، فلما كانت ليلة سبع وعشرين لم يصل بنا فلما كانت ليلة ثمان وعشرين رجع رسول الله صلى الله عليه وسلم إلى أهله واجتمع له الناس فصلى بنا حتى كاد أن يفوتنا الفلاح ثم يا ابن أخي لم يصل بنا شيئا من الشهر، قال: والفلاح,0
Musnad at-Tayalisi,638,UNGRADED,Day of Judgement,469 - # حدثنا أبو داود قال: حدثنا شعبة، عن علي بن مدرك، قال: سمعت أبا زرعة بن عمرو بن جرير، يحدث عن خرشة بن الحر، عن أبي ذر، قال: قال لي رسول الله صلى الله عليه وسلم: «ثلاثة لا ينظر الله إليهم يوم القيامة ولا يكلمهم ولهم عذاب أليم» ، قلت: يا رسول الله فمن هؤلاء فقد خابوا وقد خسروا؟ فقال: «المنان والمسبل إزاره والمنفق سلعته بالحلف الكاذب» #,0
Musnad at-Tayalisi,639,UNGRADED,Neighbours; Prophets & Past Peoples,"470 - # حدثنا أبو داود قال: حدثنا الأسود بن شيبان، عن يزيد بن عبد الله بن الشخير، عن مطرف بن عبد الله بن الشخير، قال: كان الحديث يبلغني عن أبي ذر، وكنت أشتهي لقاءه فلقيته فقلت: يا أبا ذر إنه كان يبلغني عنك الحديث فكنت أشتهي لقاءك قال: لله أبوك فقد لقيت فهات، قلت: بلغني أنك تحدث أن رسول الله صلى الله عليه وسلم حدثكم "" أن الله عز وجل يحب ثلاثة ويبغض ثلاثة، قال: ما إخالني أن أكذب على خليلي قلت: فمن الثلاثة الذين يحب؟ قال: رجل لقي العدو فقاتل "" وإنكم لتجدون ذلك في الكتاب عندكم {إن الله يحب الذين يقاتلون في سبيله صفا} [الصف: 4] قلت: ومن؟ قال: «رجل له جار سوء فهو يؤذيه ويصبر على أذاه فيكفيه الله إياه بحياة أو",0
Musnad at-Tayalisi,642,UNGRADED,Prophets & Past Peoples,472 - # حدثنا أبو داود قال: حدثنا سفيان بن عيينة، عن ابن أبي نجيح، عن مجاهد، عن أبي ذر، قال: سألت رسول الله صلى الله عليه وسلم عن كل شيء حتى مسح الحصى فقال: «واحدة» وقال سفيان، عن الأعمش، عن مجاهد، عن ابن أبي ليلى، عن أبي ذر عن النبي صلى الله عليه وسلم نحوه #,0
Musnad at-Tayalisi,643,UNGRADED,Prophets & Past Peoples,473 - # حدثنا أبو داود قال: حدثنا شعبة، عن عمرو بن مرة، سمع أبا البختري، يحدث أن رسول الله صلى الله عليه وسلم قال في أشياء يؤجر فيها الرجل حتى في غشيانه أهله فقيل: يا رسول الله كيف وهي شهوته يقضيها؟ قال: «أرأيتم لو كان في حرام أليس كان يؤزر؟» قالوا: بلى قال: «فكذلك يؤجر» لم يرفعه شعبة وقال الأعمش: عن عمرو، عن أبي البختري، عن أبي ذر #,0
Musnad at-Tayalisi,644,UNGRADED,Death & Burial; Prophets & Past Peoples,"474 - # حدثنا أبو داود قال: حدثنا شعبة، عن واصل، عن مجاهد، عن أبي ذر، عن النبي صلى الله عليه وسلم قال: "" أوتيت خمسا لم يؤتهن نبي قبلي: جعلت لي الأرض مسجدا وطهورا ونصرت بالرعب على عدوي مسيرة شهر، وبعثت إلى الأحمر والأسود، وأحلت لي الغنائم ولم تحل لنبي كان قبلي، وأعطيت الشفاعة وهي نائلة من أمتي من مات منهم لا يشرك بالله شيئا "" هكذا رواه شعبة وقال جرير، عن الأعمش عن مجاهد عن عبيد بن عمير، عن أبي ذر عن النبي صلى الله عليه وسلم نحوه #",0
Musnad at-Tayalisi,645,UNGRADED,Justice & Judgement; Prophets & Past Peoples,"475 - # حدثنا أبو داود قال: حدثنا حماد بن سلمة، عن أبي الحسين، عن أيوب بن بشير، أو رجل آخر عن قاضي أهل مصر - أو قاص شك أبو بشر - أنه قال لأبي ذر: هل كان رسول الله صلى الله عليه وسلم يصافحكم إذا لقيتموه؟ قال: "" ما لقيني قط إلا صافحني ولقد جئت مرة فقيل لي: إن النبي صلى الله عليه وسلم طلبك فجئته فلقيني فاعتنقني فكان ذلك أجود وأجود "" #",0
Musnad at-Tayalisi,646,UNGRADED,Prophets & Past Peoples,476 - # حدثنا أبو داود قال: حدثنا يزيد بن إبراهيم، عن قتادة، عن عبد الله بن شقيق، قال: قلت لأبي ذر: لو رأيت رسول الله صلى الله عليه وسلم سألته عن شيء، فقال: ما هو؟ قلت: كنت أسأله هل رأيت ربك عز وجل؟ فقال أبو ذر: سألت رسول الله صلى الله عليه وسلم هل رأيت ربك؟ فقال: «نور أنى أراه» #,0
Musnad at-Tayalisi,647,UNGRADED,Prophets & Past Peoples,477 - # حدثنا أبو داود قال: حدثنا شعبة، عن الأعمش، عن يحيى بن سام، قال: سمعت موسى بن طلحة، يقول: سمعت أبا ذر بالربذة يقول: قال لي رسول الله صلى الله عليه وسلم: «يا أبا ذر إذا صمت من الشهر ثلاثة أيام فصم ثلاث عشرة وأربع عشرة وخمس عشرة» #,0
Musnad at-Tayalisi,648,UNGRADED,Prophets & Past Peoples,478 - # حدثنا أبو داود قال: حدثنا ابن أبي ذئب، عن الزهري، عن أبي الأحوص، عن أبي ذر، قال: قال رسول الله صلى الله عليه وسلم: «إن الرجل إذا كان في صلاته استقبله الرحمة فلا يمسحن الحصى أو الحصباء برجله» #,0
Musnad at-Tayalisi,650,UNGRADED,Repentance & Forgiveness; Justice & Judgement,[ص: 383] # أن رسول الله صلى الله عليه وسلم قال: «من اغتسل يوم الجمعة وادهن من دهنه وتطيب من طيب بيته ثم أتى الجمعة فلم يفرق بين اثنين فصلى فإذا تكلم الإمام استمع وأنصت غفر له ما بينه وبين الجمعة الأخرى» هكذا قال ابن أبي ذئب عن سلمان، وحدثنا أصحابنا، عن يحيى بن سعيد، عن ابن عجلان، عن سعيد، عن أبيه، عن عبد الله بن وديعة، عن أبي ذر #,1
Musnad at-Tayalisi,651,UNGRADED,Prophets & Past Peoples,480 - # حدثنا أبو داود قال: حدثنا المسعودي، عن أبي عمرو الشامي، عن عبيد بن الخشخاش، عن أبي ذر، قال: أتيت النبي صلى الله عليه وسلم وهو في المسجد فجلست إليه فقال: «يا أبا ذر» ، قلت: لبيك قال: «أصليت؟» قلت: لا، قال: «قم فصل» ، فصليت ثم أتيته فجلست إليه فقال: «يا أبا ذر أستعذت بالله من شر شياطين الجن والإنس؟» قلت: وهل للإنس شياطين؟ قال: «نعم يا أبا ذر» ، ثم قال لي: «ألا أدلك على كنز من كنوز الجنة؟» قلت: بلى يا رسول الله بأبي أنت وأمي قال: «لا حول ولا قوة إلا بالله فإنها كنز من كنوز الجنة» قلت: فالصلاة يا رسول الله؟ قال: «خير موضوع فمن شاء أقل ومن شاء أكثر» ، قلت: فالصوم يا رسول الله؟ قال: «فرض مجزئ» ، قلت: فالصدقة يا رسول الله؟ قال: «أضعاف مضاعفة وعند الله مزيد» ، قلت: فأيها أفضل؟ قال: «جهد من مقل وسر إلى فقير» ، قلت: يا رسول الله أيما أنزل الله عليك أعظم؟ قال: «الله لا إله إلا هو الحي القيوم» ، قلت: فأي الأنبياء كان أول يا رسول الله؟ قال: «آدم» ، قلت: أونبي كان؟ قال: «نعم نبي مكلم» ، قلت: كم,0
Musnad at-Tayalisi,653,UNGRADED,Prophets & Past Peoples; Animals,"481 - # حدثنا أبو داود قال: حدثنا شعبة، عن الأعمش، عن منذر الثوري، عن أصحاب له، عن أبي ذر، قال: "" لقد تركنا رسول الله صلى الله عليه وسلم وما يتقلب في السماء طير إلا ذكرنا منه علما #",0
Musnad at-Tayalisi,654,UNGRADED,Day of Judgement,482 - # حدثنا أبو داود قال: حدثنا شعبة، قال: أخبرنا الأعمش، قال: سمعت منذرا الثوري، يحدث عن أصحاب له، عن أبي ذر، قال: رأى رسول الله صلى الله عليه وسلم شاتين ينتطحان فقال لي: «يا أبا ذر أتدري فيما ينتطحان؟» قلت: لا، قال: «ولكن ربك يدري وسيقضي بينهما يوم القيامة» #,0
Musnad at-Tayalisi,656,UNGRADED,Prophets & Past Peoples,"484 - # حدثنا أبو داود قال: حدثنا حماد بن سلمة، عن الأزرق بن قيس، عن رجل من بني تميم قال: كنا على باب معاوية رحمه الله ومعنا أبو ذر فذكر أنه صائم فلما دخلنا ووضعت الموائد جعل أبو ذر يأكل قال: فنظرت إليه فقال: يا أحمر ما لك، أتريد أن تشغلني عن طعامي؟ قلت: ألم تخبرنا أنك صائم؟ أو قلت ألم تزعم أنك صائم؟ قال: بلى ثم قال لي: أقرأت القرآن؟ قلت: نعم قال: لعلك قرأت المفردة منه ولم تقرأ المضاعف {من جاء بالحسنة فله عشر أمثالها} [الأنعام: 160] ثم قال: سمعت رسول الله صلى الله عليه وسلم يقول: «صوم شهر الصبر وثلاثة أيام من كل شهر - حسبته قال - صوم الدهر» ولكن هذا الذي لا شك فيه يذهب مغلة الصدر ""، قال: قلت: ما مغلة الصدر؟ قال: رجز الشيطان #",0
Musnad at-Tayalisi,658,UNGRADED,Other Narrations,[ص: 389] # ، عن أبي الأسود الدؤلي، عن أبي ذر، قال: قال رسول الله صلى الله عليه وسلم: «عرضت علي أعمال أمتي حسنها وسيئها فرأيت من أحسن أعمالهم الأذى يماط عن الطريق، ورأيت من سيئ أعمالهم النخاعة في المسجد لا تدفن» #,0
Musnad at-Tayalisi,659,UNGRADED,Prophets & Past Peoples,486 - # حدثنا أبو داود قال: حدثنا حماد بن سلمة، وحماد بن زيد، عن أيوب، عن أبي قلابة، عن رجل من بني عامر قال: رأيت أبا ذر في مسجد قباء يصلي وعليه برد قطري فسلمت عليه فلم يرد علي فلما قضى صلاته رد علي قلت: أنت أبو ذر؟ قال: نعم، قال: اجتويت المدينة فأمر لي رسول الله صلى الله عليه وسلم بذود وأمرني أن أشرب من,0
Musnad at-Tayalisi,660,UNGRADED,Purity & Wudu; Women,"[ص: 390] # ألبانها وأبوالها - ثم سكت أيوب عند أبوالها - ورأيت رسول الله صلى الله عليه وسلم في نفر من أصحابه في ظل المسجد فلما رآني قال: «يا أبا ذر» ، قلت: هلكت يا رسول الله قال: «وما أهلكك؟» ، أو قال "": وما ذاك؟ ""، قلت: يا رسول الله إني أعزب عن الماء فتصيبني الجنابة أفأصلي بغير وضوء أو قال: بغير طهور؟ فدعا لي بماء فجاءت جارية حبشية بعس فيه ماء يتخضخض ما هو بملآن فاستترت بالبعير واغتسلت، قال: وقال لي رسول الله صلى الله عليه وسلم: «يا أبا ذر إن الصعيد الطيب كافيك وإن لم تجد الماء عشر سنين فإذا وجدت الماء فأمسه جلدك» قال أبو بشر: وحدثنا أبو حفص، ثنا يزيد بن زريع، عن خالد الحذاء، عن أبي قلابة، عن عمرو بن بجدان، قال: سمعت أبا ذر #",0
Musnad at-Tayalisi,661,UNGRADED,Day of Judgement,487 - # حدثنا أبو داود قال: حدثنا سلام بن سليم، عن يحيى بن سعيد، عن الحارث بن يزيد، عن أبي ذر، قال: قلت: يا رسول الله استعملني قال: «يا أبا ذر إنك ضعيف وإنها أمانة فهي يوم القيامة,0
Musnad at-Tayalisi,664,UNGRADED,Prophets & Past Peoples,488 - # حدثنا يونس قال: حدثنا أبو داود قال: حدثنا شعبة، عن الأعمش، عن أبي وائل، عن أبي موسى، أن رجلا قال: يا رسول الله الرجل يقاتل ليرى مكانه ويقاتل للذكر ويقاتل للمغنم فمن في سبيل الله؟ قال: «من قاتل لتكون كلمة الله هي العليا فهو في سبيل الله» #,0
Musnad at-Tayalisi,665,UNGRADED,Prophets & Past Peoples,489 - # حدثنا أبو داود قال: حدثنا شعبة، قال: قال لي عمرو بن مرة، حدثني أبو وائل حديثا أعجبني، قال: حدثنا أبو موسى الأشعري، أن رجلا أتى النبي صلى الله عليه وسلم فقال: يا رسول الله الرجل يقاتل ليذكر,0
Musnad at-Tayalisi,667,UNGRADED,Prophets & Past Peoples,490 - # حدثنا أبو داود قال: حدثنا حماد بن سلمة، عن عاصم، عن أبي وائل، عن أبي موسى، قال: أتى رجل النبي صلى الله عليه وسلم متوكئ على عصا فقال: يا رسول الله الرجل يقاتل ليذكر ويقاتل لكذا؟ فقال رسول الله صلى الله عليه وسلم: «من قاتل لتكون كلمة الله هي العليا فهو في سبيل الله عز وجل» #,0
Musnad at-Tayalisi,668,UNGRADED,Prophets & Past Peoples,491 - # حدثنا أبو داود قال: حدثنا قيس، وجرير، عن منصور، عن أبي وائل، عن أبي موسى، أن النبي صلى الله عليه وسلم قال: «أطعموا الجائع وفكوا العاني وعودوا المريض» #,0
Musnad at-Tayalisi,670,UNGRADED,Prophets & Past Peoples,492 - # حدثنا يونس قال: حدثنا أبو داود قال: حدثنا شعبة، عن عمرو بن مرة، سمع أبا عبيدة، يحدث عن أبي موسى الأشعري، قال: قال رسول الله صلى الله عليه وسلم: «إن الله عز وجل يبسط يده بالليل ليتوب مسيء النهار وبالنهار ليتوب مسيء الليل حتى تطلع الشمس من مغربها» #,0
Musnad at-Tayalisi,672,UNGRADED,Quran & Recitation; Night & Voluntary Prayer,[ص: 396] # بن مرة، سمع أبا عبيدة، يحدث عن أبي موسى الأشعري، قال: قال رسول الله صلى الله عليه وسلم: «إن الله عز وجل لا ينام ولا ينبغي له أن ينام، يخفض القسط ويرفعه يرفع إليه عمل الليل بالنهار وعمل النهار بالليل» زاد المسعودي: «حجابه النار، لو كشفها لأحرقت سبحات وجهه كل شيء أدركه بصره» ، ثم قرأ أبو عبيدة {بورك من في النار ومن حولها وسبحان الله رب العالمين} [النمل: 8] #,0
Musnad at-Tayalisi,673,UNGRADED,Prophets & Past Peoples,494 - # حدثنا أبو داود قال: حدثنا المسعودي، عن عمرو بن مرة، عن أبي عبيدة، عن أبي موسى، قال: سمى لنا رسول الله صلى الله عليه وسلم نفسه أسماء,0
Musnad at-Tayalisi,677,UNGRADED,Character & Manners; Prophets & Past Peoples,[ص: 398] # ، وثابت أبو زيد، عن عاصم، عن أبي عثمان النهدي، عن أبي موسى، قال: كنا مع رسول الله صلى الله عليه وسلم في سفر فصعدنا واديا فلما هبطوا فيه رفعوا أصواتهم بالتكبير والتهليل ورسول الله صلى الله عليه وسلم على بغلة - أو بغل - فقال: «يا أيها الناس اربعوا على أنفسكم فإنكم لا تدعون أصم ولا غائبا إنكم تدعون سميعا بصيرا» #,0
Musnad at-Tayalisi,679,UNGRADED,Prophets & Past Peoples,496 - # حدثنا يونس قال: حدثنا أبو داود قال: حدثنا همام، عن قتادة، عن أنس بن مالك، عن أبي موسى، قال: قال رسول الله صلى الله عليه وسلم,0
Musnad at-Tayalisi,682,UNGRADED,Prophets & Past Peoples,497 - # حدثنا يونس قال: حدثنا أبو داود قال: حدثنا شعبة، عن سعيد بن أبي بردة، عن أبيه، عن أبي موسى الأشعري، أن النبي صلى الله عليه وسلم قال: «على كل مسلم صدقة في كل يوم» ، قالوا: يا رسول الله فإن لم يجد؟ قال: «يعتمل بيده فينفع نفسه ويتصدق» ، قالوا: فإن لم يفعل؟ قال: «يعين ذا الحاجة الملهوف» ، قالوا: فإن لم يستطع؟ قال: «يأمر بالمعروف وينهى عن المنكر» ، قالوا: فإن لم يستطع؟ قال: «ليمسك,0
Musnad at-Tayalisi,684,UNGRADED,Prophets & Past Peoples,498 - # حدثنا أبو داود قال: حدثنا شعبة، عن سعيد بن أبي بردة، عن أبيه، عن أبي موسى الأشعري، أن رسول الله صلى الله عليه وسلم بعثه ومعاذا إلى اليمن فقال لهما: «تطاوعا ويسرا ولا تعسرا وبشرا ولا تنفرا» #,0
Musnad at-Tayalisi,685,UNGRADED,Prophets & Past Peoples,499 - # حدثنا أبو داود قال: حدثنا شعبة، عن سعيد بن أبي بردة، عن أبيه، عن أبي موسى، قال: قلت: يا رسول الله يصنع عندنا شراب من العسل يقال له: البتع وشراب من الشعير يقال له: المزر، وهما يسكران فقال النبي صلى الله عليه وسلم: «كل مسكر حرام» #,0
Musnad at-Tayalisi,687,UNGRADED,Alcohol & Intoxicants; Prophets & Past Peoples,[ص: 402] # ، عن أبي بردة، عن أبي موسى، قال: قال رسول الله صلى الله عليه وسلم: «كل مسكر حرام» #,0
Musnad at-Tayalisi,688,UNGRADED,Prophets & Past Peoples,501 - # حدثنا أبو داود قال: حدثنا همام، عن قتادة عن سعيد بن أبي بردة، عن أبيه، عن أبي موسى، قال: قال رسول الله صلى الله عليه وسلم: «لا يموت مؤمن إلا أدخل الله مكانه النار يهوديا أو نصرانيا» قال: فقدم أبو بردة على عمر بن عبد العزيز فسأله عن الحديث فحدثه فاستحلفه ثلاث مرات لقد حدثه بهذا أبو موسى عن النبي صلى الله عليه وسلم #,0
Musnad at-Tayalisi,689,UNGRADED,Oaths & Vows; Prophets & Past Peoples,502 - # حدثنا أبو داود قال: حدثنا: حماد بن زيد، عن غيلان بن جرير، عن أبي بردة بن أبي موسى، عن أبيه، قال: أتينا رسول الله صلى الله عليه وسلم نستحمله فقال: «والله لا أحملكم وما عندي ما أحملكم» ، ثم أتي بإبل فحملنا على ثلاثة غر الذرى فلما رجعنا قلت لأصحابي: والله لا يبارك الله لنا، حلف رسول الله صلى الله عليه وسلم أن لا يحملنا ارجعوا، قلنا: يا رسول الله إنك حلفت أن لا تحملنا فقال: «ما أنا حملتكم ما حملكم إلا الله، والله إن شاء الله لا أحلف على يمين فأرى غيرها خيرا منها إلا كفرت يميني وأتيت الذي هو خير» #,0
Musnad at-Tayalisi,690,UNGRADED,Prophets & Past Peoples,503 - # حدثنا أبو داود قال: حدثنا أبو بكر الحناط، عن أبي حصين، عن أبي بردة، عن أبي موسى، قال: قال رسول الله صلى الله عليه وسلم: «إذا أعتق الرجل أمته ثم مهرها مهرا جديدا كان له أجران» #,0
Musnad at-Tayalisi,691,UNGRADED,Treaties & Non-Muslims,504 - # حدثنا أبو داود قال: حدثنا شعبة، عن صالح بن صالح الثوري، عن الشعبي، قال: حدثني أبو بردة، عن أبيه، قال: قال رسول الله صلى الله عليه وسلم: «ثلاثة يؤتون أجرهم مرتين رجل كانت له أمة فأدبها فأحسن أدبها وعلمها فأحسن تعليمها ثم أعتقها فتزوجها، ورجل من أهل الكتاب آمن بنبيه ثم أدرك النبي صلى الله عليه وسلم فآمن به، وعبد أدى حق الله وحق مواليه» ، قال: ثم قال الشعبي لرجل عنده: خذها بغير ثمن فلقد كان يرحل إلى المدينة فيما دون هذا #,0
Musnad at-Tayalisi,692,UNGRADED,Prophets & Past Peoples,505 - # حدثنا أبو داود قال: حدثنا عبد الله بن المبارك، عن أبي بردة بن عبد الله بن أبي بردة بن أبي موسى، عن، عن جده عن أبي موسى، قال: قال رسول الله صلى الله عليه وسلم: «المؤمن للمؤمن كالبنيان يقوي بعضه بعضا» #,0
Musnad at-Tayalisi,694,UNGRADED,Prophets & Past Peoples; Women,506 - # حدثنا يونس قال: حدثنا أبو داود قال: حدثنا شعبة، قال: حدثنا عمرو بن مرة، سمع مرة، يحدث عن أبي موسى، قال: قال رسول الله صلى الله عليه وسلم: «كمل من الرجال كثير، ولم يكمل من النساء إلا مريم بنت عمران وآسية امرأة فرعون وفضل عائشة على النساء كفضل الثريد على سائر الطعام» #,0
Musnad at-Tayalisi,696,UNGRADED,Prophets & Past Peoples,507 - # حدثنا يونس قال: حدثنا أبو داود قال: حدثنا أبو عوانة، عن داود الأودي، عن حميد بن عبد الرحمن الحميري، أن حممة - رجل من أصحاب النبي صلى الله عليه وسلم - غزا أصبهان مع الأشعري وفتحت أصبهان في زمان عمر رضي الله عنه قال: اللهم إن حممة,0
Musnad at-Tayalisi,697,UNGRADED,Character & Manners; Jihad & Battles,[ص: 407] # يزعم أنه يحب لقاءك اللهم إن كان صادقا فاعزم له بصدقه وإن كان كاذبا فاحمله عليه وإن كره، اللهم لا ترجع حممة من سفره هذا، فمات بأصبهان فقام الأشعري فقال: «يا أيها الناس، إنا والله فيما سمعنا من نبيكم صلى الله عليه وسلم ولا مبلغ علمنا إلا أن حممة شهيد» #,0
Musnad at-Tayalisi,699,UNGRADED,Prophets & Past Peoples,508 - # حدثنا يونس قال: حدثنا أبو داود، حدثنا عبد الله بن نافع، عن أبيه، عن سعيد بن أبي هند، عن أبي موسى، أن النبي صلى الله عليه وسلم قال: «أحل الحرير والذهب لإناث أمتي وحرم على ذكورها» #,0
Musnad at-Tayalisi,701,UNGRADED,Prophets & Past Peoples,509 - # حدثنا يونس قال: حدثنا أبو داود قال: حدثنا شعبة، عن منصور، عن إبراهيم، عن يزيد بن أوس، أن الأشعري، لما ثقل بكت عليه امرأته فقال: أما علمتم ما قال رسول الله صلى الله عليه وسلم؟ قال: فسألت المرأة,0
Musnad at-Tayalisi,705,UNGRADED,Dhikr & Supplication; The Grave & Barzakh,[ص: 410] # سلمة، عن أبي سنان، قال: دفنت ابني سنانا، وأبو طلحة الخولاني جالس على شفير القبر فقال: حدثني الضحاك بن عبد الرحمن، عن أبي موسى قال: قال رسول الله صلى الله عليه وسلم: إذا قبض الله عز وجل ابن العبد قال لملائكته: «ما قال عبدي؟» قالوا: حمدك واسترجع قال: «ابنوا له بيتا وسموه بيت الحمد» #,0
Musnad at-Tayalisi,707,UNGRADED,Prophets & Past Peoples,511 - # حدثنا أبو داود قال: حدثنا شعبة، عن أبي بشر، قال: سمعت سعيد بن جبير، يحدث عن أبي موسى، أن رسول الله صلى الله عليه وسلم قال: «لا يسمع بي أحد من هذه الأمة ولا يهودي ولا نصراني ولا يؤمن بي إلا كان من أهل النار» #,0
Musnad at-Tayalisi,709,UNGRADED,Prophets & Past Peoples,513 - # حدثنا أبو داود قال: حدثنا شعبة، عن غالب التمار، قال: حدثنا أوس بن مسروق أو مسروق بن أوس، عن أبي موسى، قال: قال رسول الله صلى الله عليه وسلم: «الأصابع سواء» ، قلت: في كل إصبع عشر من الإبل؟ قال: «نعم» #,0
Musnad at-Tayalisi,711,UNGRADED,Prophets & Past Peoples,514 - # حدثنا يونس قال: حدثنا أبو داود قال: حدثنا ثابت أبو زيد، عن عاصم الأحول، عن أبي مجلز، قال: صلى الأشعري وهو فيما بين مكة والمدينة بأصحابه العشاء ثم صلى ركعة قرأ فيها بمائة من النساء، أو البقرة، فقيل له: ما هذا؟ قال: «ما ألوت أن أضع قدمي حيث وضع رسول الله صلى الله عليه وسلم وأن أصنع ما صنع» #,0
Musnad at-Tayalisi,713,UNGRADED,Prophets & Past Peoples,516 - # حدثنا أبو داود قال: حدثنا الضحاك بن يسار، عن أبي تميمة، عن أبي موسى، عن النبي صلى الله عليه وسلم قال: «من صام الدهر ضيقت عليه جهنم هكذا وعقد تسعين» #,0
Musnad at-Tayalisi,716,UNGRADED,Prophets & Past Peoples,[ص: 416] # ، قال: سمعت طارق بن شهاب، يحدث عن أبي موسى، قال: قدمت على النبي صلى الله عليه وسلم وهو منيخ بالبطحاء فقال لي: «كيف أهللت؟» قال: قلت: لبيك بإهلال كإهلال النبي صلى الله عليه وسلم قال: «أحسنت طف بالبيت وبين الصفا والمروة ثم أحل» ، ففعلت وأتيت امرأة من بني قيس ففلت رأسي فجعلت أفتي به الناس فقال لي رجل: يا عبد الله بن قيس رويدا ببعض فتياك فإنك لا تدري ما أحدث أمير المؤمنين في شأن النسك بعدك قال: قلت: من أفتيته بشيء فليتئد فإن أمير المؤمنين قادم عليه فبه فائتموا قال: فقدم فأتيته فذكرت له فقال: إن نأخذ بكتاب الله فإن كتاب الله يأمرنا بالتمام وإن نأخذ بسنة رسول الله صلى الله عليه وسلم فإن رسول الله صلى الله عليه وسلم لم يحل حتى بلغ الهدي محله #,0
Musnad at-Tayalisi,718,UNGRADED,Prayer (Salah),"[ص: 417] # بن جبير، عن حطان بن عبد الله الرقاشي، أن الأشعري، صلى بأصحابه صلاة فلما جلس في صلاته قال رجل من القوم خلفه: أقرت الصلاة بالبر والزكاة فلما قضى الأشعري صلاته قال: أيكم القائل كلمة كذا وكذا؟ فأرم القوم فقال: يا حطان لعلك قلتها قلت: ما قلتها ولقد رهبت أن تبكعني بها، فقال الأشعري: أما تعلمون ما تقولون في صلاتكم، إن رسول الله صلى الله عليه وسلم خطبنا فعلمنا سنتنا وبين لنا صلاتنا فقال: "" أقيموا صفوفكم ثم ليؤمكم أحدكم فإذا كبر الإمام فكبروا وإذا قال: ولا الضالين فقولوا: آمين يجبكم الله، وإذا ركع فاركعوا فإن الإمام يركع قبلكم ويرفع قبلكم "" قال نبي الله صلى الله عليه وسلم: "" فتلك بتلك وإذا قال: سمع الله لمن حمده فقولوا: اللهم ربنا لك الحمد يسمع الله لكم فإن الله عز وجل قال على لسان نبيه صلى الله عليه وسلم: سمع الله لمن حمده، وإذا كبر وسجد فكبروا واسجدوا فإن الإمام يسجد قبلكم ويرفع قبلكم ""، قال نبي الله صلى الله عليه وسلم: "" فتلك بتلك فإذا كان عند القعدة فليكن من أول قول أحدكم: التحيات لله الطيبات",0
Musnad at-Tayalisi,720,UNGRADED,Prophets & Past Peoples,520 - # حدثنا أبو داود قال: حدثنا وهيب بن خالد، عن داود، عن أبي نضرة، عن أبي سعيد الخدري، أن الأشعري، استأذن على عمر ثلاثا فلم يأذن له فرجع فأرسل إليه: ما ردك؟ فقال: إني استأذنت ثلاثا فلم يؤذن لي، وإني سمعت رسول الله صلى الله عليه وسلم يقول: «إذا استأذن المستأذن ثلاثا فلم يؤذن له فليرجع» ، فقال: لتأتيني بمن يعلم هذا أو لأفعلن بك ولأفعلن، قال أبو سعيد: جاءني الأشعري يرعد قد اصفر وجهه فقام على حلقة من أصحاب النبي صلى الله عليه وسلم فقال: أنشد الله رجلا,1
Musnad at-Tayalisi,722,UNGRADED,Prophets & Past Peoples,521 - # حدثنا أبو داود قال: حدثنا شعبة، عن أبي التياح، قال: سمعت رجلا أسود كان قدم مع ابن عباس البصرة قال: لما قدم ابن عباس البصرة حدث بأحاديث عن أبي موسى، عن النبي صلى الله عليه وسلم، فكتب إليه ابن عباس يسأله عنها فكتب إليه الأشعري: إنك رجل من أهل زمانك وإني لم أحدث عن النبي صلى الله عليه وسلم منها بشيء إلا أني كنت مع رسول الله صلى الله عليه وسلم فأراد أن يبول فمال إلى دمث حائط فبال وقال,0
Musnad at-Tayalisi,724,UNGRADED,Prophets & Past Peoples,522 - # حدثنا أبو داود قال: حدثنا أبو بكر الهذلي، عن أبي بردة بن أبي موسى عن أبيه، عن النبي صلى الله عليه وسلم قال: «إذا كانت معك أسهم فخذ بنصولها أن لا تجرح مسلما أو تخرق ثوبه» ، قال الأشعري,0
Musnad at-Tayalisi,726,UNGRADED,Prophets & Past Peoples,523 - # حدثنا أبو داود قال: حدثنا شعبة، عن ليث، عن أبي بردة، عن أبي موسى، أن النبي صلى الله عليه وسلم مر عليه جنازة يسرعون بها المشي فقال رسول الله صلى الله عليه وسلم: «ليكن عليكم السكينة» #,0
Musnad at-Tayalisi,727,UNGRADED,Prophets & Past Peoples,524 - # حدثنا أبو داود قال: حدثنا زائدة، عن ليث، عن أبي بردة، عن أبي موسى، أن النبي صلى الله عليه وسلم مر عليه بجنازة وهي يسرع بها وهي تمخض تمخض الزق فقال رسول الله صلى الله عليه وسلم: «عليكم بالقصد,0
Musnad at-Tayalisi,729,UNGRADED,Prophets & Past Peoples,525 - # حدثنا أبو داود قال: حدثنا أبو عوانة، عن أبي إسحاق، عن أبي بردة، عن أبي موسى، أن النبي صلى الله عليه وسلم قال: «لا نكاح إلا بولي» #,0
Musnad at-Tayalisi,730,UNGRADED,Prophets & Past Peoples,526 - # حدثنا أبو داود قال: حدثنا عمران، عن قتادة، عن أبي بردة، عن أبيه، قال: كان رسول الله صلى الله عليه وسلم إذا دعا على قوم قال: «اللهم,0
Musnad at-Tayalisi,732,UNGRADED,Prophets & Past Peoples,527 - # حدثنا أبو داود قال: حدثنا أبو عوانة، عن قتادة، عن أبي بردة، عن أبيه، قال: «لو رأيتنا مع نبينا صلى الله عليه وسلم وقد أصابتنا السماء ما شبهت ريحنا إلا بريح الضأن» #,0
Musnad at-Tayalisi,735,UNGRADED,Prophets & Past Peoples,529 - # حدثنا أبو داود قال: حدثنا زهير، عن أبي إسحاق، عن أبي بردة، قال: كان رجل يقول: قد طلقتك قد راجعتك، فبلغ ذلك النبي صلى الله عليه وسلم فقال: «ما بال رجال يلعبون بحدود الله» وقال موسى بن مسعود، عن سفيان، عن أبي إسحاق، عن أبي بردة، عن أبي موسى عن النبي صلى الله عليه وسلم #,0
Musnad at-Tayalisi,739,UNGRADED,Prophets & Past Peoples,531 - # حدثنا أبو داود قال: حدثنا الحارث بن قدامة، عن أبي عمران الجوني، عن أبي بكر بن أبي موسى، عن أبيه، قال: قال رسول الله صلى الله عليه وسلم: «جنان الفردوس أربعة، جنتان من ذهب حليتهما وآنيتهما,0
Musnad at-Tayalisi,741,UNGRADED,Prophets & Past Peoples,532 - # حدثنا أبو داود قال: حدثنا جعفر بن سليمان، عن أبي عمران الجوني، عن أبي بكر بن أبي موسى، عن أبيه، قال: قال رسول الله صلى الله عليه وسلم: «الجنة تحت ظلال السيوف» #,0
Musnad at-Tayalisi,743,UNGRADED,Prophets & Past Peoples,533 - # حدثنا أبو داود قال: حدثنا سليمان بن المغيرة، عن حميد بن هلال، قال: قال أبو موسى الأشعري: أتيت رسول الله صلى الله عليه وسلم ومعي رجلان من قومي فانتهينا إليه ومعه مسواك يستاك به فسألاه العمل فقال: «يا أبا موسى ألهذا جئتم؟» قال: قلت: والله يا رسول الله ما لهذا جئت ولا أطلعاني على ما في أنفسهما قال: فرأيته رفع شفته العليا بسواكه وقال: «والله لا نعطيها من طلبها منكم» ، فبعثني وتركهما وروى هذا الحديث يحيى بن سعيد، عن قرة عن حميد بن هلال، عن أبي بردة عن أبي موسى #,0
Musnad at-Tayalisi,744,UNGRADED,Prophets & Past Peoples,534 - # حدثنا أبو داود قال: حدثنا شعبة، عن أبي إسحاق، قال: قال الأشعري: «لقد أتيت رسول الله صلى الله عليه وسلم وما أرى ابن مسعود إلا من أهله من لطفه بهم» ورواه سفيان، عن أبي إسحاق، عن الأسود، عن أبي موسى #,0
Musnad at-Tayalisi,747,UNGRADED,Prophets & Past Peoples,536 - # حدثنا أبو داود قال: حدثنا شعبة، عن زياد بن علاقة، عن رجل، عن أبي موسى، أن النبي صلى الله عليه وسلم قال: «فناء أمتي بالطعن والطاعون» ، قالوا: يا رسول الله هذا الطعن قد عرفناه فما الطاعون؟ قال: «طعن أعدائكم من الجن وفي كل شهادة» وأبو عوانة يرويه عن أبي بلج، عن أبي بكر بن أبي موسى، عن أبيه عن النبي صلى الله عليه وسلم #,0
Musnad at-Tayalisi,748,UNGRADED,Day of Judgement; Prophets & Past Peoples,"537 - # حدثنا أبو داود قال: حدثنا هشام، عن قتادة، عن الحسن، عن أبي موسى، أن النبي صلى الله عليه وسلم قال: "" والذي نفسي بيده إن المعروف والمنكر لخليقتان ينصبان للناس يوم القيامة فأما المعروف",0
Musnad at-Tayalisi,751,UNGRADED,Magic & Superstition; Prophets & Past Peoples,"538 - # حدثنا أبو داود قال: حدثنا محمد بن دينار، عن سعد بن أوس، عن مصدع بن يحيى، عن ابن عباس، عن أبي بن كعب، أن النبي صلى الله عليه وسلم "" أقرأه: أنها {تغرب في عين حمئة}",0
Musnad at-Tayalisi,753,UNGRADED,Prophets & Past Peoples,539 - # حدثنا أبو داود قال: حدثنا حماد بن سلمة، قال: حدثنا عمار بن أبي عمار، قال: سمعت ابن عباس، يقول: أتى علي زمان وأنا أقول: أطفال المسلمين مع المسلمين، وأطفال المشركين مع المشركين حتى حدثني فلان عن فلان، فلقيت الذي حدثني عنه فحدثني أن رسول الله صلى الله عليه وسلم سئل عنهم فقال: «الله أعلم بما كانوا عاملين» حدثنا يونس قال: وحدثني موسى بن عبد الرحمن، عن روح,0
Musnad at-Tayalisi,754,UNGRADED,Other Narrations,[ص: 435] # عن حماد، عن عمار، عن ابن عباس قال: حدثني أبي عن النبي صلى الله عليه وسلم بمثله #,0
Musnad at-Tayalisi,756,UNGRADED,Prophets & Past Peoples,541 - # حدثنا أبو داود قال: حدثنا شعبة، قال: أخبرني عاصم ابن بهدلة، عن زر بن حبيش، عن أبي بن كعب، أن النبي صلى الله عليه وسلم قال: «إن الله عز وجل أمرني أن أقرأ عليك القرآن» ، قال: فقرأ عليه لم يكن وقرأ عليه: «إن دأب الدين عند الله الحنيفية لا,0
Musnad at-Tayalisi,760,UNGRADED,Prophets & Past Peoples,543 - # حدثنا أبو داود قال: حدثنا شعبة، عن عاصم، عن زر، قال: سألت أبيا عن المعوذتين، فقال: سألت عنهما النبي صلى الله عليه وسلم فقال: «قيل لي فقلت لكم فقولوا» ، قال أبي: فقال لنا,0
Musnad at-Tayalisi,762,UNGRADED,Prophets & Past Peoples,544 - # حدثنا أبو داود قال: حدثنا جابر بن يزيد بن رفاعة العجلي، قال: حدثني يزيد بن أبي سليمان، قال: سمعت زر بن حبيش، يقول: «لولا مخافة سلطانكم لوضعت يدي في أذني ثم ناديت ألا إن ليلة القدر في العشر الأواخر في السبع قبلها ثلاث وبعدها ثلاث نبأ من لم يكذبني عن نبأ من لم يكذبه» قال أبو داود: يعني أبي بن كعب عن النبي صلى الله عليه وسلم #,0
Musnad at-Tayalisi,763,UNGRADED,Quran & Recitation,"545 - # حدثنا أبو داود قال: حدثنا حماد بن سلمة، عن عاصم، عن زر، عن أبي بن كعب، أن جبريل، صلى الله عليه وسلم أتى النبي صلى الله عليه وسلم عند أحجار المرى فقال له: «يا جبريل إني بعثت إلى أمة أمية فيهم العجوز والشيخ والغلام والجارية والرجل القاسي الذي لم يقرأ كتابا قط» ، قال: فقال جبريل: إن القرآن أنزل على سبعة أحرف "" #",0
Musnad at-Tayalisi,764,UNGRADED,The Grave & Barzakh,546 - # حدثنا أبو داود قال: حدثنا شعبة، عن حبيب بن الزبير، قال: سمعت عبد الله بن أبي الهذيل، يحدث عن عبد الرحمن بن أبزى، قال: سمعت عبد الله بن خباب يقول: سمعت أبي بن كعب، قال: ذكر الدجال عند النبي صلى الله عليه وسلم أو قال: ذكر النبي صلى الله عليه وسلم الدجال فقال: «إحدى عينيه كأنها زجاجة خضراء وتعوذوا بالله من عذاب القبر» #,0
Musnad at-Tayalisi,765,UNGRADED,Prophets & Past Peoples,547 - # حدثنا أبو داود قال: حدثنا ابن المبارك، عن الأجلح، عن ذر، عن ابن عبد الرحمن بن أبزى، عن أبيه، عن أبي بن كعب، قال: «أقرأني رسول الله صلى الله عليه وسلم {فبذلك فلتفرحوا} » #,0
Musnad at-Tayalisi,766,UNGRADED,Quran & Recitation; Dhikr & Supplication,548 - # حدثنا أبو داود قال: حدثنا شعبة، عن سلمة بن كهيل، وزبيد الإيامي، عن ذر، عن ابن عبد الرحمن، عن أبيه، أن النبي صلى الله عليه وسلم كان يقرأ في الوتر سبح اسم ربك الأعلى، وقل يا أيها الكافرون، وقل هو الله أحد فإذا سلم قال: «سبحان الملك القدوس» ثلاث مرات يرفع بالثالث صوته رواه الأعمش عن طلحة وزبيد عن ذر، عن ابن أبزى، عن أبيه، عن أبي بن كعب عن النبي صلى الله عليه وسلم #,0
Musnad at-Tayalisi,767,UNGRADED,Prophets & Past Peoples,"549 - # حدثنا أبو داود قال: حدثنا خارجة بن مصعب، قال: حدثنا يونس بن عبيد، عن الحسن، عن عتي السعدي، عن أبي بن كعب، عن النبي صلى الله عليه وسلم قال: "" للوضوء شيطان يقال له: الولهان فاحذروه ""، أو قال: «فاتقوه» #",0
Musnad at-Tayalisi,769,UNGRADED,Prophets & Past Peoples,[ص: 443] # رواه سفيان، عن يونس، عن الحسن، عن عتي، عن أبي عن النبي صلى الله عليه وسلم #,0
Musnad at-Tayalisi,770,UNGRADED,Prophets & Past Peoples,"551 - # حدثنا أبو داود قال: حدثنا خارجة بن مصعب، عن يونس، عن الحسن، عن عتي السعدي، عن أبي بن كعب، وحدثنا ابن فضالة، عن الحسن، رفع الحديث قال: "" لما نزل بآدم صلى الله عليه وسلم الموت قال: أي بني، إني أشتهي من ثمر الجنة",0
Musnad at-Tayalisi,771,UNGRADED,Prophets & Past Peoples,"[ص: 444] # فانطلق بنوه يلتمسون فرأوا الملائكة فقالوا: أين تريدون يا بني آدم؟ فقالوا: اشتهى أبونا من ثمرة الجنة فانطلقنا نطلب ذلك له فقال: ارجعوا فقد أمر بقبض أبيكم فأقبلوا حتى انتهوا إلى آدم صلى الله عليه وسلم فلما رأتهم حواء عرفتهم فلصقت بآدم فقال: إليك عني فمن قبلك أتيت دعيني وملائكة ربي، قال: فقبضوه وهم ينظرون وغسلوه وهم ينظرون وكفنوه وهم ينظرون وحنطوه وهم ينظرون وصلوا عليه ثم أقبلوا عليهم فقالوا: يا بني آدم هذه سنتكم في موتاكم وهذا سبيلكم "" #",0
Musnad at-Tayalisi,772,UNGRADED,Day of Judgement; Prophets & Past Peoples,552 - # حدثنا أبو داود قال: حدثنا جعفر بن سليمان، قال: حدثنا سعيد الجريري، عن عبد الله بن رباح الأنصاري، عن أبي قال: قال لي رسول الله صلى الله عليه وسلم: «يا أبا المنذر أي آية في كتاب الله أعظم؟» قلت: آية الكرسي؟ فقال لي: «ليهنك العلم أبا المنذر فوالذي نفسي بيده إن لها للسانا يوم القيامة يقدس الله عند ساق العرش» وسفيان يقول: عن سعيد عن أبي السليل، عن عبد الله بن رباح #,0
Musnad at-Tayalisi,773,UNGRADED,Prophets & Past Peoples,553 - # حدثنا أبو داود قال: حدثنا ثابت أبو زيد، عن عاصم الأحول، عن أبي عثمان النهدي، عن أبي بن كعب، قال: كان رجل من لحمتي وكان بيته أقصى بيت بالمدينة قال: قال أبو عثمان: وهو يحدث في الأشياخ: ما بينك وبين الجسر أو أبعد قال: قال عاصم: فذكرت لمحمد بن سيرين فقال: إن كان أقصى بيت بالمدينة فهو أبعد من الجسر فقال في آخر ذلك: إنما كنت أحتسب الأثر فقال رسول الله صلى الله عليه وسلم: «لك ما احتسبت» #,0
Musnad at-Tayalisi,774,UNGRADED,Justice & Judgement; Prophets & Past Peoples,554 - # حدثنا أبو داود قال: حدثنا شعبة، قال: أخبرني سلمة بن كهيل، قال: سمعت سويد بن غفلة، يقول: غدوت أنا وزيد بن صوحان، وسلمان بن ربيعة، فوجدت سوطا فأخذته فقال لي: ألقه فقلت: لا ولكني أعرفه فإن وجدت من يعرفه وإلا استمتعت به فأبيت عليهما فلما رجعنا من غزاتنا قضي لي أني حججت فأتيت المدينة فلقيت أبي بن كعب فأخبرته بشأن السوط وبقولهما، فقال أبي بن كعب: وجدت صرة فيها مائة دينار على عهد رسول الله صلى الله عليه وسلم فأتيت رسول الله صلى الله عليه وسلم فذكرت ذلك له فقال: «عرفها حولا» ، فعرفتها فلم أجد من يعرفها ثلاث مرات فقال: «احفظ عددها ووكاءها ووعاءها فإن جاء صاحبها وإلا فاستمتع بها» ، قال: فاستمتعت بها قال شعبة: فلقيت سلمة بعد ذلك فقال: لا أدري ثلاثة أحوال أو,0
Musnad at-Tayalisi,776,UNGRADED,Fasting & Ramadan; Prophets & Past Peoples,555 - # حدثنا أبو داود قال: حدثنا حماد بن سلمة، عن ثابت، عن أبي رافع، عن أبي بن كعب، أن النبي صلى الله عليه وسلم «كان يعتكف العشر الأواخر من رمضان فسافر عاما فلم يعتكف فلما كان من قابل اعتكف عشرين يوما» #,0
Musnad at-Tayalisi,777,UNGRADED,Prophets & Past Peoples,556 - # حدثنا أبو داود قال: حدثنا شعبة، قال: حدثنا أبو إسحاق، قال: سمعت عبد الله بن أبي بصير، يحدث عن أبي بن كعب، قال: صلى بنا رسول الله صلى الله عليه وسلم فقال: «أشاهد فلان؟» ، قالوا: لا قال: «إن هاتين الصلاتين - يعني العشاء والصبح - أثقل على المنافقين ولو يعلمون ما فيهما لأتوهما ولو حبوا، والصف الأول على مثل صف الملائكة ولو تعلمون فضيلته لابتدرتموه، وصلاة الرجل مع الرجل أزكى من صلاته وحده، وصلاته مع الرجلين أزكى من صلاته مع الرجل، وما كان أكثر فهو أحب إلى الله عز وجل» ورواه زهير، عن أبي إسحاق، عن عبد الله بن أبي بصير، عن أبيه، عن أبي عن النبي صلى الله عليه وسلم #,0
Musnad at-Tayalisi,778,UNGRADED,Prophets & Past Peoples,557 - # حدثنا أبو داود قال: حدثنا شعبة، قال: أخبرني أبو جمرة، قال: سمعت إياس بن قتادة، عن قيس بن عباد، قال: قدمت المدينة للقاء أصحاب محمد صلى الله عليه وسلم فلم يكن فيهم أحد أحب إلي لقاء من أبي بن كعب فقمت في الصف الأول وخرج عمر مع أصحاب محمد صلى الله عليه وسلم فجاء رجل فنظر في وجوه القوم فعرفهم غيري فنحاني وقام في مكاني فما عقلت صلاتي فلما صلى قال لي: يا فتى لا يسوءك الله، فإني لم آت الذي أتيت بجهالة ولكن رسول الله صلى الله عليه وسلم قال لنا: «كونوا في الصف الذي يليني» ، وإني نظرت في وجوه القوم فعرفتهم غيرك ثم حدث فما رأيت الرجال متحت أعناقها إلى شيء متوحها إليه,0
Musnad at-Tayalisi,780,UNGRADED,Prophets & Past Peoples,558 - # حدثنا أبو داود قال: حدثنا إبراهيم بن سعد، عن الزهري، عن أبي بكر بن عبد الرحمن، عن مروان بن الحكم، عن عبد الرحمن بن الأسود بن عبد يغوث، عن أبي بن كعب، عن النبي صلى الله عليه وسلم قال: «إن من الشعر حكما» #,0
Musnad at-Tayalisi,781,UNGRADED,Prophets & Past Peoples,559 - # حدثنا أبو داود قال: حدثنا شعبة، عن الحكم، عن مجاهد، عن عبد الرحمن بن أبي ليلى، عن أبي بن كعب، أن النبي صلى الله عليه وسلم كان عند أضاة بني غفار فأتاه جبريل صلى الله عليه وسلم فقال: إن الله عز وجل يأمرك أن تقرئ أمتك القرآن على حرف واحد قال: «أسأل الله معافاته ومغفرته فإن أمتي لا تطيق ذلك» ، ثم أتاه الثانية فقال,0
Musnad at-Tayalisi,784,UNGRADED,Prophets & Past Peoples,560 - # حدثنا يونس قال: حدثنا أبو داود قال: شعبة، قال: أخبرني أبو عون الثقفي، قال: سمعت الحارث بن عمرو، يحدث عن أصحاب معاذ من أهل حمص قال: وقال مرة عن معاذ: إن رسول الله صلى الله عليه وسلم لما بعث معاذا إلى اليمن قال له: «كيف تقضي إن عرض لك قضاء؟» قال: أقضي بكتاب الله قال: «فإن لم تجده في كتاب الله؟» قال: أقضي بسنة رسول الله صلى الله عليه وسلم قال: «فإن لم تجده في سنة رسول الله؟» قال: أجتهد رأيي لا آلو قال: فضرب بيده في صدري وقال: «الحمد لله الذي وفق رسول رسول الله لما يرضي,0
Musnad at-Tayalisi,786,UNGRADED,Prayer (Salah); Paradise,"561 - # حدثنا أبو داود قال: حدثنا شعبة، عن الحكم، عن عروة بن النزال أو النزال بن عروة عن معاذ بن جبل، قال: قلت: يا رسول الله أخبرني بعمل يدخلني الجنة قال: "" بخ بخ لقد سألت عن عظيم وإنه ليسير على من يسره الله: صل الصلاة المكتوبة وأد الزكاة",0
Musnad at-Tayalisi,787,UNGRADED,Travel & Migration,[ص: 456] # المفروضة أفلا أخبرك برأس الأمر وعموده وذروة سنامه؟ أما رأس الأمر فالإسلام من أسلم سلم، وعموده الصلاة وذروة سنامه الجهاد في سبيل الله ألا أدلك على أبواب الخير: الصوم جنة والصدقة تكفر الخطيئة وقيام العبد من جوف الليل وتلا {تتجافى جنوبهم عن المضاجع} [السجدة: 16] إلى آخر الآية أولا أخبرك بأملك ذلك كله؟ قال: فاطلع ركب أو راكب فأشار رسول الله صلى الله عليه وسلم بيده إلى لسانه فقلت: وإنا لنؤاخذ بما نتكلم بألسنتنا؟ فقال رسول الله صلى الله عليه وسلم: «ثكلتك أمك يا معاذ وهل يكب الناس على مناخرهم في النار إلا حصائد ألسنتهم» #,0
Musnad at-Tayalisi,788,UNGRADED,Prophets & Past Peoples,562 - # حدثنا أبو داود قال: حدثنا محمد بن راشد، عن مكحول، أن رسول الله صلى الله عليه وسلم قال في هذا الحديث لمعاذ: «إنك ما كنت ساكتا فأنت سالم فإذا تكلمت فلك أو عليك» #,0
Musnad at-Tayalisi,789,UNGRADED,Prophets & Past Peoples,563 - # حدثنا أبو داود قال: حدثنا شعبة، عن قيس بن مسلم، قال: سمعت أبا رملة يحدث عن عبيد الله بن أبي مسلم، عن معاذ بن جبل، قال: قال رسول الله صلى الله عليه وسلم: «أوجب ذو الثلاثة» ، قال معاذ: فقلت: يا رسول الله وذو الاثنين؟ قال رسول الله صلى الله عليه وسلم: «وذو الاثنين» ، قال يعني من قدم بين يديه ثلاثة من ولده #,0
Musnad at-Tayalisi,790,UNGRADED,Night & Voluntary Prayer; Prophets & Past Peoples,564 - # حدثنا أبو داود قال: حدثنا حماد بن سلمة، عن ثابت، عن شهر بن حوشب، قال: حدثنا رجل، عن معاذ، أن رسول الله صلى الله عليه وسلم قال: «من نام طاهرا فتعار من الليل لم يسأل الله شيئا من أمر الآخرة والدنيا إلا أعطاه إياه» ، قال ثابت: فقدم علينا الرجل الذي حدثنا شهر عنه فحدثنا بهذا الحديث #,0
Musnad at-Tayalisi,791,UNGRADED,Day of Judgement,565 - # حدثنا أبو داود قال: حدثنا عبد الله بن المبارك، عن يحيى بن أيوب، عن عبيد الله بن زحر، عن خالد بن أبي عمران، عن أبي عياش، عن معاذ بن جبل، قال: قال رسول الله صلى الله عليه وسلم: إن شئتم أنبأتكم بأول ما يقول الله عز وجل للمؤمنين يوم القيامة وبأول ما يقولون، قالوا: نعم يا رسول الله قال: يقول للمؤمنين «هل أحببتم لقائي؟» فيقولون: نعم يا ربنا فيقول: «لم؟» فيقولون: رجونا عفوك ورحمتك فيقول: «فإني قد أوجبت لكم رحمتي» #,0
Musnad at-Tayalisi,793,UNGRADED,Other Narrations,[ص: 460] # إسحاق، عن عمرو بن ميمون الأودي، عن معاذ بن جبل، أن النبي صلى الله عليه وسلم قال له: «أتدري ما حق الله على العباد؟» قال: الله ورسوله أعلم قال: «فإن حق الله على العباد أن يعبدوه ولا يشركوا به شيئا، وحقهم على الله عز وجل إذا فعلوا ذلك أن لا يعذبهم» #,0
Musnad at-Tayalisi,794,UNGRADED,Quran & Recitation; Prophets & Past Peoples,"567 - # حدثنا أبو داود قال: حدثنا المسعودي، قال: حدثنا عمرو بن مرة، عن ابن أبي ليلى، عن معاذ بن جبل، «أن النبي صلى الله عليه وسلم» قدم المدينة فصلى سبعة عشر شهرا نحو بيت المقدس ثم نزلت عليه هذه الآية {قد نرى تقلب وجهك في السماء} [البقرة: 144] إلى آخر الآية قال: فوجهه الله إلى الكعبة "" #",0
Musnad at-Tayalisi,795,UNGRADED,Day of Judgement; Resurrection & Intercession,"568 - # حدثنا أبو داود قال: حدثنا شعبة، عن الأعمش، قال: سمعت أبا وائل، يحدث عن مسروق، «أن رسول الله صلى الله عليه وسلم لما بعث معاذا إلى اليمن أمره أن» يأخذ من كل حالم دينارا أو قيمته معافر """,0
Musnad at-Tayalisi,797,UNGRADED,Death & Burial; Prophets & Past Peoples,569 - # حدثنا أبو داود قال: حدثنا شعبة، عن عمرو بن أبي حكيم، عن عبد الله بن بريدة، عن يحيى بن يعمر، عن أبي الأسود الديلي، قال: أتي معاذ بن جبل في رجل قد مات علي غير الإسلام وترك ابنه مسلما فورثه منه معاذ وقال: سمعت رسول الله صلى الله عليه وسلم يقول: «الإسلام يزيد ولا ينقص» #,0
Musnad at-Tayalisi,798,UNGRADED,Prophets & Past Peoples,570 - # حدثنا أبو داود قال: حدثنا قرة بن خالد، قال: حدثنا أبو الزبير، قال: حدثنا أبو الطفيل عامر بن واثلة الليثي، قال: حدثنا معاذ بن جبل، قال: «جمع رسول الله صلى الله عليه وسلم في غزوة غزاها - وذلك في غزوة تبوك - بين الظهر والعصر وبين المغرب والعشاء» ، قال: قلت: ما أراد بذلك قال: أراد ألا يحرج أمته #,1
Musnad at-Tayalisi,799,UNGRADED,Prophets & Past Peoples,571 - # حدثنا أبو داود قال: حدثنا جرير الضبي، عن عبد الملك بن عمير، عن عبد الرحمن بن أبي ليلى، عن معاذ بن جبل، قال: تساب رجلان عند النبي صلى الله عليه وسلم فغضب أحدهما حتى تمزع أنفه من,0
Musnad at-Tayalisi,801,UNGRADED,Prophets & Past Peoples,572 - # حدثنا أبو داود قال: حدثنا شعبة، عن يعلى بن عطاء، عن الوليد بن عبد الرحمن، عن أبي إدريس العائذي، قال: دخلت المسجد وفيه نحو من عشرين من أصحاب النبي صلى الله عليه وسلم وإذا فيهم رجل أدعج العين أغر الثنايا إذا اختلفوا في شيء قال قولا انتهوا إلى قوله فسألت عنه فإذا هو معاذ بن جبل فلما كان الغد دخلت المسجد فإذا هو قائم يصلي إلى سارية فجلست إليه فلما فعلت ذلك حذف من صلاته فقلت: والله إني لأحبك من جلال الله قال: «آلله» ؟,0
Musnad at-Tayalisi,806,UNGRADED,Paradise; Angels & the Unseen,574 - # حدثنا أبو داود قال: حدثنا زمعة، عن الزهري، عن أبي إدريس الخولاني، قال: كنت في مجلس من أصحاب النبي صلى الله عليه وسلم فيهم عبادة بن الصامت فذكروا الوتر فقال بعضهم: واجب وقال بعضهم: سنة فقال عبادة بن الصامت: أما أنا فأشهد أني سمعت رسول الله صلى الله عليه وسلم يقول: أتاني جبريل صلى الله عليه وسلم من عند الله تبارك وتعالى فقال: يا محمد إن الله عز وجل يقول: «إني قد فرضت على أمتك خمس صلوات من وافى بهن على وضوئهن ومواقيتهن وركوعهن وسجودهن فإن له عندي بهن عهدا أن أدخله بهن الجنة، ومن لقيني قد,0
Musnad at-Tayalisi,808,UNGRADED,Prophets & Past Peoples,575 - # حدثنا أبو داود قال: حدثنا شعبة، عن قتادة، عن أنس، عن عبادة بن الصامت، أن النبي صلى الله عليه وسلم قال: «من أحب لقاء الله أحب الله,0
Musnad at-Tayalisi,810,UNGRADED,Prophets & Past Peoples,576 - # حدثنا أبو داود قال: حدثنا شعبة، عن قتادة، عن أنس، عن عبادة بن الصامت، أن النبي صلى الله عليه وسلم قال: «رؤيا المؤمن جزء من ستة وأربعين جزءا من النبوة» #,0
Musnad at-Tayalisi,811,UNGRADED,Hajj & Umrah; Prophets & Past Peoples,577 - # حدثنا أبو داود قال: حدثنا حماد، عن ثابت، وحميد، عن أنس، عن عبادة بن الصامت، أن رسول الله صلى الله عليه وسلم خرج وهو يريد أن يخبر أصحابه بليلة القدر فتلاحى رجلان فقال رسول الله صلى الله عليه وسلم: «خرجت وأنا أريد أن أخبركم بليلة القدر فتلاحى رجلان فاختلجت مني فاطلبوها في العشر الأواخر في سابعة تبقى أو تاسعة تبقى أو خامسة تبقى» #,0
Musnad at-Tayalisi,812,UNGRADED,Prophets & Past Peoples,578 - # حدثنا أبو داود قال: حدثنا عبد الواحد بن سليم، عن عطاء بن أبي رباح، قال: حدثني الوليد بن عبادة بن الصامت، قال: دعاني أبي فقال: يا بني اتق الله واعلم أنك لن تتقي الله حتى تؤمن بالله وتؤمن بالقدر كله خيره وشره إن مت على غير هذا دخلت النار إني سمعت رسول الله صلى الله عليه وسلم يقول: إن أول ما خلق الله القلم فقال: «اكتب» فقال: يا رب ما أكتب؟ قال: «اكتب القدر ما كان وما هو كائن إلى الأبد» #,0
Musnad at-Tayalisi,813,UNGRADED,Day of Judgement,579 - # حدثنا أبو داود قال: حدثنا هشام، عن قتادة، عن راشد، عن عبادة بن الصامت، أن رسول الله صلى الله عليه وسلم قال: «والنفساء يجرها ولدها يوم القيامة بسرره إلى الجنة» #,0
Musnad at-Tayalisi,815,UNGRADED,Repentance & Forgiveness; Character & Manners,[ص: 473] # أبا قلابة، يحدث عن أبي الأشعث، عن عبادة بن الصامت، قال: «أخذ رسول الله صلى الله عليه وسلم علينا كما أخذ على النساء أن لا نشرك بالله شيئا ولا نسرق ولا نزني ولا نقتل أولادنا ولا نعصيه في معروف فمن أتى منكم حدا مما نهي عنه فأقيم عليه فهو كفارة له ومن أخر فأمره إلى الله عز وجل إن شاء عذبه وإن شاء غفر له» #,0
Musnad at-Tayalisi,816,UNGRADED,Prophets & Past Peoples,581 - # حدثنا أبو داود قال: حدثنا شعبة، عن خالد، سمع أبا قلابة، يحدث عن أبي الأشعث، عن عبادة بن الصامت، أن رسول الله صلى الله عليه وسلم,0
Musnad at-Tayalisi,818,UNGRADED,Prophets & Past Peoples,582 - # حدثنا أبو داود قال: حدثنا الربيع بن صبيح، قال: حدثنا محمد بن سيرين، عن ابن الصامت، أن رسول الله صلى الله عليه وسلم قال: «الورق بالورق والذهب بالذهب والتمر بالتمر والبر بالبر والشعير بالشعير والملح بالملح عينا بعين» ، أو قال: «وزنا بوزن» هكذا رواه الربيع قال: وحدثنا أبو سفيان ومحمد بن المغيرة جميعا عن النعمان، عن إبراهيم بن طهمان، عن هشام، عن محمد، عن أبي الأشعث قال: ضمتنا كنيسة أنا وعبادة فقال: نهى رسول الله صلى الله عليه وسلم فذكر نحوه,0
Musnad at-Tayalisi,821,UNGRADED,Faith & Creed; Bloodshed & Murder,[ص: 476] # بن السمط، عن عبادة، قال: عاد النبي صلى الله عليه وسلم عبد الله بن رواحة فما تحوز له عن فراشه، فقال رسول الله صلى الله عليه وسلم: «ما تعدون شهداء أمتي؟» فقال: من قتل في سبيل الله فقال رسول الله صلى الله عليه وسلم: «إن شهداء أمتي إذا لقليل القتل شهادة والطاعون شهادة والبطن شهادة والمرأة يقتلها ولدها جمعا شهادة» #,0
Musnad at-Tayalisi,822,UNGRADED,Prophets & Past Peoples,584 - # حدثنا أبو داود قال: حدثنا حرب بن شداد، قال: حدثنا يحيى بن أبي كثير، قال: حدثنا أبو سلمة بن عبد الرحمن، قال: نبئت أن عبادة بن الصامت، سأل النبي صلى الله عليه وسلم عن قول الله عز وجل {لهم البشرى في الحياة الدنيا وفي الآخرة} [يونس: 64] قال: «هي الرؤيا الصالحة يراها الرجل المسلم أو ترى له» #,0
Musnad at-Tayalisi,823,UNGRADED,Justice & Judgement; Prophets & Past Peoples,585 - # حدثنا أبو داود قال: حدثنا جرير بن حازم، عن الحسن، عن عبادة، قال أبو داود: وذكره ابن فضالة، عن الحسن، عن حطان بن عبد الله الرقاشي، عن عبادة، أن رسول الله صلى الله عليه وسلم كان إذا نزل عليه الوحي عرف ذلك فيه فلما أنزلت {أو يجعل الله لهن سبيلا} [النساء: 15] فلما ارتفع الوحي قال رسول الله صلى الله عليه وسلم: «خذوا خذوا قد جعل الله لهن سبيلا البكر بالبكر جلد مائة ونفي سنة والثيب بالثيب جلد مائة ورجم بالحجارة» #,0
Musnad at-Tayalisi,824,UNGRADED,Prayer (Salah); Prophets & Past Peoples,"586 - # حدثنا أبو داود قال: حدثنا محمد بن مسلم بن أبي الوضاح، عن الأحوص بن حكيم، عن خالد بن معدان، عن عبادة بن الصامت، قال: قال رسول الله صلى الله عليه وسلم: "" إذا أحسن الرجل الصلاة فأتم ركوعها وسجودها قالت الصلاة: حفظك الله كما حفظتني فترفع، وإذا أساء الصلاة فلم يتم ركوعها وسجودها قالت الصلاة: ضيعك الله كما ضيعتني فتلف كما يلف الثوب الخلق فيضرب بها وجهه "" #",0
Musnad at-Tayalisi,825,UNGRADED,Prophets & Past Peoples,587 - # حدثنا أبو داود قال: حدثنا شعبة، قال: أخبرني أبو بكر بن حفص بن عمر بن سعد، قال: سمعت عبد الله بن محيريز، عن رجال من أصحاب النبي صلى الله عليه وسلم أو رجل من أصحاب النبي صلى الله عليه وسلم قال: قال رسول الله صلى الله عليه وسلم: «إن ناسا من أمتي يشربون الخمر يسمونها بغير اسمها» وروي هذا الحديث عن أبي بكر بن حفص، عن ابن محيريز، عن ثابت بن السمط، عن عبادة بن الصامت عن النبي صلى الله عليه وسلم #,0
Musnad at-Tayalisi,826,UNGRADED,Faith & Creed; Destiny & Decree,588 - # حدثنا أبو داود قال: حدثنا محمد بن أبان، عن علقمة بن مرثد، عن الشعبي، قال: قال عبادة بن الصامت عند معاوية: سمعت رسول الله صلى الله عليه وسلم يقول: «من أصيب بجسده بقدر نصف ديته فعفا كفر عنه نصف سيئاته وإن كان ثلثا أو ربعا فعلى قدر ذلك» ، فقال رجل: آلله لسمعته من رسول الله صلى الله عليه وسلم؟ فقال عبادة: والله لسمعته من رسول الله صلى الله عليه وسلم #,0
Musnad at-Tayalisi,828,UNGRADED,Prophets & Past Peoples,589 - # حدثنا يونس قال: حدثنا أبو داود قال: حدثنا شعبة، عن عون بن أبي جحيفة، عن أبيه، عن البراء بن عازب، عن أبي أيوب، أن النبي صلى الله عليه وسلم خرج عند المغرب فسمع صوتا فقال: «اليهود تعذب في قبورها» #,0
Musnad at-Tayalisi,829,UNGRADED,Day of Judgement; Resurrection & Intercession,590 - # حدثنا أبو داود قال: حدثنا شعبة، وحماد، عن سماك بن حرب، قال: سمعت جابر بن سمرة، يقول: نزل رسول الله صلى الله عليه وسلم على أبي أيوب الأنصاري فكان إذا أكل طعاما بعث إليه بفضله فينظر إلى موضع يد رسول الله صلى الله عليه وسلم فيضع يده فيه فبعث يوما إليه بطعام فلم ير,0
Musnad at-Tayalisi,830,UNGRADED,Hajj & Umrah; Prophets & Past Peoples,"[ص: 482] # فيه أثر أصابع رسول الله صلى الله عليه وسلم فأتى النبي صلى الله عليه وسلم فقال: يا رسول الله لم أر أثر أصابعك فقال: "" إنه كان فيه ثوم قال شعبة في حديثه: أحرام هو؟ فقال رسول الله صلى الله عليه وسلم: «لا» وقال حماد في حديثه: يا رسول الله بعثت إلي بما لم تأكل، فقال: «إنك لست مثلي إنه يأتيني الملك ولست مثلك» هكذا أخبرنا أبو داود وروى غندر، عن شعبة، عن سماك، عن جابر، عن أبي أيوب #",0
Musnad at-Tayalisi,831,UNGRADED,Prophets & Past Peoples,591 - # حدثنا أبو داود قال: حدثنا شعبة، عن عدي بن ثابت، عن عبد الله بن يزيد، عن أبي أيوب، قال: «جمع رسول الله صلى الله عليه وسلم يعني بجمع بين المغرب والعشاء» #,0
Musnad at-Tayalisi,834,UNGRADED,Prophets & Past Peoples,593 - # حدثنا أبو داود قال: حدثنا سفيان بن عيينة، عن الزهري، عن عطاء بن يزيد الليثي، عن أبي أيوب الأنصاري، قال: قال رسول الله صلى الله عليه وسلم: «لا يحل لمسلم أن يهجر أخاه فوق ثلاث يلتقيان فيصد هذا ويصد هذا وأفضلهما الذي يبدأ بالسلام» #,0
Musnad at-Tayalisi,835,UNGRADED,Prophets & Past Peoples,594 - # حدثنا أبو داود قال: حدثنا عبد الله بن بديل الخزاعي، عن الزهري، عن عطاء بن يزيد الليثي، عن أبي أيوب الأنصاري، قال: «الوتر حق» أو «واجب من شاء أوتر بسبع ومن شاء أوتر بخمس ومن شاء أوتر بثلاث ومن شاء أوتر بواحدة فمن غلب فليومئ إيماء» روى يزيد بن هارون، عن سفيان بن حسين عن الزهري، عن عطاء بن يزيد، عن أبي أيوب الأنصاري، عن النبي صلى الله عليه وسلم #,0
Musnad at-Tayalisi,836,UNGRADED,Fasting & Ramadan,595 - # حدثنا أبو داود قال: حدثنا ورقاء، عن سعد بن سعيد، عن عمر بن ثابت، عن أبي أيوب، أن رسول الله صلى الله عليه وسلم قال: «من صام رمضان ثم أتبعه بست من شوال فذلك صيام السنة» #,0
Musnad at-Tayalisi,837,UNGRADED,Servants & Freeing Slaves; Anger & Patience,596 - # حدثنا أبو داود قال: حدثنا عبد الله بن المبارك، عن عبد الله بن عقبة، عن بكير بن عبد الله بن الأشج، عن أبيه، عن عبيد وهو ابن تعلى، عن أبي أيوب الأنصاري، أن النبي صلى الله عليه وسلم «نهى عن صبر الدابة» ، قال أبو أيوب: لو كانت دجاجة ما صبرتها قال عبد الرحمن وكان قتل أربعة أعلاج لما سمع هذا الحديث: أعتق أربع رقاب #,0
Musnad at-Tayalisi,838,UNGRADED,Prophets & Past Peoples,597 - # حدثنا أبو داود قال: حدثنا قريش بن حيان، عن واصل بن سليم، قال: أتيت أبا أيوب الأزدي فصافحته فرأى أظفاري طوالا قال: أتى رجل النبي صلى الله عليه وسلم يسأله فقال: «يسألني أحدهم عن خبر السماء ويدع أظفاره كأظفار الطير يجمع فيها الجنابة,0
Musnad at-Tayalisi,840,UNGRADED,Prophets & Past Peoples,598 - # حدثنا أبو داود قال: حدثنا شعبة، وغيره، عن عبيدة، عن إبراهيم، عن سهم بن منجاب، عن قزعة، عن قرثع، عن أبي أيوب، قال: نزل علي رسول الله صلى الله عليه وسلم فكان يصلي أربعا قبل الظهر فسألته عن ذلك فقال: «إن أبواب السماء تفتح فلا تغلق حتى تصلى الظهر» ، قال: قلت: يا رسول الله أتسلم بينهن؟ قال: «لا، إلا في,0
Musnad at-Tayalisi,842,UNGRADED,Zakah & Charity; Character & Manners,599 - # حدثنا أبو داود قال: حدثنا أبو الصباح الشامي، عن عبد العزيز الشامي، عن أبيه، عن أبي أيوب، أن النبي صلى الله عليه وسلم قال له: «يا أبا أيوب ألا أدلك على صدقة يرضى الله ورسوله موضعها؟» قال: بلى قال: «تصلح بين الناس إذا تفاسدوا وتقرب بينهم إذا تباعدوا» #,0
Musnad at-Tayalisi,845,UNGRADED,Prophets & Past Peoples,601 - # حدثنا أبو داود قال: حدثنا ابن أبي ذئب، عن يزيد بن أبي حبيب، قال: حدثني رجل، سمع أبا أيوب، يقول: «كان رسول الله صلى الله عليه وسلم يصلي المغرب فطر الصائم مبادرة طلوع النجم» #,0
Musnad at-Tayalisi,847,UNGRADED,Prophets & Past Peoples,602 - # حدثنا يونس قال: حدثنا أبو داود قال: حدثنا شعبة، قال: أخبرني عمرو بن مرة، سمع أبا البختري، يحدث عن أبي سعيد، قال: لما نزلت هذه الآية {إذا جاء نصر الله والفتح} [النصر: 1] قرأها رسول الله صلى الله عليه وسلم حتى ختمها ثم قال: «أنا وأصحابي حيز والناس حيز لا هجرة بعد الفتح» قال أبو سعيد فحدثت بهذا الحديث مروان بن الحكم وكان أميرا على المدينة فقال: كذبت وعنده زيد بن ثابت وزيد بن أرقم,1
Musnad at-Tayalisi,849,UNGRADED,Day of Judgement; Resurrection & Intercession,603 - # حدثنا أبو داود قال: حدثنا وهيب، عن داود بن أبي هند، عن أبي نضرة، عن أبي سعيد، قال: لما توفي رسول الله صلى الله عليه وسلم قام خطباء الأنصار فجعل بعضهم يقول: يا معشر المهاجرين، إن رسول الله صلى الله عليه وسلم «كان إذا بعث رجلا منكم قرنه برجل منا» ، فنحن نرى أن يلي هذا الأمر رجلان، رجل منكم ورجل منا، فقام زيد بن ثابت، فقال: «إن رسول,0
Musnad at-Tayalisi,851,UNGRADED,Prayer (Salah); Prophets & Past Peoples,604 - # حدثنا أبو داود قال: حدثنا هشام، عن قتادة، عن أنس، عن زيد بن ثابت، قال: «تسحرنا مع رسول الله صلى الله عليه وسلم، ثم خرجنا إلى الصلاة» #,0
Musnad at-Tayalisi,852,UNGRADED,Prophets & Past Peoples,605 - # حدثنا أبو داود قال: حدثنا عمران القطان، عن قتادة، عن أنس، عن زيد بن ثابت، قال: نظر رسول الله صلى الله عليه وسلم قبل اليمن، فقال,0
Musnad at-Tayalisi,854,UNGRADED,Prophets & Past Peoples,606 - # حدثنا أبو داود قال: حدثنا محمد بن ثابت، عن أبيه ثابت، قال: مشيت مع أنس فجعل يقارب بين الخطى، فقال: يا ثابت، لم لا تسألني لم أفعل بك هذا؟ قال: ولم تفعله؟ قال: إني مشيت مع زيد بن ثابت ففعل بي مثل هذا، وقال: لم لا تسألني لم أفعل بك هذا؟ قال: فسألته، فقال زيد: هكذا فعل بي رسول الله صلى الله عليه وسلم، وقال لي: «يا زيد، أتدري لم أفعل بك هذا؟» ، قلت: ولم فعلته؟ قال: «أردت أن تكثر خطانا إلى المسجد» #,0
Musnad at-Tayalisi,855,UNGRADED,Prophets & Past Peoples,"607 - # حدثنا أبو داود قال: حدثنا شعبة، عن عدي بن ثابت، قال: سمعت عبد الله بن يزيد الأنصاري، يحدث عن زيد بن ثابت، أن رسول الله صلى الله عليه وسلم "" لما خرج إلى أحد رجعت طائفة ممن كان معه، فكان أصحاب النبي صلى الله عليه وسلم فيهم فرقتين: فرقة تقول: نقتلهم، وفرقة تقول: لا، فنزلت هذه الآية {فما لكم في المنافقين فئتين والله أركسهم بما كسبوا} [النساء: 88] الآية كلها "" #",0
Musnad at-Tayalisi,856,UNGRADED,Prophets & Past Peoples,608 - # حدثنا أبو داود قال: حدثنا شعبة، عن عدي بن ثابت، قال: سمعت عبد الله بن يزيد الأنصاري، يحدث عن زيد بن ثابت، قال: قال رسول الله صلى الله عليه وسلم: «إنها طيبة، وإنها تنفي خبثها، كما تنفي النار خبث الفضة» #,0
Musnad at-Tayalisi,857,UNGRADED,Prophets & Past Peoples,"609 - # حدثنا أبو داود قال: حدثنا إبراهيم بن سعد، عن الزهري، قال: أخبرني عبيد بن السباق، أن زيد بن ثابت، حدثه، قال: "" أرسلني أبو بكر رضي الله عنه مقتل أهل اليمامة، وإذا عنده عمر بن الخطاب، رضي الله عنه، فقال: إن هذا أتاني فأخبرني أن القتل قد استحر بقراء القرآن - يعني يوم اليمامة - وإني أخاف أن يستحر القتل بقراء القرآن في سائر المواطن، فيذهب القرآن، وقد رأيت أن تجمعه، فقلت: كيف تفعلون أمرا لم يفعله رسول الله صلى الله عليه وسلم؟ فوالله لو كلفوني نقل جبل من الجبال كان أحب إلي مما كلفوني "" #",0
Musnad at-Tayalisi,858,UNGRADED,Prophets & Past Peoples,"610 - # حدثنا أبو داود قال: حدثنا إبراهيم بن سعد، عن الزهري، قال: أخبرني خارجة بن زيد، عن زيد بن ثابت، قال: "" افتقدت آية كنت أسمع رسول الله صلى الله عليه وسلم يقرؤها، فالتمستها، فوجدتها عند خزيمة بن ثابت {من المؤمنين رجال صدقوا ما عاهدوا الله عليه} [الأحزاب: 23] فألحقتها في سورتها "" #",1
Musnad at-Tayalisi,859,UNGRADED,Prophets & Past Peoples,611 - # حدثنا أبو داود قال: حدثنا عبد الرحمن بن أبي الزناد، عن أبيه، عن خارجة بن زيد، عن أبيه، قال: قال النبي صلى الله عليه وسلم: «إن هذا المال خضر حلو، فلا تبيعوا الثمار حتى يبدو صلاحها» #,0
Musnad at-Tayalisi,862,UNGRADED,Prayer (Salah),"[ص: 502] # زيد بن ثابت أسأله عن صلاة رسول الله صلى الله عليه وسلم في الخوف، فأتيته فسألته، فحدث أن رسول الله صلى الله عليه وسلم "" صلى بأصحابه، ففرقهم: فرقة تلقاء وجوه عدوهم، وفرقة تلقاءه، فصلى بالذين يلونه ركعة ثم انطلقوا إلى مصاف إخوانهم، ثم جاء الآخرون فصلى بهم ركعة، فكان لرسول الله صلى الله عليه وسلم ركعتان وللقوم ركعة ركعة "" #",0
Musnad at-Tayalisi,863,UNGRADED,Prophets & Past Peoples,614 - # حدثنا أبو داود قال: حدثنا ابن أبي ذئب، عن يزيد بن عبد الله بن قسيط، عن عطاء بن يسار، عن زيد بن ثابت، قال: «قرأت عند رسول الله صلى الله عليه وسلم النجم، فلم يسجد فيها» #,0
Musnad at-Tayalisi,864,UNGRADED,Prophets & Past Peoples,615 - # حدثنا أبو داود قال: حدثنا شعبة، عن قتادة، قال: سمعت يونس بن جبير، يحدث عن كثير بن الصلت، أنهم كانوا يكتبون المصاحف عند زيد بن ثابت، فأتوا على هذه الآية، فقال زيد بن ثابت: سمعت رسول الله صلى الله عليه وسلم يقول: «والشيخ والشيخة إذا زنيا فارجموهما ألبتة نكالا من الله ورسوله» #,0
Musnad at-Tayalisi,866,UNGRADED,Leadership & Governance,[ص: 504] # : سمعت رسول الله صلى الله عليه وسلم يقول: «ثلاث لا يغل عليهن قلب مسلم، إخلاص العمل لله عز وجل، ومناصحة ولاة الأمر، ولزوم الجماعة؛ فإن دعوتهم تحيط من ورائهم» #,0
Musnad at-Tayalisi,867,UNGRADED,Prophets & Past Peoples,617 - # حدثنا أبو داود قال: حدثنا شعبة، عن عمر بن سليمان، عن عبد الرحمن بن أبان، عن أبيه، عن زيد بن ثابت، قال: سمعت رسول الله صلى الله عليه وسلم يقول: «من كانت الدنيا نيته فرق الله عز وجل عليه أمره، وجعل فقره بين عينيه، ولم يأته من الدنيا إلا ما كتب له، ومن كانت,0
Musnad at-Tayalisi,869,UNGRADED,Prophets & Past Peoples,618 - # حدثنا أبو داود قال: حدثنا شعبة، عن عمر بن سليمان، عن عبد الرحمن بن أبان، عن أبيه، قال: سمعت زيد بن ثابت، يقول: سمعت رسول الله صلى الله عليه وسلم يقول: «نضر الله امرأ سمع منا حديثا حفظه حتى يبلغه فرب حامل فقه إلى من هو أفقه منه، ورب حامل فقه ليس بفقيه» #,0
Musnad at-Tayalisi,870,UNGRADED,Prophets & Past Peoples,619 - # حدثنا أبو داود قال: حدثنا سهل بن سليمان، عن سعيد بن سنان، عن ابن الديلمي، قال: أتيت زيد بن ثابت، فقال: سمعت رسول الله صلى الله عليه وسلم يقول: «إن الله عز وجل لو عذب أهل سماواته وأهل أرضه عذبهم غير ظالم لهم، ولو رحمهم كانت رحمته خيرا لهم من أعمالهم، ولو كان لك مثل أحد ذهبا، فأنفقته في سبيل الله ما تقبل,0
Musnad at-Tayalisi,872,UNGRADED,Prophets & Past Peoples,620 - # حدثنا أبو داود قال: حدثنا شعبة، عن عمرو بن دينار، عن طاوس، عن حجر المدري، عن زيد بن ثابت، أن رسول الله صلى الله عليه وسلم قال: «العمرى هي للوارث» ، أو قال: «سبيلها سبيل الميراث» #,0
Musnad at-Tayalisi,874,UNGRADED,Prophets & Past Peoples,621 - # حدثنا يونس قال: حدثنا أبو داود قال: حدثنا هشام، عن يحيى بن أبي كثير، عن عبد الله بن أبي قتادة، عن أبيه، أن النبي صلى الله عليه وسلم قال: «إذا أتى أحدكم الخلاء فلا يستنجين بيمينه، ولا يمس ذكره بيمينه» #,0
Musnad at-Tayalisi,875,UNGRADED,Modesty & Dress; Destiny & Decree,622 - # حدثنا أبو داود قال: حدثنا هشام، قال: كتب إلي يحيى بن أبي كثير، يحدثني عن عبد الله بن أبي قتادة، عن أبيه، قال: قال رسول الله صلى الله عليه وسلم: «إذا ثوب بالصلاة، فلا تقوموا حتى تروني» #,1
Musnad at-Tayalisi,878,UNGRADED,Other Narrations,[ص: 509] # عبد الله بن أبي قتادة، عن أبيه، قال: قال رسول الله صلى الله عليه وسلم: «لا تنتبذوا التمر والزبيب جميعا، وانتبذوا كل واحد منهما على حدته» #,0
Musnad at-Tayalisi,879,UNGRADED,Prophets & Past Peoples,625 - # حدثنا أبو داود قال: حدثنا هشام، عن يحيى بن أبي كثير، عن عبد الله بن أبي قتادة، عن أبيه، قال: «كان النبي صلى الله عليه وسلم يتنفس في الإناء، أو يتنفس ثلاثا ثلاثا» #,0
Musnad at-Tayalisi,880,UNGRADED,Quran & Recitation; Prophets & Past Peoples,626 - # حدثنا أبو داود قال: حدثنا هشام، عن يحيى بن أبي كثير، عن عبد الله بن أبي قتادة، عن أبيه، قال: «كان النبي صلى الله عليه وسلم يقرأ في الركعتين الأوليين من الظهر والعصر، يسمعنا الآية أحيانا، ويطيل في الركعة,1
Musnad at-Tayalisi,882,UNGRADED,Prophets & Past Peoples,627 - # حدثنا أبو داود قال: حدثنا ابن أبي ذئب، عن سعيد المقبري، عن عبد الله بن أبي قتادة، عن أبيه، قال: «خطب رسول الله صلى الله عليه وسلم، فذكر الجهاد، فلم يفضل عليه شيئا إلا المكتوبة» #,0
Musnad at-Tayalisi,883,UNGRADED,Speech & Backbiting; Paradise,628 - # حدثنا أبو داود قال: حدثنا ابن أبي ذئب، عن سعيد المقبري، عن عبد الله بن أبي قتادة، عن أبيه، قال: قام رجل، فقال: يا رسول الله، أرأيت إن قتلت في سبيل الله، أين أنا؟ فقال: «إن قتلت في سبيل الله صابرا محتسبا، مقبلا غير مدبر، فأنت في الجنة» ، ثم سكت ورئينا أنه,0
Musnad at-Tayalisi,885,UNGRADED,Prophets & Past Peoples,629 - # حدثنا أبو داود قال: حدثنا إبراهيم بن سعد، عن أبيه، عن عبد الله بن أبي قتادة الأنصاري، عن أبيه، أن رسول الله صلى الله عليه وسلم كان إذا أتي بجنازة سأل عنها، فإن أثني عليها خيرا صلى عليها، وإن أثني عليها شرا قال لأهلها: «شأنكم بها» ، ولم يصل عليها #,0
Musnad at-Tayalisi,886,UNGRADED,Prophets & Past Peoples,630 - # حدثنا أبو داود قال: حدثنا ابن أبي ذئب، عن صالح بن أبي حسان، عن عبد الله بن أبي قتادة، عن أبيه، أن رسول الله صلى الله عليه وسلم بعثه طليعة، وأصحابه محرمون، وهو غير محرم، قال: فرأينا حمارا فاستعرت منهم سوطا، فأبوا أن يعيروني، فاختلسته من بعضهم، فأصبته,0
Musnad at-Tayalisi,887,UNGRADED,Other Narrations,[ص: 512] # فنحرته فأبوا أن يأكلوا معي، فأتوا رسول الله صلى الله عليه وسلم، فقال: يا رسول الله، إنا صنعنا شيئا لا ندري ما هو فأخبروه، فقال رسول الله صلى الله عليه وسلم: «كلوا وأطعمونا» #,0
Musnad at-Tayalisi,888,UNGRADED,Night & Voluntary Prayer; Prophets & Past Peoples,631 - # حدثنا أبو داود قال: حدثنا هشام، عن يحيى بن أبي كثير، عن عبد الله بن أبي قتادة، عن أبيه، أنه انطلق مع رسول الله صلى الله عليه وسلم عام الحديبية، فأحرم أصحابي ولم أحرم، فانطلق النبي صلى الله عليه وسلم، وكنت مع أصحابي، فجعل بعضهم يضحك إلى بعض فنظرت، فإذا حمار وحش، فحملت عليه فطعنته وأثبته فاستعنت بهم، فأبوا أن يعينوني فأكلنا منه، وخشيت أن يقتطع قومي، فانطلقت أرفع فرسي أطلب النبي صلى الله عليه وسلم، فلقيت رجلا في جوف الليل من غفار، فقلت: أين تركت النبي صلى الله عليه وسلم؟ قال: بالسقيا، فقلت: يا رسول الله، إن أصحابك يقرءون عليك,0
Musnad at-Tayalisi,891,UNGRADED,Prayer (Salah); Prophets & Past Peoples,633 - # حدثنا أبو داود قال: حدثنا مالك بن أنس، عن عامر بن عبد الله بن الزبير، عن عمرو بن سليم الزرقي، عن أبي قتادة، قال: قال النبي صلى الله عليه وسلم: «إذا دخل أحدكم المسجد، فليصل ركعتين قبل أن يجلس» #,0
Musnad at-Tayalisi,892,UNGRADED,Prophets & Past Peoples,634 - # حدثنا أبو داود قال: حدثنا شعبة، عن عبد ربه بن سعيد الأنصاري، قال: سمعت أبا سلمة بن عبد الرحمن، يقول: إن كنت لأرى الرؤيا فتمرضني، فذكرت ذلك لأبي قتادة، فقال: وأنا إن كنت لأرى الرؤيا تمرضني، حتى سمعت رسول الله صلى الله عليه وسلم يقول: «الرؤيا الصالحة من الله، فإذا رأى أحدكم ما يحب فلا يحدث بها إلا من,0
Musnad at-Tayalisi,894,UNGRADED,Prayer (Salah); Fasting & Ramadan,635 - # حدثنا أبو داود، حدثنا هشام، عن قتادة، عن غيلان، عن عبد الله بن معبد الزماني، عن أبى قتادة، قال: قال رسول الله صلى الله عليه وسلم في صوم عاشوراء: «إني لأحتسب على الله عز وجل، أن يكفر السنة» وقال في صوم يوم عرفة: «إني لأحتسب على الله أن يكفر السنة التي قبله، والسنة التي بعده» #,0
Musnad at-Tayalisi,895,UNGRADED,Prophets & Past Peoples,636 - # حدثنا أبو داود قال: حدثنا حماد بن زيد، وهشام، ومهدي، قال حماد ومهدي: عن غيلان بن جرير، وهشام عن قتادة، عن غيلان، عن عبد الله بن معبد الزماني، عن أبي قتادة، أن أعرابيا سأل رسول الله صلى الله عليه وسلم عن صومه، فغضب حتى عرف ذلك في وجهه، فقام,0
Musnad at-Tayalisi,896,UNGRADED,Fasting & Ramadan,[ص: 516] # عمر بن الخطاب رضي الله عنه فقال: رضينا بالله ربا، وبالإسلام دينا، وبك نبيا، أعوذ بالله من غضب الله وغضب رسوله، فلم يزل عمر يردد ذلك حتى سكن، فقال: يا رسول الله، ما تقول في رجل يصوم الدهر كله؟ فقال رسول الله صلى الله عليه وسلم: «لا صام ولا أفطر» ، أو قال: «ما صام وما أفطر» فقال: يا رسول الله، كيف بمن يصوم يومين ويفطر يوما؟ فقال: «ومن يطيق ذلك؟» فقال: يا رسول الله، فكيف بمن يفطر يومين ويصوم يوما؟ فقال: «لوددت أني طوقت ذلك» ، فقال: يا رسول الله، فما تقول في صوم يوم الاثنين؟ قال: «ذاك يوم ولدت فيه، وأنزل علي فيه» ، قالوا: يا رسول الله، فما تقول في رجل يصوم يوما ويفطر يوما؟ فقال: «ذاك صوم أخي داود» ، قالوا: يا رسول الله، فما تقول في صوم يوم عاشوراء؟ قال: «إني لأحتسب على الله أن يكفر السنة» ، قال: يا رسول الله، فما تقول في صوم يوم عرفة؟ قال,0
Musnad at-Tayalisi,898,UNGRADED,Prophets & Past Peoples,637 - # حدثنا أبو داود قال: حدثنا وهيب، عن داود بن أبي هند، عن أبي نضرة، عن أبي سعيد الخدري، أن رسول الله صلى الله عليه وسلم لما حفر,0
Musnad at-Tayalisi,899,UNGRADED,Character & Manners; Trials & Illness,[ص: 518] # الخندق، وكان الناس يحملون لبنة لبنة، وعمار ناقه من وجع كان به، فجعل يحمل لبنتين لبنتين، قال أبو سعيد: فحدثني أصحابي أن رسول الله صلى الله عليه وسلم كان ينفض التراب عن رأسه ويقول: «ويحك يا ابن سمية، تقتلك الفئة الباغية» ، وروي هذا الحديث عن أبي نضرة، عن أبي سعيد، عن أبي قتادة #,1
Musnad at-Tayalisi,900,UNGRADED,Character & Manners; Prophets & Past Peoples,638 - # حدثنا أبو داود قال: حدثنا عبد الله بن المبارك، عن عبد الله بن عقبة الحضرمي، عن علي بن رباح، عن أبي قتادة الأنصاري، قال: قال رسول الله صلى الله عليه وسلم: «خير الخيل الأقرح، الأرثم، الأدهم، المحجل، طلق اليمين، فإن لم يكن أدهم، فكميت على هذه الشية» #,0
Musnad at-Tayalisi,901,UNGRADED,Prophets & Past Peoples,639 - # حدثنا أبو داود قال: حدثنا محمد بن درهم الأزدي، قال: حدثني كعب بن عبد الرحمن الأزدي، عن ابن أبي قتادة الأنصاري، عن أبيه، قال: أتانا رسول الله صلى الله عليه وسلم ونحن نبني المسجد، فقال: «أوسعوه تملئوه» #,0
Musnad at-Tayalisi,902,UNGRADED,Prophets & Past Peoples,640 - # حدثنا أبو داود قال: حدثنا فليح بن سليمان، قال: حدثنا عامر بن عبد الله بن الزبير، عن عمرو بن سليم الزرقي، عن أبي قتادة، قال: «كان رسول الله صلى الله عليه وسلم يصلي للناس - يعني بالناس - وقد حمل أمامة بنت أبي العاص، حاملها على عنقه، إذا ركع وضعها، وإذا رفع رفعها» #,0
Musnad at-Tayalisi,904,UNGRADED,Prophets & Past Peoples,641 - # حدثنا يونس قال: حدثنا أبو داود قال: حدثنا شعبة، قال: أخبرني إسماعيل بن أبي خالد، عن قيس بن أبي حازم، عن أبي مسعود البدري، قال: قال رجل: يا رسول الله، إني أصلي خلف فلان وإنه يطيل الصلاة حتى ربما تأخرت قال: فغضب رسول الله صلى الله عليه وسلم غضبا ما رأيته غضبه في موعظة قط ثم قال: «إن منكم منفرين فمن أم الناس فليخفف بهم الصلاة فإن فيهم الضعيف والكبير وذا الحاجة» #,0
Musnad at-Tayalisi,905,UNGRADED,Prophets & Past Peoples,642 - # حدثنا أبو داود قال: حدثنا شعبة، عن الأعمش، قال: سمعت أبا وائل، يحدث عن أبي مسعود البدري، قال: صنع رجل منا يكنى أبا شعيب لرسول الله صلى الله عليه وسلم طعاما فقال: تعال أنت وخمسة معك فقال رسول الله صلى الله عليه وسلم: «تأذن لي في السادس؟» #,0
Musnad at-Tayalisi,908,UNGRADED,Day of Judgement,644 - # حدثنا أبو داود قال: حدثنا شعبة، حدثنا الأعمش، قال: سمعت أبا عمرو الشيباني، يحدث عن أبي مسعود البدري: أن رجلا جاء إلى النبي صلى الله عليه وسلم بناقة مزمومة صدقة فقال له رسول الله صلى الله عليه وسلم: «لك يوم القيامة بها سبعمائة ناقة مزمومة» #,0
Musnad at-Tayalisi,909,UNGRADED,Character & Manners; Work & Livelihood,645 - # حدثنا أبو داود قال: حدثنا شعبة، عن الأعمش، قال: سمعت أبا عمرو الشيباني، يحدث عن أبي مسعود، أن رجلا أتى رسول الله صلى الله عليه وسلم فقال: احملني فإنه قد أبدع بي فقال رسول الله صلى الله عليه وسلم: «ائت فلانا فاسأله» فأتاه فسأله فحمله فقال رسول الله صلى الله عليه وسلم: «من دل على خير فله مثل أجر فاعله» أو قال: «عامله» #,0
Musnad at-Tayalisi,910,UNGRADED,Prayer (Salah); Prophets & Past Peoples,"646 - # حدثنا أبو داود قال: حدثنا شعبة، عن الأعمش، قال: سمعت عمارة بن عمير، يحدث عن أبي معمر الأزدي، عن أبي مسعود البدري، أن النبي صلى الله عليه وسلم قال: "" لا تجزئ صلاة لرجل لا يقيم صلبه - أو قال: ظهره - في الركوع والسجود "" #",0
Musnad at-Tayalisi,911,UNGRADED,Prayer (Salah); Prophets & Past Peoples,"647 - # حدثنا أبو داود قال: حدثنا شعبة، عن الأعمش عن عمارة بن عمير عن أبي معمر، عن أبي مسعود البدري، قال: كان النبي صلى الله عليه وسلم يسوي مناكبنا يعني في الصلاة ويقول: «استووا ولا تختلفوا فتختلف قلوبكم وليلني منكم أولو الأحلام والنهى» ثم الذين يلونهم ثم الذين يلونهم "" قال أبو مسعود فأنتم اليوم أشد اختلافا #",0
Musnad at-Tayalisi,912,UNGRADED,Quran & Recitation; Prophets & Past Peoples,648 - # حدثنا أبو داود قال: حدثنا شعبة، عن الأعمش، ومنصور، عن إبراهيم، عن عبد الرحمن بن يزيد، عن أبي مسعود البدري، قال: بلغني عنه حديث فلقيته وهو يطوف بالبيت فسألته فحدثني أن النبي صلى الله عليه وسلم قال: «من قرأ الآيتين من سورة البقرة في ليلة كفتاه» #,0
Musnad at-Tayalisi,913,UNGRADED,Zakah & Charity,649 - # حدثنا أبو داود قال: حدثنا شعبة، عن عدي بن ثابت، قال: سمعت عبد الله بن يزيد، يحدث عن أبي مسعود البدري، أن النبي صلى الله عليه وسلم قال: «إذا أنفق الرجل على أهله النفقة يحتسبها فهي له صدقة» قال: قلت: أعن النبي صلى الله عليه وسلم؟ قال: عن النبي صلى الله عليه وسلم #,0
Musnad at-Tayalisi,914,UNGRADED,Prophets & Past Peoples,650 - # حدثنا أبو داود قال: حدثنا هشام، عن حماد، عن إبراهيم، عن أبي عبد الله الجدلي، عن أبي مسعود البدري، قال: «كان رسول الله صلى الله عليه وسلم يوتر أول الليل وأوسطه وآخره» #,0
Musnad at-Tayalisi,915,UNGRADED,Quran & Recitation; Prophets & Past Peoples,651 - # حدثنا أبو داود قال: حدثنا شعبة، عن أبي قيس، عن عمرو بن ميمون، عن أبي مسعود، أن النبي صلى الله عليه وسلم قال: «أيغلب أحدكم أن يقرأ ثلث القرآن كل ليلة؟» قلنا: ومن يطيق ذلك يا رسول الله؟ قال: «قل هو الله أحد ثلث القرآن» #,0
Musnad at-Tayalisi,916,UNGRADED,Day of Judgement; Prophets & Past Peoples,652 - # حدثنا أبو داود قال: حدثنا شعبة، عن إسماعيل بن رجاء الزبيدي، قال: سمعت أوس بن ضمعج، يحدث عن أبي مسعود البدري، قال: قال رسول الله صلى الله عليه وسلم: «يؤم القوم أقرؤهم لكتاب الله وأقدمهم قراءة فإن كانوا في القراءة سواء فأقدمهم هجرة فإن كانوا في الهجرة سواء فأكبرهم سنا ولا تؤم الرجل في بيته ولا في سلطانه، ولا تجلس على تكرمته إلا بإذنه» أو قال: «إلا أن يأذن لك» #,0
Musnad at-Tayalisi,917,UNGRADED,Prophets & Past Peoples,653 - # حدثنا أبو داود قال: حدثنا شعبة، عن حبيب بن أبي ثابت، عن القاسم بن عبيد الله، عن عبد الله بن عتبة بن مسعود، عن أبي مسعود البدري، قال: دخلنا مع النبي صلى الله عليه وسلم في بيت فقال: «إن هذا الأمر لا يزال فيكم وأنتم ولاته ما لم تحدثوا أعمالا فإذا أحدثتموها سلط الله عز وجل عليكم من شرار خلقه فالتحوكم كما يلتحى القضيب» قال أبو داود: يعني ينحت كما ينحت القضيب #,0
Musnad at-Tayalisi,918,UNGRADED,Prayer (Salah); Justice & Judgement,"654 - # حدثنا أبو داود قال: حدثنا همام، عن عطاء بن السائب، عن سالم البراد، قال: قال لنا أبو مسعود: ألا أصلي بكم صلاة رسول الله صلى الله عليه وسلم؟ قال: قلنا: بلى قال: "" فصلى بنا أربع ركعات الظهر أو العصر فوضع يديه على ركبتيه وفرج بين أصابعه، قال: ثم رفع رأسه فاستوى قائما حتى استقر كل شيء منه ففعل ذلك حتى قضى صلاته "" ثم قال: هكذا كانت صلاة رسول الله صلى الله عليه وسلم #",0
Musnad at-Tayalisi,919,UNGRADED,Character & Manners; Prophets & Past Peoples,655 - # حدثنا أبو داود قال: حدثنا شعبة، عن منصور، عن ربعي بن حراش، عن أبي مسعود البدري، قال: قال رسول الله صلى الله عليه وسلم: «إن مما أدرك الناس من كلام النبوة الأولى إذا لم تستحي فاصنع ما شئت» #,0
Musnad at-Tayalisi,921,UNGRADED,Prophets & Past Peoples,656 - # حدثنا يونس قال: حدثنا أبو داود قال: حدثنا حماد بن زيد، عن عبيد الله بن أبي يزيد، عن ابن عباس، عن أسامة بن زيد، أن النبي صلى الله عليه وسلم قال: «إنما الربا في النسيئة» #,0
Musnad at-Tayalisi,922,UNGRADED,Prophets & Past Peoples; Food & Drink,657 - # حدثنا أبو داود قال: حدثنا ابن أبي ذئب، عن عبد الرحمن بن مهران، قال: حدثني عمير مولى ابن عباس عن أسامة بن زيد، قال: دخلت على رسول الله صلى الله عليه وسلم في الكعبة ورأى صورا قال: فدعا بدلو من ماء فأتيته به فجعل يمحوها ويقول: «قاتل الله قوما يصورون ما لا يخلقون» #,0
Musnad at-Tayalisi,923,UNGRADED,Prophets & Past Peoples,658 - # حدثنا أبو داود قال: حدثنا حماد بن سلمة، عن هشام بن عروة، عن أبيه، عن أسامة بن زيد، أنه أفاض مع النبي صلى الله عليه وسلم «فكان يسير العنق فإذا أتى فجوة نص» #,0
Musnad at-Tayalisi,924,UNGRADED,Prophets & Past Peoples,659 - # حدثنا أبو داود قال: حدثنا صالح بن أبي الأخضر، عن الزهري، عن عروة بن الزبير، عن أسامة، قال: «أمرني النبي صلى الله عليه وسلم أن أغير على أبنى صباحا وأحرق» #,1
Musnad at-Tayalisi,927,UNGRADED,Angels & the Unseen; Prophets & Past Peoples,"661 - # حدثنا أبو داود قال: حدثنا ابن أبي ذئب، عن خاله الحارث بن عبد الرحمن، عن كريب، عن أسامة بن زيد، قال: رأيت رسول الله صلى الله عليه وسلم وعليه الكآبة فقلت: يا رسول الله، ما شأنك؟ قال: «وعدني جبريل فلم أره منذ ثلاث» قال: فظهر كلب خرج من بعض البيوت فأمر رسول الله صلى الله عليه وسلم بقتله فظهر جبريل فقال: "" يا جبريل كنت إذا وعدتني أتيتني فما لك الآن؟ فقال: إنا لا ندخل بيتا فيه",0
Musnad at-Tayalisi,929,UNGRADED,Prayer (Salah); Prophets & Past Peoples,662 - # حدثنا أبو داود قال: حدثنا ابن أبي ذئب، عن الزبرقان، عن زهرة، قال: كنا جلوسا عند زيد بن ثابت فأرسلوا إلى أسامة بن زيد فسألوه عن الصلاة الوسطى، فقال: هي الظهر «كان رسول الله صلى الله عليه وسلم يصليها بالهجير» #,0
Musnad at-Tayalisi,930,UNGRADED,Hajj & Umrah; Prophets & Past Peoples,663 - # حدثنا أبو داود قال: حدثنا ابن أبي ذئب، عن شعبة مولى ابن عباس عن ابن عباس، عن أسامة بن زيد، قال: «ردفت رسول الله صلى الله عليه وسلم من عرفة إلى جمع فأتى على شعب فنزل فأهراق الماء ثم لم يصل حتى أتى جمعا» #,0
Musnad at-Tayalisi,931,UNGRADED,Prophets & Past Peoples,664 - # حدثنا أبو داود قال: حدثنا شعبة، عن حبيب بن أبي ثابت، قال بلغني عن عامر بن سعد، فلم ألقه ولقيت إبراهيم بن سعد فسألته فأخبرني أنه سمع أسامة بن زيد، يحدث سعدا أن رسول الله صلى الله عليه وسلم قال في الطاعون: «إذا وقع بأرض وأنتم بها فلا تخرجوا منها وإذا كان بأرض ولستم بها فلا تدخلوها» #,0
Musnad at-Tayalisi,934,UNGRADED,Fasting & Ramadan; Theft & Property,666 - # حدثنا أبو داود قال: حدثنا هشام، عن يحيى بن أبي كثير، أن عمر بن الحكم بن ثوبان حدثه أن مولى قدامة بن مظعون حدثه أن مولى أسامة بن زيد حدثه، أن أسامة بن زيد كان يركب إلى مال بوادي القرى فكان يصوم الاثنين والخميس فقلت له: أتصوم وقد كبرت ورققت؟ فقال: إني رأيت رسول الله صلى الله عليه وسلم يصوم يوم الإثنين والخميس فقلت: يا رسول الله أتصوم يوم الاثنين والخميس؟ فقال: «إن الأعمال تعرض يوم الاثنين والخميس» #,0
Musnad at-Tayalisi,935,UNGRADED,Prophets & Past Peoples,667 - # حدثنا أبو داود قال: حدثنا إبراهيم بن سعد، عن الزهري، قال: حدثني عياض ختن أسامة، عن أسامة، أن رجلا قدم من الأرياف فأخذه الوجع فرجع فقال رسول الله صلى الله عليه وسلم: «إني لأرجو أن لا يطلع علينا نقابها» يعني نقاب المدينة #,0
Musnad at-Tayalisi,938,UNGRADED,Speech & Backbiting; Death & Burial,669 - # حدثنا أبو داود قال: حدثنا قيس، عن جامع بن شداد، عن كلثوم الخزاعي، عن أسامة، أن رسول الله صلى الله عليه وسلم قال في مرضه الذي مات فيه: «أدخلوا علي أصحابي» فدخلوا عليه وهو متقنع ببردة معافري فقال: «لعن الله اليهود اتخذوا قبور أنبيائهم مساجد» #,0
Musnad at-Tayalisi,939,UNGRADED,Hajj & Umrah; Prophets & Past Peoples,670 - # حدثنا أبو داود قال: حدثنا همام، عن قتادة، عن عزرة، عن الشعبي، قال: حدثني أسامة بن زيد، أنه «أفاض مع رسول الله صلى الله عليه وسلم من عرفة فلم ترفع راحلته يدا غادية حتى أتى المزدلفة» #,0
Musnad at-Tayalisi,940,UNGRADED,Prophets & Past Peoples,671 - # حدثنا أبو داود قال: حدثنا شعبة، وثابت أبو زيد، وغيرهما، كلهم عن عاصم بن سليمان، عن أبي عثمان النهدي، عن أسامة بن زيد، أن ابنة لرسول الله، صلى الله عليه وسلم أرسلت إليه أن ابنها,0
Musnad at-Tayalisi,941,UNGRADED,Quran & Recitation; Repentance & Forgiveness,[ص: 27] # يقضي تحب أن تأتيه فأرسل يقرأ السلام ويقول: «إن لله ما أخذ وما أعطى وكل شيء عنده بأجل مسمى ولتصبر ولتحتسب» فردت الرسول تعزم عليه لما جاء فقام رسول الله صلى الله عليه وسلم ومعه معاذ بن جبل وسعد وأبي بن كعب قال: فرفع الصبي إلى رسول الله صلى الله عليه وسلم ونفسه تقعقع في صدره ففاضت عينا رسول الله صلى الله عليه وسلم فقال سعد: يا رسول الله، ما هذه؟ قال: «هذه رحمة يجعلها الله في قلوب من يشاء من عباده، وإنما يرحم الله عز وجل من عباده الرحماء» #,0
Musnad at-Tayalisi,943,UNGRADED,Prophets & Past Peoples,672 - # حدثنا يونس قال: حدثنا أبو داود قال: قال: حدثنا ابن أبي ذئب، عن الزهري، عن عبيد الله، عن عمار بن ياسر، قال: هلك عقد لعائشة من جزع ظفار في سفر من أسفار رسول الله صلى الله عليه وسلم، وعائشة مع رسول الله صلى الله عليه وسلم في ذلك السفر فالتمست عائشة عقدها حتى انبهر الليل فجاء أبو بكر فتغيظ عليها وقال: حبست الناس بمكان ليس فيه ماء قال: فأنزلت آية الصعيد فجاء أبو بكر فقال: أنت والله يا بنية - ما علمت - مباركة فقال عبيد الله: وكان عمار يحدث أن الناس طفقوا يومئذ يمسحون بأكفهم الأرض فيمسحون بها,0
Musnad at-Tayalisi,945,UNGRADED,Travel & Migration,"673 - # حدثنا أبو داود قال: حدثنا شعبة، عن الحكم، سمع ذر بن عبد الله، يحدث عن ابن عبد الرحمن بن أبزى، عن أبيه، قال: أتى رجل عمر فذكر أنه كان في سفر فأجنب ولم يجد الماء فقال: لا يصلي، فقال عمار: أما تذكر يا أمير المؤمنين إذ كنت أنا وأنت في سرية فأجنبنا فلم نجد الماء فأما أنت فلم تصل وأما أنا فتمعكت في التراب وصليت فلما قدمنا على رسول الله صلى الله عليه وسلم ذكرنا ذلك له فقال لك: "" أما أنت فلم يكن ينبغي لك أن تدع الصلاة وأما أنت يا عمار فلم يكن ينبغي لك أن تمعك كما تتمعك الدابة إنما كان يجزئك - وضرب رسول الله صلى الله عليه وسلم بيده الأرض إلى التراب ثم قال - هكذا فنفخ",0
Musnad at-Tayalisi,948,UNGRADED,Brotherhood & Friendship; Prophets & Past Peoples,675 - # حدثنا أبو داود قال: حدثنا سلام، عن أبي إسحاق، عن ناجية، عن عمار بن ياسر، قال: أجنبت وأنا في الإبل، فلم أجد الماء فتمعكت كما تتمعك الدابة ثم أتيت رسول الله صلى الله عليه وسلم فذكرت ذلك له فقال: «إنما كان يكفيك التيمم» #,0
Musnad at-Tayalisi,949,UNGRADED,Prophets & Past Peoples,676 - # حدثنا أبو داود قال: حدثنا حماد بن سلمة، عن علي بن زيد، عن سلمة بن محمد، عن عمار بن ياسر، عن النبي صلى الله عليه وسلم قال: «الفطرة المضمضة، والاستنشاق، والسواك، وقص الشارب، وتقليم الأظفار، ونتف الإبط، والاستحداد، والانتضاح، والختان، وغسل البراجم» #,0
Musnad at-Tayalisi,951,UNGRADED,Paradise,[ص: 34] # رجل من آل سهل بن حنيف، عن محمد بن عمار، عن عمار، قال: قال النبي صلى الله عليه وسلم: «لا يدخل الجنة ديوث» #,0
Musnad at-Tayalisi,952,UNGRADED,Prophets & Past Peoples,678 - # حدثنا أبو داود قال: حدثنا شعبة، قال: أخبرني عمرو بن مرة، سمع عبد الله بن سلمة، يقول: رأيت عمار بن ياسر يوم صفين شيخا آدم وإن في يده الحربة وإنها لترعد فنظر إلى عمرو بن العاص وبيده الراية فقال: «إن هذه لراية قد قاتلتها مع رسول الله صلى الله عليه وسلم,0
Musnad at-Tayalisi,956,UNGRADED,Purity & Wudu; Adhan & the Mosque,"680 - # حدثنا أبو داود قال: حدثنا سفيان بن عيينة، عن عبد الكريم، عن حسان بن بلال، قال: رأيت عمارا «توضأ وخلل لحيته» وقال هكذا رأيت رسول الله صلى الله عليه وسلم يفعل "" #",0
Musnad at-Tayalisi,957,UNGRADED,Prophets & Past Peoples; Travel & Migration,681 - # حدثنا أبو داود قال: حدثنا حماد بن سلمة، عن عطاء الخراساني، عن يحيى بن يعمر، عن عمار بن ياسر، قال: قدمت على أهلي من سفر فضمخوني بالزعفران فلما أصبحت أتيت رسول الله صلى الله عليه وسلم فسلمت عليه فلم يرحب بي ولم يبش بي وقال: «اذهب فاغسل هذا عنك» قال: فغسلته عني فجئت وقد بقي علي منه شيء,0
Musnad at-Tayalisi,958,UNGRADED,Death & Burial,[ص: 38] # فسلمت عليه فلم يرحب بي ولم يبش بي وقال: «اذهب فاغسل هذا عنك» فغسلته عني ثم أتيت رسول الله صلى الله عليه وسلم فسلمت عليه فرد علي السلام ورحب بي وقال: «إن الملائكة لا تحضر جنازة الكافر بخير ولا المتضمخ بالزعفران ولا الجنب» ورخص للجنب إذا أراد أن يأكل أو ينام أن يتوضأ #,0
Musnad at-Tayalisi,959,UNGRADED,Brotherhood & Friendship; Character & Manners,682 - # حدثنا أبو داود قال: حدثنا عمران، عن قتادة، قال: حدثنا صاحب لنا عن عمار: أن النبي صلى الله عليه وسلم قال: «مثل أمتي مثل المطر لا يدرى أوله خير أم آخره» #,0
Musnad at-Tayalisi,960,UNGRADED,Character & Manners; Prophets & Past Peoples,683 - # حدثنا أبو داود قال: حدثنا همام، عن قتادة، عن أبي نضرة، قال: حدثني قيس بن عباد، قال: قلت لعمار: يا أبا اليقظان أرأيت هذا الأمر الذي أتيتموه برأيكم أم شيء عهده إليكم رسول الله صلى الله عليه وسلم قال: «ما عهد إلينا رسول الله صلى الله عليه وسلم شيئا إلا شيئا عهده إلى الناس» #,0
Musnad at-Tayalisi,961,UNGRADED,Prophets & Past Peoples,684 - # حدثنا أبو داود قال: حدثنا شعبة، عن أبي التياح، عن عبد الله بن أبي الهذيل العنزي، أن عمارا، رضي الله عنه كان ينقل معهم يعني الصخر فقال رسول الله صلى الله عليه وسلم: «ويحك يا ابن سمية تقتلك الفئة الباغية»,0
Musnad at-Tayalisi,962,UNGRADED,Other Narrations,[ص: 40] # وروى هذا الحديث عبد الوارث عن أبي التياح عن ابن أبي الهذيل عن عمار أن النبي صلى الله عليه وسلم قال: «ويحك يا ابن سمية» #,0
Musnad at-Tayalisi,965,UNGRADED,Prophets & Past Peoples,686 - # حدثنا أبو داود قال: حدثنا شعبة، عن أبي إسحاق، عمن سمع عمارا، وذكر رجل عنده عائشة فنال منها فقال: «اسكت مقبوحا منبوحا أتؤذي حبيبة رسول الله صلى الله عليه وسلم؟» #,0
Musnad at-Tayalisi,967,UNGRADED,Prophets & Past Peoples,687 - # حدثنا يونس قال: حدثنا أبو داود قال: حدثنا حماد بن سلمة، عن علي بن زيد، عن أبي عثمان، قال: كنت مع سلمان تحت شجرة فأخذ غصنا منها يابسا فهزه فتحاتت ورقه فقال: ألا تسألني لم أفعل هذا؟ قلت: ولم تفعله؟ قال: هكذا فعله رسول الله صلى الله عليه وسلم ثم قال: «يا سلمان ألا تسألني لم أفعل هذا؟» قلت: ولم تفعل هذا يا رسول الله؟ قال: «إن المسلم إذا توضأ فأحسن الوضوء ثم صلى الصلوات الخمس» قال: أحسبه قال: «في جماعة تحاتت خطاياه كما تحات ورق هذه الشجرة» وتلا رسول الله صلى الله عليه وسلم {وأقم الصلاة طرفي النهار وزلفا من الليل إن الحسنات يذهبن السيئات},0
Musnad at-Tayalisi,969,UNGRADED,Dhikr & Supplication; Character & Manners,688 - # حدثنا أبو داود قال: حدثنا شعبة، عمن سمع أبا عثمان، قال ذكر الجراد عند النبي صلى الله عليه وسلم فقال: «أكثر خلق الله لا أحلها ولا أحرمها» وروى هذا الحديث أبو العوام عن أبي عثمان عن سلمان عن النبي صلى الله عليه وسلم #,0
Musnad at-Tayalisi,970,UNGRADED,Prophets & Past Peoples; Treaties & Non-Muslims,689 - # حدثنا أبو داود قال: حدثنا شعبة، عن منصور، عن إبراهيم، عن عبد الرحمن بن يزيد، قال: قال رجل من أهل الكتاب لرجل من أصحاب النبي صلى الله عليه وسلم: قد علمكم صاحبكم حتى علمكم كيف تأتون الخلاء فقال: «نهانا أن نستقبل القبلة بفروجنا أو نستدبرها وأمرنا أن نستنجي بثلاثة أحجار ليس فيها عظم ولا رجيع» وروى هذا الحديث الأعمش عن إبراهيم عن عبد الرحمن بن يزيد عن سلمان #,0
Musnad at-Tayalisi,971,UNGRADED,Prayer (Salah); Prophets & Past Peoples,690 - # حدثنا أبو داود قال: حدثنا قيس، عن أبي هاشم، عن زاذان، عن سلمان، قال: في التوراة: إن بركة الطعام الوضوء قبله فذكرت ذلك للنبي صلى الله عليه وسلم فقال: «بركة الطعام الوضوء قبله وبعده» #,0
Musnad at-Tayalisi,972,UNGRADED,Prophets & Past Peoples,691 - # حدثنا أبو داود قال: حدثنا داود بن أبي الفرات، قال: حدثنا محمد بن زيد العبدي، عن أبي شريح، عن أبي مسلم، مولى زيد بن صوحان قال: رأيت سلمان الفارسي ورأى رجلا يريد أن ينزع خفيه في الوضوء فأمره سلمان أن يمسح على خفيه وعمامته وشعره وقال سلمان: «رأيت رسول الله صلى الله عليه وسلم يمسح على خماره وخفيه» #,0
Musnad at-Tayalisi,973,UNGRADED,Prophets & Past Peoples,692 - # حدثنا أبو داود قال: حدثنا شعبة، قال: أخبرني عمرو بن مرة، سمع أبا البختري، يحدث عن رجل من بني عبس قال: صحبت سلمان فذكر كنوز كسرى فقال: «إن الذي أعطاكموه وخولكموه وفتحه لكم لممسك خزانته ومحمد صلى الله عليه وسلم حي قد كانوا يصبحون وما عندهم دينار ولا درهم ولا مد من طعام فبم ذاك يا أخا بني عبس؟» قال: ثم مر ببيادر تذرى فقال: «إن الذي أعطاكموه وخولكموه وفتحه لكم لممسك خزانته ومحمد صلى الله عليه وسلم حي قد كانوا يصبحون وما عندهم دينار ولا درهم ولا مد من طعام فبم ذلك يا أخا بني عبس؟» #,0
Musnad at-Tayalisi,974,UNGRADED,Prophets & Past Peoples,693 - # حدثنا أبو داود قال: حدثنا شجاع بن الوليد، عن قابوس بن أبي ظبيان، عن أبيه، عن سلمان، قال: قال رسول الله صلى الله عليه وسلم: «يا سلمان لا تبغضني فتفارق دينك» قلت: يا رسول الله، وكيف أبغضك وبك هدانا الله؟ قال: «تبغض العرب فتبغضني» #,0
Musnad at-Tayalisi,977,UNGRADED,Prophets & Past Peoples,695 - # حدثنا يونس قال: حدثنا أبو داود قال: حدثنا شعبة، عن زياد بن علاقة، قال: شهدت جرير بن عبد الله البجلي لما هلك المغيرة بن شعبة فسمعت جريرا، يخطب فقال: اشفعوا لأميركم فإنه كان يحب العافية واسمعوا وأطيعوا حتى يأتيكم أمير أما بعد فإني «بايعت رسول الله صلى الله عليه وسلم على الإسلام واشترط علي النصح لكل مسلم» ورب هذا المسجد إني لكم لناصح #,0
Musnad at-Tayalisi,978,UNGRADED,Character & Manners; Prophets & Past Peoples,696 - # حدثنا أبو داود قال: حدثنا قيس، عن زياد بن علاقة، قال: سمعت جرير بن عبد الله، يقول: سمعت رسول الله صلى الله عليه وسلم يقول: «من لا يرحم الناس لا يرحمه الله» #,1
Musnad at-Tayalisi,981,UNGRADED,Prophets & Past Peoples,698 - # حدثنا أبو داود قال: حدثنا شعبة، عن أبي إسحاق، عن عبيد الله بن جرير، عن أبيه: أن النبي صلى الله عليه وسلم قال: «ما من قوم يعمل بينهم بالمعاصي هم أعز وأكثر ممن يعمله ثم لا يغيرونه إلا عمهم الله عز وجل بعقاب» #,0
Musnad at-Tayalisi,982,UNGRADED,Character & Manners; Prophets & Past Peoples,699 - # حدثنا أبو داود قال: حدثنا شعبة، عن علي بن مدرك، قال: سمعت أبا زرعة بن عمرو بن جرير، يحدث عن جرير بن عبد الله البجلي، قال: قال رسول الله صلى الله عليه وسلم: «يا جرير استنصت الناس» يعني في حجة الوداع قال: «لا ترجعوا بعدي كفارا يضرب بعضكم رقاب بعض» #,0
Musnad at-Tayalisi,983,UNGRADED,Prophets & Past Peoples,700 - # حدثنا أبو داود قال: حدثنا أبو عوانة، عن عبد الملك بن عمير، عن المنذر بن جرير، عن جرير، قال: «خطبنا النبي صلى الله عليه وسلم على منبر صغير فحثنا على الصدقة ونهانا عن المثلة» #,0
Musnad at-Tayalisi,984,UNGRADED,"Prophets & Past Peoples; Time, Days & Nights",701 - # حدثنا أبو داود قال: حدثنا شعبة، عن الأعمش، عن تميم بن سلمة، عن عبد الرحمن بن هلال العبسي، عن جرير، قال: قال رسول الله صلى الله عليه وسلم: «من يحرم الرفق يحرم الخير» #,0
Musnad at-Tayalisi,985,UNGRADED,Prophets & Past Peoples,702 - # حدثنا أبو داود قال: حدثنا هشيم، عن إسماعيل بن أبي خالد، عن الشعبي، عن جرير بن عبد الله البجلي، قال: قال رسول الله صلى الله عليه وسلم: «إذا أتاكم المصدق فلا يصدر عنكم إلا وهو راض» #,0
Musnad at-Tayalisi,986,UNGRADED,Prophets & Past Peoples,703 - # حدثنا أبو داود قال: حدثنا شعبة، عن الأعمش، عن إبراهيم، عن همام بن الحارث، عن جرير بن عبد الله البجلي «أن رسول الله صلى الله عليه وسلم مسح على الخفين» قال إبراهيم: كان يعجبهم هذا الحديث؛ لأن إسلام جرير كان بعد نزول المائدة #,0
Musnad at-Tayalisi,987,UNGRADED,Prophets & Past Peoples,704 - # حدثنا أبو داود قال: حدثنا شريك، وقيس، عن عثمان بن عمير، عن زاذان، عن جرير بن عبد الله، أن النبي صلى الله عليه وسلم قال: «ألحدوا,0
Musnad at-Tayalisi,989,UNGRADED,Character & Manners; Prophets & Past Peoples,"705 - # حدثنا أبو داود قال: حدثنا شعبة، عن عون بن أبي جحيفة، قال: سمعت المنذر بن جرير، يحدث عن أبيه جرير بن عبد الله قال: كنا عند رسول الله صلى الله عليه وسلم جلوسا في صدر النهار فجاء قوم حفاة عراة مجتابي النمار عليهم العباء أو قال: متقلدي السيوف عامتهم من مضر بل كلهم من مضر فرأيت وجه رسول الله صلى الله عليه وسلم يتغير؛ لما رأى بهم من الفاقة فدخل ثم خرج فأمر بلالا فأقام فصلى الظهر فخطب فقال: "" {يا أيها الناس اتقوا ربكم الذي",0
Musnad at-Tayalisi,990,UNGRADED,Zakah & Charity; Guests & Hospitality,"[ص: 56] # خلقكم من نفس واحدة} [النساء: 1] إلى آخر الآية ثم قال: {يا أيها الذين آمنوا اتقوا الله ولتنظر نفس ما قدمت لغد} [الحشر: 18] إلى آخر الآية تصدق رجل من ديناره من درهمه من ثوبه من صاع بره من صاع تمره "" حتى قال: «ولو بشق تمرة» قال: فأتاه رجل من الأنصار بصرة قد كادت كفه أن تعجز عنها بل قد عجزت عنها فدفعها إلى رسول الله صلى الله عليه وسلم فتتابع الناس في الصدقات فرأيت بين يدي رسول الله صلى الله عليه وسلم كومين من طعام وثياب وجعل وجه رسول الله صلى الله عليه وسلم يتهلل كأنه مذهبة وقال: «من سن في الإسلام سنة حسنة كان له أجرها وأجر من عمل بها من بعده من غير أن ينتقص من أجورهم شيئا ومن سن في الإسلام سنة سيئة كان عليه وزرها ووزر من عمل بها من بعده من غير أن ينتقص من أوزارهم شيئا» #",0
Musnad at-Tayalisi,991,UNGRADED,Prophets & Past Peoples,706 - # حدثنا أبو داود قال: حدثنا سليمان بن معاذ، عن عاصم، عن أبي وائل، عن جرير بن عبد الله، عن النبي صلى الله عليه وسلم قال: «المهاجرون والأنصار بعضهم أولياء بعض في الدنيا والآخرة» #,0
Musnad at-Tayalisi,993,UNGRADED,Other Narrations,[ص: 58] # ، عن سعيد الأصلع، عن أبي زرعة بن عمرو بن جرير، عن جرير بن عبد الله، قال: سألت رسول الله صلى الله عليه وسلم عن نظرة الفجاءة فقال: «غض بصرك» #,0
Musnad at-Tayalisi,994,UNGRADED,Prayer (Salah); Prophets & Past Peoples,708 - # حدثنا أبو داود قال: حدثنا شعبة، عن منصور بن عبد الرحمن الغداني، سمع الشعبي، عن جرير بن عبد الله، عن النبي صلى الله عليه وسلم قال: «العبد الآبق لا تقبل له صلاة حتى يرجع إلى مواليه» #,0
Musnad at-Tayalisi,996,UNGRADED,Prophets & Past Peoples,709 - # حدثنا يونس قال: حدثنا أبو داود قال: حدثنا شعبة، قال: أخبرني عمرو بن مرة، سمع ابن أبي ليلى، يقول: كان زيد بن أرقم يصلي على جنائزنا ويكبر أربعا فكبرها يوما خمسا فقيل له في ذلك فقال: «إن النبي صلى الله عليه وسلم كبرها خمسا» #,0
Musnad at-Tayalisi,997,UNGRADED,Prophets & Past Peoples,710 - # حدثنا أبو داود قال: حدثنا شعبة، قال: أخبرني عمرو بن مرة، سمع أبا حمزة، يقول: قالت الأنصار: يا رسول الله، إن لكل قوم أتباعا وإنا قد تبعناك كلنا فادع الله لنا أن يجعل أتباعنا منا «فدعا لهم» قال عمرو: فنميت ذلك إلى ابن أبي ليلى فقال: زعم ذاك زيد بن أرقم #,0
Musnad at-Tayalisi,998,UNGRADED,Prophets & Past Peoples,711 - # حدثنا حدثنا أبو داود قال: شعبة، قال: أخبرني عمرو بن مرة، سمع ابن أبي ليلى، قال: كنا نجلس إلى زيد بن أرقم ونقول: حدثنا حديثا، فيقول: «إنا قد كبرنا ونسينا والحديث عن رسول الله صلى الله عليه وسلم شديد» #,0
Musnad at-Tayalisi,999,UNGRADED,Prophets & Past Peoples,712 - # حدثنا أبو داود قال: حدثنا شعبة، قال: أخبرني عمرو بن مرة، قال: سمعت أبا حمزة، عن زيد بن أرقم، أن النبي صلى الله عليه وسلم قال: «ما أنتم بجزء من مائة ألف أو سبعين ألف جزء ممن يرد علي الحوض» وكانوا يومئذ ثمانمائة أو تسعمائة #,0
Musnad at-Tayalisi,1000,UNGRADED,Prophets & Past Peoples,713 - # حدثنا أبو داود قال: حدثنا شعبة، قال: أخبرني عمرو بن مرة، قال: سمعت أبا حمزة، عن زيد بن أرقم، قال: «أول من صلى مع رسول الله صلى الله عليه وسلم علي» #,0
Musnad at-Tayalisi,1001,UNGRADED,Dhikr & Supplication; Prophets & Past Peoples,"714 - # حدثنا أبو داود قال: حدثنا شعبة، عن قتادة، سمع النضر بن أنس، عن زيد بن أرقم: أن النبي صلى الله عليه وسلم قال: "" إن هذه الحشوش محتضرة، فإذا أتى أحدكم الخلاء فليقل: أعوذ بالله من الخبث والخبائث "" #",0
Musnad at-Tayalisi,1002,UNGRADED,Prophets & Past Peoples,715 - # حدثنا أبو داود قال: حدثنا شعبة، عن قتادة، سمع النضر بن أنس، عن زيد بن أرقم: أن النبي صلى الله عليه وسلم قال: «اللهم اغفر للأنصار ولأبناء الأنصار ولأبناء أبناء الأنصار» #,1
Musnad at-Tayalisi,1004,UNGRADED,Prophets & Past Peoples,717 - # حدثنا أبو داود قال: حدثنا شعبة، عن أبي إسحاق، قال: قلت لزيد بن أرقم: كم غزا رسول الله صلى الله عليه وسلم من غزوة؟ قال: «تسع عشرة غزوة» #,2
Musnad at-Tayalisi,1007,UNGRADED,Day of Judgement; Prophets & Past Peoples,720 - # حدثنا أبو داود قال: حدثنا إسرائيل، قال: حدثنا عثمان بن المغيرة، عن إياس بن أبي رملة الشامي، قال: شهدت معاوية سأل زيد بن أرقم: أشهدت مع رسول الله صلى الله عليه وسلم عيدين اجتمعا في يوم؟ قال: نعم قال: كيف صنع؟ قال: صلى العيد ثم رخص في الجمعة فقال: «من شاء أن يصلي فليصل» #,0
Musnad at-Tayalisi,1008,UNGRADED,Prophets & Past Peoples,721 - # حدثنا أبو داود قال: حدثنا شعبة، عن خالد الحذاء، عن رجل، عن زيد بن أرقم، أن النبي صلى الله عليه وسلم «أمرهم أن يتداووا من ذات الجنب بالعود الهندي والزيت» #,0
Musnad at-Tayalisi,1009,UNGRADED,Prophets & Past Peoples,722 - # حدثنا أبو داود قال: حدثنا هشام، عن القاسم الشيباني، عن زيد بن أرقم، أنه رأى أناسا جلوسا إلى قاص فلما طلعت الشمس ابتدروا إلى السواري يصلون فقال زيد بن أرقم: إن رسول الله صلى الله عليه وسلم,0
Musnad at-Tayalisi,1011,UNGRADED,Hajj & Umrah; Women,723 - # حدثنا أبو داود قال: حدثنا شعبة، قال: أخبرني حبيب بن أبي ثابت، قال: سمعت أبا المنهال، يقول: سألت زيد بن أرقم، والبراء بن عازب عن الصرف، فجعلت أسأل أحدهما فيقول: سل الآخر فإنه أفضل مني فسألتهما فحدثاني أن رسول الله صلى الله عليه وسلم «نهى عن بيع الذهب بالورق نساء» #,1
Musnad at-Tayalisi,1012,UNGRADED,Prophets & Past Peoples; Treaties & Non-Muslims,724 - # حدثنا أبو داود قال: حدثنا شعبة، عن أبي عبد الله الشامي، قال: سمعت معاوية، يخطب وهو يقول: يا أهل الشام حدثني الأنصاري يعني زيد بن أرقم أن رسول الله صلى الله عليه وسلم قال: «لا تزال طائفة من أمتي يقاتلون على الحق حتى يأتي أمر الله» وإني أراكموهم يا أهل الشام #,0
Musnad at-Tayalisi,1014,UNGRADED,Prophets & Past Peoples,725 - # حدثنا يونس قال: حدثنا أبو داود قال: حدثنا شعبة، عن حبيب بن أبي ثابت، قال: سمعت ميمون بن أبي شبيب، يحدث عن المغيرة بن شعبة، أن النبي صلى الله عليه وسلم قال: «من روى عني حديثا وهو يرى أنه كذب فهو أحد الكذابين» #,0
Musnad at-Tayalisi,1015,UNGRADED,Prayer (Salah); Character & Manners,726 - # حدثنا أبو داود قال: حدثنا ثابت أبو زيد، أو غيره عن عاصم الأحول، عن بكر، عن المغيرة بن شعبة، قال: أمران لا أسأل عنهما أحدا من الناس: صلاة الرجل خلف الرجل من رعيته فقد «رأيت رسول الله صلى الله عليه وسلم صلى خلف عبد الرحمن بن عوف، والمسح على الخفين فقد رأيت رسول الله صلى الله عليه وسلم يمسح عليهما» #,0
Musnad at-Tayalisi,1016,UNGRADED,Prophets & Past Peoples,727 - # حدثنا أبو داود قال: حدثنا ابن أبي الزناد، عن أبيه، عن عروة بن المغيرة، عن المغيرة بن شعبة، أن «النبي صلى الله عليه وسلم مسح ظاهر خفيه» #,0
Musnad at-Tayalisi,1017,UNGRADED,Repentance & Forgiveness; Prophets & Past Peoples,728 - # حدثنا أبو داود قال: حدثنا شريك، وأبو عوانة، وقيس، وشيبان عن زياد بن علاقة، عن المغيرة بن شعبة، أن رسول الله صلى الله عليه وسلم كان يصلي حتى ترم قدماه فقيل له: يا رسول الله، أتصنع هذا وقد غفر لك ما تقدم من ذنبك وما تأخر؟ فقال رسول الله صلى الله عليه وسلم: «أفلا أكون عبدا شكورا» #,0
Musnad at-Tayalisi,1018,UNGRADED,Prophets & Past Peoples,729 - # حدثنا أبو داود قال: حدثنا شيبان بن عبد الرحمن، عن زياد بن علاقة، عن المغيرة بن شعبة، قال: لما مات إبراهيم ابن رسول الله صلى الله عليه وسلم انكسفت الشمس فقال الناس: انكسفت الشمس لموت إبراهيم فخرج رسول الله صلى الله عليه وسلم فقال: «يا أيها الناس إن الشمس والقمر لا ينكسفان لموت أحد ولا لحياته ولكنهما آيتان من آيات الله عز وجل فإذا كان ذلك فصلوا حتى تنجلي» #,0
Musnad at-Tayalisi,1021,UNGRADED,Prophets & Past Peoples; Food & Drink,731 - # حدثنا أبو داود قال: حدثنا شعبة، قال: أخبرني منصور، قال: سمعت إبراهيم، يحدث عن عبيد بن نضلة، عن المغيرة بن شعبة، أن رجلا من هذيل كانت له امرأتان فرمت إحداهما الأخرى بعمود فسطاط فأسقطت، فقال: أرأيت من لا أكل ولا شرب، ولا صاح ولا استهل؟ فقيل «أسجعا كسجع الجاهلية؟» قال: فقضى فيه رسول الله صلى الله عليه وسلم بغرة وجعله على عاقلة المرأة #,0
Musnad at-Tayalisi,1022,UNGRADED,Prophets & Past Peoples,732 - # حدثنا أبو داود قال: حدثنا شعبة، عن منصور، عن مجاهد، عن عقار بن المغيرة بن شعبة، عن أبيه، أن رسول الله صلى الله عليه وسلم قال: «لم يتوكل من استرقى أو اكتوى» #,0
Musnad at-Tayalisi,1023,UNGRADED,Prophets & Past Peoples,733 - # حدثنا أبو داود قال: حدثنا المسعودي، قال: أخبرني أبو عون الثقفي محمد بن عبيد الله عن المغيرة بن شعبة: أن النبي صلى الله عليه وسلم «رأى رجلا طويل الشارب فدعا بسواك وشفرة فوضع السواك تحت الشارب فقص عليه» #,0
Musnad at-Tayalisi,1024,UNGRADED,Prophets & Past Peoples,734 - # حدثنا أبو داود قال: حدثنا سعيد بن عبد الرحمن، عن محمد بن سيرين، عن عمرو بن وهب الثقفي، عن المغيرة بن شعبة، قال: «رأيت رسول الله صلى الله عليه وسلم مسح على العمامة والخفين» #,0
Musnad at-Tayalisi,1025,UNGRADED,Trade & Business; Prophets & Past Peoples,735 - # حدثنا أبو داود قال: حدثنا طعمة بن عمرو الجعفري، عن عمر بن بيان، عن عروة بن المغيرة بن شعبة، عن أبيه، قال: قال رسول الله صلى الله عليه وسلم: «من باع الخمر فليشقص الخنازير» #,0
Musnad at-Tayalisi,1028,UNGRADED,Character & Manners; Day of Judgement,738 - # حدثنا أبو داود قال: حدثنا ابن فضالة، عن زياد بن جبير، عن أبيه، قال: انطلقنا مع النعمان بن مقرن فانتهينا إلى العلج ذا الحاجب فأرسلوا إلينا أن ابعثوا إلي رجلا لأكلمه قال: فاختار الناس يومئذ المغيرة بن شعبة قال أبي: فكأني أنظر إلى رجل أعور معه حجفة له فإذا هو المغيرة بن شعبة فانتهينا إلى العلج فقال: «بعث الله عز وجل فينا نبيا وعده الله النصر فما أخبرنا رسول الله صلى الله عليه وسلم,0
Musnad at-Tayalisi,1031,UNGRADED,Prophets & Past Peoples,"739 - # حدثنا يونس قال: حدثنا أبو داود قال: حدثنا شعبة، قال: أخبرني أبو إسحاق، قال: سمعت البراء بن عازب، يقول: "" أول من قدم علينا المدينة يعني في الهجرة مصعب بن عمير، وابن أم مكتوم فكانا يقرآن القرآن ثم قدم سعد وبلال وعمار ثم قدم عمر بن الخطاب في عشرين ثم قدم رسول الله صلى الله عليه وسلم فما رأيت أهل المدينة فرحوا بشيء فرحهم بقدوم رسول الله صلى الله عليه وسلم جعلت الإماء في الطرق تقول: جاء رسول الله صلى الله عليه وسلم فما قدم رسول الله صلى الله عليه وسلم حتى قرأت سبح اسم ربك الأعلى، والليل إذا يغشى في سور من المفصل "" #",0
Musnad at-Tayalisi,1032,UNGRADED,Quran & Recitation; Prophets & Past Peoples,"740 - # حدثنا أبو داود قال: حدثنا شعبة، عن أبي إسحاق، قال: سمعت البراء، يقول: "" لما نزلت هذه الآية {لا يستوي القاعدون} [النساء: 95] من المؤمنين دعا رسول الله صلى الله عليه وسلم زيد بن ثابت ودعا بالكتف ليكتبه فيها وجاء ابن أم مكتوم فذكر ضرره فنزلت هذه الآية {غير أولي الضرر} [النساء: 95] "" #",0
Musnad at-Tayalisi,1033,UNGRADED,Character & Manners; Day of Judgement,741 - # حدثنا أبو داود قال: حدثنا شعبة، عن أبي إسحاق، قال: سمعت البراء، يقول: أصاب الناس حمرا يوم خيبر يعني الحمر الأهلية فأمر رسول الله صلى الله عليه وسلم مناديا فنادى أن «أكفئوا القدور» #,0
Musnad at-Tayalisi,1034,UNGRADED,Character & Manners; Truthfulness & Lying,742 - # حدثنا أبو داود قال: حدثنا شعبة، وعمر بن أبي زائدة، عن أبي إسحاق، قال: سمعت البراء، وقال له رجل: يا أبا عمارة أفررتم عن رسول الله صلى الله عليه وسلم يوم حنين فقال البراء: لكن رسول الله صلى الله عليه وسلم لم يفر إن هوازن كانوا قوما رماة، فلما لقيناهم وحملنا عليهم انهزموا فأقبل الناس على الغنائم واستقبلونا بالسهام فانهزم الناس فلقد رأيت رسول الله صلى الله عليه وسلم يومئذ وأبو سفيان بن الحارث آخذ بلجام البغلة ورسول الله صلى الله عليه وسلم على بغلته البيضاء والنبي يقول: «أنا النبي لا كذب أنا ابن عبد المطلب» #,0
Musnad at-Tayalisi,1035,UNGRADED,Death & Burial; Prophets & Past Peoples,743 - # حدثنا أبو داود قال: حدثنا شعبة، عن أبي إسحاق، قال: سمعت البراء، يقول: أمر رسول الله صلى الله عليه وسلم رجلا من الأنصار إذا أوى إلى فراشه أن يقول: «اللهم أسلمت نفسي إليك ووجهت وجهي إليك وفوضت أمري إليك وألجأت ظهري إليك رغبة ورهبة إليك لا ملجأ ولا منجا منك إلا إليك آمنت بكتابك الذي أنزلت ورسولك الذي أرسلت» قال: «فإن مات مات على الفطرة» #,1
Musnad at-Tayalisi,1036,UNGRADED,Day of Judgement; Prophets & Past Peoples,744 - # حدثنا أبو داود قال: حدثنا شعبة، عن أبي إسحاق، عن البراء، أن رسول الله صلى الله عليه وسلم كان إذا أوى إلى فراشه وضع يده تحت خده وقال: «اللهم قني عذابك يوم تبعث عبادك» #,0
Musnad at-Tayalisi,1037,UNGRADED,Modesty & Dress; Paradise,745 - # حدثنا أبو داود قال: حدثنا شعبة، عن أبي إسحاق، قال: سمعت البراء، يقول: أهديت إلى رسول الله صلى الله عليه وسلم حلة حرير فجعلوا يلمسونها ويتعجبون من لينها فقال رسول الله صلى الله عليه وسلم: «لمنديل من مناديل سعد بن معاذ في الجنة ألين من هذا» #,0
Musnad at-Tayalisi,1038,UNGRADED,Prophets & Past Peoples,746 - # حدثنا أبو داود قال: حدثنا شعبة، عن أبي إسحاق، عن البراء بن عازب - قال: قلت: سمعته منه؟ قال: لا - أن رسول الله صلى الله عليه وسلم أتى على قوم جلسوا في الطريق فقال: «إن كنتم لابد فاعلين فردوا السلام وأعينوا المظلوم واهدوا السبيل» #,0
Musnad at-Tayalisi,1039,UNGRADED,Day of Judgement; Prophets & Past Peoples,747 - # حدثنا أبو داود قال: حدثنا شعبة، عن أبي إسحاق، عن البراء، قال: لقد رأيت رسول الله صلى الله عليه وسلم يوم الخندق يحفر معنا حتى رأيت التراب قد وارى بياض بطنه أو قال: شعره وهو يقول: «والله لولا الله ما اهتدينا ولا تصدقنا ولا صلينا فأنزلن سكينة علينا وثبت الأقدام إن لاقينا» قال شعبة في حديثه: حفظي,0
Musnad at-Tayalisi,1041,UNGRADED,Destiny & Decree; Prophets & Past Peoples,748 - # حدثنا أبو داود قال: حدثنا شعبة، عن أبي إسحاق، عن البراء، قال: لما صالح رسول الله صلى الله عليه وسلم مشركي قريش كتب بينهم كتابا: «هذا ما صالح عليه محمد رسول الله صلى الله عليه وسلم» فقالوا: لو علمنا أنك رسول الله لم نقاتلك فقال لعلي: «امحه» فأبى فمحاه رسول الله صلى الله عليه وسلم بيده وكتب: «هذا ما صالح عليه محمد بن عبد الله» واشترطوا عليه أن يقيموا ثلاثا ولا يدخلوا مكة بسلاح إلا جلبان السلاح قال شعبة: قلت لأبي إسحاق: ما جلبان السلاح؟ قال: السيف,0
Musnad at-Tayalisi,1043,UNGRADED,Quran & Recitation,749 - # حدثنا أبو داود قال: حدثنا شعبة، عن أبي إسحاق، عن البراء، يقول: بينما رجل يقرأ سورة الكهف ليلة إذ رأى دابته تركض - أو قال: فرسه تركض - فنظر فإذا مثل الضبابة - أو قال: مثل الغمامة - فذكر ذلك لرسول الله صلى الله عليه وسلم فقال: «تلك السكينة نزلت للقرآن أو تنزلت على القرآن» #,0
Musnad at-Tayalisi,1046,UNGRADED,Prophets & Past Peoples; Travel & Migration,751 - # حدثنا أبو داود قال: حدثنا شعبة، عن أبي إسحاق، قال: أخبرني الربيع بن البراء بن عازب، عن أبيه، أن النبي صلى الله عليه وسلم كان إذا قدم من سفر قال: «آيبون تائبون عابدون لربنا حامدون» #,0
Musnad at-Tayalisi,1048,UNGRADED,Prophets & Past Peoples,753 - # حدثنا أبو داود قال: حدثنا شعبة، عن أبي إسحاق، قال: سمعت عبد الله بن يزيد الأنصاري، يخطب وهو يقول: حدثني البراء بن عازب، وكان غير كذوب أنهم «كانوا إذا صلوا مع رسول الله صلى الله عليه وسلم فرفعوا رءوسهم من الركوع لم يسجد أحد منهم حتى يروا رسول الله صلى الله عليه وسلم ساجدا ثم يسجدوا» #,0
Musnad at-Tayalisi,1050,UNGRADED,Prayer (Salah); Quran & Recitation,"755 - # حدثنا أبو داود قال: حدثنا سلام، عن أبي إسحاق، عن البراء، أن رسول الله صلى الله عليه وسلم "" لما قدم المدينة صلى نحو بيت المقدس ستة عشر شهرا ثم نزلت عليه هذه الآية {فول وجهك شطر المسجد الحرام} [البقرة: 144] فلقد نزلت وإن قوما ليصلون نحو بيت المقدس فلما سمعوها وهم في الصلاة قلبوا وجوههم نحو الكعبة وهم في الصلاة "" #",0
Musnad at-Tayalisi,1051,UNGRADED,Prophets & Past Peoples,756 - # حدثنا أبو داود قال: حدثنا حديج بن معاوية، عن أبي إسحاق، عن البراء، قال: «غزوت مع رسول الله صلى الله عليه وسلم خمس عشرة غزوة» #,0
Musnad at-Tayalisi,1052,UNGRADED,Character & Manners; Prophets & Past Peoples,757 - # حدثنا أبو داود قال: حدثنا شعبة، عن أبي إسحاق، قال: سمعت البراء، يقول: «كان رسول الله صلى الله عليه وسلم مربوعا بعيد ما بين المنكبين أعظم الناس وأحسن الناس جمته إلى أذنيه عليه حلة حمراء ما رأيت شيئا قط أحسن منه» #,0
Musnad at-Tayalisi,1054,UNGRADED,Prophets & Past Peoples,759 - # حدثنا أبو داود قال: حدثنا أيوب بن جابر، عن أبي إسحاق، عن البراء بن عازب، قال: «رأيت بياض إبط رسول الله صلى الله عليه وسلم وهو ساجد» #,0
Musnad at-Tayalisi,1055,UNGRADED,Bloodshed & Murder; Work & Livelihood,760 - # حدثنا أبو داود قال: حدثنا أبو وكيع، عن أبي إسحاق، عن البراء، أن رسول الله صلى الله عليه وسلم كان يقاتل العدو فجاء رجل مقنع في الحديد، فعرض عليه رسول الله صلى الله عليه وسلم الإسلام فأسلم فقال: أي عمل أفضل كي أعمله؟ فقال: «تقاتل قوما جئت من عندهم» فقاتلهم حتى قتل فقال رسول الله صلى الله عليه وسلم: «عمل قليلا وجزي كثيرا» #,0
Musnad at-Tayalisi,1056,UNGRADED,Night & Voluntary Prayer; Character & Manners,761 - # حدثنا أبو داود قال: حدثنا زهير، عن أبي إسحاق، عن البراء، قال: استعمل رسول الله صلى الله عليه وسلم على رماة الناس يوم أحد عبد الله بن جبير وكانوا خمسين رجلا وقال لهم: «كونوا مكانكم لا تبرحوا وإن رأيتم الطير تخطفنا» قال البراء: وأنا والله رأيت النساء باديات خلاخيلهن قد استرخت ثيابهن يصعدن الجبل فلما كان من الأمر ما كان والناس يغيرون مضوا فقال عبد الله بن جبير أميرهم: فكيف تصنعون بقول رسول الله صلى الله عليه وسلم، فمضوا فكان الذي كان فلما كان الليل جاء أبو سفيان بن حرب فقال: أفيكم محمد؟ فقال رسول الله صلى الله عليه وسلم: «لا تجيبوه» ثم قال: أفيكم محمد؟ فلم يجيبوه ثم قال: أفيكم محمد؟ الثالثة فلم يجيبوه فقال: أفيكم ابن أبي قحافة؟ فلم يجيبوه قالها ثلاثا ثم قال: أفيكم ابن الخطاب؟ قالها ثلاثا فلم يجيبوه قال: أما هؤلاء فقد كفيتموهم فلم يملك عمر نفسه فقال: كذبت يا عدو الله هاهو ذا رسول الله صلى الله عليه وسلم وأبو بكر وأنا أحياء ولك منا يوم سوء فقال: يوم بيوم بدر والحرب سجال وقال: اعل هبل,0
Musnad at-Tayalisi,1058,UNGRADED,Prophets & Past Peoples,762 - # حدثنا أبو داود قال: حدثنا زهير، عن أبي إسحاق، قال: قيل للبراء: كان وجه رسول الله صلى الله عليه وسلم كالسيف؟ قال: «لا، بل كالقمر» #,0
Musnad at-Tayalisi,1059,UNGRADED,Prophets & Past Peoples,763 - # حدثنا أبو داود قال: حدثنا قيس، عن أبي إسحاق، عن البراء، أن رسول الله صلى الله عليه وسلم «اعتمر في ذي القعدة» #,0
Musnad at-Tayalisi,1060,UNGRADED,Prophets & Past Peoples; Treaties & Non-Muslims,764 - # حدثنا أبو داود قال: حدثنا شعبة، عن عدي بن ثابت الأنصاري، قال: سمعت البراء بن عازب، يقول: قال رسول الله صلى الله عليه وسلم في الأنصار: «لا يحبهم إلا مؤمن ولا يبغضهم إلا منافق، فمن أحبهم أحبه الله ومن أبغضهم أبغضه الله» قال: فقلت لعدي: من حدثك عن البراء؟ قال: إياي أخبر البراء #,0
Musnad at-Tayalisi,1061,UNGRADED,Prophets & Past Peoples,765 - # حدثنا أبو داود قال: حدثنا شعبة، عن عدي بن ثابت، قال: سمعت البراء، يقول: قال رسول الله صلى الله عليه وسلم لما مات ابنه إبراهيم: «إن له مرضعا في الجنة» #,1
Musnad at-Tayalisi,1063,UNGRADED,Other Narrations,[ص: 98] # ، قال: سمعت البراء، يقول: قال رسول الله صلى الله عليه وسلم لحسان بن ثابت: «اهجهم - يعني المشركين أو قال هاجهم - وجبريل معك» #,0
Musnad at-Tayalisi,1064,UNGRADED,Prophets & Past Peoples,767 - # حدثنا أبو داود قال: حدثنا شعبة، عن عدي بن ثابت، قال: سمعت البراء، وابن أبي أوفى، يحدثان أن رسول الله صلى الله عليه وسلم «نهى عن لحوم الحمر الأهلية فأكفئت القدور» #,1
Musnad at-Tayalisi,1065,UNGRADED,Prophets & Past Peoples,768 - # حدثنا أبو داود قال: حدثنا شعبة، عن عدي بن ثابت، قال: سمعت البراء، يقول: رأيت النبي صلى الله عليه وسلم واضعا الحسن على عاتقه وقال: «من أحبني فليحبه» #,0
Musnad at-Tayalisi,1066,UNGRADED,Prophets & Past Peoples; Travel & Migration,769 - # حدثنا أبو داود قال: حدثنا شعبة، عن عدي بن ثابت، سمع البراء، قال: كنت مع رسول الله صلى الله عليه وسلم في سفر «فقرأ في المغرب في الركعة الثانية بالتين والزيتون» #,0
Musnad at-Tayalisi,1067,UNGRADED,Prayer (Salah); Prophets & Past Peoples,770 - # حدثنا أبو داود قال: حدثنا شعبة، عن الأعمش، عن عبد الله مولى لقريش عن عبد الرحمن بن أبي ليلى، عن البراء بن عازب، قال: «سئل النبي صلى الله عليه وسلم عن الوضوء من لحوم الإبل فأمر به وسئل عن الصلاة في مبارك الإبل فنهى عنه» #,1
Musnad at-Tayalisi,1071,UNGRADED,Prophets & Past Peoples,773 - # حدثنا أبو داود قال: حدثنا شعبة، قال: حدثني عمرو بن مرة، سمع ابن أبي ليلى، يحدث عن البراء، أن رسول الله صلى الله عليه وسلم «كان يقنت في الصبح والمغرب» #,0
Musnad at-Tayalisi,1072,UNGRADED,Prophets & Past Peoples,774 - # حدثنا أبو داود قال: حدثنا شعبة، عن طلحة بن مصرف، عن عبد الرحمن بن عوسجة، عن البراء بن عازب، أن النبي صلى الله عليه وسلم قال: «زينوا القرآن بأصواتكم» قال شعبة: فنسيت هذا الحرف حتى ذكرنيه الضحاك بن مزاحم #,0
Musnad at-Tayalisi,1073,UNGRADED,Servants & Freeing Slaves; Prophets & Past Peoples,775 - # حدثنا أبو داود قال: حدثنا عيسى بن عبد الرحمن، عن طلحة اليامي، عن عبد الرحمن بن عوسجة، عن البراء، قال: جاء أعرابي إلى النبي صلى الله عليه وسلم فقال: يا رسول الله، أخبرني بعمل يدخلني الجنة قال: «لئن قصرت في الخطبة لقد عرضت المسألة، أعتق النسمة وفك الرقبة» قال: يا رسول الله، أوما هما سواء؟ قال: «لا، عتق النسمة أن تفرد بها وفك الرقبة أن تعين في ثمنها، والمنحة الوكوف والفيء على ذي الرحم الظالم» قال: فمن لم يطق ذلك؟ قال: «فأطعم الجائع واسق الظمآن» قال: فإن لم أستطع؟ قال: «مر بالمعروف وانه عن المنكر» قال، فمن لم يطق ذاك؟ قال: «فكف لسانك إلا من خير» #,0
Musnad at-Tayalisi,1075,UNGRADED,Dhikr & Supplication; Servants & Freeing Slaves,"[ص: 105] # مصرف عن هذا الحديث، أكثر من عشرين مرة ولو كان غيري قال: ثلاثين مرة قال: سمعت عبد الرحمن بن عوسجة يحدث عن البراء بن عازب أن رسول الله صلى الله عليه وسلم قال: "" من منح منيحة ورق - أو قال: ورقا - أو أهدى زقاقا أو سقى لبنا كان له كعدل نسمة أو رقبة ومن قال: لا إله إلا الله وحده لا شريك له له الملك وله الحمد وهو على كل شيء قدير عشر مرات كن له عدل نسمة أو رقبة "" #",0
Musnad at-Tayalisi,1076,UNGRADED,Prayer (Salah); Prophets & Past Peoples,777 - # حدثنا أبو داود قال: حدثنا شعبة، عن طلحة بن مصرف، قال: سمعت عبد الرحمن بن عوسجة، يحدث عن البراء بن عازب، قال: كان رسول الله صلى الله عليه وسلم يأتينا إذا قمنا إلى الصلاة فيمسح عواتقنا,0
Musnad at-Tayalisi,1079,UNGRADED,Prayer (Salah); Eid & Sacrifice,779 - # حدثنا أبو داود قال: حدثنا شعبة، عن زبيد، قال: سمعت الشعبي، يحدث عن البراء، أن رسول الله صلى الله عليه وسلم خطب يوم النحر فقال: «إن أول ما نبدأ في يومنا هذا أن نصلي ثم نرجع فننحر فمن فعل ذلك فقد أصاب سنتنا ومن ذبح قبل الصلاة فإنما هو لحم قدمه لأهله ليس من النسك في شيء» فقام خالي أبو بردة بن نيار وكان ذبح قبل الصلاة فقال: يا رسول الله، عندي جذعة أحب إلي من مسنة، فقال: «ضح بها ولن توفي أو تجزئ عن أحد بعدك» #,0
Musnad at-Tayalisi,1081,UNGRADED,Prophets & Past Peoples,781 - # حدثنا أبو داود قال: حدثنا شعبة، عن علقمة بن مرثد، عن سعد بن عبيدة، عن البراء، عن النبي صلى الله عليه وسلم في قوله {يثبت الله الذين آمنوا بالقول الثابت} [إبراهيم: 27] قال: «في القبر إذا سئل» #,0
Musnad at-Tayalisi,1082,UNGRADED,Prophets & Past Peoples,782 - # حدثنا أبو داود قال: حدثنا شعبة، عن أشعث، قال: أخبرني معاوية بن سويد بن مقرن، عن البراء بن عازب، قال: «أمرنا رسول الله صلى الله عليه وسلم بسبع ونهانا عن سبع أمرنا بعيادة المريض واتباع الجنائز ورد السلام وتشميت العاطس وإبرار المقسم ونصر المظلوم وإجابة,0
Musnad at-Tayalisi,1084,UNGRADED,Prayer (Salah); Prophets & Past Peoples,783 - # حدثنا أبو داود قال: حدثنا جرير، عن ليث، عن عمرو بن مرة، عن معاوية بن سويد بن مقرن، عن البراء بن عازب، قال: كنا عند النبي صلى الله عليه وسلم فقال: «أتدرون أي عرى الإيمان أوثق؟» قلنا: الصلاة قال: «الصلاة حسنة وليس بذاك» قلنا: الصيام فقال مثل ذلك حتى ذكرنا الجهاد، فقال مثل ذلك ثم قال رسول الله صلى الله عليه وسلم,0
Musnad at-Tayalisi,1086,UNGRADED,Prophets & Past Peoples,784 - # حدثنا أبو داود قال: حدثنا عبيد الله بن إياد بن لقيط، قال: حدثني أبي، عن البراء، قال: قال لي رسول الله صلى الله عليه وسلم: «إذا سجدت فضع يدك وارفع مرفقيك» #,0
Musnad at-Tayalisi,1087,UNGRADED,Prophets & Past Peoples,"785 - # حدثنا أبو داود قال: حدثنا شعبة، عن سليمان بن عبد الرحمن، قال: سمعت عبيد بن فيروز، قال: سألت البراء بن عازب ما كره رسول الله صلى الله عليه وسلم أو نهى عن الأضاحي؟ قال: قام فينا رسول الله صلى الله عليه وسلم هكذا ويدي أقصر من يده فقال: "" أربع لا يجزئن",0
Musnad at-Tayalisi,1090,UNGRADED,Repentance & Forgiveness; Prophets & Past Peoples,787 - # حدثنا أبو داود قال: حدثنا هشيم، وأبو عوانة عن أبي بلج، عن زياد أبي الحكم البجلي، عن البراء بن عازب، أن النبي صلى الله عليه وسلم قال: «إذا لقي المسلم أخاه فصافحه وحمدا الله عز وجل واستغفراه غفر الله لهما» #,0
Musnad at-Tayalisi,1091,UNGRADED,Prayer (Salah); Eid & Sacrifice,788 - # حدثنا أبو داود قال: حدثنا شعبة، عن سلمة بن كهيل، قال: سمعت أبا جحيفة، يحدث عن البراء، قال ذبح أبو بردة قبل الصلاة فقال له رسول الله صلى الله عليه وسلم: «أبدلها» فقال: يا رسول الله، ليس عندي إلا جذعة خير من مسنة قال: «اجعلها مكانها ولن تجزي أو توفي عن أحد بعدك» #,0
Musnad at-Tayalisi,1092,UNGRADED,Death & Burial; The Grave & Barzakh,789 - # حدثنا أبو داود قال: حدثنا أبو عوانة، عن الأعمش، عن المنهال بن عمرو، عن زاذان، عن البراء بن عازب، قال أبو داود وحدثناه عمرو بن ثابت، سمعه من المنهال بن عمرو، عن زاذان، عن البراء بن عازب، وحديث أبي عوانة، أتمهما قال البراء: خرجنا مع رسول الله صلى الله عليه وسلم في جنازة رجل من الأنصار فانتهينا إلى القبر ولما يلحد فجلس رسول الله صلى الله عليه وسلم وجلسنا حوله كأنما,0
Musnad at-Tayalisi,1096,UNGRADED,Character & Manners; Leadership & Governance,"[ص: 118] # الكبير الشعب في الصوف المبلول فتؤخذ من الملك فتخرج كأنتن ريح وجدت فلا تمر على جند فيما بين السماء والأرض إلا قالوا: ما هذا الروح الخبيث؟ فيقولون: هذا فلان بأسوإ أسمائه حتى ينتهوا إلى سماء الدنيا فلا تفتح له، فيقول: ردوه إلى الأرض إني وعدتهم أني منها خلقتهم وفيها نعيدهم ومنها نخرجهم تارة أخرى "" قال: «فيرمى به من السماء» قال: "" فتلا هذه الآية {ومن يشرك بالله فكأنما خر من السماء} [الحج: 31] الآية "" قال: "" ويعاد إلى الأرض وتعاد فيه روحه ويأتيه ملكان شديدا الانتهار فينتهرانه ويجلسانه فيقولان من ربك؟ وما دينك؟ فيقول: لا أدري فيقولان: فما تقول في هذا الرجل الذي بعث فيكم؟ فلا يهتدي لاسمه فيقول: لا أدري سمعت الناس يقولون ذاك قال: فيقال: لا دريت فيضيق عليه قبره حتى تختلف أضلاعه ويمثل له عمله في صورة رجل قبيح الوجه منتن الريح قبيح الثياب فيقول: أبشر بعذاب من الله وسخطه فيقول: من أنت فوجهك الوجه الذي جاء بالشر؟ فيقول: أنا عملك الخبيث والله ما علمتك إلا كنت بطيئا عن طاعة الله سريعا إلى معصية الله "" قال عمرو في حديثه عن المنهال عن زاذان عن البراء عن النبي صلى الله عليه وسلم",0
Musnad at-Tayalisi,1099,UNGRADED,Prophets & Past Peoples,790 - # حدثنا يونس قال: حدثنا أبو داود قال: حدثنا شعبة، عن سماك بن حرب، قال: سمعت جابر بن سمرة، يقول: «شهدت رسول الله صلى الله عليه وسلم رد ماعزا مرتين ثم أمر برجمه» #,1
Musnad at-Tayalisi,1102,UNGRADED,Signs of the End Times; Prophets & Past Peoples,792 - # حدثنا أبو داود قال: حدثنا شعبة، عن سماك بن حرب، قال: سمعت جابر بن سمرة، يقول: سمعت رسول الله صلى الله عليه وسلم يقول: «لا يزال هذا الدين قائما يقاتل عليه عصابة من المسلمين حتى تقوم الساعة» #,0
Musnad at-Tayalisi,1103,UNGRADED,Prophets & Past Peoples,"793 - # حدثنا أبو داود قال: حدثنا شعبة، عن سماك بن حرب، قال: سمعت جابر بن سمرة، يقول: "" رأيت رسول الله صلى الله عليه وسلم يخطب قائما ثم يقعد ثم يقوم فيخطب #",0
Musnad at-Tayalisi,1104,UNGRADED,Prophets & Past Peoples,794 - # حدثنا أبو داود قال: حدثنا شعبة، عن سماك بن حرب، قال: قلت لجابر بن سمرة: ما كان رسول الله صلى الله عليه وسلم يصنع إذا صلى الغداة؟ قال: «كان يقعد في مقعده حتى تطلع الشمس» #,0
Musnad at-Tayalisi,1105,UNGRADED,Prophets & Past Peoples,795 - # حدثنا أبو داود قال: حدثنا شعبة، عن سماك بن حرب، قال: سمعت جابرا، يقول: «رأيت الخاتم على كتف رسول الله صلى الله عليه وسلم كأنه بيضة» #,0
Musnad at-Tayalisi,1106,UNGRADED,Death & Burial; Prophets & Past Peoples,796 - # حدثنا أبو داود قال: حدثنا شعبة، عن سماك، قال: سمعت جابرا، يقول: «كنا مع رسول الله صلى الله عليه وسلم في جنازة ابن الدحداحة وهو على فرس يتوقص به ونحن نسعى حوله»,0
Musnad at-Tayalisi,1108,UNGRADED,Prophets & Past Peoples; Travel & Migration,797 - # حدثنا أبو داود قال: وزعم قيس، عن سماك بن حرب، يحدث عن جابر بن سمرة، أن رسول الله صلى الله عليه وسلم «إنما ركب الفرس بعد أن فرغ من دفنه» #,0
Musnad at-Tayalisi,1109,UNGRADED,Prophets & Past Peoples,798 - # حدثنا أبو داود قال: حدثنا شعبة، عن سماك بن حرب، قال: سمعت جابر بن سمرة، يقول: كانوا يسمون المدينة يثرب «فسماها رسول الله صلى الله عليه وسلم طيبة» #,0
Musnad at-Tayalisi,1110,UNGRADED,Prophets & Past Peoples,799 - # حدثنا أبو داود قال: حدثنا شعبة، عن سماك، قال: سمعت جابر بن سمرة، وذكر، شمط النبي صلى الله عليه وسلم قال: «كان إذا ادهن لم ير، وإذا لم يدهن تبين» #,0
Musnad at-Tayalisi,1111,UNGRADED,Quran & Recitation; Prophets & Past Peoples,800 - # حدثنا أبو داود قال: حدثنا شعبة، عن سماك بن حرب، قال: سمعت جابر بن سمرة، يقول: «كان رسول الله صلى الله عليه وسلم يقرأ في الظهر والعصر بالليل إذا يغشى ونحوها ويقرأ في الصبح بأطول من ذلك» #,0
Musnad at-Tayalisi,1112,UNGRADED,Justice & Judgement; Prophets & Past Peoples,801 - # حدثنا أبو داود قال: حدثنا شعبة، عن سماك بن حرب، قال: سمعت جابر بن سمرة، يقول: شهدت رسول الله صلى الله عليه وسلم حين رجم ماعز بن مالك رجل قصير ذو عضلات فلما فرغ من رجمه قال,0
Musnad at-Tayalisi,1114,UNGRADED,Prophets & Past Peoples,802 - # حدثنا أبو داود قال: حدثنا شعبة، قال: أخبرني سماك، قال: سمعت جابر بن سمرة، يقول: «كان رسول الله صلى الله عليه وسلم أشهل العين منهوس العقب ضليع الفم» #,0
Musnad at-Tayalisi,1115,UNGRADED,Prayer (Salah); Prophets & Past Peoples,"803 - # حدثنا أبو داود قال: حدثنا شعبة، قال: أخبرني سماك بن حرب، قال: سمعت أبا ثور، يحدث عن جابر بن سمرة، أن رسول الله صلى الله عليه وسلم "" سئل عن الوضوء من لحوم الغنم فرخص فيه وسئل عن الصلاة في",0
Musnad at-Tayalisi,1117,UNGRADED,Leadership & Governance; Prophets & Past Peoples,804 - # حدثنا أبو داود قال: حدثنا حماد بن سلمة، عن سماك، قال: سمعت جابر بن سمرة، يقول: سمعت رسول الله صلى الله عليه وسلم يخطب وهو يقول: «إن الإسلام لا يزال عزيزا إلى اثني عشر خليفة» ثم قال كلمة لم أفهمها فقلت لأبي: ما قال رسول الله صلى الله عليه وسلم؟ فقال: «كلهم من قريش» #,1
Musnad at-Tayalisi,1118,UNGRADED,Justice & Judgement; Prophets & Past Peoples,805 - # حدثنا أبو داود قال: حدثنا حماد بن سلمة، عن سماك بن حرب، عن جابر، أن رسول الله صلى الله عليه وسلم «رجم ماعزا» ولم يذكر جلدا #,0
Musnad at-Tayalisi,1121,UNGRADED,Prophets & Past Peoples,808 - # حدثنا أبو داود قال: حدثنا شريك، وقيس، عن سماك بن حرب، قال: قلت لجابر بن سمرة: أكنت تجالس النبي صلى الله عليه وسلم؟ قال: نعم، «كان طويل الصمت قليل الضحك وكان أصحابه ربما تناشدوا عنده الشعر والشيء من أمورهم فيضحكون وربما تبسم» #,0
Musnad at-Tayalisi,1122,UNGRADED,Quran & Recitation; Character & Manners,809 - # حدثنا أبو داود قال: حدثنا قيس، عن سماك، قال: قلت لجابر بن سمرة كيف كان يخطب رسول الله صلى الله عليه وسلم؟ قال: من حدثك أن رسول الله صلى الله عليه وسلم خطب قاعدا فكذبه فأنا «شهدته يخطب قائما» قلت: فكيف كانت خطبته؟ قال: «كان قصدا، كان يقرأ آيات من كتاب الله ويتكلم بكلمات يعظ بهن الناس» #,0
Musnad at-Tayalisi,1123,UNGRADED,Prophets & Past Peoples,810 - # حدثنا أبو داود قال: حدثنا قيس، عن سماك، عن جابر بن سمرة، قال: «كان رسول الله صلى الله عليه وسلم يصلي الظهر نحو صلاتكم والعصر نحو صلاتكم والمغرب نحو صلاتكم وكان يؤخر العشاء شيئا» #,0
Musnad at-Tayalisi,1124,UNGRADED,Quran & Recitation; Prophets & Past Peoples,811 - # حدثنا أبو داود قال: حدثنا حماد، عن سماك، عن جابر، أن رسول الله صلى الله عليه وسلم «كان يقرأ في الظهر والعصر والسماء والطارق والسماء ذات البروج» #,0
Musnad at-Tayalisi,1125,UNGRADED,Justice & Judgement; Prophets & Past Peoples,812 - # حدثنا أبو داود قال: حدثنا حماد بن سلمة، عن سماك، عن جابر بن سمرة، أن رسول الله صلى الله عليه وسلم «رجم يهوديا ويهودية» #,0
Musnad at-Tayalisi,1126,UNGRADED,Prophets & Past Peoples; Animals,813 - # حدثنا أبو داود قال: حدثنا شريك، عن سماك، عن جابر، أن رجلا كانت له ناقة بالحرة فدفعها إلى رجل وقد كانت مرضت فلما أرادت أن تموت قالت له امرأته: لو نحرتها وأكلنا منها فأبى وأتى رسول الله صلى الله عليه وسلم فذكر ذلك له فقال: «أعندكم ما يغنيكم؟» قال: لا قال: «فكلوها» وكانت قد ماتت قالت,0
Musnad at-Tayalisi,1128,UNGRADED,Prophets & Past Peoples,814 - # حدثنا أبو داود قال: حدثنا شريك، عن سماك، عن جابر بن سمرة، أن رسول الله صلى الله عليه وسلم «كان لا يؤذن له في العيدين» #,3
Musnad at-Tayalisi,1134,UNGRADED,Prophets & Past Peoples,818 - # حدثنا أبو داود قال: حدثنا سليمان بن معاذ، عن سماك بن حرب، عن جابر بن سمرة، أن رسول الله صلى الله عليه وسلم قال: «إن بمكة لحجرا كان يسلم علي ليالي بعثت إني لأعرفه إذا مررت عليه» #,0
Musnad at-Tayalisi,1135,UNGRADED,Prophets & Past Peoples,819 - # حدثنا أبو داود قال: حدثنا قيس، عن سماك بن حرب، عن جابر بن سمرة، قال: سمعت رسول الله صلى الله عليه وسلم يقول: «ليفتحن أبيض كسرى على طائفة من المسلمين» #,0
Musnad at-Tayalisi,1137,UNGRADED,Fasting & Ramadan; Prophets & Past Peoples,821 - # حدثنا أبو داود قال: حدثنا شيبان، عن أشعث بن أبي الشعثاء، عن جعفر بن أبي ثور، عن جابر بن سمرة، قال: «كان رسول الله صلى الله عليه وسلم يأمرنا بصيام عاشوراء ويحثنا عليه ويتعاهدنا عنده فلما فرض رمضان لم يأمرنا به ولم ينهنا عنه ولم يتعاهدنا عنده» #,0
Musnad at-Tayalisi,1138,UNGRADED,Prayer (Salah); Prophets & Past Peoples,822 - # حدثنا أبو داود قال: حدثنا قيس، عن عائذ بن نصيب، عن جابر بن سمرة، قال: رأيت رسول الله صلى الله عليه وسلم يشير بإصبعه في الصلاة,0
Musnad at-Tayalisi,1140,UNGRADED,Prayer (Salah); Prophets & Past Peoples,823 - # حدثنا أبو داود قال: حدثنا شعبة، عن الأعمش، قال: سمعت المسيب بن رافع، يحدث عن تميم بن طرفة، عن جابر بن سمرة، أن رسول الله صلى الله عليه وسلم رأى قوما قد رفعوا أيديهم فقال: «قد رفعوا أيديهم كأنها أذناب خيل شمس اسكنوا في الصلاة» #,0
Musnad at-Tayalisi,1141,UNGRADED,Quran & Recitation; Brotherhood & Friendship,824 - # حدثنا أبو داود قال: حدثنا سلام، عن سماك بن حرب، عن جابر بن سمرة، قال: «شهدت رسول الله صلى الله عليه وسلم يخطب يوم الجمعة يقرأ من القرآن ويعظ الناس» #,0
Musnad at-Tayalisi,1143,UNGRADED,Prophets & Past Peoples,825 - # حدثنا يونس قال: حدثنا أبو داود قال: حدثنا شعبة، عن مجالد، عن الشعبي، عن النعمان بن بشير، قال: سمعت رسول الله صلى الله عليه وسلم يقول: «إن في ابن آدم مضغة إذا صلحت صلح سائر جسده وإذا فسدت فسد سائر جسده وهو القلب» #,0
Musnad at-Tayalisi,1144,UNGRADED,Prophets & Past Peoples; Food & Drink,826 - # حدثنا أبو داود قال: حدثنا شعبة، عن مجالد، عن الشعبي، عن النعمان بن بشير، أن أباه نحله نحلا فأراد أن يشهد النبي صلى الله عليه وسلم فقال: «أكل ولدك نحلت كما نحلته؟» فقال: لا، فقال رسول الله صلى الله عليه وسلم: «إن عليك من الحق أن تعدل بين ولدك كما عليهم من الحق أن يبروك» #,0
Musnad at-Tayalisi,1145,UNGRADED,Repentance & Forgiveness; Mercy & Kindness,827 - # حدثنا أبو داود قال: حدثنا شعبة، عن المجالد، عن الشعبي، قال: قال النعمان بن بشير رحمه الله: سمعت رسول الله صلى الله عليه وسلم,0
Musnad at-Tayalisi,1147,UNGRADED,Prophets & Past Peoples,828 - # حدثنا أبو داود قال: حدثنا شعبة، وحماد بن سلمة، عن سماك بن حرب، سمع النعمان بن بشير، يقول: كان رسول الله صلى الله عليه وسلم يقيم الصف حتى يجعله كالقدح أو كالرمح حتى إذا ظن أنا قد أخذنا ذاك عنه وعقلناه رأى رجلا منتبذا بصدره عن الصف فقال رسول الله صلى الله عليه وسلم: «عباد الله لتسون صفوفكم أو ليخالفن الله عز وجل بين وجوهكم» #,0
Musnad at-Tayalisi,1148,UNGRADED,Prophets & Past Peoples,829 - # حدثنا أبو داود قال: حدثنا شعبة، عن سماك بن حرب، قال: سمعت النعمان بن بشير يخطب وعليه خميصة له فقال: سمعت رسول الله صلى الله عليه وسلم يخطب وهو يقول: «أنذرتكم النار» حتى لو أن رجلا موضع كذا وكذا سمع صوته #,0
Musnad at-Tayalisi,1149,UNGRADED,Prophets & Past Peoples,830 - # حدثنا أبو داود قال: حدثنا حماد بن سلمة، عن سماك بن حرب، قال: سمعت النعمان بن بشير، يحدث عن النبي صلى الله عليه وسلم قال,0
Musnad at-Tayalisi,1151,UNGRADED,Brotherhood & Friendship; Prophets & Past Peoples,831 - # حدثنا أبو داود قال: حدثنا حماد بن سلمة، عن سماك بن حرب، عن النعمان بن بشير، قال: «لو أن رجلا في سفر معه راحلته عليها زاده وسقاؤه فضلت فعلا شرفا فنظر فلم ير شيئا فبينا هو كذلك إذ نظر إليها عليها زاده وسقاؤه فلله أشد فرحا بتوبة عبده من صاحب الراحلة براحلته» لم يرفعه أبو داود عن حماد ورفعه ابن الأصبهاني عن شريك عن سماك عن النعمان بن بشير عن النبي صلى الله عليه وسلم #,0
Musnad at-Tayalisi,1152,UNGRADED,Prophets & Past Peoples,832 - # حدثنا أبو داود قال: حدثنا أبو عوانة، عن إبراهيم بن محمد بن المنتشر، عن أبيه، عن حبيب بن سالم، عن النعمان بن بشير، أن رسول الله صلى الله عليه وسلم «قرأ في الجمعة والعيدين ب سبح اسم ربك الأعلى وهل أتاك حديث الغاشية» #,0
Musnad at-Tayalisi,1153,UNGRADED,Women; Character & Manners,833 - # حدثنا أبو داود قال: حدثنا هشيم، عن أبي بشر، عن حبيب بن سالم، أن امرأة أتت النعمان بن بشير فقالت: إن زوجي وقع على جاريتي بغير إذني. قال النعمان: عندي في هذا قضاء شاف أخذته عن رسول الله صلى الله عليه وسلم: «إن لم تكوني أذنت له رجمته وإن كنت أذنت له جلدته مائة» فقال لها الناس: ويحك أبو ولدك يرجم فجاءت,0
Musnad at-Tayalisi,1155,UNGRADED,Prayer (Salah); Character & Manners,834 - # حدثنا أبو داود قال: حدثنا هشيم، عن أبي بشر، عن حبيب بن سالم، عن النعمان بن بشير، قال: إني لأعلم الناس بوقت هذه الصلاة يعني عشاء الآخرة «كان رسول الله صلى الله عليه وسلم يصليها لسقوط القمر لثالثة» #,0
Musnad at-Tayalisi,1156,UNGRADED,Prophets & Past Peoples; Treaties & Non-Muslims,835 - # حدثنا أبو داود قال: حدثنا شعبة، عن أبي إسحاق، قال: سمعت النعمان بن بشير، يخطب وهو يقول: قال رسول الله صلى الله عليه وسلم: «إن أهون أهل النار عذابا رجل في أخمص قدميه جمرتان أو جمرة,0
Musnad at-Tayalisi,1158,UNGRADED,Prophets & Past Peoples,836 - # حدثنا أبو داود قال: حدثنا شعبة، قال: أخبرني عمرو بن مرة، سمعت سالم بن أبي الجعد، يقول: سمعت النعمان بن بشير، يقول: سمعت النبي صلى الله عليه وسلم يقول: «لتسون صفوفكم أو ليخالفن الله عز وجل بين وجوهكم» #,0
Musnad at-Tayalisi,1159,UNGRADED,Prophets & Past Peoples,837 - # حدثنا داود قال: حدثنا شعبة، عن عاصم، عن أبي قلابة، عن النعمان بن بشير، عن النبي صلى الله عليه وسلم أنه «صلى في الكسوف فجعل يركع ويسجد مرتين» #,0
Musnad at-Tayalisi,1160,UNGRADED,Prophets & Past Peoples,"838 - # حدثنا داود قال: حدثنا شعبة، عن منصور، قال: سمعت ذرا يحدث عن يسيع الحضرمي، عن النعمان بن بشير، أن رسول الله صلى الله عليه وسلم قال: "" إن الدعاء هو العبادة قال ربكم: {ادعوني أستجب لكم}",0
Musnad at-Tayalisi,1162,UNGRADED,Prophets & Past Peoples,839 - # حدثنا أبو داود قال: حدثنا قيس، عن جابر الجعفي، عن أبي عازب، عن النعمان بن بشير، عن النبي صلى الله عليه وسلم قال: «لا قود إلا بحديدة» #,0
Musnad at-Tayalisi,1163,UNGRADED,Night & Voluntary Prayer; Signs of the End Times,840 - # حدثنا أبو داود قال: حدثنا قيس، عن جابر الجعفي، عن أبي عازب، عن النعمان بن بشير، قال: صحبنا النبي صلى الله عليه وسلم فسمعناه يقول: «إن بين يدي الساعة فتنا كأنها قطع الليل المظلم، يصبح الرجل مؤمنا ويمسي كافرا ويمسي مؤمنا ويصبح كافرا، يبيع أقوام خلاقهم بعرض من الدنيا قليل» #,0
Musnad at-Tayalisi,1165,UNGRADED,Prophets & Past Peoples,841 - # حدثنا يونس قال: حدثنا أبو داود قال: حدثنا قيس، عن علقمة بن مرثد، عن سليمان بن بريدة الأسلمي، عن أبيه، قال: صلى رسول الله صلى الله عليه وسلم الصبح فقال أعرابي: من دعا إلى الجمل الأحمر يقوله في المسجد فقال رسول الله صلى الله عليه وسلم: «لا وجدت» ثم قال رسول الله صلى الله عليه وسلم: «إنما هذه المساجد إنما بنيت لما بنيت له» #,0
Musnad at-Tayalisi,1166,UNGRADED,Prophets & Past Peoples,842 - # حدثنا أبو داود قال: حدثنا قيس، عن علقمة بن مرثد، عن سليمان بن بريدة، عن أبيه، أن رسول الله صلى الله عليه وسلم «صلى الصلوات بوضوء واحد» #,0
Musnad at-Tayalisi,1167,UNGRADED,Prophets & Past Peoples,843 - # حدثنا أبو داود قال: حدثنا المسعودي، قال: حدثنا علقمة بن مرثد، عن سليمان بن بريدة، عن أبيه، قال: جاء رجل إلى النبي صلى الله عليه وسلم فقال: هل في الجنة خيل فإنها تعجبني قال: «إن أحببت ذلك أتيت بفرس من ياقوتة حمراء فيطير بك في الجنة حيث شئت» وقال له رجل: إن الإبل تعجبني فهل في الجنة من إبل قال: «يا عبد الله إن أدخلت الجنة فلك فيها ما اشتهت نفسك ولذت,0
Musnad at-Tayalisi,1169,UNGRADED,Prophets & Past Peoples,844 - # حدثنا أبو داود قال: حدثنا المسعودي، عن علقمة بن مرثد، عن سليمان بن بريدة، عن أبيه، أن رسول الله صلى الله عليه وسلم «رخص في زيارة القبور» #,0
Musnad at-Tayalisi,1170,UNGRADED,Prophets & Past Peoples,845 - # حدثنا أبو داود قال: حدثنا محمد بن أبان، عن علقمة بن مرثد، عن سليمان بن بريدة، عن أبيه، عن النبي صلى الله عليه وسلم أنه «رد ماعزا أربعا» #,0
Musnad at-Tayalisi,1171,UNGRADED,Major Sins; Prophets & Past Peoples,846 - # حدثنا أبو داود قال: حدثنا المثنى بن سعيد، عن قتادة، عن عبد الله بن بريدة، قال: دخل بريدة الأسلمي على رجل بخراسان، وهو في الموت، فإذا جبينه يرشح فقال بريدة: الله أكبر سمعت رسول الله صلى الله عليه وسلم قال: «إن المؤمن يموت بعرق الجبين» #,0
Musnad at-Tayalisi,1172,UNGRADED,Prophets & Past Peoples,847 - # حدثنا أبو داود قال: حدثنا عيينة بن عبد الرحمن، عن أبيه، عن بريدة، قال: خرجت يوما أمشي فرأيت رسول الله صلى الله عليه وسلم فظننته يريد حاجة فعارضته حتى رآني فأرسل إلي فأتيته فأخذ بيدي فانطلقنا نمشي جميعا فإذا رجل بين أيدينا يصلي يكثر الركوع والسجود فقال رسول الله صلى الله عليه وسلم: «تراه مرائيا؟» قلت: الله ورسوله أعلم فأرسل يدي فقال: «عليكم هديا قاصدا فإنه من يشاد هذا الدين يغلبه» #,0
Musnad at-Tayalisi,1173,UNGRADED,Prayer (Salah); Day of Judgement,848 - # حدثنا أبو داود قال: حدثنا هشام، عن يحيى عن أبي قلابة، أن أبا مليح، حدثه قال: كنا مع بريدة الأنصاري في غزاة في يوم غيم فقال: بكروا بالصلاة فإني سمعت رسول الله صلى الله عليه وسلم يقول أو قال رسول الله صلى الله عليه وسلم: «من ترك صلاة العصر حبط عمله» #,0
Musnad at-Tayalisi,1174,UNGRADED,Day of Judgement; Prophets & Past Peoples,849 - # حدثنا أبو داود قال: حدثنا ثواب بن عتبة المهري، قال: حدثنا عبد الله بن بريدة الأسلمي، عن أبيه، قال: «كان رسول الله صلى الله عليه وسلم لا يخرج يوم الفطر حتى يطعم، ولا يأكل يوم النحر حتى يذبح» #,0
Musnad at-Tayalisi,1175,UNGRADED,Major Sins; Inheritance & Wills,850 - # حدثنا أبو داود قال: حدثنا شريك، قال: أخبرني أبو بكر الأحمري، عن ابن بريدة الأسلمي، عن أبيه، أن رجلا توفي من خزاعة على عهد النبي صلى الله عليه وسلم فأتي النبي صلى الله عليه وسلم بميراثه فقال: «انظروا هل من وارث» فالتمسوه فلم يجدوا له وارثا وأخبر به النبي صلى الله عليه وسلم فقال النبي صلى الله عليه وسلم: «ادفعوه إلى أكبر خزاعة» #,0
Musnad at-Tayalisi,1177,UNGRADED,Prophets & Past Peoples,"851 - # حدثنا أبو داود قال: حدثنا المسعودي، عن إبراهيم السكسكي، عن عبد الله بن أبي أوفى، أن رجلا أتى رسول الله صلى الله عليه وسلم فقال: يا رسول الله، إني لا أحسن القرآن فهل شيء يجزئ من القرآن فقال رسول الله صلى الله عليه وسلم: «سبحان الله والحمد لله ولا إله إلا الله والله أكبر ولا حول ولا قوة إلا بالله» ثم أدبر الرجل ثم رجع فقال: يا رسول الله، هذا لله فماذا لي؟ قال: "" قل: اللهم اغفر لي وارحمني وعافني واهدني وارزقني "" فعقدهن الرجل في يده عشرا فقال رسول الله صلى الله عليه وسلم: «أما هذا فقد ملأ يديه خيرا» #",0
Musnad at-Tayalisi,1178,UNGRADED,Prophets & Past Peoples,852 - # حدثنا أبو داود قال: حدثنا شعبة، عن سليمان الشيباني، قال: سمعت عبد الله بن أبي أوفى، صاحب رسول الله صلى الله عليه وسلم يقول: «نهى رسول الله صلى الله عليه وسلم عن نبيذ الجر الأحمر» قلت: والأبيض؟ قال: لا أدري #,0
Musnad at-Tayalisi,1179,UNGRADED,Prophets & Past Peoples; Treaties & Non-Muslims,853 - # حدثنا أبو داود قال: حدثنا شعبة، عن محمد بن أبي المجالد، قال امترى أبو بردة وعبد الله بن شداد في السلم فأرسلوني إلى ابن أبي أوفى فسألته فقال: «كنا نسلم على عهد رسول الله صلى الله عليه وسلم في البر والشعير والزبيب والتمر إلى قوم ما هو عندهم» قال: فسألنا ابن أبزى فقال مثل ذلك #,0
Musnad at-Tayalisi,1181,UNGRADED,Dhikr & Supplication; Prophets & Past Peoples,855 - # حدثنا أبو داود قال: حدثنا شعبة، وقيس، عن عبيد بن الحسن، قال: سمعت ابن أبي أوفى، يقول: كان رسول الله صلى الله عليه وسلم يقول في دعائه: «اللهم لك الحمد ملء السموات وملء الأرض وملء ما شئت من شيء بعد» قال أبو داود: قال قيس في حديثه: كان رسول الله صلى الله عليه وسلم يقول هذا إذا رفع رأسه من الركوع #,1
Musnad at-Tayalisi,1182,UNGRADED,Prophets & Past Peoples,856 - # حدثنا أبو داود قال: حدثنا شعبة، عن أبي يعفور، سمع ابن أبي أوفى، يقول: «غزوت مع رسول الله صلى الله عليه وسلم سبع غزوات نأكل معه الجراد» #,0
Musnad at-Tayalisi,1183,UNGRADED,Prophets & Past Peoples; Treaties & Non-Muslims,857 - # حدثنا أبو داود قال: حدثنا شعبة، عن عمرو بن مرة، سمع ابن أبي أوفى، يقول: كان رسول الله صلى الله عليه وسلم إذا أتاه أهل بيت بصدقة صلى عليهم فتصدق أبي بصدقة فقال: «اللهم صل على آل أبي أوفى» #,0
Musnad at-Tayalisi,1184,UNGRADED,Brotherhood & Friendship; Leadership & Governance,858 - # حدثنا أبو داود قال: حدثنا شعبة، قال: أخبرني عمرو بن مرة، سمع ابن أبي أوفى، صاحب رسول الله صلى الله عليه وسلم وكان قد شهد بيعة الرضوان قال: «كنا يومئذ ألفا وثلاثمائة وكان أسلم يومئذ ثمن المهاجرين» #,0
Musnad at-Tayalisi,1185,UNGRADED,Prophets & Past Peoples,859 - # حدثنا أبو داود قال: حدثنا الحريش بن سليم الكوفي، قال: حدثنا طلحة اليامي، قال: سألت عبد الله بن أبي أوفى: هل أوصى رسول الله صلى الله عليه وسلم؟ قال: لا، فقلت: فلم أمرنا بالوصية ولم يوص؟ قال,0
Musnad at-Tayalisi,1188,UNGRADED,Repentance & Forgiveness; Brotherhood & Friendship,860 - # حدثنا أبو داود قال: حدثنا الحشرج، قال: حدثنا سعيد بن جمهان، قال: أتيت عبد الله بن أبي أوفى صاحب رسول الله صلى الله عليه وسلم فقال لي: من أنت؟ وكان يومئذ محجوب البصر فقلت: أنا سعيد بن جمهان فقال: ما فعل أبوك؟ قلت قتلته الأزارقة فقال: رحمه الله، حدثنا رسول الله صلى الله عليه وسلم: «أنهم كلاب النار» #,0
Musnad at-Tayalisi,1189,UNGRADED,Prophets & Past Peoples,861 - # حدثنا أبو داود قال: حدثنا شعبة، عن فراس، عن مدرك بن عمارة، عن ابن أبي أوفى، قال: قال رسول الله صلى الله عليه وسلم: «لا يزني العبد حين يزني وهو مؤمن، ولا يسرق حين يسرق وهو مؤمن، ولا,0
Musnad at-Tayalisi,1191,UNGRADED,Prophets & Past Peoples,862 - # حدثنا أبو داود قال: حدثنا شعبة، قال: حدثنا الحكم، عن رجل، عن ابن أبي أوفى، عن النبي صلى الله عليه وسلم بنحوه #,0
Musnad at-Tayalisi,1194,UNGRADED,Prophets & Past Peoples,864 - # حدثنا أبو داود قال: حدثنا شعبة، قال: أخبرني إبراهيم الهجري، قال: رأيت ابن أبي أوفى في جنازة ابنته راكبا على بغلة فمر على نسوة يترثين فقال: «إياكن والتراثي فإن رسول الله صلى الله عليه وسلم نهى عنه» لتفض إحداكن من عبرتها #,0
Musnad at-Tayalisi,1196,UNGRADED,Prayer (Salah); Prophets & Past Peoples,"865 - # حدثنا يونس قال: حدثنا أبو داود قال: حدثنا حماد بن زيد، عن غيلان بن جرير المعولي، عن مطرف بن عبد الله بن الشخير، قال: "" صليت أنا وعمران بن حصين، خلف علي بن أبي طالب صلاة فكان إذا سجد كبر وإذا رفع رأسه كبر وإذا نهض من السجدتين كبر فلما قضينا الصلاة أخذ عمران بيدي فقال: لقد ذكرنا هذا صلاة محمد صلى الله عليه وسلم أو قال: صلى بنا صلاة محمد صلى الله عليه وسلم "" شك غيلان #",0
Musnad at-Tayalisi,1198,UNGRADED,Quran & Recitation; Repentance & Forgiveness,[ص: 167] # ، يحدث عن عمران بن حصين، رحمه الله قال: قال لي: ألا أحدثك حديثا لعل الله أن ينفعك به: إن رسول الله صلى الله عليه وسلم «جمع بين حج وعمرة ثم لم ينه عنه ولم ينزل قرآن يحرمه وإنه قد كان يسلم علي فلما اكتويت انقطع عني فلما تركت عاد إلي» يعني الملائكة #,0
Musnad at-Tayalisi,1199,UNGRADED,Character & Manners; Paradise,867 - # حدثنا أبو داود قال: حدثنا شعبة، وحماد بن زيد، عن يزيد الرشك، قال: سمعت مطرفا، يحدث عن عمران بن حصين، قال: قيل للنبي صلى الله عليه وسلم: أعلم أهل الجنة من أهل النار؟ قال: «نعم» قال: ففيم يعمل العاملون؟ قال: «يعمل لما خلق له ويسر له» #,0
Musnad at-Tayalisi,1200,UNGRADED,Prophets & Past Peoples,868 - # حدثنا أبو داود قال: حدثنا جعفر بن سليمان الضبعي، حدثنا يزيد الرشك، عن مطرف بن عبد الله بن الشخير، عن عمران بن حصين، أن رسول الله صلى الله عليه وسلم بعث عليا في جيش فرأوا منه شيئا فأنكروه فاتفق نفر أربعة وتعاقدوا أن يخبروا النبي صلى الله عليه وسلم بما صنع علي قال عمران: وكنا إذا قدمنا من سفر لم نأت أهلنا حتى نأتي رسول الله صلى الله عليه وسلم فنسلم عليه وننظر إليه فجاء النفر الأربعة فقام أحدهم فقال: يا رسول الله، ألم تر أن عليا صنع كذا وكذا فأعرض عنه، ثم قام الثاني فقال مثل ذلك فأعرض عنه، ثم قام الثالث فقال مثل ذلك فأعرض عنه، ثم قام الرابع فقال مثل ذلك، فقال رسول الله صلى الله عليه وسلم,0
Musnad at-Tayalisi,1202,UNGRADED,Prophets & Past Peoples,869 - # حدثنا أبو داود قال: حدثنا حماد بن سلمة، عن ثابت، عن مطرف، عن عمران بن حصين، قال: «نهى رسول الله صلى الله عليه وسلم عن الكي فاكتوينا فما أفلحنا ولا أنجحنا» #,0
Musnad at-Tayalisi,1203,UNGRADED,Prophets & Past Peoples,870 - # حدثنا أبو داود قال: حدثنا أبو داود قال: حدثنا حماد بن سلمة، عن ثابت، عن مطرف، عن عمران بن حصين، أن النبي صلى الله عليه وسلم قال له: «صم سرر الشهر» قال أبو داود: يعني بعد الفطر #,0
Musnad at-Tayalisi,1206,UNGRADED,Paradise; Prophets & Past Peoples,872 - # حدثنا أبو داود قال: حدثنا أبو الأشهب، وجرير بن حازم، وسلم بن زرير، وحماد بن نجيح، وصخر بن جويرية، عن أبي رجاء، عن عمران بن حصين، وابن عباس رحمهما الله قالا: قال رسول الله صلى الله عليه وسلم: «نظرت في الجنة فإذا أكثر أهلها الفقراء ونظرت في النار فإذا أكثر أهلها النساء» #,1
Musnad at-Tayalisi,1207,UNGRADED,Death & Burial; Prophets & Past Peoples,873 - # حدثنا أبو داود قال: حدثنا همام، عن قتادة، عن الحسن، عن عمران بن حصين، أن شيخا أتى النبي صلى الله عليه وسلم فقال: يا رسول الله، إن ابني مات فما لي من ميراثه؟ فقال: «لك السدس» فلما أدبر دعاه فقال: «لك سدس آخر» فلما ولى دعاه فقال: «السدس الآخر طعمة» #,0
Musnad at-Tayalisi,1208,UNGRADED,Day of Judgement; Prophets & Past Peoples,"874 - # حدثنا أبو داود قال: حدثنا هشام، عن قتادة، عن الحسن، عن عمران بن حصين، أن رسول الله صلى الله عليه وسلم وهو في سفر إذ رفع صوته بالآيتين: {يا أيها الناس اتقوا ربكم} [الحج: 1] إلى قوله {ولكن عذاب الله شديد} [الحج: 2] قال: فحثوا المطي وعرفوا أنه عند قول يقوله فلما تأشبوا حوله قال: «أتدرون أي يوم ذاكم؟» قالوا: الله ورسوله أعلم قال: "" ذاك يوم يقول الله عز وجل لآدم: يا آدم قم فابعث بعث النار قال: يا رب وما بعث النار؟ قال: من كل ألف تسعمائة وتسعة وتسعون إلى النار وواحد إلى الجنة "" فأبلسوا حتى ما أحد منهم يبدي عن واضحة فلما رأى ذلك رسول الله صلى الله عليه وسلم قال: «اعملوا وأبشروا فوالذي نفسي بيده إنكم لمع خليقتين ما كانوا في شيء قط إلا كثرتاه مع يأجوج ومأجوج",0
Musnad at-Tayalisi,1210,UNGRADED,Oaths & Vows; Prophets & Past Peoples,875 - # حدثنا أبو داود قال: حدثنا أبو عامر صالح بن رستم، عن كثير بن شنظير، عن الحسن، عن عمران بن حصين، قال: قلما قام فينا رسول الله صلى الله عليه وسلم إلا حثنا فيها على الصدقة ونهانا عن المثلة وقال: «إن من المثلة أن ينذر أن يخرم أنفه ومن المثلة أن ينذر أن يحج ماشيا فإذا نذر أحدكم أن يحج ماشيا فليهد هديا وليركب» #,0
Musnad at-Tayalisi,1211,UNGRADED,Usury & Interest; Prophets & Past Peoples,876 - # حدثنا أبو داود قال: حدثنا أبو حرة، عن الحسن، أن رسول الله صلى الله عليه وسلم كان في سفر فناموا فما استيقظوا حتى طلعت الشمس فصلوا وقالوا: يا رسول الله، ألا نزيد في صلاتنا فقال رسول الله صلى الله عليه وسلم: «ينهاكم الله عن الربا ويقبله منكم» ويروى هذا الحديث عن هشام بن حسان، عن الحسن، عن عمران بن حصين عن النبي صلى الله عليه وسلم #,0
Musnad at-Tayalisi,1212,UNGRADED,Prophets & Past Peoples,877 - # حدثنا أبو داود قال: حدثنا شعبة، عن أبي قزعة، عن الحسن، وحماد بن سلمة، عن حميد، عن الحسن، عن عمران بن حصين رفعه حماد إلى النبي صلى الله عليه وسلم، قال أبو داود: ولا أحفظه عن شعبة مرفوعا قال: «لا جلب ولا جنب ولا شغار في الإسلام» #,0
Musnad at-Tayalisi,1213,UNGRADED,Oaths & Vows,878 - # حدثنا أبو داود قال: حدثنا عبد الوارث، عن محمد بن الزبير الحنظلي، عن أبيه، عن عمران بن حصين، أن النبي صلى الله عليه وسلم قال: «لا نذر في غضب وكفارته كفارة يمين» #,0
Musnad at-Tayalisi,1214,UNGRADED,Prayer (Salah); Prophets & Past Peoples,879 - # حدثنا أبو داود قال: حدثنا حماد بن سلمة، عن علي بن زيد، عن أبي نضرة، عن عمران بن حصين، أن رسول الله صلى الله عليه وسلم صلى بمكة ركعتين ثم سلم وقال: «يا أهل مكة أتموا صلاتكم فإنا قوم سفر» #,0
Musnad at-Tayalisi,1215,UNGRADED,Character & Manners; Prophets & Past Peoples,880 - # حدثنا أبو داود قال: حدثنا شعبة، قال: أخبرني أبو جمرة، قال: سمعت زهدم بن مضرب، يحدث عن عمران بن حصين، قال: قال رسول الله صلى الله عليه وسلم: «خير أمتي قرني» فذكر نحوا من حديث هشام #,0
Musnad at-Tayalisi,1216,UNGRADED,Character & Manners,881 - # حدثنا أبو داود قال: حدثنا عزرة بن ثابت الأنصاري، قال: حدثنا يحيى بن عقيل، عن يحيى بن يعمر، عن أبي الأسود الدؤلي، قال: حدثني عمران بن حصين، أن رجلا من جهينة أو مزينة سأل رسول الله صلى الله عليه وسلم فقال: يا رسول الله، أرأيت ما يعمل الناس فيه أمر قضي عليهم من قدر وسبق عليهم من قدر قد سبق أو شيء جئتهم به تتخذ عليهم الحجة؟ فقال رسول الله صلى الله عليه وسلم: «بل ما قضي عليهم وقدر عليهم من قدر قد سبق» . قال: فقال يا رسول الله، فلم يعملون؟ قال: «اعملوا فكل ميسر لما خلق له» وتلا هذه الآية {ونفس وما سواها فألهمها فجورها وتقواها} [الشمس: 8] #,0
Musnad at-Tayalisi,1217,UNGRADED,Alcohol & Intoxicants; Prophets & Past Peoples,882 - # حدثنا أبو داود قال: حدثنا شعبة، عن أبي التياح، عن حفص الليثي، عن عمران بن حصين، أن النبي صلى الله عليه وسلم «نهى عن نبيذ الجر» #,0
Musnad at-Tayalisi,1218,UNGRADED,Prophets & Past Peoples,883 - # حدثنا أبو داود قال: حدثنا حماد بن زيد، عن أيوب، عن أبي قلابة، عن أبي المهلب، عن عمران بن حصين، أن النبي صلى الله عليه وسلم «أتي بالعقيلي في وثاق» #,1
Musnad at-Tayalisi,1221,UNGRADED,Prophets & Past Peoples,885 - # حدثنا أبو داود قال: حدثنا وهيب، عن خالد، عن أبي قلابة، عن أبي المهلب، عن عمران، عن النبي صلى الله عليه وسلم بمثله #,0
Musnad at-Tayalisi,1222,UNGRADED,Prophets & Past Peoples; Jihad & Battles,886 - # حدثنا أبو داود قال: حدثنا حماد بن سلمة، عن أيوب، عن أبي قلابة، عن أبي المهلب، عن عمران بن حصين، أن رسول الله صلى الله عليه وسلم «فادى رجلين من أصحابه كانا في أيدي المشركين برجل أسير» #,0
Musnad at-Tayalisi,1223,UNGRADED,Prayer (Salah),"887 - # حدثنا أبو داود قال: حدثنا شعبة، عن خالد الحذاء، عن أبي قلابة، عن أبي المهلب، عن عمران بن حصين، قال: «صلى رسول الله صلى الله عليه وسلم الظهر أو العصر ثلاث ركعات ثم سلم» فقال رجل من أصحاب النبي صلى الله عليه وسلم يقال له ابن الخرباق: أقصرت الصلاة؟ "" فسأل النبي صلى الله عليه وسلم فإذا هو كما قال. قال: فصلى ركعة ثم سلم ثم سجد سجدتين ثم سلم "" #",0
Musnad at-Tayalisi,1225,UNGRADED,Repentance & Forgiveness; Women,[ص: 183] # كثير، أن أبا قلابة، حدثه، عن أبي المهلب، عن عمران بن حصين، أن امرأة من جهينة أتت النبي صلى الله عليه وسلم وهي حبلى من الزنا فأمر رسول الله صلى الله عليه وسلم وليها أن يحسن إليها فإذا وضعت حملها فأتني بها ففعل فأمر بها فشكت عليها ثيابها ثم أمر بها فرجمت ثم صلى عليها فقال له عمر: يا رسول الله، أتصلي عليها وقد زنت فقال: «لقد تابت توبة لو قسمت بين أهل المدينة لوسعتهم، وهل وجدت شيئا أفضل من أن جادت بنفسها لله؟» #,0
Musnad at-Tayalisi,1227,UNGRADED,Death & Burial,[ص: 184] # أبي كثير، أن أبا قلابة، حدثه، أن أبا المهلب، حدثه عن عمران، أن النبي صلى الله عليه وسلم قال: «إن أخاكم النجاشي مات فصلوا عليه» قال: فصففنا خلفه كما يصف على الميت وصلينا عليه كما يصلى على الميت #,0
Musnad at-Tayalisi,1228,UNGRADED,Leadership & Governance; Prophets & Past Peoples,890 - # حدثنا أبو داود قال: حدثنا شعبة، عن قتادة، سمع أبا مراية، عن عمران بن حصين، أن النبي صلى الله عليه وسلم قال: «لا طاعة في معصية الله عز وجل» #,0
Musnad at-Tayalisi,1229,UNGRADED,Quran & Recitation; Prophets & Past Peoples,891 - # حدثنا أبو داود قال: حدثنا شعبة، عن قتادة، سمع زرارة، عن عمران بن حصين، أن رسول الله صلى الله عليه وسلم صلى بأصحابه الظهر فقال: «أيكم قرأ سبح اسم ربك الأعلى» فقال رجل: أنا فقال رسول الله صلى الله عليه وسلم: «قد عرفت أن رجلا خالجنيها» قال شعبة: فقلت لقتادة: كأنه كرهه قال: لو كرهه لنهى عنه #,0
Musnad at-Tayalisi,1230,UNGRADED,Character & Manners; Prophets & Past Peoples,892 - # حدثنا أبو داود قال: حدثنا هشام، عن قتادة، عن زرارة، عن عمران بن حصين، قال: قال رسول الله صلى الله عليه وسلم: «خير أمتي القرن الذي بعثت فيهم، ثم الذين يلونهم، ثم الذين يلونهم ثم يأتي قوم ينذرون ولا يوفون ويخونون ولا يؤتمنون ويشهدون ولا يستشهدون ويفشو فيهم السمن» #,0
Musnad at-Tayalisi,1231,UNGRADED,Prophets & Past Peoples,893 - # حدثنا أبو داود قال: حدثنا شعبة، عن قتادة، قال: سمعت أبا السوار، يحدث عن عمران بن حصين، أن رسول الله صلى الله عليه وسلم قال: «إن الحياء لا يأتي إلا بخير» فقال بشير بن كعب: إن في الحكمة إن من الحياء وقارا ومن الحياء ضعفا قال عمران: أحدثك عن رسول الله صلى الله عليه وسلم وتحدثني عن الصحف #,0
Musnad at-Tayalisi,1232,UNGRADED,Character & Manners; Prophets & Past Peoples,894 - # حدثنا أبو داود قال: حدثنا خالد بن رباح أبو الفضل، قال: حدثنا أبو السوار العدوي، أن عمران بن حصين، حدثهم أن رسول الله صلى الله عليه وسلم قال: «الحياء خير كله» #,0
Musnad at-Tayalisi,1233,UNGRADED,Dhikr & Supplication; Prophets & Past Peoples,895 - # حدثنا أبو داود قال: حدثنا شعبة، عن عبد الله بن صبيح، عن ابن سيرين، قال: ذكر عند عمران بن حصين «البكاء على الميت أنه يعذب» ، فقال: قاله رسول الله صلى الله عليه وسلم #,0
Musnad at-Tayalisi,1236,UNGRADED,Prophets & Past Peoples; Travel & Migration,897 - # حدثنا أبو داود قال: حدثنا عقبة بن خالد أو خالد بن عقبة الشك من أبي داود قال: حدثنا أبو رجاء العطاردي، عن عمران بن حصين، أن رسول الله صلى الله عليه وسلم كان في سفر فنزل فنام وقال لبلال: «أيقظنا لصلاتنا» فما استيقظوا إلا بحر الشمس في أعجازهم أو متونهم فقال: «ارتحلوا من هذا المكان» فارتحلوا ثم نزلوا فقال لبلال: «ما منعك أن توقظنا؟» قال: أنامني الذي أنامكم قال: فتيمموا الصعيد وأمر بلالا فأذن وصلوا الركعتين ثم قام فصلوا الصبح #,0
Musnad at-Tayalisi,1237,UNGRADED,Prayer (Salah); Travel & Migration,898 - # حدثنا أبو داود قال: حدثنا حماد بن سلمة، عن علي بن زيد، عن أبي نضرة، قال: سأل شاب عمران بن حصين عن صلاة رسول الله صلى الله عليه وسلم في السفر فقال: إن هذا الفتى سألني عن صلاة رسول الله صلى الله عليه وسلم في السفر فاحفظوهن عني ما سافرت مع رسول الله صلى الله عليه وسلم سفرا قط إلا صلى ركعتين حتى يرجع وشهدت معه حنينا والطائف فكان يصلي ركعتين ثم حججت معه واعتمرت فصلى ركعتين ثم قال: «يا أهل مكة أتموا الصلاة فإنا قوم سفر» ثم حججت مع أبي بكر واعتمرت فصلى ركعتين ثم قال: «يا أهل مكة أتموا فإنا قوم سفر» ثم حججت مع عمر واعتمرت فصلى ركعتين ثم قال: أتموا الصلاة فإنا قوم سفر ثم حججت مع عثمان واعتمرت فصلى ركعتين ركعتين، ثم إن عثمان أتم #,0
Musnad at-Tayalisi,1239,UNGRADED,Prophets & Past Peoples,899 - # حدثنا يونس قال: حدثنا أبو داود قال: حدثنا قرة بن خالد، عن محمد بن سيرين، عن عبد الرحمن بن أبي بكرة، عن أبيه، أن رسول الله صلى الله عليه وسلم قال: «لا ترجعوا بعدي ضلالا يضرب بعضكم رقاب بعض» #,0
Musnad at-Tayalisi,1240,UNGRADED,Destiny & Decree; Prophets & Past Peoples,900 - # حدثنا أبو داود قال: حدثنا شعبة، قال: أخبرني عبد الملك بن عمير، قال: سمعت عبد الرحمن بن أبي بكرة، أن أباه، كتب إليه وهو على سجستان أن لا تقضي بين رجلين وأنت غضبان فإني سمعت رسول الله صلى الله عليه وسلم يقول: «لا يقضي رجل بين رجلين أو,0
Musnad at-Tayalisi,1242,UNGRADED,Prophets & Past Peoples,901 - # حدثنا أبو داود قال: حدثنا شعبة، عن محمد بن عبد الله بن أبي يعقوب، عن عبد الرحمن بن أبي بكرة، عن أبيه، قال: قال رسول الله صلى الله عليه وسلم: «أرأيت إن كانت مزينة وجهينة وأسلم وغفار خيرا من بني تميم وأسد وغطفان وبني عامر بن صعصعة خابوا وخسروا والذي نفسي بيده لهم خير منهم» #,1
Musnad at-Tayalisi,1244,UNGRADED,Dhikr & Supplication; Prophets & Past Peoples,903 - # حدثنا أبو داود قال: حدثنا شعبة، عن خالد الحذاء، قال: سمعت عبد الرحمن بن أبي بكرة، قال: ذكر رجل عند النبي صلى الله عليه وسلم فأثنوا عليه خيرا قال: فقال رسول الله صلى الله عليه وسلم للرجل: ويحك قطعت عنق صاحبك قالها ثلاثا ثم قال رسول الله صلى الله عليه وسلم: «إن كان أحدكم مادحا أخاه لا محالة فليقل أحسب فلانا إن كان يعلم ذلك منه ولا أزكي على الله عز وجل أحدا» #,0
Musnad at-Tayalisi,1245,UNGRADED,Fasting & Ramadan; Eid & Sacrifice,904 - # حدثنا أبو داود قال: حدثنا حماد بن سلمة، عن خالد الحذاء، وسالم بن عبيد الله بن سالم، عن عبد الرحمن بن أبي بكرة، عن أبيه، عن النبي صلى الله عليه وسلم قال: «شهرا عيد لا ينقصان رمضان وذو الحجة» #,0
Musnad at-Tayalisi,1246,UNGRADED,Character & Manners,905 - # حدثنا أبو داود قال: حدثنا شعبة، وحماد بن سلمة، عن علي بن زيد، عن عبد الرحمن بن أبي بكرة، عن أبيه، قال: قيل: يا رسول الله، أي الناس خير قال: «من طال عمره وحسن عمله»,0
Musnad at-Tayalisi,1248,UNGRADED,Children & Upbringing,"906 - # حدثنا أبو داود قال: حدثنا حماد بن سلمة، عن علي بن زيد، عن عبد الرحمن بن أبي بكرة، عن أبيه، قال: قال رسول الله صلى الله عليه وسلم: «يمكث أبوا الدجال ثلاثين عاما لا يولد لهما ثم يولد لهما غلام أعور أضر شيء وأقله نفعا تنام عيناه ولا ينام قلبه» قال ونعت رسول الله صلى الله عليه وسلم أباه رجل طوال ضرب اللحم كأن أنفه منقار وأما أمه فامرأة طويلة ضاحية الثدي "" قال أبو بكرة: فسمعنا بمولود ولد بالمدينة في اليهود فذهبت أنا والزبير بن العوام فدخلنا على أبويه",0
Musnad at-Tayalisi,1249,UNGRADED,Children & Upbringing,[ص: 196] # فإذا نعت رسول الله صلى الله عليه وسلم فيهما فقلنا: هل لكما من ولد؟ فقالا: مكثنا ثلاثين عاما لا يولد لنا ثم ولد لنا ولد أضر شيء وأقله نفعا تنام عيناه ولا ينام قلبه، فخرجنا من عندهما فإذا هو منجدل في قطيفة في الشمس له همهمة فكشف عن رأسه فقال: ما قلتما؟ قلنا: أوسمعت؟ قال: إني أنام ولا ينام قلبي #,0
Musnad at-Tayalisi,1250,UNGRADED,Prophets & Past Peoples,907 - # حدثنا أبو داود، قال: حدثنا حماد بن سلمة، قال: حدثنا علي بن زيد، عن عبد الرحمن بن أبي بكرة، قال وفدنا إلى معاوية مع زياد ومعنا أبو بكرة فدخلنا عليه فقال له معاوية: حدثنا حديثا سمعته من رسول الله صلى الله عليه وسلم عسى الله أن ينفعنا به قال: نعم، كان نبي الله صلى الله عليه وسلم تعجبه الرؤيا الصالحة ويسأل عنها فقال رجل: يا رسول الله,0
Musnad at-Tayalisi,1251,UNGRADED,Trade & Business,[ص: 197] # ، إني رأيت رؤيا، رأيت كأن ميزانا دلي من السماء فوزنت أنت وأبو بكر فرجحت بأبي بكر ثم وزن أبو بكر بعمر فوزن أبو بكر عمر ثم وزن عمر بعثمان فرجح عمر بعثمان ثم رفع الميزان فاستاء لها رسول الله صلى الله عليه وسلم ثم قال: خلافة نبوة ثم يؤتي الله الملك من يشاء فغضب معاوية وزخ في أقفائنا فأخرجنا فقال زياد لأبي بكرة: ما وجدت من حديث رسول الله صلى الله عليه وسلم حديثا تحدثه غير هذا؟ قال: والله لا أحدثه إلا به حتى أفارقه قال: فلم يزل زياد يطلب الإذن حتى أذن لنا فأدخلنا فقال معاوية: يا أبا بكرة حدثنا بحديث عن رسول الله صلى الله عليه وسلم لعل الله أن ينفعنا به قال: فحدثته أيضا بمثل حديثه الأول فقال له معاوية: لا أبا لك تخبرنا أنا ملوك فقد رضينا أن نكون ملوكا. #,0
Musnad at-Tayalisi,1252,UNGRADED,Prophets & Past Peoples,908 - # حدثنا أبو داود قال: حدثنا الأسود بن شيبان، عن بحر بن مرار البكراوي، عن أبي بكرة، قال: بينما أنا أمشي مع رسول الله صلى الله عليه وسلم ومعي رجل ورسول الله صلى الله عليه وسلم يمشي بيننا إذ أتى على قبرين فقال رسول الله صلى الله عليه وسلم: «إن صاحبي هذين القبرين ليعذبان الآن في قبورهما فأيكما يأتيني من هذا النخل بعسيب؟» فاستبقت أنا وصاحبي فسبقته وكسرت من النخل عسيبا فأتيت به النبي صلى الله عليه وسلم فشقه نصفين من أعلاه فوضع على أحدهما نصفا وعلى الآخر نصفا وقال: «إنه يهون عليهما ما دام فيهما من بلولتهما شيء إنهما يعذبان في الغيبة والبول» وروى هذا الحديث مسلم بن إبراهيم، عن الأسود، عن بحر، عن عبد الرحمن بن أبي بكرة #,0
Musnad at-Tayalisi,1253,UNGRADED,Dhikr & Supplication; The Grave & Barzakh; Prophets & Past Peoples,909 - # حدثنا أبو داود قال: حدثنا عبد الجليل، حدثنا جعفر بن ميمون، قال: أخبرني عبد الرحمن بن أبي بكرة، قال: قلت لأبي: يا أبه إني أسمعك تدعو عند كل غداة «اللهم عافني في بدني اللهم عافني في سمعي اللهم عافني في بصري لا إله إلا أنت» تعيدها ثلاثا حين تمسي وثلاثا حين تصبح وتقول: «اللهم إني أعوذ بك من الكفر والفقر، اللهم إني أعوذ بك من عذاب القبر لا إله إلا أنت» تعيدها ثلاث مرات حين تمسي وثلاثا حين تصبح فقال: نعم يا بني سمعت رسول الله صلى الله عليه وسلم يدعو بهن فأنا أحب أن أستن بسنته #,0
Musnad at-Tayalisi,1254,UNGRADED,Dhikr & Supplication; Magic & Superstition,910 - # حدثنا أبو داود قال: حدثنا عبد الجليل، حدثنا جعفر بن ميمون، قال: أخبرني عبد الرحمن بن أبي بكرة، عن أبيه، قال: قال رسول الله صلى الله عليه وسلم في دعاء المضطر: «اللهم رحمتك أرجو فلا تكلني إلى نفسي طرفة عين وأصلح لي شأني كله، لا إله إلا أنت» #,0
Musnad at-Tayalisi,1255,UNGRADED,Prophets & Past Peoples,"911 - # حدثنا أبو داود قال: حدثنا الحشرج بن نباتة الكوفي، قال: حدثنا سعيد بن جمهان، عن عبد الرحمن بن أبي بكرة، عن أبيه، قال: قال رسول الله صلى الله عليه وسلم: "" لتنزلن طائفة من أمتي أرضا يقال لها البصرة ويكثر بها عددهم ونخلهم ثم تجيء بنو قنطوراء عراض الوجوه صغار العيون حتى ينزلوا على جسر لهم يقال لها: دجلة فيتفرق المسلمون ثلاث فرق: أما فرقة فتأخذ بأذناب الإبل فتلحق بالبادية فهلكت، وأما فرقة فتأخذ على أنفسها وكفرت فهذه وتلك",0
Musnad at-Tayalisi,1257,UNGRADED,Faith & Creed; Justice & Judgement,"912 - # حدثنا أبو داود قال: حدثنا شعبة، عن عبد ربه بن سعيد، قال: سمعت أبا عبد الله، يحدث عن سعيد بن أبي الحسن، أن أبا بكرة دخل عليهم في شهادة فقام له رجل عن مجلسه فقال أبو بكرة: إن رسول الله صلى الله عليه وسلم قال: "" إذا قام لك رجل من مجلسه فلا تجلس فيه - أو قال: لا تقيم رجلا من مجلسه ثم تجلس فيه - ولا تمسح يدك بثوب من لا تملك "" #",0
Musnad at-Tayalisi,1258,UNGRADED,Prayer (Salah),913 - # حدثنا أبو داود قال: حدثنا ابن فضالة، عن الحسن، عن أبي بكرة، أن النبي صلى الله عليه وسلم «صلى صلاة الكسوف ركعتين» #,0
Musnad at-Tayalisi,1259,UNGRADED,Prophets & Past Peoples,914 - # حدثنا أبو داود قال: حدثنا عمران القطان، عن قتادة، عن الحسن، عن أبي بكرة، قال: قال النبي صلى الله عليه وسلم: «صوموا لرؤيته وأفطروا لرؤيته فإن غم عليكم فأكملوا العدة ثلاثين يوما» #,0
Musnad at-Tayalisi,1260,UNGRADED,Prophets & Past Peoples,915 - # حدثنا أبو داود قال: حدثنا ابن فضالة، عن الحسن، عن أبي بكرة، قال: صلى رسول الله صلى الله عليه وسلم فجاء الحسن فركب على ظهره فوضعه وضعا رفيقا فلما فرغ من صلاته ضمه إليه وقبله فقالوا: يا رسول الله، صنعت بالحسن شيئا لم تكن تصنعه فقال رسول الله صلى الله عليه وسلم: «إن ابني هذا سيد سيصلح الله عز وجل به بين فئتين من المسلمين» #,0
Musnad at-Tayalisi,1261,UNGRADED,Prayer (Salah),"916 - # حدثنا أبو داود قال: حدثنا حماد بن سلمة، عن علي بن زيد، عن الحسن، عن أبي بكرة، رحمه الله قال: «أخر النبي صلى الله عليه وسلم صلاة العشاء ثمان ليال» فقال أبو بكرة: لو عجلت هذه الصلاة كان أمثل لقيامنا من الليل، ففعل "" #",0
Musnad at-Tayalisi,1262,UNGRADED,Justice & Judgement; Prophets & Past Peoples,"917 - # حدثنا أبو داود قال: حدثنا أبو حرة، عن الحسن، عن أبي بكرة، أنه "" انتهى إلى النبي صلى الله عليه وسلم وهو منبهر فركع دون الصف فلما قضى النبي صلى الله عليه وسلم صلاته قال: «من فعل هذا؟» قال أبو بكرة: أنا قال: «زادك الله حرصا ولا تعد» #",0
Musnad at-Tayalisi,1263,UNGRADED,Prayer (Salah),918 - # حدثنا أبو داود قال: حدثنا أبو حرة، عن الحسن، عن أبي بكرة، أن النبي صلى الله عليه وسلم «صلى بأصحابه صلاة الخوف فصلى ركعتين ثم انطلق هؤلاء إلى مصاف هؤلاء وجاء أولئك فصلى بهم ركعتين فكانت لرسول الله صلى الله عليه وسلم أربعا وللقوم ركعتين ركعتين» #,0
Musnad at-Tayalisi,1264,UNGRADED,Women; Prophets & Past Peoples,919 - # حدثنا أبو داود قال: حدثنا عيينة بن عبد الرحمن بن جوشن، عن أبيه، عن أبي بكرة، قال: سمعت رسول الله صلى الله عليه وسلم يقول: «لن يفلح قوم أسندوا أمرهم إلى امرأة» #,0
Musnad at-Tayalisi,1265,UNGRADED,Bloodshed & Murder; Paradise,920 - # حدثنا أبو داود قال: حدثنا عيينة، عن أبيه، عن أبي بكرة، قال: سمعت رسول الله صلى الله عليه وسلم يقول: «من قتل معاهدا في غير كنهه حرم الله عليه الجنة» #,0
Musnad at-Tayalisi,1266,UNGRADED,Prophets & Past Peoples,921 - # حدثنا أبو داود قال: حدثنا عيينة، عن أبيه، عن أبي بكرة، قال: سمعت رسول الله صلى الله عليه وسلم يقول: «ما من ذنب أجدر أن يعجل لصاحبه العقوبة في الدنيا مع ما يدخر له في الآخرة من البغي وقطيعة الرحم» #,0
Musnad at-Tayalisi,1267,UNGRADED,Dhikr & Supplication; Fasting & Ramadan,922 - # حدثنا أبو داود قال: حدثنا عيينة، عن أبيه، قال: ذكر ليلة القدر عند أبي بكرة فقال أبو بكرة: أما أنا فلست ملتمسها إلا في العشر الأواخر بعد حديث سمعته من رسول الله صلى الله عليه وسلم سمعته يقول: «التمسوها في العشر الأواخر لتاسعة تبقى أو سابعة تبقى أو خامسة تبقى أو ثالثة تبقى أو آخر ليلة» فكان أبو بكرة يصلي في عشرين من رمضان كما كان يصلي في سائر السنة فإذا دخل العشر اجتهد #,0
Musnad at-Tayalisi,1268,UNGRADED,Women; Speech & Backbiting,923 - # حدثنا أبو داود قال: حدثنا عيينة بن عبد الرحمن بن جوشن، قال: حدثني أبي قال: كان أبو بكرة ينتبذ له في جر فقدم أبو برزة من غيبة كان غابها فنزل بمنزل أبي بكرة قبل أن يأتي منزله فلم يجد أبا بكرة في منزله فوقف على امرأة له يقال لها ميسة فسألها عن أبي بكرة وعن حاله ونظر فأبصر الجرة التي فيها النبيذ فقال: ما في هذه الجرة؟ قالت: نبيذ لأبي بكرة فقال: لوددت أنك جعلتيه في سقاء ثم خرج فأمرت بالنبيذ فحول في سقاء ثم علقته فجاء أبو بكرة فأخبرته عن أبي برزة وعن قدومه ثم أبصر السقاء فقالت: قال أبو برزة: كذا وكذا فحولت نبيذك في السقاء فقال: ما أنا بشارب منه شيئا آلله إن جعلت العسل في جر ليحرمن علي ولئن جعلت الخمر في سقاء ليحلن لي إنا قد عرفنا الذي نهينا عنه، «نهينا عن الدباء والنقير والحنتم والمزفت» فأما الدباء فإنا معشر ثقيف بالطائف كنا نأخذ الدباء فنخرط فيها عناقيد العنب ثم ندفنها ثم نتركها حتى تهدر ثم تموت وأما النقير فإن أهل اليمامة كانوا ينقرون أصل النخلة فيشدخون فيه الرطب والبسر ثم يدعونه حتى يهدر ثم يموت، وأما الحنتم فجرار كان يحمل إلينا فيها الخمر وأما المزفت فهي هذه الأوعية التي فيها هذا الزفت #,0
Musnad at-Tayalisi,1269,UNGRADED,Leadership & Governance; Death & Burial,924 - # حدثنا أبو داود قال: حدثنا عيينة بن عبد الرحمن، عن أبيه، قال: كنت في جنازة عبد الرحمن بن سمرة فجعل زياد ورجال من مواليه يمشون على أعقابهم أمام السرير يقولون: رويدا رويدا بارك الله فيكم قال: فلحقهم أبو بكرة في بعض سكة المربد فحمل عليهم البغلة وشد عليهم بالسوط وقال: خلوا والذي أكرم وجه أبي القاسم صلى الله عليه وسلم «لقد رأيتنا على عهد رسول الله صلى الله عليه وسلم لنكاد أن نرمل بها رملا» #,0
Musnad at-Tayalisi,1270,UNGRADED,Hellfire; Prophets & Past Peoples,925 - # حدثنا أبو داود قال: حدثنا شعبة، عن منصور، عن ربعي بن حراش، عن أبي بكرة، أن النبي صلى الله عليه وسلم قال: «إذا أشار الرجل على أخيه بالسلاح فهما على جرف جهنم فإذا قتله وقعا فيه,0
Musnad at-Tayalisi,1274,UNGRADED,Other Narrations,[ص: 210] # وروى هذا الحديث الحجاج عن حماد بن سلمة ورفعه إلى النبي صلى الله عليه وسلم #,0
Musnad at-Tayalisi,1275,UNGRADED,Adhan & the Mosque; Modesty & Dress,928 - # حدثنا أبو داود قال: حدثنا حميد بن مهران، عن سعد بن أوس، عن زياد بن كسيب، قال: خرج ابن عامر فصعد المنبر وعليه ثياب رقاق فقال أبو بلال: انظروا إلى أميركم يلبس لباس الفساق فقال أبو بكرة من تحت المنبر: سمعت رسول الله صلى الله عليه وسلم يقول: «من أهان سلطان الله أهانه الله» #,0
Musnad at-Tayalisi,1277,UNGRADED,Prophets & Past Peoples,929 - # حدثنا يونس قال: حدثنا أبو داود قال: حدثنا شعبة، عن معبد بن خالد، عن زيد بن عقبة، عن سمرة بن جندب، أن رسول الله صلى الله عليه وسلم «قرأ في صلاة الجمعة سبح اسم ربك الأعلى وهل أتاك حديث الغاشية» #,0
Musnad at-Tayalisi,1278,UNGRADED,Prophets & Past Peoples,930 - # حدثنا أبو داود قال: حدثنا شعبة، عن عبد الملك بن عمير، عن زيد بن عقبة، عن سمرة، أن النبي صلى الله عليه وسلم قال: «المسائل كدوح يكدح بها الرجل وجهه، فمن شاء أبقى على وجهه، ومن شاء ترك إلا أن يسأل الرجل في أمر لا يجد منه بدا أو ذا سلطان» قال زيد بن عقبة: فحدثت به الحجاج بن يوسف فقال: سلني فإني ذو سلطان #,0
Musnad at-Tayalisi,1281,UNGRADED,Prophets & Past Peoples,932 - # حدثنا أبو داود قال: حدثنا شعبة، قال: أخبرني فراس، قال: سمعت الشعبي، قال: سمعت سمرة بن جندب، يقول: صلى رسول الله صلى الله عليه وسلم الصبح فقال: «هاهنا أحد من بني فلان؟ إن صاحبكم محبوس بباب الجنة بدين عليه» #,0
Musnad at-Tayalisi,1283,UNGRADED,Paradise; Prophets & Past Peoples,[ص: 214] # ، عن الشعبي، عن سمرة بن جندب، أن النبي صلى الله عليه وسلم صاح مرتين فقال: «من هاهنا من بني فلان؟» فلم يجبه أحد ثم قام في الثالثة رجل فقال: أنا قال: «ما منعك أن تجيبني في المرتين الأوليين إني لم أنوه باسمك إلا لخير إن صاحبكم محبوس بباب الجنة بدين عليه» قال: فقضى عنه حتى ما يطالبه أحد بشيء,0
Musnad at-Tayalisi,1286,UNGRADED,"Prophets & Past Peoples; Time, Days & Nights","935 - # حدثنا أبو داود قال: حدثنا شعبة، عن منصور، قال: سمعت هلال بن يساف، يحدث عن الربيع بن عميلة، عن سمرة، أن رسول الله صلى الله عليه وسلم قال: "" لا تسمي غلامك: أفلح ولا رباح ولا يسار ولا نجيح فيقال: أهو هاهنا فيقال: لا "" #",1
Musnad at-Tayalisi,1287,UNGRADED,Prophets & Past Peoples,936 - # حدثنا أبو داود قال: حدثنا المسعودي، عن الحكم، وحبيب بن أبي ثابت، عن ميمون بن أبي شبيب، عن سمرة بن جندب، قال: قال رسول الله صلى الله عليه وسلم: «البسوا هذه الثياب البيض فإنها أطهر وأطيب وكفنوا فيها موتاكم» #,0
Musnad at-Tayalisi,1288,UNGRADED,Truthfulness & Lying; Prophets & Past Peoples,937 - # حدثنا أبو داود قال: حدثنا شعبة، قال: أخبرني الحكم، عن ابن أبي ليلى، عن سمرة بن جندب، قال: قال رسول الله صلى الله عليه وسلم: «من روى عني حديثا يرى أنه كذب فهو أحد الكاذبين» #,0
Musnad at-Tayalisi,1289,UNGRADED,Prayer (Salah); Angels & the Unseen,938 - # حدثنا أبو داود قال: حدثنا شعبة، قال: أخبرني سماك بن حرب، قال: سمعت المهلب بن أبي صفرة، يقول: سمعت سمرة بن جندب، يخطب يقول في خطبته: «نهى رسول الله صلى الله عليه وسلم عن صلاة قبل طلوع الشمس فإنها تطلع بين قرني الشيطان أو على قرني شيطان» #,0
Musnad at-Tayalisi,1290,UNGRADED,Adhan & the Mosque; Prophets & Past Peoples,939 - # حدثنا أبو داود قال: حدثنا شعبة، قال: أخبرني سوادة بن حنظلة القشيري، سمع سمرة بن جندب، يخطب قال: قال رسول الله صلى الله عليه وسلم: «لا يغرنكم نداء بلال ولا هذا البياض حتى ينفجر الفجر هكذا» #,0
Musnad at-Tayalisi,1291,UNGRADED,Adhan & the Mosque,940 - # حدثنا أبو داود قال: حدثنا محمد بن سليم، قال: حدثنا سوادة بن حنظلة القشيري، عن سمرة بن جندب، أن رسول الله صلى الله عليه وسلم قال: «لا يمنعنكم أذان بلال من السحور ولا الصبح المستطيل ولكن الصبح المستطير في الأفق» #,0
Musnad at-Tayalisi,1292,UNGRADED,Dhikr & Supplication; Prophets & Past Peoples,"941 - # حدثنا أبو داود قال: حدثنا شعبة، عن سلمة بن كهيل، قال: سمعت هلال بن يساف، يحدث عن سمرة بن جندب، عن النبي صلى الله عليه وسلم قال: "" إذا حدثتك حديثا فلا تزيدن علي، أربع هن من أطيب الكلام وهو من القرآن ولا يضرك بأيهن بدأت: سبحان الله",0
Musnad at-Tayalisi,1295,UNGRADED,Prophets & Past Peoples,943 - # حدثنا أبو داود قال: حدثنا همام، عن قتادة، عن قدامة بن وبرة، عن سمرة، قال: قال رسول الله صلى الله عليه وسلم: «من ترك الجمعة من غير عذر فليتصدق بدينار فإن لم يجد فبنصف دينار» #,0
Musnad at-Tayalisi,1296,UNGRADED,Women; Prophets & Past Peoples,944 - # حدثنا أبو داود قال: حدثنا همام، عن حسين عن، عبد الله بن بريدة، عن سمرة، أن رسول الله صلى الله عليه وسلم «صلى على امرأة فقام وسطها» #,0
Musnad at-Tayalisi,1297,UNGRADED,Trade & Business; Prophets & Past Peoples,945 - # حدثنا أبو داود قال: حدثنا هشام، عن قتادة، عن الحسن، عن سمرة بن جندب، عن النبي صلى الله عليه وسلم قال: «إذا أنكح وليان فالنكاح للأول منهما، وإذا باع رجل متاعا من رجلين فهو للأول منهما» #,0
Musnad at-Tayalisi,1298,UNGRADED,Neighbours; Prophets & Past Peoples,946 - # حدثنا أبو داود قال: حدثنا هشام، عن قتادة، عن الحسن، عن سمرة، أن رسول الله صلى الله عليه وسلم قال: «جار الدار أحق بالدار» #,0
Musnad at-Tayalisi,1300,UNGRADED,Bloodshed & Murder,[ص: 224] # ، عن سمرة، أن النبي صلى الله عليه وسلم قال: «من قتل عبده قتلناه ومن جدعه جدعناه ومن خصاه خصيناه» #,0
Musnad at-Tayalisi,1303,UNGRADED,Prayer (Salah); Day of Judgement,949 - # حدثنا أبو داود قال: حدثنا هشام، عن قتادة، عن الحسن، عن سمرة، قال: أمر النبي صلى الله عليه وسلم مناديا فنادى في يوم مطير: «الصلاة في الرحال» #,0
Musnad at-Tayalisi,1304,UNGRADED,Prophets & Past Peoples,950 - # حدثنا أبو داود قال: حدثنا هشام، عن قتادة، عن الحسن، عن سمرة، أو عقبة عن النبي صلى الله عليه وسلم قال: «عهدة الرقيق أربعة أيام» #,0
Musnad at-Tayalisi,1306,UNGRADED,Children & Upbringing,[ص: 227] # ، عن سمرة، قال: قال النبي صلى الله عليه وسلم: «كل غلام مرتهن بعقيقته» #,0
Musnad at-Tayalisi,1307,UNGRADED,Relatives & Kinship; Mercy & Kindness,952 - # حدثنا أبو داود قال: حدثنا حماد بن سلمة، عن قتادة، عن الحسن، عن سمرة، قال: قال النبي صلى الله عليه وسلم: «من ملك ذا رحم محرم فهو حر» #,0
Musnad at-Tayalisi,1308,UNGRADED,Prophets & Past Peoples,953 - # حدثنا أبو داود قال: حدثنا حماد بن سلمة، عن قتادة، عن الحسن، عن سمرة، قال: قال النبي صلى الله عليه وسلم: «لا تلعنوا بلعنة الله ولا بغضب الله ولا بالنار» #,0
Musnad at-Tayalisi,1309,UNGRADED,Trade & Business; Prophets & Past Peoples,954 - # حدثنا أبو داود قال: حدثنا عمران، عن قتادة، عن الحسن، عن سمرة، قال: قال النبي صلى الله عليه وسلم: «لا يزيد الرجل على بيع أخيه، ولا يخطب على خطبته» #,0
Musnad at-Tayalisi,1311,UNGRADED,Prophets & Past Peoples,955 - # حدثنا يونس قال: حدثنا أبو داود قال: حدثنا ابن فضالة، عن الحسن، عن عبد الله بن المغفل، قال: «أمرنا رسول الله صلى الله عليه وسلم أن نصلي في مرابض الغنم ولا نصلي في أعطان الإبل فإنها خلقت من الشياطين» #,0
Musnad at-Tayalisi,1312,UNGRADED,Prophets & Past Peoples,956 - # حدثنا أبو داود قال: حدثنا شعبة، عن قتادة، سمع عقبة بن صهبان، عن عبد الله بن المغفل المزني، أن رسول الله صلى الله عليه وسلم,0
Musnad at-Tayalisi,1314,UNGRADED,Quran & Recitation,957 - # حدثنا أبو داود قال: حدثنا شعبة، عن معاوية بن قرة، عن عبد الله بن المغفل، قال: «قرأ النبي صلى الله عليه وسلم يوم الفتح سورة الفتح فرجع فلولا أن يجتمع علي الناس لأخذت لكم في ذلك الصوت» #,0
Musnad at-Tayalisi,1316,UNGRADED,Other Narrations,[ص: 232] # معاوية بن قرة، عن عبد الله بن المغفل المزني، قال: أول من رأيت عليه خفين في الإسلام المغيرة بن شعبة أتانا ونحن عند رسول الله صلى الله عليه وسلم عليه خفان أسودان فجعلنا ننظر إليهما ونعجب منهما فقال رسول الله صلى الله عليه وسلم: «أما إنه سيكثر لكم من الخفاف» قالوا: يا رسول الله، فكيف نصنع؟ قال: «تمسحون عليها وتصلون» #,0
Musnad at-Tayalisi,1317,UNGRADED,"Prophets & Past Peoples; Time, Days & Nights","959 - # حدثنا أبو داود قال: حدثنا شعبة، وسليمان بن المغيرة القيسي، كلاهما عن حميد بن هلال العدوي، قال: سمعت عبد الله بن المغفل، رحمه الله يقول: "" دلي جراب من شحم يوم خيبر فأخذته فالتزمته فقلت: هذا لي لا أعطي أحدا منه شيئا فالتفت فإذا رسول الله صلى الله عليه وسلم فاستحييت منه قال سليمان في حديثه: وليس في حديث شعبة أن رسول الله صلى الله عليه وسلم قال: «هو لك» ، قال أبو داود: كأنه من الغنيمة #",0
Musnad at-Tayalisi,1318,UNGRADED,Prophets & Past Peoples,960 - # حدثنا أبو داود قال: حدثنا ثابت بن يزيد أبو زيد، عن عاصم الأحول، عن الفضيل الرقاشي، قال: سألت عبد الله بن المغفل قال: قلت: ما حرم علينا من هذا الشراب؟ قال: الخمر. قال: قلت: هذا في القرآن؟ فقال: لا أحدثك إلا ما سمعت من محمد الرسول - أو الرسول محمد صلى الله عليه وسلم إما أن يكون بدأ بالرسالة أو بالاسم - قال: قلت شرعي أي اكتفيت يعني قال: «نهى عن الحنتم» قال: قلت: وما الحنتم؟ قال: الجر الأخضر والأبيض «والنقير والمزفت» قال: قلت: ما المزفت؟ قال ما جعل فيه القار من إناء أو غيره «والدباء» قال: فاشتريت أفيقة فنبذت فيها وعلقتها قال أبو داود: والأفيقة مثل السقاء #,0
Musnad at-Tayalisi,1319,UNGRADED,Prophets & Past Peoples,961 - # حدثنا أبو داود قال: حدثنا شعبة، عن أيوب، عن سعيد بن جبير، عن ابن مغفل، أن النبي صلى الله عليه وسلم «نهى عن الخذفة» #,0
Musnad at-Tayalisi,1321,UNGRADED,Prophets & Past Peoples,962 - # حدثنا يونس قال: حدثنا أبو داود قال: حدثنا شعبة، عن سيار بن سلامة أبي المنهال، أنه سمع أبا برزة، وسأله أبي فقال: كيف كانت صلاتكم مع رسول الله صلى الله عليه وسلم؟ فقال: «كان يصلي بنا الهجير التي تسمونها أنتم الظهر حين تدحض الشمس، ويصلي بنا العصر والشمس حية - ونسيت ما قال في المغرب - وكان يصلي بنا العشاء لا يبالي أن يؤخرها إلى ثلث الليل وكان لا يحب النوم قبلها ولا الحديث بعدها، وكان يصلى بنا الفجر فينصرف أحدنا وهو يعرف جليسه، وكان يقرأ فيها من الستين إلى المائة» #,0
Musnad at-Tayalisi,1323,UNGRADED,Justice & Judgement; Prophets & Past Peoples,964 - # حدثنا أبو داود قال: حدثنا حماد بن زيد، عن جميل بن مرة، عن أبي الوضيء السحتني، قال: خرجنا في غزاة لنا فنزلنا منزلا فاشترى رجل عبدا بفرس فبقينا بقية يومنا وليلتنا فلما كان عند الرحيل قام الرجل إلى فرسه ليسرجه فأخذه الرجل بالبيع فاختصما إلى أبي برزة الأسلمي فقال: أترضيان أن أقضي بينكما بقضاء رسول الله صلى الله عليه وسلم «إن رسول الله صلى الله عليه وسلم قضى أنه البيعان بالخيار ما لم يتفرقا» قال حماد: وهذا الذي حفظته أنا قال حماد: وقال هشام بن حسان في هذا الإسناد: أن أبا برزة قال: ولا أراكما تفرقتما #,0
Musnad at-Tayalisi,1324,UNGRADED,Eid & Sacrifice; Day of Judgement,965 - # حدثنا أبو داود قال: حدثنا حماد بن سلمة، عن الأزرق بن قيس، عن شريك بن شهاب، قال: كنت أتمنى أن ألقى رجلا من أصحاب النبي صلى الله عليه وسلم أسأله عن الخوارج فلقيت أبا بزرة الأسلمي في يوم عيد في ناس في أصحابه فقلت له: هل سمعت رسول الله صلى الله عليه وسلم يحدث في الخوارج؟ قال أبو برزة: سمعت رسول الله صلى الله عليه وسلم بأذني ورأيته بعيني أتي رسول الله صلى الله عليه وسلم بمال فقسمه فجاء رجل أسود مطموم الشعر عليه ثوبان أبيضان فأعطى من عن يمينه ومن عن شماله ولم يعطه شيئا فجاء من ورائه فقال: والله يا محمد ما عدلت، فقال رسول الله صلى الله عليه وسلم: «والله لا تجدون أحدا بعدي أعدل,0
Musnad at-Tayalisi,1326,UNGRADED,Paradise; Prophets & Past Peoples,966 - # حدثنا أبو داود قال: حدثنا حماد بن سلمة، عن ثابت، عن كنانة بن نعيم العدوي، عن أبي برزة الأسلمي، أن رسول الله صلى الله عليه وسلم كان في مغزى له فلما فرغ من القتال قال: «هل تفقدون من أحد؟» قالوا: نفقد والله فلانا وفلانا وفلانا قال رسول الله صلى الله عليه وسلم: «انظروا هل تفقدون من أحد؟» قالوا: نفقد فلانا وفلانا قال: «لكني,0
Musnad at-Tayalisi,1327,UNGRADED,Dhikr & Supplication; Hajj & Umrah,[ص: 239] # أفقد جليبيبا فاطلبوه» فوجدوه عند سبعة قد قتلهم ثم قتلوه فأتي النبي صلى الله عليه وسلم فأخبر فانتهى إليه فقال: «قتل سبعة ثم قتلوه هذا مني وأنا منه، قتل سبعة وقتلوه هذا مني وأنا منه» قالها مرتين أو ثلاثا ثم قال بذراعيه هكذا فبسطهما فوضع على ذراعي النبي صلى الله عليه وسلم حتى حفر له فما كان له سرير إلا ذراعي النبي صلى الله عليه وسلم حتى دفن قال: وما ذكر غسلا #,0
Musnad at-Tayalisi,1328,UNGRADED,Repentance & Forgiveness; Prophets & Past Peoples,967 - # حدثنا أبو داود قال: حدثنا شعبة، عن علي بن زيد، عن المغيرة بن أبي برزة، عن أبيه، قال: قال رسول الله صلى الله عليه وسلم: «غفار غفر الله لها وأسلم سالمها الله» #,0
Musnad at-Tayalisi,1329,UNGRADED,Prophets & Past Peoples,968 - # حدثنا أبو داود قال: حدثنا سكين بن عبد العزيز، عن سيار بن سلامة، عن أبي برزة، قال: قال النبي صلى الله عليه وسلم: «الأئمة من قريش ما عملوا بثلاث» #,0
Musnad at-Tayalisi,1331,UNGRADED,Justice & Judgement,[ص: 241] # من الخوارج فجعل يسبه فلما قضى صلاته قال: قد سمعت كلامكم «غزوت مع رسول الله صلى الله عليه وسلم غزوة كذا وغزوة كذا وشهدت أمره وتيسيره» وأن أمسك دابتي أهون علي من أن أدعها فتأتي مألفها فيشق علي. قال: فإذا هو أبو برزة الأسلمي #,0
Musnad at-Tayalisi,1333,UNGRADED,Day of Judgement; Prophets & Past Peoples,970 - # حدثنا يونس قال: حدثنا أبو داود قال: حدثنا زيد بن أبي ليلى أبو المعلى العدوي، قال: سمعت الحسن، يقول: دخل عبيد الله بن زياد على معقل بن يسار فقال معقل بن يسار: سمعت رسول الله صلى الله عليه وسلم يقول: «من دخل في شيء من أسعار المسلمين ليغليه عليهم كان حقا على الله أن يقذفه في معظم من النار يوم القيامة» #,0
Musnad at-Tayalisi,1334,UNGRADED,Prophets & Past Peoples,971 - # حدثنا أبو داود قال: حدثنا ابن فضالة، وعباد بن راشد، وأبو الأشهب، عن الحسن، قال: دخل عبيد الله بن زياد على معقل بن يسار قال: حدثني بحديث سمعته من رسول الله صلى الله عليه وسلم لعل الله أن,0
Musnad at-Tayalisi,1335,UNGRADED,Leadership & Governance; Paradise,[ص: 243] # ينفعني به قال: سمعت رسول الله صلى الله عليه وسلم يقول: «من استرعي رعية فمات وهو لها غاش حرم الله عليه الجنة» #,0
Musnad at-Tayalisi,1338,UNGRADED,Prophets & Past Peoples,973 - # حدثنا أبو داود قال: حدثنا ابن المبارك، عن سليمان التيمي، عن رجل، عن أبيه، عن معقل بن يسار، أن رسول الله صلى الله عليه وسلم قال: «اقرءوا يس على موتاكم» #,0
Musnad at-Tayalisi,1339,UNGRADED,Prophets & Past Peoples,974 - # حدثنا أبو داود قال: حدثنا جعفر بن سليمان، عن معلى القردوسي، عن معاوية بن قرة، عن معقل بن يسار، أن النبي صلى الله عليه وسلم قال: «العبادة في الهرج كهجرة إلي» #,1
Musnad at-Tayalisi,1341,UNGRADED,Prophets & Past Peoples,976 - # حدثنا أبو داود قال: حدثنا المثنى بن عوف، عن أبي عبيد الله عن معقل، قال: «نهى رسول الله صلى الله عليه وسلم عن الفضيخ» #,0
Musnad at-Tayalisi,1343,UNGRADED,Prophets & Past Peoples,"977 - # حدثنا يونس قال: حدثنا أبو داود قال: حدثنا شعبة، عن الأسود بن قيس، سمع جندبا، يقول: "" أبطأ جبريل صلى الله عليه وسلم على النبي صلى الله عليه وسلم فقالت امرأة: ما أرى صاحبه إلا قد أبطأ عليه فأنزل الله عز وجل {والضحى والليل إذا سجى ما ودعك ربك وما قلى} [الضحى: 2] "" #",0
Musnad at-Tayalisi,1344,UNGRADED,Eid & Sacrifice,978 - # حدثنا أبو داود قال: حدثنا شعبة، عن الأسود، سمع جندبا، يقول: شهدت النبي صلى الله عليه وسلم يخطب يوم أضحى فقال: «من كان ذبح منكم قبل الصلاة فليعد مكان ذبيحته أخرى ومن لم يكن ذبح فليذبح باسم الله» #,0
Musnad at-Tayalisi,1345,UNGRADED,Prayer (Salah); Prophets & Past Peoples,979 - # حدثنا أبو داود قال: حدثنا شعبة، عن الأسود، سمع جندبا، يقول: خرج رسول الله صلى الله عليه وسلم إلى الصلاة فعثرت إصبعه فدميت فقال: «هل أنت إلا إصبع دميت وفي سبيل الله ما لقيت» #,0
Musnad at-Tayalisi,1346,UNGRADED,Prophets & Past Peoples; Treaties & Non-Muslims,980 - # حدثنا أبو داود قال: حدثنا شعبة، عن أنس بن سيرين، سمع جندبا البجلي، يقول: «من صلى الصبح فهو في ذمة الله عز وجل، ومن أخفر الله في ذمته كبه الله على وجهه في النار» وروى هذا الحديث بشر بن المفضل عن خالد الحذاء عن أنس بن سيرين عن جندب عن النبي صلى الله عليه وسلم #,0
Musnad at-Tayalisi,1348,UNGRADED,Prophets & Past Peoples,981 - # حدثنا يونس قال: حدثنا أبو داود قال: حدثنا حماد بن سلمة، عن حميد، عن الحسن، عن عثمان بن أبي العاص، أن رسول الله صلى الله عليه وسلم أنزلهم في قبة في المسجد ليكون أرق لقلوبهم فاشترطوا عليه حين أسلموا أن لا يحشروا ولا يعشروا ولا يجبوا فقال رسول الله صلى الله عليه وسلم,0
Musnad at-Tayalisi,1350,UNGRADED,Prayer (Salah); Prophets & Past Peoples,982 - # حدثنا أبو داود قال: حدثنا شعبة، قال: أخبرني عمرو بن مرة، قال: سمعت سعيد بن المسيب، قال: حدث عثمان بن أبي العاص، قال: آخر ما عهد إلي رسول الله صلى الله عليه وسلم قال: «إذا أممت قوما فأخفف بهم الصلاة» #,0
Musnad at-Tayalisi,1351,UNGRADED,Dhikr & Supplication; Prophets & Past Peoples,"983 - # حدثنا أبو داود قال: حدثنا أبو معشر، عن يزيد بن خصيفة المدني، عن عمرو بن عبد الله بن كعب بن مالك الأنصاري، عن أبيه، أن النبي صلى الله عليه وسلم قال: "" إذا اشتكى أحدكم فليضع يده حيث يجد ألمه ثم يقول: أعوذ بعزة الله وقدرته على كل شيء من شر ما أجد "" يقول ذلك سبعا وهذا الحديث يرويه مالك بن أنس، عن يزيد بن خصيفة، عن عمرو بن عبد الله بن كعب بن مالك، عن نافع بن جبير، عن عثمان بن أبي العاص عن النبي صلى الله عليه وسلم #",0
Musnad at-Tayalisi,1353,UNGRADED,Prophets & Past Peoples,984 - # حدثنا يونس قال: حدثنا أبو داود قال: حدثنا حماد بن سلمة، عن أبي بشر، عن نافع بن جبير بن مطعم، عن أبيه، قال: سمعت النبي صلى الله عليه وسلم يقول: «أنا محمد، وأحمد، والحاشر، ونبي التوبة، ونبي الملحمة» #,0
Musnad at-Tayalisi,1354,UNGRADED,Prophets & Past Peoples,985 - # حدثنا أبو داود قال: حدثنا شعبة، عن سعد بن إبراهيم، قال: حدثني بعض إخوتي عن أبي، عن جبير بن مطعم، قال: أتيت المدينة في فداء بدر قال: وهو يومئذ مشرك قال: فدخلت المسجد «ورسول الله صلى الله عليه وسلم يصلي صلاة المغرب فقرأ فيها بالطور فكأنما صدع قلبي لقراءة القرآن» #,0
Musnad at-Tayalisi,1355,UNGRADED,Prophets & Past Peoples,986 - # حدثنا أبو داود قال: حدثنا إبراهيم بن سعد، عن أبيه، عن محمد بن جبير بن مطعم، قال أبو داود: ولا أعلمه إلا عن أبيه، أن امرأة أتت النبي صلى الله عليه وسلم في شيء ذكرته له فقال لها رسول الله صلى الله عليه وسلم «ارجعي إلي» قالت: يا رسول الله أرأيت إن جئت فلم أرك فإلى من؟ قال: «إلى أبي بكر» وقد روي هذا الحديث عن سعد بن إبراهيم بغير شك #,0
Musnad at-Tayalisi,1356,UNGRADED,Prophets & Past Peoples; Treaties & Non-Muslims,987 - # حدثنا أبو داود قال: حدثنا ابن أبي ذئب، عن خاله الحارث بن عبد الرحمن، عن محمد بن جبير بن مطعم، عن أبيه، قال: كنا مع رسول الله بطريق بين مكة والمدينة فقال: «يوشك أن يطلع عليكم أهل اليمن كأنها قطع السحاب أو قطعة سحاب هم خيار من في الأرض» فقال رجل من الأنصار: ولا نحن يا رسول الله؟ فسكت ثم قال: ولا نحن يا رسول الله؟ فسكت ثم قال: ولا نحن يا رسول الله؟ فسكت فقال: «إلا أنتم» كلمة ضعيفة #,0
Musnad at-Tayalisi,1357,UNGRADED,Quran & Recitation; Prophets & Past Peoples,988 - # حدثنا أبو داود قال: حدثنا مالك بن أنس، عن الزهري، عن محمد بن جبير بن مطعم، عن أبيه، قال: «سمعت النبي صلى الله عليه وسلم يقرأ في المغرب بالطور» #,0
Musnad at-Tayalisi,1358,UNGRADED,Prayer (Salah); Dhikr & Supplication,989 - # حدثنا أبو داود قال: حدثنا شعبة، قال: أخبرني عمرو بن مرة، سمع عاصما العنزي، يحدث عن ابن جبير بن مطعم، عن أبيه، أن النبي صلى الله عليه وسلم لما دخل الصلاة كبر وقال: «الله أكبر كبيرا - قالها ثلاثا - والحمد الله كثيرا - قالها ثلاثا - وسبحان الله بكرة وأصيلا - قالها ثلاثا - أعوذ بالله من الشيطان الرجيم من نفخه ونفثه وهمزه» #,0
Musnad at-Tayalisi,1359,UNGRADED,Prophets & Past Peoples,990 - # حدثنا أبو داود قال: حدثنا شعبة، عن أبي إسحاق، قال: سمعت سليمان بن صرد، قال: سمعت جبير بن مطعم، يقول: ذكر غسل الجنابة عند النبي صلى الله عليه وسلم فقال رسول الله صلى الله عليه وسلم: «أما أنا فأفيض على رأسي ثلاثا» #,0
Musnad at-Tayalisi,1360,UNGRADED,Prophets & Past Peoples,991 - # حدثنا أبو داود قال: حدثنا شعبة، عن النعمان بن سالم، عن رجل، عن جبير بن مطعم، قال: قلت: يا رسول الله، إن أصحابك يزعمون أنه لا أجور لنا في مقامنا بمكة فقال: «لتأتينكم أجوركم ولو كان في جحر» قال: وأصغى إلي برأسه فقال: «إن في أصحابي منافقين» #,0
Musnad at-Tayalisi,1363,UNGRADED,Prophets & Past Peoples,993 - # حدثنا أبو داود قال: حدثنا ابن أبي ذئب، عن الزهري، عن طلحة بن عبد الله بن عوف، عن عبد الرحمن بن الأزهر، عن جبير بن مطعم، قال: قال رسول الله صلى الله عليه وسلم: «للقرشي مثلا قوة الرجلين من غيرهم» فقيل للزهري: بم ذاك؟ قال: «بنبل الرأي» #,0
Musnad at-Tayalisi,1365,UNGRADED,Prophets & Past Peoples,994 - # حدثنا يونس قال: حدثنا أبو داود قال: حدثنا زمعة، عن الزهري، عن عبيد الله بن عبد الله بن عتبة، عن زيد بن خالد الجهني، قال: قال رسول الله صلى الله عليه وسلم: «إذا زنت أمة أحدكم فليجلدها، فإن عادت فليجلدها، فإن عادت فليجلدها، فإن عادت الرابعة فليبعها ولو بضفير شعر» #,2
Musnad at-Tayalisi,1366,UNGRADED,Women; Adultery & Chastity,"995 - # حدثنا أبو داود قال: حدثنا زمعة، عن الزهري، عن عبيد الله بن عبد الله، عن زيد بن خالد، قال: جاء خصمان إلى رسول الله صلى الله عليه وسلم فقالا: يا رسول الله، ننشدك الله لما قضيت بيننا بكتاب الله عز وجل فقام خصمه وهو أفقه منه فقال: أجل يا رسول الله، فاقض بيننا بكتاب الله وائذن لي فأتكلم، فأذن له فقال: يا رسول الله، إن ابني كان عسيفا على هذا وإنه زنى بامرأته فأخبرت أن على ابني الرجم فافتديت منه بمائة شاة وخادم، فلما سألت أهل العلم أخبروني أن على ابني جلد مائة وتغريب عام وأن على امرأة هذا الرجم فقال رسول الله صلى الله عليه وسلم: "" والذي نفس محمد بيده لأقضين بينكما بكتاب الله: أما المائة شاة والخادم فهما مردودان عليك وعلى ابنك جلد مائة وتغريب عام، واغد يا أنيس على امرأة هذا فإن اعترفت فارجمها "" فغدا عليها فسألها فاعترفت فرجمها #",2
Musnad at-Tayalisi,1367,UNGRADED,Prophets & Past Peoples,996 - # حدثنا أبو داود قال: حدثنا ابن أبي ذئب، عن صالح مولى التوءمة، عن زيد بن خالد، قال: «كنا نصلي مع رسول الله صلى الله عليه وسلم المغرب,1
Musnad at-Tayalisi,1369,UNGRADED,Repentance & Forgiveness; Prophets & Past Peoples,997 - # حدثنا أبو داود قال: حدثنا زهير بن محمد، عن زيد بن أسلم، عن زيد بن خالد، قال النبي صلى الله عليه وسلم: «من أحسن الوضوء ثم صلى ركعتن ولم يسه فيهما غفر له» وهذا الحديث يرويه أبو عامر عن هشام بن سعد عن زيد بن أسلم عن عطاء بن يسار عن زيد بن خالد #,1
Musnad at-Tayalisi,1370,UNGRADED,Prophets & Past Peoples,998 - # حدثنا أبو داود قال: حدثنا حرب بن شداد، عن يحيى بن أبي كثير، عن أبي سلمة، عن بسر بن سعيد، عن زيد بن خالد، أن رسول الله صلى الله عليه وسلم قال: «من جهز غازيا في سبيل الله عز وجل فقد غزا ومن خلفه في أهله بخير فقد غزا» #,1
Musnad at-Tayalisi,1371,UNGRADED,Prayer (Salah); Dhikr & Supplication,999 - # حدثنا أبو داود قال: حدثنا عبد العزيز بن أبي سلمة، عن صالح بن كيسان، عن عبيد الله بن عبد الله، عن زيد بن خالد، قال: قال النبي صلى الله عليه وسلم: «لا تسبوا الديك فإنه يدعو إلى الصلاة»,0
Musnad at-Tayalisi,1374,UNGRADED,Prophets & Past Peoples,1000 - # حدثنا يونس قال: حدثنا أبو داود قال: حدثنا زهير بن محمد، عن يحيى بن سعيد، عن محمد بن يحيى بن حبان، عن عمه واسع بن حبان، سمع رافع بن خديج، سمع النبي صلى الله عليه وسلم يقول: «لا قطع في ثمر ولا كثر» #,0
Musnad at-Tayalisi,1375,UNGRADED,Prophets & Past Peoples,1001 - # حدثنا أبو داود قال: حدثنا شعبة، عن محمد بن إسحاق، عن عاصم بن عمر بن قتادة، عن محمود بن لبيد، عن رافع بن خديج، أن النبي صلى الله عليه وسلم قال: «أسفروا بصلاة الصبح فإنه أعظم للأجر» #,0
Musnad at-Tayalisi,1376,UNGRADED,Work & Livelihood; Prophets & Past Peoples,1002 - # حدثنا أبو داود قال: حدثنا شريك، عن أبي إسحاق، عن عطاء، عن رافع، أن النبي صلى الله عليه وسلم قال: «من زرع في أرض قوم بغير إذنهم فليس له من الزرع شيء وله نفقته» #,0
Musnad at-Tayalisi,1377,UNGRADED,Prophets & Past Peoples,1003 - # حدثنا أبو داود قال: حدثنا أبو إبراهيم، عن عبد الرحمن بن هرير بن رافع بن خديج، عن رافع بن خديج، قال: قال النبي صلى الله عليه وسلم لبلال: «أسفر بصلاة الصبح حتى يرى القوم مواقع نبلهم» #,0
Musnad at-Tayalisi,1378,UNGRADED,Day of Judgement,1004 - # حدثنا أبو داود قال: حدثنا عمرو بن مرزوق، قال: حدثني يحيى بن عبد الحميد الأنصاري، قال: حدثني جدي عن رافع بن خديج، أنه أصابه سهم مع رسول الله صلى الله عليه وسلم في بعض غزواته فقال له رسول الله صلى الله عليه وسلم: «يا رافع إن شئت نزعت السهم وتركت القطبة، وأشهد لك يوم القيامة أنك شهيد» ففعل #,0
Musnad at-Tayalisi,1379,UNGRADED,Brotherhood & Friendship; Prophets & Past Peoples,1005 - # حدثنا أبو داود قال: حدثنا أبو داود قال: حدثنا زائدة بن قدامة الثقفي، قال أبو داود: وكان لا يحدث قدريا ولا صاحب بدعة يعرفه قال: حدثنا سعيد بن مسروق الثوري عن عباية بن رفاعة بن رافع بن خديج عن جده رافع قال: كنا مع رسول الله صلى الله عليه وسلم بذي الحليفة من تهامة,0
Musnad at-Tayalisi,1381,UNGRADED,Prophets & Past Peoples,1006 - # حدثنا أبو داود قال: حدثنا زائدة، عن سعيد بن مسروق، عن عباية عن رافع، قال: قلنا: يا رسول الله، إنا لاقو العدو غدا وليس معنا مدى أفنذبح بالقصب فقال رسول الله صلى الله عليه وسلم: «ما أنهر الدم وذكر اسم الله فكل ما خلا السن والظفر، وسأخبرك عن ذلك أما السن فعظم وأما الظفر فمدى الحبشة» قال أبو داود قال زائدة: ترون، ما في الدنيا حديث في هذا الباب أحسن منه قال أبو داود: وهو والله من جياد الحديث #,0
Musnad at-Tayalisi,1382,UNGRADED,Prophets & Past Peoples,1007 - # حدثنا أبو داود قال: حدثنا حماد بن زيد، عن عمرو بن دينار، قال: سمعت ابن عمر، يقول «كنا لا نرى بالخبر بأسا حتى زعم ابن خديج أن رسول الله صلى الله عليه وسلم نهى عنه» #,0
Musnad at-Tayalisi,1383,UNGRADED,Prophets & Past Peoples,1008 - # حدثنا أبو داود قال: حدثنا شعبة، عن الحكم، عن مجاهد، عن رافع بن خديج، أن رسول الله صلى الله عليه وسلم «نهى عن الحقل» قال شعبة قلت للحكم: ما الحقل؟ قال: الثلث والربع قال شعبة قال الحكم: لما سمع إبراهيم هذا الحديث كره الثلث والربع ولم ير بأسا بكري الأرض بالذهب والفضة #,0
Musnad at-Tayalisi,1388,UNGRADED,Other Narrations,[ص: 272] # ميسرة، عن مجاهد عن رافع بن خديج، أن النبي صلى الله عليه وسلم قال: «من كانت له أرض فليمنحها أخاه ولا يكرها» وروى هذا الحديث سفيان عن منصور عن مجاهد عن أسيد بن ظهير عن رافع بن خديج #,0
Musnad at-Tayalisi,1389,UNGRADED,Work & Livelihood; Prophets & Past Peoples,1012 - # حدثنا أبو داود قال: حدثنا شعبة، قال: أخبرني أبو بلج يحيى بن سليم، قال: سمعت عباية بن رفاعة بن رافع بن خديج، يحدث أن جده هلك وترك غلاما حجاما وناضحا وأرضا وأمة فأمر رسول الله صلى الله عليه وسلم أن يجعل كسب الحجام في علف الناضح ونهى عن كسب الأمة وقال في الأرض: «ازرعوها أو ذروها» #,0
Musnad at-Tayalisi,1391,UNGRADED,Prophets & Past Peoples,1013 - # حدثنا يونس قال: حدثنا أبو داود قال: حدثنا سفيان الثوري، عن عاصم بن عبيد الله، عن عبيد الله بن أبي رافع، عن أبيه، قال: «رأيت النبي صلى الله عليه وسلم أذن في أذن الحسن حين ولدته أمه فاطمة بالصلاة» #,0
Musnad at-Tayalisi,1392,UNGRADED,Character & Manners,"1014 - # حدثنا أبو داود قال: حدثنا خارجة بن مصعب، عن زيد بن أسلم، عن عطاء بن يسار، أن النبي صلى الله عليه وسلم استسلف من رجل بكرا فأتاه يتقاضاه فأمر أبا رافع أن يقضيه فقال: لا أجد إلا جملا خيارا قال: «فأعطه فإن» خيركم "" أو قال: «خير الناس أحسنهم قضاء» وروى هذا الحديث القعنبي عن مالك عن زيد بن أسلم عن عطاء بن يسار عن أبي رافع عن النبي صلى الله عليه وسلم #",0
Musnad at-Tayalisi,1393,UNGRADED,Prophets & Past Peoples,1015 - # حدثنا أبو داود قال: حدثنا شعبة، عن الحكم، عن ابن أبي رافع، عن أبي رافع، أن رسول الله صلى الله عليه وسلم بعث رجلا من بني مخزوم,0
Musnad at-Tayalisi,1395,UNGRADED,Prophets & Past Peoples,1016 - # حدثنا أبو داود قال: حدثنا عبد الله بن عبد الرحمن بن يعلى الطائفي، عن عمرو بن الشريد، عن أبيه، أن النبي صلى الله عليه وسلم قال: «الجار أحق بسقبه» وروى سفيان هذا الحديث عن إبراهيم بن ميسرة عن عمرو بن الشريد عن أبي رافع عن النبي صلى الله عليه وسلم #,0
Musnad at-Tayalisi,1396,UNGRADED,Prophets & Past Peoples,1017 - # حدثنا أبو داود قال: حدثنا هشام، عن يحيى، عن ابن أبي رافع، أن النبي صلى الله عليه وسلم «دفع إلى أبي رافع العنزة، وأمره أن يقتل كلاب المدينة» ؟ فقتلها إلا كلبا، فجاء إلى النبي صلى الله عليه وسلم فأخبره، «فأمره أن يقتله» وروى هذا الحديث القعنبي، عن يعقوب بن محمد، عن محمد بن عبد الرحمن بن سعد بن زرارة، عن سالم بن عبد الله، عن أبي رافع #,0
Musnad at-Tayalisi,1397,UNGRADED,Prophets & Past Peoples,1018 - # حدثنا أبو داود قال: حدثنا قيس، عن مخول، عن أبي سعيد، عن أبي رافع، قال: «مر بي نبي الله صلى الله عليه وسلم وأنا ساجد قد عقصت شعري، فأطلقه» #,0
Musnad at-Tayalisi,1399,UNGRADED,Prophets & Past Peoples,1019 - # حدثنا يونس، حدثنا أبو داود، حدثنا ابن أبي ذئب، عن جعفر بن تمام، عن جده العباس بن عبد المطلب، أن رسول الله صلى الله عليه وسلم «نهى عن الوسم في الوجه» ، قال العباس: لا أسم إلا في آخر عظم فوسم في آخر الجاعرتين #,0
Musnad at-Tayalisi,1400,UNGRADED,Prophets & Past Peoples,1020 - # حدثنا أبو داود، حدثنا حماد بن سلمة، عن شعيب بن الحبحاب، عن أبي العالية، أن العباس بنى غرفة، فقال النبي صلى الله عليه وسلم,0
Musnad at-Tayalisi,1403,UNGRADED,Prophets & Past Peoples,1021 - # حدثنا يونس، حدثنا أبو داود، حدثنا أبو إسرائيل، عن فضيل بن عمرو الفقيمي، عن سعيد بن جبير، عن عبد الله بن عباس، عن الفضل بن عباس، أن النبي صلى الله عليه وسلم قال: «من أراد الحج فليتعجل، فإنه يمرض المريض، وتضل الضالة، وتبدو الحاجة» شك أبو داود في هذا الحديث، وروى غيره بغير شك عن أبي إسرائيل، عن فضيل، عن أبي سعيد، عن عبد الله بن عباس، عن الفضل #,0
Musnad at-Tayalisi,1404,UNGRADED,Prophets & Past Peoples,1022 - # حدثنا أبو داود، حدثنا شعبة، عن عامر الأحول، عن عطاء، عن ابن عباس، عن الفضل بن عباس، أن النبي صلى الله عليه وسلم «لبى حتى رمى جمرة العقبة» #,0
Musnad at-Tayalisi,1405,UNGRADED,Prophets & Past Peoples,1023 - # حدثنا أبو داود قال: حدثنا زمعة بن صالح، عن الزهري، عن سليمان بن يسار، عن ابن عباس، أن امرأة، من خثعم أتت النبي صلى الله عليه وسلم عام حجة الوداع فقالت: يا رسول الله، إن فريضة الله على عباده في,1
Musnad at-Tayalisi,1406,UNGRADED,Prophets & Past Peoples,[ص: 282] # الحج أدركت أبي شيخا كبيرا، لا يستطيع أن يستمسك على الراحلة، أفيقضي عنه أن أحج عنه؟ قال: «نعم» هكذا رواه أبو داود وقال عبد الرزاق: عن معمر، عن الزهري، عن سليمان بن يسار، عن ابن عباس، عن الفضل، عن النبي صلى الله عليه وسلم #,0
Musnad at-Tayalisi,1407,UNGRADED,Prophets & Past Peoples,1024 - # حدثنا أبو داود، حدثنا همام، عن قتادة، عن عزرة، عن الحسن العرني، عن الفضل بن العباس، أنه «ردف النبي صلى الله عليه وسلم، فلم ترفع راحلته يدا غادية حتى رمى الجمرة» #,0
Musnad at-Tayalisi,1409,UNGRADED,Prophets & Past Peoples,1025 - # حدثنا يونس، حدثنا أبو داود، حدثنا إبراهيم بن سعد، عن أبيه، عن عبد الله بن جعفر، قال: «رأيت رسول الله صلى الله عليه وسلم يأكل القثاء بالرطب» #,0
Musnad at-Tayalisi,1410,UNGRADED,Prophets & Past Peoples,1026 - # حدثنا أبو داود، حدثنا سفيان بن عيينة، عن خالد بن جعفر، عن أبيه، أن النبي صلى الله عليه وسلم لما أتاه هلاك جعفر قال: «اجعلوا لآل جعفر طعاما؛ فقد جاءهم ما يشغلهم»,0
Musnad at-Tayalisi,1413,UNGRADED,Travel & Migration,[ص: 286] # الأحول، عن مورق، عن عبد الله بن جعفر، قال: «كان رسول الله صلى الله عليه وسلم إذا قدم من سفر، تلقي بي وبالحسن، فيجعل أحدنا بين يديه، والآخر خلفه على الدابة» #,0
Musnad at-Tayalisi,1414,UNGRADED,Prophets & Past Peoples,1028 - # حدثنا أبو داود، حدثنا المسعودي، قال: أخبرني من، شهد عبد الله بن جعفر وعبد الله بن الزبير، وابن الزبير يحز لعبد الله بن جعفر اللحم ويطعمه، فقال ابن جعفر: سمعت رسول الله صلى الله عليه وسلم يقول: «أطيب اللحم الظهر» #,0
Musnad at-Tayalisi,1415,UNGRADED,Children & Upbringing; Bloodshed & Murder,1029 - # حدثنا أبو داود، حدثنا مهدي، عن محمد بن عبد الله بن أبي يعقوب، عن الحسن بن سعد مولى الحسن بن علي قال: لما أتى رسول الله صلى الله عليه وسلم قتل جعفر وأصحابه، أمهل آل جعفر ثلاثا، ثم أتاهم فقال: «أخرجوا إلي ولد أخي» قال: فأخرج ثلاثة كأنهم أفرخ، فأخرج عبد الله وعون، ومحمد، فدعا الحلاق فحلق رءوسهم، وقال: «أما عون، فأشبه خلقي وخلقي، وأما محمد فأشبه عمنا أبا طالب» ، وأخذ بيد عبد الله فأشالها وقال: «اللهم اخلف جعفرا في أهله، وبارك لعبد الله في صفقة يمينه» قال: وجعلت أمهم تفرح لهم، فقال رسول الله صلى الله عليه وسلم: «آلعيلة وأنا وليهم في الدنيا والآخرة؟» هكذا رواه أبو داود، ورواه وهب بن جرير، عن أبيه، عن محمد بن أبي يعقوب عن الحسن بن سعد، عن عبد الله بن جعفر قال: جاءت بنا أمنا إلى النبي صلى الله عليه وسلم #,0
Musnad at-Tayalisi,1416,UNGRADED,Prophets & Past Peoples,1030 - # حدثنا أبو داود قال: وحدثنا شيبان، عن جابر، عن محمد بن علي عن عبد الله بن جعفر، أن رسول الله صلى الله عليه وسلم «احتجم على قرنه بعدما سم» #,0
Musnad at-Tayalisi,1418,UNGRADED,Prophets & Past Peoples,1031 - # حدثنا يونس، حدثنا أبو داود، حدثنا زمعة بن صالح، عن الزهري، قال: قال رسول الله صلى الله عليه وسلم: «نسمة المؤمن طير تعلق بشجر الجنة، حتى يرجعه الله عز وجل إلى جسده» وهذا الحديث يرويه عبد الرزاق، عن معمر، عن الزهري، عن ابن كعب بن مالك، عن أبيه #,0
Musnad at-Tayalisi,1419,UNGRADED,Bloodshed & Murder; Prophets & Past Peoples,1032 - # حدثنا أبو داود، حدثنا سفيان، عن الزهري، عن ابن كعب بن مالك، عن عمه، قال: «نهى رسول الله صلى الله عليه وسلم عن قتل النساء والولدان» #,0
Musnad at-Tayalisi,1420,UNGRADED,Prophets & Past Peoples,1033 - # حدثنا أبو داود، حدثنا صالح بن أبي الأخضر، عن الزهري، عن عبد الرحمن بن كعب بن مالك، قال: سمعت كعبا، يقول: «كان رسول الله صلى الله عليه وسلم إذا غزا الغزوة ورى بغيرها» #,0
Musnad at-Tayalisi,1421,UNGRADED,Justice & Judgement; Prophets & Past Peoples,1034 - # حدثنا أبو داود، حدثنا صالح بن أبي الأخضر، عن الزهري، عن عبد الرحمن بن كعب بن مالك، وكان قائد كعب حين عمي، قال: سمعت كعبا وهو يحدث حديثه حين تخلف عن رسول الله صلى الله عليه وسلم في غزوة تبوك، قال كعب: لم أتخلف عن رسول الله صلى الله عليه وسلم في غزوة غزاها قط إلا في غزوة تبوك، غير أني لم أشهد بدرا، ولم يعاتب الله أحدا تخلف عن بدر، إنما خرج رسول الله صلى الله عليه وسلم يريد عير قريش، حتى جمع الله عز وجل بينه وبين عدوه على غير موعد، ولقد شهدت مع رسول الله صلى الله عليه وسلم ليلة العقبة حين تواثقنا على الإسلام، وما أحب أن لي بها,0
Musnad at-Tayalisi,1422,UNGRADED,Hajj & Umrah; Character & Manners,[ص: 292] # مشهد بدر، وإن كانت بدر هي أذكر في الناس منها، فكان من خبري أني حين تخلفت عن رسول الله صلى الله عليه وسلم في غزوة تبوك، أني لم أكن قط أقوى ولا أيسر مني حين تخلفت عنه، والله ما اجتمعت لي راحلتان قط حتى جمعتهما في تلك الغزوة، قال كعب: فليس أحد يريد أن يتخلف عن رسول الله صلى الله عليه وسلم إلا أظن أن ذلك سيخفى له، ما لم ينزل الله عز وجل فيه وحيا قال: وغزا رسول الله صلى الله عليه وسلم حين طابت ثمار المدينة وظلالها، فأنا إليه أصعر، فأخبر رسول الله صلى الله عليه وسلم بوجهه الذي يريد، وكان إذا غزا الغزوة ورى بغيرها، حتى كانت تلك الغزوة، والناس مع رسول الله صلى الله عليه وسلم كثير، لا يجمعهم كتاب حافظ، يريد الديوان قال: واستقبل رسول الله صلى الله عليه وسلم سفرا بعيدا، ونحن عدد كبير، فطفق رسول الله صلى الله عليه وسلم يتجهز، وغدوت كأني أتجهز، ثم أرجع ولم أقض شيئا، ثم أغدو كأني أتجهز، ولم أقض شيئا قال: فلم يزل الأمر يتمادى بي حتى شمر الناس بالرحيل، فطفق رسول الله صلى الله عليه وسلم غاديا والمسلمون معه، فهممت أن أرتحل فلم يقدر لي، وليتني فعلت، فطفقت يحزنني أني إذا خرجت بعد خروج رسول الله في الناس لا أرى إلا رجلا مغموصا عليه في النفاق، أو رجلا ممن عذر الله من الضعفاء، ولم يذكرني رسول الله صلى الله عليه وسلم حتى أتى تبوك، فقال في مجلس، وفى القوم معاذ بن جبل، بتبوك: «ما فعل كعب بن مالك؟» فقال: رجل من بني سلمة: حبسه,0
Musnad at-Tayalisi,1423,UNGRADED,Zakah & Charity,[ص: 293] # ، يا رسول الله، برداه والنظر في عطفيه، فقال معاذ: بئس والله ما قلت، والله يا رسول الله، ما علمت إلا خيرا، فبينا رسول الله كذلك، إذا هو برجل يزول به السراب، فقال رسول الله صلى الله عليه وسلم: «كن أبا خيثمة» ، فإذا هو أبو خيثمة الذي تصدق بالصاع فلمزه المنافقون، ولم يجد إلا جهده، فلما بلغني أن رسول الله صلى الله عليه وسلم قد قفل من تبوك، حضرني بثي وحضرني الكذب، وجعلت أقول: بم أخرج من سخط رسول الله صلى الله عليه وسلم؟ وأستعين على ذلك كل ذي رأي من أهلي، فلما بلغني أن رسول الله صلى الله عليه وسلم قد أظل قادما، زاح عني الباطل، فأجمعت على صدقه، وكان رسول الله صلى الله عليه وسلم إذا قدم من سفر بدأ بالمسجد، فصلى فيه ركعتين، فإذا فعل ذلك جاءه المنافقون وكانوا أربعة وثمانين رجلا فيعتذرون إليه، ويحلفون له، فيقبل منهم علانيتهم، ويستغفر لهم، ويكل سرائرهم إلى الله، حتى جئت، فلما رآني تبسم تبسم المغضب، ثم قال: «ما خلفك؟ ألم تكن قد ابتعت ظهرك؟» فقلت: يا رسول الله، والله لو أني عند غيرك من أهل الدنيا، لظننت أني سأخرج من سخطه، لقد أعطيت جدلا، ولكن والله لئن أنا حدثتك اليوم بحديث ترضى به عني، ليوشكن الله أن,0
Musnad at-Tayalisi,1424,UNGRADED,Prayer (Salah); Dhikr & Supplication,[ص: 294] # يسخطك علي، ولئن أنا حدثتك اليوم بحديث صدق تجد علي، إني أرجو عقبى الله، لا والله يا رسول الله، ما كنت قط أقوى ولا أيسر مني حين تخلفت عنك، والله ما اجتمعت لي راحلتان قط حتى جمعتهما في هذه الغزوة، فقال رسول الله صلى الله عليه وسلم: «أما هذا فقد صدقني، قم حتى يقضي الله فيك» قال: فقمت، وثاب إلي رجال من قومي من بني سلمة، فقالوا: والله ما علمناك أذنبت في الإسلام ذنبا قبل هذا، فقد كان كافيك من ذنبك استغفار رسول الله صلى الله عليه وسلم، أفلا اعتذرت إلى رسول الله بما اعتذر إليه المخلفون؟ قال: فوالله ما زالوا يؤنبونني حتى كدت أن أكذب نفسي قال: فقلت: هل لقي هذا معي أحد؟ قال: لقيه معك رجلان، قيل لهما ما قيل لك قلت: ومن هما؟ فقالوا: هلال بن أمية الواقفي، ومرارة بن الربيع العامري فذكروا رجلين صالحين قد شهدا بدرا، لي فيهما أسوة قال: ونهى رسول الله صلى الله عليه وسلم عن كلامنا أيها الثلاثة نفر من بين من تخلف عنه قال: فاجتنبنا الناس فلم يكلمونا، فتنكرت لي والله نفسي، وتنكرت لي الأرض في نفسي، فما هي الأرض التي كنت أعرف، فأما صاحباي فاستكانا وجلسا في بيوتهما، وأما أنا فكنت أشب القوم وأجلدهم، فكنت أشهد الصلاة مع المسلمين، وأطوف في الأسواق، ولا يكلمني أحد، فآتي رسول الله صلى الله عليه وسلم فأصلي معه، فأسلم، وأقول في نفسي: هل حرك شفتيه بالرد علي؟ أسارقه النظر، فإذا أقبلت على صلاتي أقبل نحوي، وإذا أقبلت نحوه أعرض عني، فلما طال ذلك علي من جفوة المسلمين إيانا، أتيت أبا قتادة، وهو ابن عمي، وأحب,0
Musnad at-Tayalisi,1425,UNGRADED,"Time, Days & Nights",[ص: 295] # الناس إلي، فكلمته، فوالله ما كلمني، فقلت: يا أبا قتادة، نشدتك بالله، أتعلمني أحب الله ورسوله؟ فقال: الله ورسوله أعلم، قال: ففاضت عيناي، فتسورت الحائط فمضيت، فبينما أنا في السوق ذات يوم، إذ أتاني نبطي من أنباط الشام، معه كتاب من ملك غسان، وهو يقول: من يدلني على كعب بن مالك؟ فطفق الناس يشيرون إلي، فأخذت الكتاب، وأنا قارئ أقرأ، فإذا هو من ملك غسان، فإذا فيه: أما بعد، فقد بلغنا أن صاحبك قد أقصاك، ولم يجعلك الله بدار هوان ولا مضيعة، فالحق بنا فلنواسيك قال: قلت: هذا أيضا من الشر، فأخذت الكتاب، فتيممت به التنور، فسجرته، فلما مضى أربعون ليلة منذ نهى رسول الله صلى الله عليه وسلم عن كلامنا، إذا رسول رسول الله صلى الله عليه وسلم قد جاءني فقال: إن رسول الله يأمرك أن تعتزل امرأتك قلت: أطلقها أو ماذا أصنع بها؟ قال: لا تقربها فقلت لامرأتي: يا هذه، الحقي بأهلك حتى يقضي الله في هذا الأمر، وأرسل إلى صاحبي بمثل ذلك قال: فجاءت امرأة هلال بن أمية فقالت: يا رسول الله، إن هلالا رجل ضائع، ليس له خادم، أفتكره أن أخدمه؟ قال: «لا، ولكن لا يقربنك» ، فقالت: يا رسول الله، والله ما كان منه حراك إلى شيء من ذلك منذ,0
Musnad at-Tayalisi,1426,UNGRADED,"Time, Days & Nights","[ص: 296] # كان من أمره ما كان، إنما هو يبكي، فقال لي بعض أهلي: وما عليك أن تستأذن في أهلك رسول الله، فقد أذن لامرأة هلال فقلت: والله لا أفعل، وأنا رجل شاب، لا أدري ما يقول رسول الله قال: فبينا أنا كذلك في صبح خمسين ليلة منذ نهى رسول الله صلى الله عليه وسلم عن كلامنا، صليت صلاة الصبح على ظهر بيت لنا، ثم جلست على الحال التي ذكر الله: "" {ضاقت عليهم الأرض بما رحبت وضاقت عليهم أنفسهم وظنوا أن لا ملجأ من الله إلا إليه} [التوبة: 118] ""، إذ سمعت صوت صارخ أوفى على سلع، وركض إلي رجل فرسا، فكان الصوت أسرع إلي من الفرس: أبشر يا كعب بن مالك فخررت ساجدا، وعرفت أن قد جاء الفرج، فجاء الذي سمعت صوته، فنزعت ثوبين كانا علي، والله ما أملك غيرهما، فكسوتهما إياه بشارة، ثم استعرت ثوبين فلبستهما، ثم انطلقت أتيمم النبي صلى الله عليه وسلم قال كعب: وأخبرتني أم سلمة زوج النبي صلى الله عليه وسلم، وكانت محسنة في شأني، أن رسول الله صلى الله عليه وسلم كان عندها تلك الليلة، فلما بقي ثلث الليل نزلت عليه توبتنا، فقال لي: «أي أم سلمة، تيب على كعب بن مالك وصاحبيه» قالت: قلت: يا رسول الله، أفلا أرسل إليه فأبشره؟ قال: «إذا يحطمكم الناس، يمنعونكم النوم سائر الليل» وأخبر رسول الله صلى الله عليه وسلم بتوبة الله علينا بعدما صلى الصبح قال: فذهب قبل صاحبي مبشرون، وذهب قبلي مبشرون قال كعب: فانطلقت إلى",0
Musnad at-Tayalisi,1427,UNGRADED,Repentance & Forgiveness,[ص: 297] # رسول الله صلى الله عليه وسلم وحوله المهاجرون والأنصار، قد استنار وجهه كأنه قطعة قمر، وكان إذا سر بشيء استنار وجهه، فقام إلي طلحة بن عبيد الله رضي الله عنه يهرول حتى هنأني وصافحني، والله ما قام رجل من المهاجرين غيره فكان كعب لا ينساها لطلحة قال: وجعل المسلمون يهنئوني بتوبة الله علي، يقولون: لتهنك توبة الله لتهنك توبة الله حتى انتهيت إلى رسول الله صلى الله عليه وسلم، فلما رآني قال: «تعال يا كعب، وأبشر بخير يوم أتى عليك منذ يوم ولدتك أمك» قلت: يا رسول الله، أمن عندك أم من عند الله؟ فقال: «بل من عند الله» قلت: يا رسول الله، إن من توبتي أن أختلع من مالي كله صدقة إلى الله وإلى رسوله، فقال: «يا كعب، أمسك عليك بعض مالك؛ فإنه خير لك» قلت: يا رسول الله، فإني أمسك سهمي الذي بخيبر، وقلت: يا رسول الله، إن الله عز وجل إنما نجاني بالصدق، وإن من توبتي ألا أحدث إلا صدقا ما بقيت قال كعب: فوالله ما أعلم أحدا أبلاه الله في صدق الحديث مثل الذي أبلاني، والله ما تعمدت كذبا منذ ذكرت ذلك لرسول الله صلى الله عليه وسلم إلى يومي هذا، وأنا أرجو أن يعصمني الله فيما بقي، قال: فأنزل الله عز وجل: {لقد تاب الله على النبي والمهاجرين والأنصار} [التوبة: 117] الآيتين جميعا #,0
Musnad at-Tayalisi,1428,UNGRADED,Women; Prophets & Past Peoples,1035 - # حدثنا أبو داود، حدثنا محمد بن أبي حميد، عن حميدة بنت أبي عبيدة الأنصارية، عن أمها، عن كعب بن مالك الأنصاري، قال: قال رسول الله صلى الله عليه وسلم على المنبر: «إني خرجت وأنا أريد أن أخبركم بليلة القدر، فأنسيتها، فالتمسوها في العشر الأواخر، في الوتر» #,0
Musnad at-Tayalisi,1429,UNGRADED,Prophets & Past Peoples,1036 - # حدثنا أبو داود، حدثنا ابن المبارك، أنبأنا يونس بن يزيد، عن الزهري، عن ابن كعب بن مالك، عن أبيه، أن النبي صلى الله عليه وسلم «كان يسافر يوم الخميس» #,0
Musnad at-Tayalisi,1431,UNGRADED,Prophets & Past Peoples,1037 - # حدثنا يونس، حدثنا أبو داود، حدثنا أيوب بن عتبة، عن إياس بن سلمة بن الأكوع، عن أبيه، قال: سمعت رسول الله صلى الله عليه وسلم يقول: «من سل السيف علينا فليس منا» #,0
Musnad at-Tayalisi,1432,UNGRADED,Prophets & Past Peoples,1038 - # حدثنا أبو داود، حدثنا يعلى بن الحارث، حدثنا إياس بن سلمة، عن أبيه، قال: «كان رسول الله صلى الله عليه وسلم يصلي بنا الجمعة، وننصرف وما نجد للحيطان فيئا نستظل فيه» #,0
Musnad at-Tayalisi,1433,UNGRADED,Women,1039 - # حدثنا أبو داود، حدثنا عبد الله بن المبارك، عن عكرمة بن عمار، عن إياس بن سلمة، عن أبيه، قال: غزونا مع أبي بكر رضي الله عنه هوازن، فسبقت الناس إلى الجبل، فرددت عنقا من الناس، وأصبت امرأة من فزارة، لها ابنة من أجمل العرب، فنفلني أبو بكر ابنة الفزارية، فلما قدمنا قال لي رسول الله صلى الله عليه وسلم: «يا سلمة، هب لي المرأة، لله أبوك» ، قلت: يا رسول الله، ما كشفتها، قال: «هبها لي، لله أبوك» ، قلت: هي لك يا رسول الله، قال: فبعث بها إلى أهل مكة، ففادى بها أسيرا كان في أيديهم #,0
Musnad at-Tayalisi,1434,UNGRADED,Repentance & Forgiveness; Prophets & Past Peoples,1040 - # حدثنا أبو داود، حدثنا عمر بن راشد، عن إياس بن سلمة، عن أبيه، قال: قال رسول الله صلى الله عليه وسلم: «غفار غفر الله لها، وأسلم سالمها الله عز وجل» #,0
Musnad at-Tayalisi,1435,UNGRADED,Character & Manners; Prophets & Past Peoples,1041 - # حدثنا أبو داود، حدثنا أيوب بن عتبة، عن إياس بن سلمة، عن أبيه، قال: قال رسول الله صلى الله عليه وسلم: «خير رجالتنا سلمة، وخير فرساننا أبو قتادة» #,0
Musnad at-Tayalisi,1437,UNGRADED,Prophets & Past Peoples,1042 - # حدثنا يونس، حدثنا أبو داود، حدثنا زمعة بن صالح، عن الزهري، عن سهل بن سعد الساعدي، أن رجلا، اطلع في حجرة النبي صلى الله عليه وسلم، ومع النبي صلى الله عليه وسلم مدرى يحك به رأسه، فقال: «لو أني أعلم أنك تنظر، لقمت حتى أطعن به في عينيك، إنما جعل الإذن من أجل البصر» #,0
Musnad at-Tayalisi,1438,UNGRADED,Prophets & Past Peoples; Treaties & Non-Muslims,1043 - # حدثنا أبو داود، حدثنا خارجة بن مصعب، عن أبي حازم المدني، عن سهل بن سعد، قال: «كنا نفرح بيوم الجمعة، وذاك أنا كنا نأتي عجوزا، فتصنع لنا سلقا وشعيرا، فنأكله ثم نرجع، على عهد رسول الله صلى الله عليه وسلم» #,0
Musnad at-Tayalisi,1439,UNGRADED,Modesty & Dress; Prophets & Past Peoples,1044 - # حدثنا أبو داود، حدثنا عدي بن الفضل، عن أبي حازم، عن سهل بن سعد، قال: «كان عامة من يصلي خلف رسول الله صلى الله عليه وسلم أصحاب العقد» قال: قلت: وما أصحاب العقد؟ قال: «لم يكن لأحدهم إلا ثوب واحد، حتى كان يعقده على عنقه» #,0
Musnad at-Tayalisi,1440,UNGRADED,Prophets & Past Peoples,1045 - # حدثنا أبو داود، حدثنا زمعة بن صالح، عن أبي حازم، عن سهل بن سعد، قال: «توفي رسول الله صلى الله عليه وسلم وله جبة صوف في الحياكة» #,0
Musnad at-Tayalisi,1442,UNGRADED,Prophets & Past Peoples,1046 - # حدثنا يونس، حدثنا أبو داود، حدثنا شعبة، عن أبي إسحاق، عن عامر بن سعد، عن جرير بن عبد الله، عن معاوية بن أبي سفيان، قال: «قبض النبي صلى الله عليه وسلم وهو ابن ثلاث وستين، وأبو بكر رضي الله عنه وهو ابن ثلاث وستين، وعمر رضي الله عنه وهو ابن ثلاث وستين» #,0
Musnad at-Tayalisi,1443,UNGRADED,Prophets & Past Peoples,1047 - # حدثنا أبو داود، حدثنا شعبة، عن سعد بن إبراهيم بن عبد الرحمن بن عوف، قال: سمعت معبدا الجهني، يقول: كان معاوية قلما يحدث عن رسول الله صلى الله عليه وسلم، فكان له في الجمع كلام يتكلم به,0
Musnad at-Tayalisi,1444,UNGRADED,Other Narrations,[ص: 307] # ، يرويه عن النبي صلى الله عليه وسلم فقال: «من يرد الله به خيرا يفقهه في الدين، وإن هذا المال خضر حلو، فمن أخذه بحقه بورك له فيه، وإياكم والتمادح؛ فإن التمادح فيه الذبح» #,0
Musnad at-Tayalisi,1445,UNGRADED,Prophets & Past Peoples,1048 - # حدثنا أبو داود، حدثنا حماد بن سلمة، عن عبد الله بن محمد بن عقيل، عن محمد بن الحنفية، عن معاوية، قال: قال رسول الله صلى الله عليه وسلم: «العمرى جائزة لأهلها» #,0
Musnad at-Tayalisi,1446,UNGRADED,Women; Prophets & Past Peoples,1049 - # حدثنا أبو داود، حدثنا ابن سعد، عن أبيه، عن الحكم بن ميناء، عن ابن جارية، قال: كنا على باب معاوية، فخرج علينا فقال: فيم كنتم؟ قلنا: كنا في الأنصار وأحاديثهم فقال معاوية: سمعت رسول الله صلى الله عليه وسلم يقول: «من أحب الأنصار أحبه الله، ومن أبغض الأنصار أبغضه الله» #,0
Musnad at-Tayalisi,1447,UNGRADED,Prayer (Salah); Prophets & Past Peoples,1050 - # حدثنا أبو داود، حدثنا شعبة، قال: أخبرني أبو التياح، عن معبد الجهني، قال: خطب معاوية فقال: «ألا ما بال أقوام يصلون صلاة، فقد صحبت رسول الله صلى الله عليه وسلم، فما رأيناه يصليها، وقد سمعناه ينهى عنها يعني الركعتين بعد العصر» #,0
Musnad at-Tayalisi,1448,UNGRADED,Prophets & Past Peoples,1051 - # حدثنا أبو داود، حدثنا إسحاق بن يحيى بن طلحة، عن عيسى بن طلحة، قال: سمعت معاوية، قال: سمعت النبي صلى الله عليه وسلم، يقول: طلحة ممن قضى نحبه. #,0
Musnad at-Tayalisi,1449,UNGRADED,Prophets & Past Peoples,"1052 - # حدثنا أبو داود، حدثنا هشام، عن يحيى بن أبي كثير، عن محمد بن إبراهيم التيمي، عن عيسى بن طلحة، قال: كنا عند معاوية، فنادى المنادي بالصلاة، "" فقال مثل ما قال، ثم قال: هكذا سمعت نبيكم صلى الله عليه وسلم "" #",0
Musnad at-Tayalisi,1451,UNGRADED,Other Narrations,[ص: 311] # عامر، وجلس ابن الزبير، وكان أوزنهما، فقال معاوية لابن عامر: اجلس، فإني سمعت النبي صلى الله عليه وسلم يقول: «من أحب أن يمثل له الرجال قياما فليتبوأ مقعده من النار» #,0
Musnad at-Tayalisi,1454,UNGRADED,Other Narrations,[ص: 312] # الهنائي، أن معاوية، قال لنفر من أصحاب رسول الله صلى الله عليه وسلم: «أتعلمون أن رسول الله صلى الله عليه وسلم نهى عن صفف النمور؟» فقالوا: اللهم نعم قال: وأنا أشهد، قال: «أتعلمون أن النبي صلى الله عليه وسلم نهى عن لبس الذهب إلا مقطعا؟» قالوا: اللهم نعم قال: «أتعلمون أن النبي صلى الله عليه وسلم نهى أن يقرن بين الحج والعمرة؟» قالوا: اللهم لا قال: «والله، إنها لمعهن» #,0
Musnad at-Tayalisi,1457,UNGRADED,Prophets & Past Peoples,1057 - # حدثنا أبو داود، حدثنا هشام، عن قتادة، عن سعيد، قال: خطب معاوية فقال: «إنكم قد أحدثتم زي سوء، ألا وإن رسول الله صلى الله عليه وسلم قد نهى عن الزور» قال قتادة: وهو ما يجعل النساء في رءوسهن من الخرق #,0
Musnad at-Tayalisi,1458,UNGRADED,Prophets & Past Peoples,1058 - # حدثنا أبو داود، حدثنا يزيد بن طهمان الرقاشي، حدثنا محمد بن سيرين، قال: قال معاوية: سمعت رسول الله صلى الله عليه وسلم يقول: «لا,0
Musnad at-Tayalisi,1459,UNGRADED,Prophets & Past Peoples,[ص: 314] # تركبوا الخز، ولا النمار» قال محمد: وكان معاوية إذا حدث مثل هذا عن رسول الله صلى الله عليه وسلم لم يتهم، وقال أبو داود مرة أخرى: وكان معاوية إذا حدث عن رسول الله صلى الله عليه وسلم لم يتهم #,0
Musnad at-Tayalisi,1460,UNGRADED,Prophets & Past Peoples,1059 - # حدثنا أبو داود، حدثنا شعبة، قال: أخبرني جراد، قال: سمعت رجاء بن حيوة، يحدث، عن معاوية، قال: قال النبي صلى الله عليه وسلم: «من يرد الله به خيرا يفقهه في الدين» #,0
Musnad at-Tayalisi,1462,UNGRADED,Prophets & Past Peoples,1060 - # حدثنا يونس، حدثنا أبو داود، حدثنا عبد الله بن المبارك، عن موسى بن علي عن أبيه، عن عمرو بن العاص، قال: كان فزع بالمدينة، فجعل الناس يذهبون هكذا وهكذا، فدخلت المسجد فإذا سالم مولى أبي حذيفة محتب بحمائل سيفه عند المنبر منبر النبي صلى الله عليه وسلم، قال: فقعدت مع سالم، وجاء النبي صلى الله عليه وسلم فصعد المنبر فقال: «يا أيها الناس، ألا كان مفزعكم إلى الله ورسوله، ألا فعلتم ما فعل هذان الرجلان المؤمنان؟» #,0
Musnad at-Tayalisi,1463,UNGRADED,Prophets & Past Peoples,1061 - # حدثنا أبو داود، حدثنا عبد الله بن المبارك، عن موسى بن علي، عن أبيه، قال: سمعت عمرو بن العاص، يقول: بعث إلي رسول الله صلى الله عليه وسلم: أن البس عليك سلاحك وائتني ففعلت، فدخلت عليه، فخفض في البصر ورفعه وقال لي: «يا عمرو، إني أريد أن أبعثك وجها، فيغنمك الله، وأزعب لك من المال زعبة صالحة» ، فقلت: يا رسول الله، والله ما للمال أسلمت، فقال: «يا عمرو، نعما بالمال الصالح للمرء الصالح» #,0
Musnad at-Tayalisi,1464,UNGRADED,Character & Manners; Prophets & Past Peoples,1062 - # حدثنا أبو داود، حدثنا قرة بن خالد، حدثنا محمد بن سيرين، قال: قال عمرو بن العاص: يا رسول الله، من أحب الناس إليك؟ قال: «عائشة» ، قال: إنما أعني من الرجال، قال: «فأبوها» قال: وهذا الحديث يروى عن خالد، عن أبي عثمان، عن عمرو بن العاص #,0
Musnad at-Tayalisi,1465,UNGRADED,Prophets & Past Peoples; Treaties & Non-Muslims,1063 - # حدثنا أبو داود، حدثنا شعبة، عن عمرو بن دينار، عن رجل من أهل مصر قال: شهدت عمرو بن العاص وأتي بمحمد بن أبي بكر، وكان أميرا على مصر، وهو مكتوف، فقال له عمرو: أمعك أمان؟ أمنك أحد؟ فلم يذكر أن معه أمانا، فقال عمرو: سمعت رسول الله صلى الله عليه وسلم يقول: «يجير على المسلمين أدناهم» ، قال: فضربت عنقه #,0
Musnad at-Tayalisi,1466,UNGRADED,Prophets & Past Peoples,"1064 - # حدثنا أبو داود، حدثنا الأسود بن شيبان، حدثنا أبو نوفل بن أبي عقرب، قال: جزع عمرو بن العاص عند الموت جزعا شديدا، فقال له ابنه عبد الله: ما هذا الجزع وقد «كان رسول الله صلى الله عليه وسلم يستعملك ويدنيك؟» قال: أي بني، سأخبرك عن ذلك، قال: كان يفعل ذلك، فوالله ما أدري أحبا كان ذاك أو تألفا كان يتألفني، ولكن أشهد على رجلين فارق الدنيا وهو يحبهما: ابن أم عبد، وابن سمية "" #",0
Musnad at-Tayalisi,1467,UNGRADED,Women; Prophets & Past Peoples,1065 - # حدثنا أبو داود، حدثنا شعبة، عن الحكم، قال: سمعت ذكوان، يحدث، عن مولى لعمرو بن العاص، أنه أرسله إلى علي يستأذنه على أسماء بنت عميس، فأذن له حتى إذا فرغ من حاجته سأل المولى عمرا عن ذلك، فقال: إن رسول الله صلى الله عليه وسلم «نهانا» ، أو «نهى أن ندخل على النساء بغير إذن أزواجهن» #,0
Musnad at-Tayalisi,1469,UNGRADED,Prophets & Past Peoples,1066 - # حدثنا يونس، حدثنا أبو داود، حدثنا شعبة، عن المغيرة، عن إبراهيم، سمع علقمة، قال: قدمت الشام، فدخلت المسجد فقلت: اللهم وفق لي جليسا صالحا، قال: فجلست إلى رجل، فإذا هو أبو الدرداء، فقال لي: ممن أنت؟ فقلت: من أهل الكوفة فقال: «أليس فيكم صاحب الوساد والسواك؟» يعني ابن مسعود، ثم قال: «أليس فيكم صاحب السر الذي لم يكن يعلمه غيره؟» يعني حذيفة، ثم قال: «أليس فيكم الذي أجاره الله على لسان نبيه صلى الله عليه وسلم من الشيطان؟» يعني عمارا، ثم,0
Musnad at-Tayalisi,1470,UNGRADED,Quran & Recitation,"[ص: 320] # قال: "" هل تدري كيف كان عبد الله يقرأ: والليل إذا يغشى؟ فقلت: كان يقرؤها: (والليل إذا يغشى والنهار إذا تجلى والذكر والأنثى) فقال أبو الدرداء: «والله ما زال هؤلاء بي حتى كادوا يشككوني» فقال أبو الدرداء: «هكذا نقرؤها، وهكذا سمعتها من رسول الله صلى الله عليه وسلم يقرؤها» #",0
Musnad at-Tayalisi,1471,UNGRADED,Quran & Recitation; Prophets & Past Peoples,"1067 - # حدثنا أبو داود قال: حدثنا شعبة، عن قتادة، قال: سمعت سالم بن أبي الجعد، يحدث عن معدان بن أبي طلحة، عن أبي الدرداء، أن النبي صلى الله عليه وسلم قال: «أيعجز أحدكم أن يقرأ ثلث القرآن في ليلة؟» قيل: يا رسول الله، ومن يطيق ذلك؟ قال: "" اقرءوا: قل هو الله أحد "" #",0
Musnad at-Tayalisi,1472,UNGRADED,Prophets & Past Peoples,1068 - # حدثنا أبو داود قال: حدثنا ابن سعد، عن أبيه، عن ابن أخ لعدي بن أرطاة عن رجل، عن أبي الدرداء، أن النبي صلى الله عليه وسلم قال: «إن أخوف ما أخاف عليكم الأئمة المضلون» #,0
Musnad at-Tayalisi,1473,UNGRADED,Prophets & Past Peoples,1069 - # حدثنا أبو داود قال: حدثنا شعبة، عن الأعمش، قال: سمعت أبا صالح، يحدث عن عطاء بن يسار، عن رجل، عن أبي الدرداء، قال: سألت رسول الله صلى الله عليه وسلم عن قوله: {الذين آمنوا وكانوا يتقون لهم البشرى في الحياة الدنيا} [يونس: 64] فقال رسول الله صلى الله عليه وسلم: «هي الرؤيا الصالحة يراها المسلم أو ترى له» #,0
Musnad at-Tayalisi,1474,UNGRADED,Women; Brotherhood & Friendship,1070 - # حدثنا أبو داود قال: حدثنا شعبة، عن يزيد بن خمير، قال: سمعت عبد الرحمن بن جبير، يحدث عن أبيه، عن أبي الدرداء، أن رسول الله صلى الله عليه وسلم رأى امرأة مجحا على باب فسطاط أو قال: خباء فقال: «لعل صاحب هذه يلم بها لقد هممت أن ألعنه لعنة تدخل معه قبره كيف يورثه وهو لا يحل له؟ وكيف يسترقه وهو لا يحل له؟» #,0
Musnad at-Tayalisi,1475,UNGRADED,Character & Manners; Day of Judgement,1071 - # حدثنا أبو داود قال: حدثنا شعبة، قال: أخبرني القاسم بن أبي بزة، قال: سمعت عطاء يحدث عن أم الدرداء، قالت: قال رسول الله صلى الله عليه وسلم، أو عن أم الدرداء، عن أبي الدرداء قال: قال رسول الله صلى الله عليه وسلم: «لا يوضع في الميزان يوم القيامة شيء أثقل من حسن خلق» #,0
Musnad at-Tayalisi,1476,UNGRADED,Day of Judgement; Resurrection & Intercession,"1072 - # حدثنا أبو داود قال: حدثنا هشام، عن قتادة، عن خليد العصري، عن أبي الدرداء، قال: قال النبي صلى الله عليه وسلم: "" ما طلعت شمس قط إلا بعث الله عز وجل بجنبتيها ملكين يناديان يسمعان الخلائق كلها إلا الثقلين: اللهم عجل لمنفق خلفا وأعط ممسكا تلفا",0
Musnad at-Tayalisi,1478,UNGRADED,Prophets & Past Peoples,1073 - # حدثنا أبو داود قال: حدثنا شعبة، عن أبي إسحاق، عن أبي حبيبة الطائي، عن أبي الدرداء، قال: سمعت النبي صلى الله عليه وسلم يقول: «مثل الذي يتصدق أو يعتق عند الموت مثل الذي يهدي بعد ما يشبع» #,0
Musnad at-Tayalisi,1479,UNGRADED,Paradise; Prophets & Past Peoples,1074 - # حدثنا أبو داود قال: حدثنا شعبة، عن عطاء بن السائب، عن أبي عبد الرحمن السلمي، عن أبي الدرداء، قال: سمعت رسول الله صلى الله عليه وسلم يقول: «الوالد أوسط أبواب الجنة فإن شئت فحافظ على الباب أو ضيع» #,0
Musnad at-Tayalisi,1480,UNGRADED,Brotherhood & Friendship; Prophets & Past Peoples,1075 - # حدثنا أبو داود قال: حدثنا سلام، عن عبد العزيز بن رفيع، قال: سمعت ذكوان أبا صالح، يقول كان الضيف إذا نزل بأبي الدرداء قال: أمقيم فنرعى أو منطلق فنعلف؟ فإن قال: منطلق قال: أخبرك بما أخبر به رسول الله صلى الله عليه وسلم، قلت: يا رسول الله، ذهب أهل الأموال بالدنيا والآخرة يصلون كما نصلي ويجاهدون كما نجاهد ويذكرون كما نذكر ويتصدقون وليس عندنا ما نتصدق، فقال لي: «ألا أخبرك بشيء إذا فعلته لم يدركك من جاء بعدك ولحقت من سبقك؟,0
Musnad at-Tayalisi,1482,UNGRADED,Prophets & Past Peoples,1076 - # حدثنا أبو داود قال: حدثنا ابن أبي ذئب، عن يزيد بن أبي حبيب، أن رجلين اختصما إلى أبي الدرداء في شبر من الأرض، فقال أبو الدرداء: إني سمعت رسول الله صلى الله عليه وسلم يقول: «إذا كنت في أرض، فسمعت رجلين يختصمان في شبر أرض فاخرج منها» فخرج أبو الدرداء فأتى الشام #,0
Musnad at-Tayalisi,1483,UNGRADED,Prophets & Past Peoples,1077 - # حدثنا أبو داود قال: حدثنا الفرج بن فضالة، قال: حدثنا خالد بن يزيد، عن أبي حلبس، عن أم الدرداء، عن أبي الدرداء، عن النبي صلى الله عليه وسلم قال: «إن الله عز وجل فرغ إلى خلقه من خمسة، من أجله، وعمله، وأثره، ومضجعه، ورزقه» #,0
Musnad at-Tayalisi,1485,UNGRADED,Prophets & Past Peoples,1078 - # حدثنا يونس قال: حدثنا أبو داود قال: حدثنا هشام، عن قتادة، عن سالم بن أبي الجعد، عن معدان بن أبي طلحة، عن ثوبان، أن النبي صلى الله عليه وسلم قال: «من صلى على جنازة فله قيراط ومن تبعها حتى يقضى قضاؤها فله قيراطان» #,0
Musnad at-Tayalisi,1487,UNGRADED,Other Narrations,[ص: 329] # ، قال: سمعت سالم بن أبي الجعد، قال: قيل لثوبان مولى رسول الله صلى الله عليه وسلم: حدثنا قال: كذبتم علي وقلتم علي ما لم أقل، فقالوا: حدثنا فقال: سمعت رسول الله صلى الله عليه وسلم يقول: «ما من عبد يسجد لله سجدة إلا رفعه الله عز وجل بها درجة، أو حط عنه بها خطيئة» #,0
Musnad at-Tayalisi,1488,UNGRADED,Prophets & Past Peoples,1080 - # حدثنا أبو داود قال: حدثنا حماد بن زيد، عن أيوب، عن أبي قلابة، قال: وذكر أبا أسماء الرحبي وذكر ثوبان أن رسول الله صلى الله عليه وسلم قال: «أفضل الدنانير دينار أنفقه الرجل على عياله، ودينار أنفقه على دابته في سبيل الله، ودينار أنفقه على أصحابه في سبيل الله» #,0
Musnad at-Tayalisi,1489,UNGRADED,Paradise; Prophets & Past Peoples,1081 - # حدثنا أبو داود قال: حدثنا شعبة، وثابت أبو زيد، عن عاصم، عن أبي قلابة، عن أبي أسماء، عن ثوبان، أن النبي صلى الله عليه وسلم قال: «عائد المريض في خرفة الجنة حتى يرجع» #,0
Musnad at-Tayalisi,1490,UNGRADED,Prophets & Past Peoples,1082 - # حدثنا أبو داود قال: حدثنا هشام، أن يحيى بن أبي كثير، حدثه، أن أبا قلابة حدثه، أن أبا أسماء حدثه، أن ثوبان حدثه أن النبي صلى الله عليه وسلم قال: «أفطر الحاجم والمحجوم» #,0
Musnad at-Tayalisi,1491,UNGRADED,Character & Manners,1083 - # حدثنا أبو داود قال: حدثنا هشام، عن يحيى بن أبي كثير، عن أبي سلام، عن أبي أسماء، عن ثوبان، قال: جاءت بنت هبيرة إلى النبي صلى الله عليه وسلم وفي يدها فتخ من ذهب - خواتيم ضخام - فجعل النبي صلى الله عليه وسلم يضرب يدها فأتت فاطمة تشكو إليها قال ثوبان: فدخل النبي صلى الله عليه وسلم على فاطمة وأنا معه، وقد أخذت من عنقها سلسلة من ذهب، فقالت: هذا أهداها لي أبو حسن وفي يدها السلسلة، فقال النبي صلى الله عليه وسلم: «يا فاطمة أيسرك أن يقول الناس فاطمة بنت محمد في يدها سلسلة من نار؟» فخرج ولم يقعد فعمدت فاطمة إلى السلسلة فباعتها فاشترت بها نسمة فأعتقتها، فبلغ النبي صلى الله عليه وسلم فقال: «الحمد لله,0
Musnad at-Tayalisi,1493,UNGRADED,Day of Judgement,1084 - # حدثنا أبو داود قال: حدثنا حماد بن زيد، عن أيوب، عن أبي قلابة، عن أبي أسماء، عن ثوبان، أن النبي صلى الله عليه وسلم قال: «لا تقوم الساعة حتى تلحق قبائل من أمتي بالمشركين وحتى يعبدوا الأوثان وإذا وضع السيف في أمتي لم يرفع عنهم إلى يوم القيامة» #,0
Musnad at-Tayalisi,1494,UNGRADED,Prophets & Past Peoples,1085 - # حدثنا أبو داود قال: حدثنا أبو الأشهب، عن عمر بن عبيد التميمي العبشمي، عن ثوبان مولى النبي صلى الله عليه وسلم قال: «يوشك أن تداعى عليكم الأمم كما تداعى القوم إلى قصعتهم» قال: قيل: من قلة؟ قال: «لا ولكنه غثاء كغثاء السيل يجعل الوهن في قلوبكم، وينزع الرعب من قلوب عدوكم لحبكم الدنيا وكراهيتكم الموت» قال يونس: وروي هذا الحديث عن ابن فضالة عن مرزوق أبي عبد الله عن أبي أسماء عن ثوبان عن النبي صلى الله عليه وسلم #,0
Musnad at-Tayalisi,1495,UNGRADED,Prophets & Past Peoples,1086 - # حدثنا أبو داود قال: حدثنا شعبة، عن أبي الجودي، عن أبي بلج، عن أبي شيبة المهري، عن ثوبان، قال: «رأيت رسول الله صلى الله عليه وسلم,0
Musnad at-Tayalisi,1498,UNGRADED,Other Narrations,[ص: 335] # محمد بن قيس، عن عبد الرحمن بن يزيد بن معاوية، عن ثوبان، قال: قال النبي صلى الله عليه وسلم: «من يتكفل لي بواحدة أتقبل» أو «أتكفل له بالجنة؟» قال ثوبان: فقلت: أنا يا رسول الله، قال: «لا تسأل أحدا شيئا» فقال فكان ثوبان ربما وقع سوطه فينزل حتى يتناوله #,0
Musnad at-Tayalisi,1499,UNGRADED,Brotherhood & Friendship; Alcohol & Intoxicants,1088 - # حدثنا أبو داود قال: حدثنا أبو عتبة، عن محمد بن المهاجر، عن عباس بن سالم اللخمي، أن عمر بن عبد العزيز، بعث إلى أبي سلام الحبشي وحمل على البريد حتى قدم عليه، فقال: إني بعثت إليك أشافهك بحديث ثوبان في الحوض فقال أبو سلام: سمعت ثوبان يقول: سمعت رسول الله صلى الله عليه وسلم يقول: «إن حوضي من عدن أبين إلى عمان البلقاء أكوابه مثل عدد نجوم السماء ماؤه أحلى من العسل» أو قال: «أشد بياضا من اللبن من شرب منه شربة لم يظمأ بعدها أبدا,0
Musnad at-Tayalisi,1502,UNGRADED,Prayer (Salah); Character & Manners,[ص: 337] # سالم بن أبي الجعد، عن ثوبان، عن النبي صلى الله عليه وسلم قال: «استقيموا ولن تحصوا واعلموا أن خير دينكم الصلاة ولا يحافظ على الوضوء إلا مؤمن» ويروى هذا الحديث عن الوليد بن مسلم عن عبد الرحمن بن ثابت عن حسان بن عطية عن أبي كبشة عن ثوبان عن النبي صلى الله عليه وسلم #,0
Musnad at-Tayalisi,1503,UNGRADED,Prophets & Past Peoples,1090 - # حدثنا أبو داود قال: حدثنا إسماعيل بن عياش، عن عبيد الله بن عبيد الكلاعي، عن زهير بن سالم أو ابن يسار عن عبد الرحمن بن جبير، عن ثوبان، عن النبي صلى الله عليه وسلم قال: «في كل,0
Musnad at-Tayalisi,1506,UNGRADED,Prophets & Past Peoples; Travel & Migration,1091 - # حدثنا يونس قال: حدثنا أبو داود قال: حدثنا همام، عن قتادة، عن أبي المليح، عن عوف بن مالك الأشجعي، قال: كنا مع النبي صلى الله عليه وسلم في سفر فعرسنا وافترش كل منا ذراع راحلته ثم انتبهت بعض الليل فإذا ليس بين يدي راحلة صلى الله عليه وسلم أحد، فانطلقت فإذا أنا بمعاذ بن جبل وعبد الله بن قيس قائمين فقلت لهما: هل رأيتما رسول الله صلى الله عليه وسلم فقالا: لا، وأنا أسمع صوتا فإذا مثل هزيز الرحى فأتانا رسول الله صلى الله عليه وسلم فقال: «إنه أتاني آت من ربي عز وجل فخيرني بين أن يدخل نصف أمتي الجنة وبين الشفاعة فاخترت الشفاعة» فقلنا: ننشدك الله والصحبة لما جعلتنا من أهل شفاعتك فقال رسول الله صلى الله عليه وسلم: «أنتم من أهل شفاعتي» وجعل,0
Musnad at-Tayalisi,1509,UNGRADED,The Grave & Barzakh,[ص: 341] # بكر بن أبي مريم، عن حبيب بن عبيد، عن عوف بن مالك، قال: شهدت رسول الله صلى الله عليه وسلم صلى على جنازة رجل من الأنصار فسمعته يقول: «اللهم صل عليه واغفر له وارحمه وعافه واعف عنه واغسله بماء ثلج وبرد ونقه من الذنوب والخطايا كما ينقى الثوب الأبيض من الدنس وأبدله بداره دارا خيرا من داره وأهلا خيرا من أهله، وقه فتنة القبر، وعذاب النار» قال: عوف: فلقد رأيتني في ذلك الموطن وأنا أتمنى أن أكون مكان الأنصاري؛ لما سمعت من دعاء رسول الله صلى الله عليه وسلم له ويروى هذا الحديث عن حبيب بن عبيد عن جبير بن نفير عن عوف ورأيت هذا الحديث في موضع آخر عن أبي داود عن الفرج بن فضالة قال: حدثني عصمة بن راشد عن حبيب بن عبيد عن عوف #,0
Musnad at-Tayalisi,1511,UNGRADED,Prophets & Past Peoples,1093 - # حدثنا يونس قال: حدثنا أبو داود قال: حدثنا ابن المبارك، عن موسى بن أيوب الغافقي، عن عمه إياس بن عامر عن عقبة بن عامر، قال: لما أنزلت {فسبح باسم ربك العظيم} [الواقعة: 74] قال رسول الله صلى الله عليه وسلم: «اجعلوها في الركوع» فلما نزلت سبح اسم ربك الأعلى,0
Musnad at-Tayalisi,1513,UNGRADED,Prophets & Past Peoples,"1094 - # حدثنا أبو داود قال: حدثنا ابن المبارك، عن موسى بن علي، عن أبيه، عن عقبة بن عامر، قال: "" ثلاث ساعات كان رسول الله صلى الله عليه وسلم ينهى أن نصلي فيهن، أو نقبر فيهن موتانا: إذا طلعت الشمس بازغة حتى ترتفع، وحين يقوم قائم الظهيرة حتى تميل الشمس، وحين تضيف للغروب حتى تغرب "" #",0
Musnad at-Tayalisi,1514,UNGRADED,Oaths & Vows; Prophets & Past Peoples,1095 - # حدثنا أبو داود قال: حدثنا هشام، عن يحيى بن أبي كثير، عن بعجة الجهني، قال: حدثنا عقبة بن عامر الجهني، قال: قسم رسول الله صلى الله عليه وسلم الضحايا بين أصحابه فصارت لي جذعة فقال رسول الله صلى الله عليه وسلم: «ضح بها» #,0
Musnad at-Tayalisi,1515,UNGRADED,Quran & Recitation; Prophets & Past Peoples,1096 - # حدثنا أبو داود قال: حدثنا جرير الضبي، عن بيان، وإسماعيل، عن قيس بن أبي حازم، عن عقبة بن عامر، قال: قال رسول الله صلى الله عليه وسلم: «أنزل علي آيات لم ير أعظم منهن» يعني المعوذتين #,0
Musnad at-Tayalisi,1516,UNGRADED,Travel & Migration,1097 - # حدثنا أبو داود قال: حدثنا الفرج بن فضالة، عن رجل، عن أبي علي، عن عقبة بن عامر، أنهم كانوا في سفر فأردناه أن يصلي بنا فأبى وقال: ليتقدم رجل منكم حتى أحدثكم لم لا أصلي بكم؛ إني سمعت رسول الله صلى الله عليه وسلم يقول: «من أم قوما فأتم بهم الصلاة فله ولهم وإن لم يفعل كان لهم التمام وله النقصان» #,0
Musnad at-Tayalisi,1518,UNGRADED,Modesty & Dress,[ص: 346] # عامر: إن لنا جيرانا يشربون الخمر ويفعلون ويفعلون، قال: فقال له: إني سمعت رسول الله صلى الله عليه وسلم يقول: «من رأى عورة فسترها كان كمن أحيا موءودة من قبرها» #,0
Musnad at-Tayalisi,1519,UNGRADED,Brotherhood & Friendship; Paradise,1099 - # حدثنا أبو داود قال: حدثنا هشام، عن يحيى، عن أبي سلام، عن عبد الله بن زيد الأزرق، عن عقبة بن عامر الجهني، قال: سمعت النبي صلى الله عليه وسلم يقول: «إن الله عز وجل ليدخل الثلاثة بالسهم الواحد الجنة صانعه يحتسب بصنعته الخير، والرامي به والممد به» #,0
Musnad at-Tayalisi,1522,UNGRADED,Prayer (Salah); Purity & Wudu,1101 - # حدثنا أبو داود قال: حدثنا حماد بن سلمة، عن زياد بن مخراق، عن شهر بن حوشب، عن عقبة بن عامر، قال: توضأت فدخلت المسجد ورسول الله صلى الله عليه وسلم يخطب فسمعته يقول: «من توضأ فأحسن الوضوء، ثم صلى صلاة المكتوبة يحفظها ويعقلها حتى يقضيها كان كيوم ولدته أمه» #,0
Musnad at-Tayalisi,1523,UNGRADED,Servants & Freeing Slaves,1102 - # حدثنا أبو داود قال: حدثنا هشام، عن قتادة، عن قيس الجذامي، عن عقبة بن عامر، قال: قال النبي صلى الله عليه وسلم: «من أعتق رقبة كان فداؤه من النار مكان كل عضو عضوا» #,0
Musnad at-Tayalisi,1524,UNGRADED,Prophets & Past Peoples,1103 - # حدثنا أبو داود قال: حدثنا عبد الله بن المبارك، عن أسامة بن زيد، عن يزيد بن أبي حبيب، عمن سمع عقبة بن عامر، يقول: خطب رسول الله صلى الله عليه وسلم فقرأ {وأعدوا لهم ما استطعتم من قوة} [الأنفال: 60] فقال: «ألا إن القوة الرمي ألا إن القوة الرمي» #,0
Musnad at-Tayalisi,1526,UNGRADED,Prophets & Past Peoples,1104 - # حدثنا يونس قال: حدثنا أبو داود قال: حدثنا ابن المبارك، عن سعيد بن يزيد أبي شجاع، عن خالد بن أبي عمران، عن حنش، عن فضالة، أن النبي صلى الله عليه وسلم أتي بقلادة فيها خرزة معلقة بذهب فاشتراها رجل بسبعة أو تسعة دنانير فذكر ذلك للنبي صلى الله عليه وسلم فقال: «لا حتى يميز بينه وبينه» #,0
Musnad at-Tayalisi,1528,UNGRADED,Prophets & Past Peoples,1105 - # حدثنا يونس قال: حدثنا أبو داود قال: حدثنا عمران، عن قتادة، عن أبي المليح، عن واثلة بن الأسقع، قال: قال النبي صلى الله عليه وسلم: «أعطيت مكان التوراة السبع ومكان الزبور المئين ومكان الإنجيل المثاني وفضلت بالمفصل» #,0
Musnad at-Tayalisi,1529,UNGRADED,Adhan & the Mosque; Prophets & Past Peoples,1106 - # حدثنا أبو داود قال: حدثنا الفرج بن فضالة، قال: حدثني أبو سعد الشامي، قال: رأيت واثلة بن الأسقع وكانت له صحبة «يصلي في مسجد دمشق وعليه نعلان فبزق تحت قدمه اليسرى، ثم عركها بالأرض» فلما صلى قلت: أتصنع هذا وأنت من أصحاب رسول الله صلى الله عليه وسلم؟ فقال: «هكذا رأيت رسول الله صلى الله عليه وسلم فعل» #,1
Musnad at-Tayalisi,1531,UNGRADED,Prophets & Past Peoples; Treaties & Non-Muslims,1107 - # حدثنا يونس قال: حدثنا أبو داود قال: حدثنا حماد بن زيد، عن أيوب، عن أبي قلابة، أن أبا ثعلبة الخشني، قال: يا رسول الله، إني بأرض أهلها أهل الكتاب يأكلون لحم الخنزير ويشربون الخمر، فكيف بآنيتهم وقدورهم؟ فقال: «دعوها ما وجدتم منها بدا، فإذا لم تجدوا منها بدا فارحضوها بالماء» أو قال: «اغسلوها، ثم اطبخوا فيها وكلوا» قال: وأحسبه قال: «واشربوا» #,0
Musnad at-Tayalisi,1532,UNGRADED,Prophets & Past Peoples,1108 - # حدثنا أبو داود قال: حدثنا حماد بن زيد، عن أيوب، عن أبي قلابة، أن أبا ثعلبة، قال: قلت: يا رسول الله، إني أرسل كلبي فيأخذ الصيد؟ قال: «إذا أرسلت كلبك المعلم فذكرت اسم الله، فأخذ فكل وإذا أرسلت كلبك الذي ليس بمعلم فأخذ فإن أدركت ذكاته فكل وإن لم تدرك ذكاته فلا تأكل» #,0
Musnad at-Tayalisi,1533,UNGRADED,Prophets & Past Peoples,1109 - # حدثنا أبو داود قال: حدثنا حماد بن زيد، عن أيوب، عن أبي قلابة، عن أبي ثعلبة، قال: «نهى رسول الله صلى الله عليه وسلم عن كل ذي ناب من السباع، وأكل الحمر الأهلية» أو قال: «الإنسية» ويروي هشيم بعض هذا الحديث عن خالد عن أبي قلابة عن أبي أسماء عن أبي ثعلبة #,0
Musnad at-Tayalisi,1535,UNGRADED,Prophets & Past Peoples,1110 - # حدثنا يونس، حدثنا أبو داود قال: حدثنا شعبة، عن سماك بن حرب، قال: سمعت علقمة بن وائل الحضرمي، يحدث عن أبيه، أن النبي صلى الله عليه وسلم «أقطعه أرضا» لا أعلمه إلا قال: «بحضرموت» #,0
Musnad at-Tayalisi,1536,UNGRADED,Prophets & Past Peoples; Medicine & Healing,1111 - # حدثنا أبو داود قال: حدثنا شعبة، عن سماك بن حرب، قال: سمعت علقمة بن وائل الحضرمي، يحدث أن سويد بن طارق، سأل النبي صلى الله عليه وسلم، فقال: يا رسول الله، إن لنا أعنابا نعتصرها، فذكر الخمر فنهاه فقال: إنها دواء، فقال رسول الله صلى الله عليه وسلم: «بل هي داء»,0
Musnad at-Tayalisi,1538,UNGRADED,Anger & Patience; Prophets & Past Peoples,1112 - # حدثنا أبو داود قال: حدثنا حماد بن سلمة، عن سماك بن حرب، عن علقمة بن وائل، أن سلمة بن يزيد، قام إلى رسول الله صلى الله عليه وسلم وهو يخطب بعد العصر، فقال: أرأيت إن كان علينا أمراء بعدك يسألونا الحق ويمنعونا؟ فسكت، ثم أعاد المسألة فكأنه غضب، وسكت فجذبه الأشعث فقال: والله ما أزال أسأله حتى تغرب الشمس أو يجيبني، فقال رسول الله صلى الله عليه وسلم: «عليهم ما حملوا وعليكم ما حملتم واسمعوا لهم وأطيعوا» روى هذا الحديث وهب عن شعبة عن سماك بن حرب، عن,0
Musnad at-Tayalisi,1540,UNGRADED,Prayer (Salah),"1113 - # حدثنا أبو داود قال: حدثنا سلام بن سليم، قال: حدثنا عاصم بن كليب، عن أبيه، عن وائل الحضرمي، قال: صليت خلف النبي صلى الله عليه وسلم فقلت: لأحفظن صلاته "" فافتتح الصلاة فكبر ورفع يديه حتى بلغ أذنيه، وأخذ شماله بيمينه فلما أراد أن يركع كبر ورفع يديه كما رفعهما حين افتتح الصلاة، ووضع كفيه على ركبتيه حين ركع، فلما رفع رأسه من الركوع رفع يديه كما رفعهما حين افتتح الصلاة، ثم سجد فافترش قدمه اليسرى فقعد عليها قال: ثم وضع كفه اليمنى على فخذه اليمنى ويده اليسرى على فخذه اليسرى وجعل يدعو هكذا يعني بالسبابة يشير بها #",0
Musnad at-Tayalisi,1541,UNGRADED,Prophets & Past Peoples,1114 - # حدثنا أبو داود قال: حدثنا شعبة، قال: أخبرني عمرو بن مرة، قال: سمعت أبا البختري، يحدث عن عبد الرحمن بن اليحصبي، عن وائل الحضرمي، أنه صلى مع النبي صلى الله عليه وسلم «فكان يكبر إذا خفض، وإذا رفع ويرفع يديه عند التكبير ويسلم عن يمينه وعن يساره» قال شعبة فقال لي أبان بن تغلب: إن في ذا الحديث حتى يبدو وضح وجهه، فذكرت ذلك لعمرو أفي الحديث حتى يبدو وضح وجهه؟ فقال عمرو نحو ذلك #,0
Musnad at-Tayalisi,1542,UNGRADED,Prophets & Past Peoples; Treaties & Non-Muslims,1115 - # حدثنا أبو داود قال: حدثنا المسعودي، عن عبد الجبار بن وائل، قال: حدثني بعض أهل بيتي عن أبي أنه، «صلى مع النبي صلى الله عليه وسلم، فسلم عن يمينه وعن شماله» #,0
Musnad at-Tayalisi,1543,UNGRADED,Brotherhood & Friendship; Major Sins,1116 - # حدثنا أبو داود قال: حدثنا سلام، عن أبي إسحاق، عن عبد الجبار بن وائل الطائي، عن أبيه، أن رسول الله صلى الله عليه وسلم كان يصلي فدخل رجل، فقال: الله أكبر كبيرا والحمد لله كثيرا، وسبحان الله وبحمده بكرة وأصيلا فلما صلى قال: «من القائل الكلمات؟» قال الرجل: أنا يا رسول الله، وما أردت بهن إلا خيرا، فقال رسول الله صلى الله عليه وسلم: «لقد رأيت أبواب السماء فتحت فما تناهى دون العرش» #,0
Musnad at-Tayalisi,1545,UNGRADED,Quran & Recitation,[ص: 361] # وائل، يحدث عن وائل، وقد سمعته من وائل، أنه صلى مع النبي صلى الله عليه وسلم فلما قرأ {غير المغضوب عليهم ولا الضالين} [الفاتحة: 7] قال: «آمين» خفض بها صوته ووضع يده اليمنى على يده اليسرى وسلم عن يمينه وعن يساره #,0
Musnad at-Tayalisi,1546,UNGRADED,Prophets & Past Peoples,1118 - # حدثنا أبو داود قال: حدثنا أبو عوانة، عن عبد الملك بن عمير، عن علقمة بن وائل، عن أبيه، قال: كنا عند النبي صلى الله عليه وسلم فجاءه,0
Musnad at-Tayalisi,1549,UNGRADED,Prophets & Past Peoples,1119 - # حدثنا يونس قال: حدثنا أبو داود قال: حدثنا قيس، عن عبد العزيز بن رفيع، عن تميم بن طرفة، عن عدي بن حاتم، قال: تشهد رجل عند النبي صلى الله عليه وسلم، فقال: من يطع الله ورسوله فقد رشد ومن يعصهما فقد غوى فقال رسول الله صلى الله عليه وسلم: «اسكت فبئس الخطيب أنت» #,0
Musnad at-Tayalisi,1550,UNGRADED,Oaths & Vows,1120 - # حدثنا أبو داود قال: حدثنا شعبة، عن عبد العزيز بن رفيع، عن تميم الطائي، عن عدي بن حاتم، أن النبي صلى الله عليه وسلم قال: «من حلف على يمين فرأى غيرها خيرا منها فليأت الذي هو خير وليترك» #,0
Musnad at-Tayalisi,1551,UNGRADED,Oaths & Vows,1121 - # حدثنا أبو داود قال: حدثنا حماد بن سلمة، عن سماك بن حرب، عن تميم بن طرفة، أن رجلا سأل عدي بن حاتم مائتي درهم فغضب من قلتها وحلف أن لا يعطيه، ثم قال: لولا أنى سمعت رسول الله صلى الله عليه وسلم يقول: «من حلف على يمين فرأى غيرها خيرا منها فليأت الذي هو خير وليكفر يمينه» ما أعطيتك شيئا ولكن هي لك في عطائي #,0
Musnad at-Tayalisi,1552,UNGRADED,Oaths & Vows,1122 - # حدثنا أبو داود قال: حدثنا شعبة، قال: أخبرني عمرو بن مرة، سمع عبد الله بن عمرو مولى الحسن بن علي يحدث أن عدي بن حاتم، سئل فحلف أن لا يعطي ثم أعطى فقال: سمعت رسول الله صلى الله عليه وسلم يقول: «من حلف على يمين فرأى غيرها خيرا منها,0
Musnad at-Tayalisi,1554,UNGRADED,Prophets & Past Peoples; Food & Drink,1123 - # حدثنا أبو داود قال: حدثنا شعبة، عن ابن أبي السفر، عن الشعبي، عن عدي، قال: سألت رسول الله صلى الله عليه وسلم عن المعراض فقال: «إذا أصاب بحده فقتل، فكل وإذا أصاب بعرضه فقتل فهو وقيذ فلا تأكل» قلت: أرسل كلبي قال: «إذا أرسلت كلبك على الصيد وسميت فأخذ فكل وإن أكل منه فلا تأكل فإنما أمسك على نفسه» : قلت أرسل كلبي فأجد مع كلبي كلبا قد أخذ لا أدري أيهما أخذه قال: «فلا تأكل؛ إنما سميت على كلبك، ولم تسم على غيره»,0
Musnad at-Tayalisi,1556,UNGRADED,Prophets & Past Peoples,1124 - # حدثنا أبو داود قال: حدثنا شعبة، عن الحكم، عن الشعبي، عن عدي، قال: قلت: يا رسول الله، أرسل كلبي على الصيد فذكر نحوه #,0
Musnad at-Tayalisi,1557,UNGRADED,Prophets & Past Peoples,1125 - # حدثنا أبو داود قال: حدثنا ورقاء، عن منصور، عن إبراهيم، عن همام بن الحارث، عن عدي بن حاتم، قال: قلت: يا رسول الله، أرمي بالمعراض الصيد قال: «إذا رميت بالمعراض الصيد فخزق فكل، وإن لم يخزق فلا تأكل» أو قال: «إن أصاب بعرضه فلا تأكل» شك أبو داود #,0
Musnad at-Tayalisi,1558,UNGRADED,Prophets & Past Peoples,1126 - # حدثنا أبو داود قال: حدثنا ورقاء، عن منصور، عن إبراهيم، عن همام بن الحارث، عن عدي بن حاتم، قال: قلت: يا رسول الله، إن لنا كلابا مكلبة فنرسلها على الصيد فيمسكن علينا فقال رسول الله صلى الله عليه وسلم: «إذا كن مكلبة فأمسكن عليك وقتلن فكل ما لم يشركها كلب من غيرها» #,0
Musnad at-Tayalisi,1559,UNGRADED,Prophets & Past Peoples,1127 - # حدثنا أبو داود قال: حدثنا شعبة، عن سماك، قال: سمعت مري بن قطري، يقول: سمعت عدي بن حاتم، يحدث أنه سأل النبي صلى الله عليه وسلم فقال: يا رسول الله، آخذ الصيد فلا أجد ما أذبحه به إلا المروة والعصا فقال: «أمرر الدم بما شئت واذكر اسم الله» #,0
Musnad at-Tayalisi,1561,UNGRADED,Other Narrations,[ص: 368] # حرب، قال: سمعت مري بن قطري، يحدث عن عدي بن حاتم، قال: قلت: يا رسول الله، إن أبي كان يصل الرحم قال وذكر مكارم الأخلاق فقال: «إن أباك أراد أمرا فأدركه» #,0
Musnad at-Tayalisi,1562,UNGRADED,Other Narrations,1129 - # وعن عدي، قال: قلت: يا رسول الله، طعاما لا أدعه إلا تحرجا قال: «فلا تدعن طعاما ضارعت فيه النصرانية» #,0
Musnad at-Tayalisi,1565,UNGRADED,Prophets & Past Peoples,1131 - # حدثنا أبو داود قال: حدثنا شعبة، قال: سمعت أبا إسحاق، يقول: تصدقوا فإني سمعت عبد الله بن معقل، يقول: سمعت عدي بن حاتم، يقول: سمعت رسول الله صلى الله عليه وسلم يقول: «اتقوا النار ولو بشق تمرة فإن لم تجدوا فبكلمة طيبة» #,1
Musnad at-Tayalisi,1566,UNGRADED,Prophets & Past Peoples,1132 - # حدثنا أبو داود قال: حدثنا أبو عوانة، عن عبد الملك بن عمير، عن غير واحد، حدثه عن عدي بن حاتم، أنه حدثهم قال: كنت عند النبي صلى الله عليه وسلم فذكر قطع السبل فقال رسول الله صلى الله عليه وسلم: «لا يأتي عليكم,0
Musnad at-Tayalisi,1570,UNGRADED,Major Sins; Prophets & Past Peoples,"1135 - # حدثنا أبو داود قال: حدثنا عمرو بن ثابت، عن سماك بن حرب، عمن سمع عدي بن حاتم، يقول: لما قدمت المدينة وقد كان يبلغني أن رسول الله صلى الله عليه وسلم يقول: «إنى لأرجو أن يجعل الله يده في يدي» قال: فانطلق بي إلى رحله وألقت لنا الجارية وسادة أو قال: بساطا فجلسنا، فقال رسول الله صلى الله عليه وسلم: "" أتنكر أن يقال: لا إله إلا الله فهل من إله غير الله؟ "" قال: قلت: لا قال: «فتنكر أن يقال الله أكبر فهل من شيء أكبر من الله؟» قال: قلت: لا قال: «فإن اليهود مغضوب عليهم والنصارى ضالون» قال: قلت: فإني",0
Musnad at-Tayalisi,1572,UNGRADED,Prophets & Past Peoples,1136 - # حدثنا أبو داود قال: حدثنا شعبة، وهشيم، عن أبي بشر، عن سعيد بن جبير، عن عدي بن حاتم، قال: قلت: يا رسول الله، أرمي الصيد فأجده من الغد فيه سهمي قال: «إذا وجدت فيه سهمك وعلمت أنه قتله ولم تر فيه أثر سبع فكل» .,0
Musnad at-Tayalisi,1573,UNGRADED,Prophets & Past Peoples,1137 - # حدثنا أبو داود قال: حدثنا شعبة، عن عبد الملك بن ميسرة، قال: سمعت سعيد بن جبير، يحدث عن عدي بن حاتم، أنه سأل النبي صلى الله عليه وسلم فذكر نحوه #,0
Musnad at-Tayalisi,1574,UNGRADED,Other Narrations,أحاديث أبي جحيفة واسمه وهب السوائي عن النبي صلى الله عليه وسلم #,0
Musnad at-Tayalisi,1575,UNGRADED,Prophets & Past Peoples,1138 - # حدثنا أبو داود قال: حدثنا شعبة، عن عون بن أبي جحيفة، عن أبيه، أن رسول الله صلى الله عليه وسلم «وضعت له عنزة فصلى إليها يمر من ورائها الحمار والمرأة» #,0
Musnad at-Tayalisi,1576,UNGRADED,Prophets & Past Peoples,1139 - # حدثنا أبو داود قال: حدثنا شعبة، عن عون بن أبي جحيفة، قال: اشتريت غلاما حجاما فأخذ أبي محاجمه فكسرها فقلت له: أتكسرها فقال: إن رسول الله صلى الله عليه وسلم «نهى عن ثمن الدم وعن ثمن,0
Musnad at-Tayalisi,1578,UNGRADED,Prayer (Salah); Women,1140 - # حدثنا أبو داود قال: حدثنا شعبة، عن الحكم، قال: سمعت أبا حجيفة، قال: «خرج النبي صلى الله عليه وسلم بالهاجرة بالهاجرة بالهاجرة إلى البطحاء فتوضأ وصلى الظهر ركعتين والعصر ركعتين وبين يديه عنزة» قال: وزاد فيه عون بن أبي حجيفة عن أبيه: «وكان يمر من ورائها المرأة والحمار» #,0
Musnad at-Tayalisi,1581,UNGRADED,Prophets & Past Peoples,1142 - # حدثنا أبو داود قال: حدثنا زهير، عن أبي إسحاق، عن أبي حجيفة، قال: «رأيت النبي صلى الله عليه وسلم ورأيت هذه منه بيضاء» وأشار إلى العنفقة قال: فقيل له: مثل من أنت يومئذ يا أبا حجيفة؟ قال: أبري النبل وأريشها #,1
Musnad at-Tayalisi,1582,UNGRADED,Prophets & Past Peoples; Food & Drink,1143 - # حدثنا أبو داود قال: حدثنا قيس، عن علي بن الأقمر، عن أبي حجيفة، أن النبي صلى الله عليه وسلم قال: «لا آكل متكئا» #,0
Musnad at-Tayalisi,1584,UNGRADED,Prophets & Past Peoples,1144 - # حدثنا يونس قال: حدثنا أبو داود قال: حدثنا محمد بن طلحة، عن عبد الله بن شريك العامري، عن عبد الرحمن بن عدي الكندي، عن الأشعث بن قيس، قال: قال النبي صلى الله عليه وسلم: «أشكر الناس لله أشكرهم للناس» #,0
Musnad at-Tayalisi,1587,UNGRADED,Oaths & Vows,1146 - # حدثنا أبو داود قال: حدثنا شعبة، عن الأعمش، قال: سمعت أبا وائل، يحدث عن عبد الله، قال: من حلف على يمين كاذبة؛ ليقتطع بها مال أخيه لقي الله وهو عليه غضبان فأتى علينا الأشعث بن قيس قال: ما حدثكم أبو عبد الرحمن؟ فأخبرناه، فقال: صدق في نزلت هذه الآية {إن الذين يشترون بعهد الله وأيمانهم ثمنا قليلا أولئك لا خلاق لهم في الآخرة} [آل عمران: 77] إلى آخر الآية خاصمت رجلا في بئر إلى النبي صلى الله عليه وسلم فقال: «بينتك أو يمينه» قلت: إذا يحلف وهو آثم #,0
Musnad at-Tayalisi,1590,UNGRADED,Prophets & Past Peoples,1148 - # حدثنا يونس قال: حدثنا أبو داود قال: حدثنا شعبة، قال: أنبأنا أبو إسحاق، عن سعيد بن وهب، قال: سمعت خبابا، قال: «شكونا إلى رسول الله صلى الله عليه وسلم شدة الرمضاء فلم يشكنا» #,0
Musnad at-Tayalisi,1592,UNGRADED,Treaties & Non-Muslims,[ص: 381] # إسحاق، قال: سمعت حارثة بن مضرب، قال: دخلنا على خباب وقد اكتوى فقال: ما أعلم أحدا لقي من البلاء ما لقيت لقد مكثت على عهد النبي صلى الله عليه وسلم ما أجد درهما وإن في ناحية بيتي هذا أربعين ألفا، ولولا أن رسول الله صلى الله عليه وسلم «نهانا» أو «نهى أن يتمنى أحد الموت لتمنيته» #,0
Musnad at-Tayalisi,1593,UNGRADED,Prophets & Past Peoples,"1150 - # حدثنا داود قال: حدثنا شعبة، عن الأعمش، قال: سمعت أبا الضحى، يحدث عن مسروق، عن خباب، قال: "" كنت رجلا قينا في الجاهلية فكان لي على العاص بن وائل دراهم فأتيته أتقاضاه فقال: لا أقضيك حتى تكفر بمحمد فقلت: لا أكفر بمحمد صلى الله عليه وسلم",0
Musnad at-Tayalisi,1596,UNGRADED,Prophets & Past Peoples,"1151 - # حدثنا يونس قال: حدثنا أبو داود قال: حدثنا المسعودي، عن الوليد بن سريع، عن عمرو بن حريث، قال: "" صليت خلف النبي صلى الله عليه وسلم فقرأ إذا الشمس كورت فلما أتى على هذه الآية {والليل إذا عسعس والصبح إذا تنفس} [التكوير: 18] "" قلت في نفسي ما الليل إذا عسعس والصبح إذا تنفس؟ #",1
Musnad at-Tayalisi,1598,UNGRADED,Day of Judgement; Prophets & Past Peoples,1152 - # حدثنا يونس قال: حدثنا أبو داود قال: حدثنا شعبة، عن ابن أبي السفر، وحصين، سمعا الشعبي، يقول: سمعت عروة بن أبي الجعد البارقي، يقول: سمعت رسول الله صلى الله عليه وسلم يقول: «الخيل معقود في نواصيها الخير إلى يوم القيامة» قيل: يا رسول الله، ما الخير؟ قال: «الأجر والمغنم» #,2
Musnad at-Tayalisi,1600,UNGRADED,Prophets & Past Peoples,1154 - # حدثنا أبو داود قال: حدثنا المسعودي، عن أبي حميدة الظاعني، عن عروة البارقي، أن رسول الله صلى الله عليه وسلم قال: «الخيل معقود في نواصيها الخير» فقيل: وما الخير؟ قال: «الأجر والغنيمة» #,0
Musnad at-Tayalisi,1602,UNGRADED,Paradise; Angels & the Unseen,[ص: 386] # : رئي النبي صلى الله عليه وسلم يمسح خد فرس فقيل له في ذلك، فقال رسول الله صلى الله عليه وسلم: «إن جبريل عاتبني في الفرس» قال أبو بشر: أنبأنا أحمد بن الفرات عن مسلم بن إبراهيم عن سعيد بن زيد عن الزبير بن خريت عن نعيم بن أبي هند عن عروة #,0
Musnad at-Tayalisi,1604,UNGRADED,Prophets & Past Peoples,"1156 - # حدثنا يونس قال: حدثنا أبو داود قال: حدثنا شعبة، قال: أخبرني الحكم، قال: سمعت ابن أبي ليلى، يحدث عن كعب بن عجرة، قال: معقبات لا يخيب قائلهن أو قال فاعلهن أن تكبر الله أربعا وثلاثين وتسبحه ثلاثا وثلاثين، وتحمده ثلاثا وثلاثين دبر كل صلاة "" قال الحكم: فما تركتهن بعد وروى هذا الحديث أبو عامر عن سفيان عن منصور عن الحكم عن ابن أبي ليلى عن كعب عن النبي صلى الله عليه وسلم #",0
Musnad at-Tayalisi,1606,UNGRADED,Prophets & Past Peoples,"[ص: 388] # الحكم، قال: سمعت ابن أبي ليلى، قال لقيني كعب بن عجرة فقال: ألا أهدي إليك هدية؟ خرج النبي صلى الله عليه وسلم فقلنا: قد عرفنا كيف نسلم عليك فكيف نصلي عليك؟ قال: "" قولوا: اللهم صل على محمد وعلى آل محمد كما صليت على آل إبراهيم إنك حميد مجيد، اللهم بارك على محمد وعلى آل محمد كما باركت على آل إبراهيم إنك حميد مجيد "" #",0
Musnad at-Tayalisi,1607,UNGRADED,Quran & Recitation; Zakah & Charity,1158 - # حدثنا أبو داود قال: حدثنا شعبة، عن عبد الرحمن بن الأصبهاني، قال: سمعت عبد الله بن معقل، يقول: جلست إلى كعب بن عجرة في هذا المسجد فسألته عن قول الله عز وجل: {ففدية من صيام أو صدقة أو نسك} [البقرة: 196] قال: في نزلت؛ حملت إلى رسول الله صلى الله عليه وسلم والقمل يتناثر على وجهي، فقال: «ما كنت أرى الجهد يبلغ بك ما أرى انحر شاة» فقلت: لا أجد فنزلت: {ففدية من,0
Musnad at-Tayalisi,1609,UNGRADED,Prayer (Salah),1159 - # حدثنا أبو داود قال: حدثنا ابن أبي ذئب، عن سعيد المقبري، عن مولى لبني سالم عن أبيه، عن كعب بن عجرة، أن رسول الله صلى الله عليه وسلم قال: «إذا توضأ أحدكم، ثم خرج للصلاة فهو في صلاة فلا يشبكن أحدكم أصابعه بعد ما يتوضأ أو بعد ما يدخل الصلاة» #,0
Musnad at-Tayalisi,1611,UNGRADED,Hajj & Umrah; Leadership & Governance,[ص: 392] # الله صلى الله عليه وسلم المسجد، فقال: «من هاهنا؟ هل تسمعون؟ إنه يكون بعدي أمراء يعملون بغير طاعة الله فمن شاركهم في عملهم وأعانهم على ظلمهم فليس مني ولست منه، ومن لم يشركهم في عملهم ولم يعنهم على ظلمهم فهو مني وأنا منه» #,0
Musnad at-Tayalisi,1612,UNGRADED,Prophets & Past Peoples,1161 - # حدثنا أبو داود قال: حدثنا هشيم، وأبو عوانة عن أبي بشر، عن مجاهد، عن عبد الرحمن بن أبي ليلى، عن كعب بن عجرة، قال: كنا مع النبي صلى الله عليه وسلم زمن الحديبية ونحن محرمون وقد حال المشركون بيننا وبين البيت ولي وفرة فجعل القمل يتناثر علي أو,0
Musnad at-Tayalisi,1616,UNGRADED,Signs of the End Times; Prophets & Past Peoples,"1163 - # حدثنا ي , نس قال: حدثنا أبو داود قال: حدثنا المسعودي، عن فرات القزاز، عن أبي الطفيل، عن حذيفة بن أسيد الغفاري من أهل الصفة قال: اطلع علينا رسول الله صلى الله عليه وسلم ونحن نتذاكر الساعة فقال: «إن الساعة لا تقوم حتى يكون عشر آيات الدخان، والدجال، والدابة، وطلوع الشمس من مغربها، وثلاثة خسوف خسف بالمشرق وخسف بالمغرب وخسف بجزيرة العرب، ونزول عيسى ابن مريم، وفتح يأجوج ومأجوج، ونار تخرج من قعر عدن تسوق الناس إلى المحشر» #",0
Musnad at-Tayalisi,1617,UNGRADED,Death & Burial,1164 - # حدثنا أبو داود قال: حدثنا المثنى بن سعيد، عن قتادة، عن أبي الطفيل، عن حذيفة بن أسيد، أن النبي صلى الله عليه وسلم أتاه موت النجاشي فقال: «إن أخاكم مات بغير أرضكم، فقوموا فصلوا عليه» فصفهم رسول الله صلى الله عليه وسلم خلفه وصلى عليه #,0
Musnad at-Tayalisi,1619,UNGRADED,Dhikr & Supplication; Character & Manners,"[ص: 396] # ، فأما طلحة فقال: أخبرني عبد الله بن عبيد بن عمير الليثي أن أبا الطفيل، حدثه عن حذيفة بن أسيد الغفاري أبي سريحة، وأما جرير فقال: عن عبد الله بن عمير، عن رجل من آل عبد الله بن مسعود وحديث طلحة أتمهما وأحسن، قال: ذكر رسول الله صلى الله عليه وسلم الدابة فقال: «لها ثلاث خرجات من الدهر فتخرج في أقصى البادية ولا يدخل ذكرها القرية يعني مكة ثم تكمن زمانا طويلا، ثم تخرج خرجة أخرى دون ذلك فيعلو ذكرها في أهل البادية ويدخل ذكرها القرية» يعني مكة قال رسول الله صلى الله عليه وسلم: "" ثم بينما الناس في أعظم المساجد على الله حرمة خيرها وأكرمها المسجد الحرام لم يرعهم إلا وهي ترغو بين الركن والمقام تنفض عن رأسها التراب فارفض الناس معها شتى ومعا، وثبت عصابة من المؤمنين وعرفوا أنهم لن يعجزوا الله فبدأت بهم فجلت وجوههم حتى تجعلها كأنها الكوكب الدري وولت في الأرض لا يدركها طالب ولا ينجو منها هارب حتى إن الرجل ليتعوذ منها بالصلاة فتأتيه من خلفه فتقول يا فلان، الآن تصلي فيقبل عليها فتسمه في وجهه ثم تنطلق ويشترك الناس في الأموال ويصطحبون",0
Musnad at-Tayalisi,1622,UNGRADED,Prophets & Past Peoples,1166 - # حدثنا يونس قال: حدثنا أبو داود قال: حدثنا شعبة، عن عدي بن ثابت، قال: سمعت عبد الله بن يزيد الأنصاري، يقول: «نهى رسول الله صلى الله عليه وسلم عن النهبى والمثلة» #,0
Musnad at-Tayalisi,1624,UNGRADED,Prophets & Past Peoples,1167 - # حدثنا يونس قال: حدثنا أبو داود قال: حدثنا قرة بن خالد، حدثنا معاوية بن قرة، عن أبيه، قال: أتيت النبي صلى الله عليه وسلم، فقلت: يا رسول الله، أرني الخاتم فقال: «أدخل يدك» قال فأدخلت يدي في جربانه فجعلت ألمس أنظر إلى الخاتم فإذا هو على نغض كتفه مثل البيضة فما منعه ذاك أن جعل يدعو لي، وإن يدي لفي جربانه #,0
Musnad at-Tayalisi,1625,UNGRADED,Prophets & Past Peoples,1168 - # حدثنا أبو داود قال: حدثنا زهير بن معاوية الجعفي، قال: حدثنا عروة بن عبد الله الجعفي، عن معاوية بن قرة، عن أبيه، قال: «انتهيت إلى النبي صلى الله عليه وسلم فإذا هو مطلق الأزرار» فكنت لا ترى معاوية وابنه إلا مطلقي الأزرار #,0
Musnad at-Tayalisi,1626,UNGRADED,Prayer (Salah); Prophets & Past Peoples,1169 - # حدثنا أبو داود قال: حدثنا هارون أبو مسلم، قال: حدثنا قتادة، عن معاوية بن قرة، عن أبيه، قال: «كنا على عهد النبي صلى الله عليه وسلم نطرد طردا أن نقوم بين السواري في الصلاة» #,0
Musnad at-Tayalisi,1627,UNGRADED,Fasting & Ramadan; Prophets & Past Peoples,1170 - # حدثنا أبو داود قال: حدثنا شعبة، عن معاوية بن قرة، عن أبيه، قال: قال رسول الله صلى الله عليه وسلم: «صوم ثلاثة أيام من الشهر صوم الدهر وإفطاره» #,0
Musnad at-Tayalisi,1628,UNGRADED,Day of Judgement; Prophets & Past Peoples,1171 - # حدثنا أبو داود قال: حدثنا شعبة، عن معاوية بن قرة، عن أبيه، أن النبي صلى الله عليه وسلم كان يختلف إليه رجل من الأنصار معه ابن له فقال له رسول الله صلى الله عليه وسلم ذات يوم: «يا فلان أتحبه؟» فقال نعم يا رسول الله، فأحبك الله كما أحبه ففقده النبي صلى الله عليه وسلم فسأل عنه,0
Musnad at-Tayalisi,1630,UNGRADED,Character & Manners; Signs of the End Times,1172 - # حدثنا أبو داود قال: حدثنا شعبة، قال: حدثنا معاوية بن قرة، عن أبيه، قال: قال النبي صلى الله عليه وسلم: «إذا فسد أهل الشام فلا خير فيكم، لا تزال طائفة من أمتي منصورين لا يضرهم من خذلهم حتى تقوم الساعة» #,0
Musnad at-Tayalisi,1631,UNGRADED,Prophets & Past Peoples,1173 - # حدثنا أبو داود قال: حدثنا شعبة، عن معاوية بن قرة، قال: «أتى أبي النبي صلى الله عليه وسلم وقد حلب وصر» #,0
Musnad at-Tayalisi,1632,UNGRADED,Prophets & Past Peoples,1174 - # حدثنا أبو داود قال: حدثنا شعبة، عن معاوية بن قرة، أن ابن مسعود، ذهب يأتي النبي صلى الله عليه وسلم بالسواك، فجعلوا ينظرون إلى دقة ساقه أو يعجبون من دقة ساقه فقال النبي صلى الله عليه وسلم: «لهما أثقل في الميزان من أحد» هكذا رواه أبو داود وقال غير أبي داود: عن شعبة عن معاوية بن قرة عن أبيه #,0
Musnad at-Tayalisi,1634,UNGRADED,Prophets & Past Peoples; Treaties & Non-Muslims,1175 - # حدثنا يونس قال: حدثنا أبو داود قال: حدثنا هشام، عن قتادة، عن مطرف بن عبد الله بن الشخير، عن عياض بن حمار المجاشعي، أن نبي الله صلى الله عليه وسلم قال ذات يوم في خطبته: ألا إن ربي أو إن ربي أمرني أن أعلمكم ما جهلتم مما علمني يومي هذا، «كل مال نحلت عبدي حلال وإني خلقت عبادي حنفاء كلهم وإنهم أتتهم الشياطين فاجتالتهم عن دينهم وحرمت عليهم ما أحللت لهم فأمرتهم أن يشركوا بي ما لم أنزل به سلطانا» وإن الله عز وجل نظر إلى أهل الأرض فمقتهم عربهم وعجمهم إلا بقايا من أهل الكتاب فقال: «يا محمد إنما بعثتك لأبتليك وأبتلي بك وأنزلت عليك كتابا لا,0
Musnad at-Tayalisi,1636,UNGRADED,Prophets & Past Peoples,[ص: 406] # وإن دق إلا خانه ورجل لا يصبح ولا يمسي إلا وهو يخادعك عن أهلك ومالك» وذكر «البخل أو الكذب والشنظير الفحاش» قال أبو داود: فحدثنا همام قال: كنا عند قتادة فذكرنا هذا الحديث، فقال يونس الهدادي وما كان فينا أحد أحفظ منه: إن قتادة لم يسمع هذا الحديث من مطرف قال: فعبنا عليه ذلك قال: فاسألوه فهبناه قال وجاءه أعرابي فقلنا للأعرابي: سل قتادة عن خطبة النبي صلى الله عليه وسلم عن حديث عياض بن حمار أسمعته من مطرف؟ فقال الأعرابي: يا أبا الخطاب أخبرني عن خطبة النبي صلى الله عليه وسلم يعني حديث عياض أسمعته من مطرف؟ فغضب وقال: حدثنيه ثلاثة عنه حدثنيه يزيد أخوه ابن عبد الله بن الشخير، وحدثنيه العلاء بن زياد العدوي عنه وذكر ثالثا لم يحفظه همام #,0
Musnad at-Tayalisi,1637,UNGRADED,Prophets & Past Peoples; Animals,1176 - # حدثنا أبو داود قال: حدثنا عمران القطان، وهمام، عن قتادة، قال همام: عن يزيد بن عبد الله بن الشخير، وقال، عمران: عن مطرف بن عبد الله بن الشخير، عن عياض بن حمار، قال: قلت: يا رسول الله، الرجل من قومي يشتمني وهو دوني؟ فقال رسول الله صلى الله عليه وسلم: «المستبان شيطانان يتهاتران ويتكاذبان، فما قالا فهو على البادئ حتى يعتدي المظلوم» #,0
Musnad at-Tayalisi,1638,UNGRADED,Theft & Property; Prophets & Past Peoples,1177 - # حدثنا أبو داود قال: حدثنا شعبة، قال: سمعت خالدا الحذاء، يحدث عن يزيد بن عبد الله بن الشخير، قال ابن الشخير: عن مطرف بن عبد الله بن الشخير، عن عياض بن حمار المجاشعي، عن النبي صلى الله عليه وسلم أنه قال: «من التقط لقطة فليشهد ذوي عدل» أو «ذا عدل ولا يكتم ولا يغيب فإن جاء صاحبها فهو أحق بها وإلا فهو مال الله يؤتيه من يشاء» قال أبو بشر: ورأيت في موضع آخر، عن أبي داود عن شعبة، عن خالد، عن يزيد، عن عياض وليس فيه مطرف #,0
Musnad at-Tayalisi,1639,UNGRADED,Animals,1178 - # حدثنا أبو داود قال: حدثنا حماد بن زيد، قال: حدثنا أبو التياح، قال: حدثنا الحسن، عن عياض بن حمار، قال: أهديت إلى رسول الله صلى الله عليه وسلم هدية أو قال: ناقة فقال لي: «أسلمت؟» فقلت: لا فأبى أن يقبلها، وقال: «إنا لا نقبل زبد المشركين» قلت للحسن ما زبد المشركين؟ قال: رفدهم #,0
Musnad at-Tayalisi,1640,UNGRADED,Animals,1179 - # حدثنا أبو داود قال: حدثنا عمران، عن قتادة، عن يزيد بن عبد الله، عن عياض بن حمار، قال: أهديت إلى رسول الله صلى الله عليه وسلم ناقة أو قال: هدية فقال: «أسلمت؟» قلت: لا قال: «إني نهيت عن زبد المشركين» #,0
Musnad at-Tayalisi,1642,UNGRADED,Prophets & Past Peoples,1180 - # حدثنا يونس قال: حدثنا أبو داود قال: حدثنا جرير بن عبد الحميد الضبي، عن مغيرة، عن أبيه، عن شعبة بن التوءم، عن قيس بن عاصم، أنه سأل النبي صلى الله عليه وسلم عن الحلف في الإسلام فقال: «لا حلف في الإسلام وتمسكوا بحلف الجاهلية» #,0
Musnad at-Tayalisi,1643,UNGRADED,Prophets & Past Peoples,1181 - # حدثنا أبو داود قال: حدثنا شعبة، عن قتادة، قال: سمعت مطرف بن عبد الله بن الشخير، يحدث عن حكيم بن قيس التميمي، أن أباه، أوصى بنيه عند موته فقال: «إذا أنا مت، فلا تنوحوا علي فإن رسول الله صلى الله عليه وسلم لم ينح عليه» #,1
Musnad at-Tayalisi,1645,UNGRADED,Prophets & Past Peoples,1182 - # حدثنا يونس، حدثنا أبو داود قال: حدثنا شعبة، عن سماك بن حرب، قال: سمعت قبيصة بن هلب، يحدث عن أبيه، أنه سمع النبي صلى الله عليه وسلم وهو يقول وذكر الصدقة فقال: «لا يجيئن أحدكم بشاة لها يعار» #,0
Musnad at-Tayalisi,1646,UNGRADED,Prophets & Past Peoples,1183 - # حدثنا أبو داود قال: حدثنا شعبة، عن سماك، عن قبيصة بن هلب، عن أبيه، أنه «صلى مع النبي صلى الله عليه وسلم فكان ينصرف عن شقيه» #,0
Musnad at-Tayalisi,1648,UNGRADED,Prophets & Past Peoples,1184 - # حدثنا يونس، حدثنا أبو داود قال: حدثنا شعبة، عن يعلى بن عطاء، قال: سمعت وكيع بن عدس، يحدث عن عمه أبي رزين العقيلي، أن النبي صلى الله عليه وسلم قال: «رؤيا المؤمن جزء من أربعين جزءا من النبوة وهي على رجل طائر معلقة ما لم يحدث بها فإذا حدث بها,0
Musnad at-Tayalisi,1650,UNGRADED,Prophets & Past Peoples,1185 - # حدثنا أبو داود قال: حدثنا شعبة، قال: أخبرني يعلى بن عطاء، قال: سمعت وكيع بن عدس، يحدث عن أبي رزين العقيلي، قال: قلت: يا رسول الله، كيف يحيي الله الموتى؟ قال: «أما مررت بواد ممحل ثم مررت به خضرا» قال: بلى قال: «فكذلك النشور» أو قال: «كذلك يحيي الله الموتى» #,0
Musnad at-Tayalisi,1651,UNGRADED,Prophets & Past Peoples,1186 - # حدثنا أبو داود قال: حدثنا شعبة، عن يعلى بن عطاء، قال: سمعت وكيع بن عدس، يحدث عن أبي رزين العقيلي، قال: قلت: يا رسول الله، إن أمي كانت تصل الرحم وتفعل وتفعل وماتت مشركة فأين هي؟ قال: «هي في النار» قال: قلت يا رسول الله، فأين أمك؟ قال: «أما ترضى أن تكون أمك مع أمي» #,0
Musnad at-Tayalisi,1652,UNGRADED,Prophets & Past Peoples,1187 - # حدثنا أبو داود قال: حدثنا شعبة، قال: أخبرني النعمان بن سالم، عن عمرو بن أوس الثقفي، عن أبي رزين العقيلي، قال: قلت: يا رسول الله، إن أبي شيخ كبير لا يستطيع الحج ولا العمرة ولا,0
Musnad at-Tayalisi,1654,UNGRADED,Prophets & Past Peoples,1188 - # حدثنا أبو داود قال: حدثنا حماد بن سلمة، عن يعلى بن عطاء، عن وكيع بن حدس، عن أبي رزين، قال: قال النبي صلى الله عليه وسلم: «ضحك ربنا عز وجل من قنوط عباده وقرب غيره» فقلت: يا رسول الله، ويضحك الرب تبارك وتعالى فقال رسول الله صلى الله عليه وسلم: «نعم» فقال: لن نعدم من رب يضحك خيرا #,0
Musnad at-Tayalisi,1655,UNGRADED,Character & Manners; Prophets & Past Peoples,1189 - # حدثنا أبو داود قال: حدثنا حماد بن سلمة، عن يعلى بن عطاء، عن وكيع بن حدس، عن أبي رزين، قال: كان النبي صلى الله عليه وسلم يكره أن يسأل فإذا سأله أبو رزين أعجبه قال: قلت: يا رسول الله، أين كان ربنا عز وجل قبل أن يخلق السموات والأرض؟ قال: «كان في عماء ما فوقه هواء، وما تحته هواء ثم خلق العرش على الماء» #,0
Musnad at-Tayalisi,1659,UNGRADED,Prophets & Past Peoples,1191 - # حدثنا يونس، حدثنا أبو داود قال: حدثنا أيوب بن عتبة، عن قيس بن طلق، عن أبيه، أن النبي صلى الله عليه وسلم قال: «لا وتران في ليلة» #,0
Musnad at-Tayalisi,1661,UNGRADED,Prayer (Salah); Travel & Migration,[ص: 421] # طلق، عن أبيه، قال: قلت: يا رسول الله، يكون أحدنا في الصلاة فيمس ذكره أيعيد الوضوء؟ قال: «لا، إنما هو منك» #,0
Musnad at-Tayalisi,1662,UNGRADED,Prophets & Past Peoples,1193 - # حدثنا أبو داود قال: حدثنا أيوب بن عتبة، عن قيس بن طلق، عن أبيه، قال: قال النبي صلى الله عليه وسلم: «لا يحل لامرأة أن تمنع زوجها ولو على ظهر قتب» #,0
Musnad at-Tayalisi,1663,UNGRADED,Prayer (Salah); Modesty & Dress,1194 - # حدثنا أبو داود قال: حدثنا أيوب بن عتبة، عن قيس بن طلق، عن أبيه، قال: سئل رسول الله صلى الله عليه وسلم: أيصلي الرجل في ثوب واحد؟ فسكت حتى حضرت الصلاة «فصلى في ثوب واحد طارق بين طرفيه» #,0
Musnad at-Tayalisi,1665,UNGRADED,Prophets & Past Peoples,1195 - # حدثنا يونس قال: حدثنا أبو داود قال: حدثنا شعبة، قال: حدثنا حبيب بن زيد الأنصاري، قال: سمعت عباد بن تميم، يحدث عن عبد الله بن زيد، قال: «رأيت النبي صلى الله عليه وسلم توضأ فدلك ذراعيه» #,0
Musnad at-Tayalisi,1666,UNGRADED,Prayer (Salah); Character & Manners,1196 - # حدثنا أبو داود قال: حدثنا ابن أبي ذئب، عن الزهري، عن عباد بن تميم، عن عمه عبد الله بن زيد، قال: «خرج رسول الله صلى الله عليه وسلم يستسقي فحول الناس ظهره واستقبل القبلة وقلب رداءه وصلى ركعتين بالناس وجهر بالقراءة» #,0
Musnad at-Tayalisi,1667,UNGRADED,Prophets & Past Peoples,"1197 - # حدثنا أبو داود قال: حدثنا ابن أبي ذئب، عن الزهري، عن عباد بن تميم، عن عمه عبد الله بن زيد، قال: "" رأيت رسول الله صلى الله عليه وسلم مستلقيا في المسجد واضعا إحدى رجليه على الأخرى #",0
Musnad at-Tayalisi,1668,UNGRADED,Purity & Wudu,1198 - # حدثنا أبو داود قال: حدثنا خارجة بن مصعب، عن عمرو بن يحيى الأنصاري، عن أبيه، قال: قال لنا عبد الله بن زيد: ألا أتوضأ لكم وضوء رسول الله صلى الله عليه وسلم؟ قلنا: بلى «فتمضمض واستنشق بغرفة واحدة ثلاثا ثم غسل وجهه ثلاثا ثم غسل ذراعيه مرتين مرتين ثم مسح رأسه فأقبل بيده وأدبر بها وغسل رجليه ثلاثا ثلاثا» ثم قال: هكذا كان وضوء رسول الله صلى الله عليه وسلم #,0
Musnad at-Tayalisi,1669,UNGRADED,Adhan & the Mosque; Prophets & Past Peoples,"1199 - # حدثنا أبو داود قال: حدثنا محمد بن عمرو الواقفي، عن عبد الله بن محمد الأنصاري، عن عمه عبد الله بن زيد، أنه رأى الأذان في المنام فأتى النبي صلى الله عليه وسلم فذكر ذلك له قال: فأذن بلال قال: وجاء عمي إلى النبي صلى الله عليه وسلم فقال: يا رسول الله، "" أنا أرى الرؤيا ويؤذن بلال قال: «فأقم أنت» قال: فأقام عمي #",0
Musnad at-Tayalisi,1672,UNGRADED,Other Narrations,[ص: 427] # ، قال: سألت رسول الله صلى الله عليه وسلم عن الطيرة فقال: «هو شيء تجدونه في صدوركم فلا يصدنكم» قلت: يا رسول الله، إن قوما يأتون الكهان فقال رسول الله صلى الله عليه وسلم: «لا تأتوهم» #,0
Musnad at-Tayalisi,1673,UNGRADED,Prayer (Salah),1201 - # حدثنا أبو داود قال: حدثنا حرب بن شداد، وأبان بن يزيد، عن يحيى بن أبي كثير، عن هلال بن أبي ميمونة، عن عطاء بن يسار، عن معاوية بن الحكم السلمي، قال: صليت مع النبي صلى الله عليه وسلم فعطس رجل إلى جنبي فقلت: يرحمك الله، فرماني القوم بأبصارهم فقلت: واثكل أمياه، ما لي أراكم تنظرون إلي وأنا أصلي فجعلوا يضربون بأيديهم على أفخاذهم يصمتوني فلما قضى رسول الله صلى الله عليه وسلم صلاته فبأبي وأمي ما رأيت قبله ولا بعده أحدا أحسن تعليما منه، والله ما كهرني ولا سبني ولا ضربني ولكنه قال لي: «إن صلاتنا هذه لا يصلح فيها شيء من كلام الناس إنما هو الصلاة والتسبيح والتحميد وقراءة القرآن» أو كالذي قال رسول الله صلى الله عليه وسلم وكانت لي غنم ترعى,0
Musnad at-Tayalisi,1676,UNGRADED,Prophets & Past Peoples,"1202 - # حدثنا يونس قال: حدثنا أبو داود قال: حدثنا الحشرج بن نباتة، قال: حدثنا سعيد بن جمهان، عن سفينة مولى رسول الله صلى الله عليه وسلم قال: خطبنا رسول الله صلى الله عليه وسلم فقال: "" إنه لم يكن نبي إلا وقد أنذر الدجال أمته ألا وإنه أعور عين الشمال وباليمنى ظفرة غليظة بين عينيه كافر يعني مكتوب: ك ف ر، ويخرج معه واديان أحدهما",0
Musnad at-Tayalisi,1678,UNGRADED,Angels & the Unseen; Prophets & Past Peoples,1203 - # حدثنا أبو داود قال: حدثنا الحشرج بن نباتة، قال: حدثني سعيد بن جمهان، قال: حدثني سفينة، قال خطبنا رسول الله صلى الله عليه وسلم فقال: «الخلافة في أمتي ثلاثون سنة ثم يكون ملك»,0
Musnad at-Tayalisi,1681,UNGRADED,Prophets & Past Peoples,1204 - # حدثنا يونس قال: حدثنا أبو داود قال: حدثنا عبد الله بن عبد الرحمن الطائفي، قال: حدثنا عثمان بن عبد الله بن أوس بن حذيفة الثقفي، عن جده أوس قال: قدمنا وفد ثقيف على النبي صلى الله عليه وسلم فنزل الأحلافيون على المغيرة بن شعبة وأنزل المالكيين قبته قال: وكان رسول الله صلى الله عليه وسلم يأتينا فيحدثنا بعد العشاء الآخرة حتى يراوح بين قدميه من طول القيام فكان أكثر ما يحدثنا اشتكاء قريش يقول: «كنا بمكة مستذلين مستضعفين فلما قدمنا المدينة انتصفنا من القوم فكانت سجال الحرب علينا ولنا» فاحتبس عنا ليلة عن الوقت الذي كان يأتينا فيه ثم أتانا فقلنا: يا رسول الله، احتبست عنا الليلة,0
Musnad at-Tayalisi,1682,UNGRADED,Relatives & Kinship,[ص: 433] # عن الوقت الذي كنت تأتينا فيه، فقال رسول الله صلى الله عليه وسلم: «إنه طرأ علي حزب من القرآن فأحببت أن لا أخرج حتى أقرأه» أو قال: «أقضيه» قال: فلما أصبحنا سألنا أصحاب رسول الله صلى الله عليه وسلم عن أحزاب القرآن كيف تحزبونه؟ فقالوا: ثلاث وخمس وسبع وتسع وإحدى عشرة وثلاث عشرة وحزب المفصل #,0
Musnad at-Tayalisi,1685,UNGRADED,Character & Manners; Prophets & Past Peoples,"1206 - # حدثنا أبو داود قال: حدثنا شعبة، عن النعمان بن سالم، عن أوس بن أوس الثقفي، وكان في الوفد قال: كنت مع النبي صلى الله عليه وسلم في قبة وما من القوم أحد إلا نائم غيري فجاء رجل فساره فقال: «اذهب فاقتله» ثم دعاه فقال: «أليس يشهد أن لا إله إلا الله وأني رسول الله؟» قال: نعم قال: "" فإني أمرت أن أقاتل الناس حتى يشهدوا أن لا إله إلا الله وأني رسول الله فإذا شهدوها فقد منعوا",0
Musnad at-Tayalisi,1687,UNGRADED,Prophets & Past Peoples,1207 - # حدثنا أبو داود قال: حدثنا شعبة، عن النعمان بن سالم، عن ابن أوس، عن جده، قال: «رأيت النبي صلى الله عليه وسلم استوكف ثلاثا» قلت: ما استوكف ثلاثا؟ قال: صب على يده ثلاثا #,0
Musnad at-Tayalisi,1689,UNGRADED,"Time, Days & Nights",[ص: 436] # : «قدمنا على النبي صلى الله عليه وسلم في وفد ثقيف فأقمنا عنده نصف شهر فرأيته ينفتل عن يمينه وعن يساره» #,0
Musnad at-Tayalisi,1690,UNGRADED,Purity & Wudu; Prophets & Past Peoples,1209 - # حدثنا أبو داود قال: حدثنا حماد بن سلمة، عن يعلى بن عطاء، عن أوس الثقفي، أن رسول الله صلى الله عليه وسلم «توضأ ومسح على نعليه» #,0
Musnad at-Tayalisi,1691,UNGRADED,Purity & Wudu; Day of Judgement,1210 - # حدثنا أبو داود قال: حدثنا أبو معشر، عن محمد بن قيس، عن محمد بن سعد الأزدي، عن أوس بن أبي أوس الثقفي، أن النبي صلى الله عليه وسلم قال: «من غسل يوم الجمعة واغتسل وبكر وابتكر ومشى ولم يركب كان له بكل خطوة صيام سنة وقيامها» #,0
Musnad at-Tayalisi,1693,UNGRADED,Prophets & Past Peoples,1211 - # حدثنا يونس قال: حدثنا أبو داود قال: حدثنا العمري، وابن نافع عن نافع، عن ابن عمر، قال: «دخل رسول الله صلى الله عليه وسلم يوم فتح مكة الكعبة فأغلق عليه الباب ودخل معه الفضل بن عباس وعثمان بن طلحة وأسامة بن زيد وبلال» فلما خرجوا سابقت الناس فسبقتهم فقلت لبلال: أين صلى رسول الله صلى الله عليه وسلم؟ قال: «بين العمودين,1
Musnad at-Tayalisi,1695,UNGRADED,Adhan & the Mosque; Prophets & Past Peoples,1212 - # حدثنا أبو داود قال: حدثنا شعبة قال: أنبأنا الحكم، قال: سمعت ابن أبي ليلى، يحدث أن بلالا، قال: «كان النبي صلى الله عليه وسلم يمسح على الخفين والخمار» وروى هذا الحديث الأعمش عن الحكم عن ابن أبي ليلى عن كعب بن عجرة عن بلال #,0
Musnad at-Tayalisi,1696,UNGRADED,Prayer (Salah); Adhan & the Mosque,1213 - # حدثنا أبو داود قال: حدثنا شعبة، عن قيس بن مسلم، قال: سمعت طارق بن شهاب، يحدث عن بلال، مؤذن رسول الله صلى الله عليه وسلم قال: «ما نهينا إلا عن صلاة قبل طلوع الشمس فإنها تطلع,0
Musnad at-Tayalisi,1699,UNGRADED,Prophets & Past Peoples,1214 - # حدثنا يونس قال: حدثنا أبو داود قال: حدثنا شعبة، عن عاصم، عن أبي قلابة، عن أبي الأشعث الصنعاني، عن شداد بن أوس، قال: كنت مع النبي صلى الله عليه وسلم فمر برجل يحتجم فقال رسول الله صلى الله عليه وسلم: «أفطر الحاجم والمحجوم» #,0
Musnad at-Tayalisi,1700,UNGRADED,Prophets & Past Peoples,1215 - # حدثنا أبو داود قال: حدثنا شعبة، عن خالد الحذاء، عن أبي قلابة، عن أبي الأشعث الصنعاني، عن شداد بن أوس، قال: خصلتان حفظتهما عن النبي صلى الله عليه وسلم قال: «إن الله عز وجل يحب الإحسان على كل شيء فإذا ذبحتم فأحسنوا الذبح وإذا قتلتم فأحسنوا القتلة ليحد شفرته ثم ليرح ذبيحته» #,0
Musnad at-Tayalisi,1701,UNGRADED,Zakah & Charity; Fasting & Ramadan,1216 - # حدثنا أبو داود قال: حدثنا عبد الحميد بن بهرام، عن شهر بن حوشب، عن شداد بن أوس، قال: سمعت النبي صلى الله عليه وسلم يقول: «من صلى مرائيا فقد أشرك، ومن صام مرائيا فقد أشرك، ومن تصدق مرائيا فقد أشرك» . فقال عوف بن مالك: أفلا يعمد الله إلى ما كان له من ذلك فيقبله ويدع ما سوى ذلك؟ قال: فقال شداد: أنا سمعت رسول الله صلى الله عليه وسلم يقول: قال الله عز وجل: «أنا خير شريك أو قسيم، من أشرك بي فعمله قليله وكثيره لشريكي وأنا منه برئ» قال أبو بشر: ووجدت هذا الحديث في كتاب لأبي داود عن عبد الحميد عن شهر بن حوشب عن عبد الرحمن بن غنم عن شداد، وهو الصحيح والحديث مختصر #,0
Musnad at-Tayalisi,1702,UNGRADED,Prophets & Past Peoples; Animals,1217 - # حدثنا أبو داود قال: حدثنا عبد الحميد بن بهرام، حدثنا شهر بن حوشب، قال: حدثني ابن غنم، أن شداد بن أوس، حدثه أن النبي صلى الله عليه وسلم حدثه: «ليحملن شرار هذه الأمة على من مضى من قبلهم حذو القذة بالقذة» #,0
Musnad at-Tayalisi,1703,UNGRADED,Prophets & Past Peoples,1218 - # حدثنا أبو داود قال: حدثنا ابن المبارك، قال: حدثنا أبو بكر بن أبي مريم، عن ضمرة بن حبيب، عن شداد بن أوس، قال: قال النبي صلى الله عليه وسلم: «الكيس من دان نفسه وعمل لما بعد الموت والعاجز من أتبع نفسه هواها وتمنى على الله» #,0
Musnad at-Tayalisi,1705,UNGRADED,Prophets & Past Peoples,"1219 - # حدثنا يونس قال: حدثنا أبو داود قال: حدثنا الأسود بن شيبان، قال: حدثني خالد بن سمير، قال: حدثني بشير بن نهيك، قال: حدثني بشير رسول الله صلى الله عليه وسلم بشير ابن الخصاصية "" وكان رسول الله صلى الله عليه وسلم سماه بشيرا وكان اسمه قبل ذلك: زحم #",1
Musnad at-Tayalisi,1708,UNGRADED,Night & Voluntary Prayer; Women,1221 - # حدثنا أبو داود قال: حدثنا عبيد الله بن إياد بن لقيط السدوسي، عن أبيه، عن ليلى امرأة بشير ابن الخصاصية قالت: أردت أن أصوم، يومين مواصلا فذكرت ذلك لبشير فقال: إن رسول الله صلى الله عليه وسلم نهى عنه وقال: «يفعل ذلك اليهود ولكن صوموا فإذا كان الليل فأفطروا» #,0
Musnad at-Tayalisi,1710,UNGRADED,Prophets & Past Peoples,1222 - # حدثنا يونس قال: حدثنا أبو داود قال: حدثنا سلام بن سليم، عن منصور، عن سالم بن أبي الجعد، عن أبي أمامة، قال: كنا قعودا عند رسول الله صلى الله عليه وسلم إذ جاءته امرأة ومعها صبي لها أو صبيان لها حاملتهما وبني آخر قال: وأحسبها حاملا قال: وأحسبها لم تسأل رسول الله صلى الله عليه وسلم يومئذ شيئا إلا أعطاها فلما أدبرت قال رسول الله صلى الله عليه وسلم: «حاملات والدات رحيمات لولا ما يأتين إلى أزواجهن دخل المصليات منهن الجنة» #,0
Musnad at-Tayalisi,1711,UNGRADED,Day of Judgement,1223 - # حدثنا أبو داود قال: حدثنا إسماعيل بن عياش، قال: حدثنا شرحبيل بن مسلم الخولاني، سمع أبا أمامة، يقول: شهدت رسول الله صلى الله عليه وسلم في حجة الوداع فسمعته يقول: «إن الله عز وجل قد أعطى كل ذي حق حقه فلا وصية لوارث، الولد للفراش وللعاهر الحجر حسابهم على الله، من ادعى إلى غير أبيه أو انتمى إلى غير مواليه فعليه لعنة الله التابعة إلى يوم القيامة، ألا لا يحل لامرأة أن تعطي من مال زوجها شيئا إلا بإذنه» فقال رجل: يا رسول الله، ولا الطعام؟ قال: «ذاك أفضل أموالنا» #,0
Musnad at-Tayalisi,1712,UNGRADED,Prophets & Past Peoples,1224 - # حدثنا أبو داود قال: حدثنا إسماعيل بن عياش، قال: حدثنا شرحبيل بن مسلم الخولاني، سمع أبا أمامة، يقول: قال رسول الله صلى الله عليه وسلم: «الدين مقضي والعارية مؤداة، والمنحة مردودة، والزعيم غارم» #,0
Musnad at-Tayalisi,1713,UNGRADED,Prayer (Salah),1225 - # حدثنا أبو داود قال: حدثنا هشام، عن قتادة، عن شهر بن حوشب، عن أبي أمامة، أن النبي صلى الله عليه وسلم قال: «الوضوء يكفر ما قبله وتصير الصلاة نافلة» فقيل: أسمعته من رسول الله صلى الله عليه وسلم؟ قال: غير مرة ولا مرتين ولا ثلاث ولا أربع ولا خمس #,0
Musnad at-Tayalisi,1714,UNGRADED,Character & Manners; Prophets & Past Peoples,1226 - # حدثنا أبو داود قال: حدثنا جعفر بن الزبير الحنفي، عن القاسم، عن أبي أمامة، قال: قال النبي صلى الله عليه وسلم: «إن الله عز وجل خلق الخلق وقضى القضية وأخذ ميثاق النبيين وعرشه على الماء فأهل,0
Musnad at-Tayalisi,1716,UNGRADED,Paradise; Prophets & Past Peoples,1227 - # حدثنا أبو داود قال: حدثنا جعفر، عن القاسم، عن أبي أمامة، قال: قال النبي صلى الله عليه وسلم: «لا يدخل الجنة عاق ولا منان ولا مكذب بالقدر» #,0
Musnad at-Tayalisi,1717,UNGRADED,Prophets & Past Peoples,1228 - # حدثنا أبو داود قال: حدثنا همام، عن قتادة، عن أيمن، عن أبي أمامة، قال: سمعت النبي صلى الله عليه وسلم يقول: «طوبى لمن رآني وآمن بي وطوبى سبعا لمن لم يرني وآمن بي» #,0
Musnad at-Tayalisi,1718,UNGRADED,Prayer (Salah); Character & Manners,1229 - # حدثنا أبو داود قال: حدثنا همام، عن ليث بن أبي سليم، عن عبيد الله بن زحر، عن القاسم، عن أبي أمامة، قال: قال النبي صلى الله عليه وسلم: «إن من أغبط الناس عندي عبدا ذا حظ من صلاة أطاع ربه وأكثر عبادته في السر، وكان لا يشار إليه بالأصابع وكان غامضا في الناس، وكان عيشه كفافا عجلت منيته وقل تراثه وقلت بواكيه» #,0
Musnad at-Tayalisi,1719,UNGRADED,Day of Judgement,1230 - # حدثنا أبو داود قال: حدثنا الفرج بن فضالة، عن علي بن يزيد، عن القاسم بن عبد الرحمن مولى يزيد بن معاوية عن أبي أمامة، قال: قال النبي صلى الله عليه وسلم: إن الله عز وجل بعثني هدى ورحمة للعالمين وأمرني بمحق، المعازف، والمزامير، والأوثان والصلب وأمر الجاهلية، وحلف ربي بعزته وجلاله أو يمينه: «لا يشرب عبد من عبادي جرعة من خمر متعمدا في الدنيا إلا سقيته مكانها من الصديد يوم القيامة مغفورا له أو معذبا، ولا يسقيه صبيا ضعيفا مسلما إلا سقيته مكانها من الصديد يوم القيامة مغفورا له أو معذبا ولا يتركها من مخافتي إلا سقيته إياها في حظيرة القدس، لا يحل بيعهن ولا شراؤهن ولا التجارة فيهن وثمنهن حرام» #,0
Musnad at-Tayalisi,1720,UNGRADED,Purity & Wudu; Night & Voluntary Prayer,1231 - # حدثنا أبو داود قال: حدثنا حماد بن سلمة، عن أبي غالب، عن أبي أمامة، قال: «إذا توضأ المسلم فأحسن الوضوء فإن قعد قعد مغفورا له وإن صلى كانت له فضيلة» فقيل له: أو نافلة؟ قال: «إنما كانت النوافل للنبي صلى الله عليه وسلم» #,0
Musnad at-Tayalisi,1722,UNGRADED,Other Narrations,[ص: 456] # قلت: شيئا سمعته من رسول الله صلى الله عليه وسلم أو شيئا تقوله برأيك؟ فقال: إني إذا لجريء، إني إذا لجريء بل شيء سمعته من رسول الله صلى الله عليه وسلم #,0
Musnad at-Tayalisi,1723,UNGRADED,Prophets & Past Peoples,1233 - # حدثنا أبو داود قال: حدثنا جعفر بن سليمان، عن فرقد، عن عاصم بن عمرو البجلي، عن أبي أمامة، عن النبي صلى الله عليه وسلم قال: «يبيت قوم من هذه الأمة على طعم وشرب ولهو ولعب فيصبحون قد مسخوا قردة وخنازير وليصيبنهم خسف وقذف حتى يصبح الناس فيقول خسف الليلة ببني فلان وخسف الليلة بدار فلان خواص وليرسلن عليهم حاصبا حجارة من السماء كما,0
Musnad at-Tayalisi,1725,UNGRADED,Prophets & Past Peoples,1234 - # حدثنا أبو داود قال: حدثنا جعفر بن الزبير، عن القاسم، عن أبي أمامة، قال: «ترك رسول الله صلى الله عليه وسلم الموقين في رجله في غزوة تبوك ثلاثا» #,0
Musnad at-Tayalisi,1727,UNGRADED,Dhikr & Supplication; Parents,[ص: 458] # يعلى بن عطاء، عن شيخ، عن أبي أمامة، قال: قال النبي صلى الله عليه وسلم: «بخ بخ خمس ما أثقلهن سبحان الله، والحمد لله، ولا إله إلا الله، والله أكبر، والولد الصالح يموت فيحتسبه والده» #,0
Musnad at-Tayalisi,1728,UNGRADED,Prophets & Past Peoples,1236 - # حدثنا أبو داود قال: حدثنا الفرج بن فضالة، عن لقمان بن عامر، عن أبي أمامة، قال: قيل: يا رسول الله، ما كان بدء أمرك؟ قال: «دعوة أبي إبراهيم وبشرى عيسى ابن مريم صلى الله عليهما، ورأت أمي أنه خرج منها نور أضاءت منه قصور الشام» #,0
Musnad at-Tayalisi,1729,UNGRADED,Paradise; Prophets & Past Peoples,1237 - # حدثنا أبو داود قال: حدثنا جعفر بن الزبير الحنفي، عن القاسم، عن أبي أمامة، قال: قال النبي صلى الله عليه وسلم: «انطلق برجل إلى باب الجنة فرفع رأسه فإذا على باب الجنة مكتوب الصدقة بعشر أمثالها,0
Musnad at-Tayalisi,1732,UNGRADED,Prophets & Past Peoples,1238 - # حدثنا يونس قال: حدثنا أبو داود قال: حدثنا شعبة، عن عاصم بن عبيد الله، قال: سمعت عبد الله بن عامر بن ربيعة، يحدث عن أبيه، قال: سمعت النبي صلى الله عليه وسلم يخطب وهو يقول: «ما من عبد يصلي علي إلا صلت عليه الملائكة ما دام يصلي علي فليقل العبد أو ليكثر» #,0
Musnad at-Tayalisi,1733,UNGRADED,Women; Prophets & Past Peoples,1239 - # حدثنا أبو داود قال: حدثنا شعبة، قال: أخبرني عاصم بن عبيد الله، قال: سمعت عبد الله بن عامر بن ربيعة، يحدث عن أبيه، أن امرأة من فزارة جيء بها إلى النبي صلى الله عليه وسلم وقد تزوجت رجلا على نعلين فقال لها رسول الله صلى الله عليه وسلم: «أرضيت من نفسك ومالك بنعلين؟» قالت: نعم، فأجازه #,0
Musnad at-Tayalisi,1734,UNGRADED,Prophets & Past Peoples,"1240 - # حدثنا أبو داود قال: حدثنا سفيان الثوري، عن عاصم بن عبيد الله، عن عبد الله بن عامر بن ربيعة، عن أبيه، قال: "" ما أحصي - أو قال: «ما أكثر - ما رأيت رسول الله صلى الله عليه وسلم يستاك وهو صائم» #",0
Musnad at-Tayalisi,1735,UNGRADED,Prophets & Past Peoples; Travel & Migration,1241 - # حدثنا أبو داود قال: حدثنا الأشعث بن سعيد أبو الربيع، وعمر بن قيس، قالا: حدثنا عاصم بن عبيد الله، عن عبد الله بن عامر بن ربيعة، عن أبيه، قال: أظلمت مرة ونحن في سفر فاشتبهت علينا القبلة فصلى كل رجل منا حياله فلما انجلت إذ بعضنا قد صلى لغير القبلة وبعضنا قد صلى للقبلة فذكرنا ذلك لرسول الله صلى الله عليه وسلم فقال: «مضت صلاتكم» ونزلت {فأينما تولوا فثم وجه الله},0
Musnad at-Tayalisi,1737,UNGRADED,Prophets & Past Peoples,1242 - # حدثنا أبو داود قال: حدثنا عمر بن قيس، عن عاصم بن عبيد الله، عن عبد الله بن عامر بن ربيعة، عن أبيه، قال: كنت مع النبي صلى الله عليه وسلم في الطواف فانقطعت شسعه فقلت: يا رسول الله ناولني أصلحه قال: «هذا أثرة ولا أحب الأثرة» #,0
Musnad at-Tayalisi,1739,UNGRADED,Fasting & Ramadan; Prophets & Past Peoples,1243 - # حدثنا يونس قال: حدثنا أبو داود قال: حدثنا شعبة، عن قتادة، سمع مطرف بن عبد الله بن الشخير، يحدث عن أبيه، أن النبي صلى الله عليه وسلم قال في صوم الدهر «لا صام ولا أفطر» #,0
Musnad at-Tayalisi,1740,UNGRADED,Prophets & Past Peoples,"1244 - # حدثنا أبو داود قال: حدثنا هشام، عن قتادة، عن مطرف، عن أبيه، قال: أتيت على نبي الله صلى الله عليه وسلم وهو يقرأ ألهاكم التكاثر وهو يقول: "" ويقول ابن آدم: مالي مالي، وهل لك من",0
Musnad at-Tayalisi,1743,UNGRADED,Prophets & Past Peoples,1245 - # حدثنا يونس قال: حدثنا أبو داود قال: حدثنا شعبة، قال: أخبرني أبو الجودي الشامي، قال: سمعت سعيد بن المهاجر، يحدث عن المقدام بن معدي كرب وكانت له صحبة أن النبي صلى الله عليه وسلم قال: «ما من رجل ضاف قوما فأصبح الضيف محروما إلا كان على كل مسلم نصره حتى يأخذ بقرى ليلته من زرعه وماله» #,0
Musnad at-Tayalisi,1744,UNGRADED,Prophets & Past Peoples,"1246 - # حدثنا أبو داود قال: حدثنا شعبة، عن بديل، قال: سمعت علي بن أبي طلحة، يحدث عن راشد بن سعد، عن أبي عامر الهوزني، عن المقدام، عن النبي صلى الله عليه وسلم قال: "" من ترك مالا فلورثته ومن",0
Musnad at-Tayalisi,1746,UNGRADED,Debt & Loans; Prophets & Past Peoples,"1247 - # حدثنا أبو داود قال: حدثنا شعبة، عن منصور، قال: سمعت الشعبي، يحدث عن أبي كريمة، سمع النبي صلى الله عليه وسلم يقول: "" ليلة الضيف حق على كل مسلم من أصبح الضيف بفنائه فهو له عليه حق - أو قال: دين - إن شاء اقتضاه وإن شاء تركه "" #",0
Musnad at-Tayalisi,1748,UNGRADED,"Day of Judgement; Prophets & Past Peoples; Time, Days & Nights","1248 - # حدثنا يونس قال: حدثنا أبو داود قال: حدثنا عبد الجليل بن عطية، عن شهر بن حوشب، عن عمرو بن عبسة السلمي، قال: سمعت رسول الله صلى الله عليه وسلم يقول: "" من شاب شيبة في الإسلام - أو قال: في سبيل الله - كانت له نورا يوم القيامة ما لم يخضبها أو ينتفها "" قلت لشهر: إنهم يصفرون ويخضبون بالحناء؟ قال: أجل قال: كأنه يعني السواد #",0
Musnad at-Tayalisi,1750,UNGRADED,Treaties & Non-Muslims,[ص: 470] # : حدثنا قيس بن سعد، عن رجل من فقهاء أهل الشام عن عمرو بن عبسة، قال: لقد رأيتني وأنا ربع الإسلام، أتيت رسول الله صلى الله عليه وسلم فقلت: يا رسول الله، من تبعك على هذا الأمر؟ قال: «حر وعبد» يعني أبا بكر وبلالا #,0
Musnad at-Tayalisi,1751,UNGRADED,Day of Judgement,1250 - # حدثنا أبو داود قال: حدثنا هشام، عن قتادة، عن سالم بن أبي الجعد، عن معدان بن أبي طلحة اليعمري، عن أبي نجيح السلمي، قال: حاصرنا مع النبي صلى الله عليه وسلم حصن الطائف فسمعت رسول الله صلى الله عليه وسلم يقول: «من بلغ بسهم في سبيل الله فهو له عدل محرر» فبلغت يومئذ ستة عشر سهما فسمعت رسول الله صلى الله عليه وسلم يقول: «من رمى بسهم في سبيل الله عز وجل فهو له درجة في الجنة، ومن شاب شيبة في الإسلام كانت له نورا يوم القيامة وأيما رجل مسلم,0
Musnad at-Tayalisi,1754,UNGRADED,Justice & Judgement; Treaties & Non-Muslims,[ص: 472] # مرتين - وإذا هو عمرو بن عبسة السلمي فقال له معاوية: ما تقول؟ فقال عمرو: سمعت رسول الله صلى الله عليه وسلم يقول: «من كان بينه وبين قوم عهد فلا يحلن عقدة ولا يشدها حتى يمضي أمدها أو ينبذ إليهم على سواء» فرجع معاوية بالناس #,0
Musnad at-Tayalisi,1756,UNGRADED,Prophets & Past Peoples,1252 - # حدثنا يونس قال: حدثنا أبو داود قال: حدثنا شعبة، عن سلمة بن كهيل، قال: سمعت محمد بن عبد الرحمن بن يزيد، يحدث عن أبيه، عن الأشتر، قال: كان بين عمار وخالد بن الوليد كلام فشكا عمار إلى رسول الله صلى الله عليه وسلم فقال له رسول الله صلى الله عليه وسلم: «يا خالد، إنه من يعادي عمارا يعاديه الله، ومن يبغضه يبغضه الله، ومن يسب عمارا يسبه الله» قال سلمة هذا أو نحوه #,0
Musnad at-Tayalisi,1757,UNGRADED,Day of Judgement,1253 - # حدثنا أبو داود، حدثنا سفيان بن عيينة، عن عمرو بن دينار، عن أبي نجيح، عن خالد بن حكيم، عن خالد بن الوليد، قال: قال النبي صلى الله عليه وسلم: «إن أشد الناس عذابا يوم القيامة أشدهم عذابا للناس في الدنيا» #,0
Musnad at-Tayalisi,1759,UNGRADED,Prophets & Past Peoples,1254 - # حدثنا يونس، حدثنا أبو داود قال: حدثنا ورقاء، عن منصور، عن إبراهيم، عن همام بن الحارث، قال: كنا جلوسا في مسجد رسول الله صلى الله عليه وسلم فجاء قوم يثنون على عثمان ويمدحونه والمقداد في ناحية المسجد فلما سمعهم يمدحونه قام فتناول الحصى فجعل يحثو في وجوههم فقال عثمان: ما هذا؟ فقال: سمعت رسول الله صلى الله عليه وسلم يقول: «إذا رأيتم المداحين فاحثوا في وجوههم» أو قال: «في أفواههم التراب» أو قال: «الحصى» #,0
Musnad at-Tayalisi,1760,UNGRADED,Prophets & Past Peoples,1255 - # حدثنا أبو داود قال: حدثنا شعبة، عن الحكم، عن ميمون بن أبي شبيب، قال: جعل رجل يمدح غلاما لعثمان قال: فعمد المقداد فجعل يحثو في وجهه فقال له عثمان: ما هذا؟ فقال: سمعت رسول الله صلى الله عليه وسلم يقول: «إذا رأيتم المداحين فاحثوا في وجوههم التراب» #,0
Musnad at-Tayalisi,1761,UNGRADED,Prophets & Past Peoples,1256 - # حدثنا أبو داود قال: حدثنا سليمان بن المغيرة، قال: حدثنا ثابت، عن عبد الرحمن بن أبي ليلى، قال: حدثني المقداد بن الأسود، قال: جئت أنا وصاحبان لي قد كادت تذهب أسماعنا وأبصارنا من الجهد فجعلنا نعرض أنفسنا على أصحاب رسول الله صلى الله عليه وسلم,0
Musnad at-Tayalisi,1762,UNGRADED,Dhikr & Supplication,[ص: 477] # ما يقبلنا أحد حتى انطلق بنا رسول الله صلى الله عليه وسلم إلى رحله ولآل محمد ثلاثة أعنز يحتلبونها فكان النبي صلى الله عليه وسلم يوزع اللبن بيننا وكنا نرفع لرسول الله صلى الله عليه وسلم نصيبه فيجئ فيسلم تسليما يسمع اليقظان ولا يوقظ النائم فقال لي الشيطان: لو شربت هذه الجرعة فإن رسول الله صلى الله عليه وسلم يأتي الأنصار فيتحفونه فما زال حتى شربتها فلما شربتها ندمني وقال: ما صنعت؟ يجيء محمد صلى الله عليه وسلم ولا يجد شرابه فيدعو عليك فتهلك، فأما صاحباي فشربا شرابهما وناما وأما أنا فلم يأخذني النوم وعلي شملة لي إذا وضعتها على رأسي بدت فيه قدماي وإذا وضعتها على قدمي بدا رأسي وجاء النبي صلى الله عليه وسلم كما كان يجيء فصلى ما شاء الله أن يصلي ثم نظر إلى شرابه فلم ير شيئا فرفع يده فقلت: يدعو علي الآن فأهلك فقال رسول الله صلى الله عليه وسلم: «اللهم أطعم من أطعمني واسق من سقاني» فأخذت الشفرة وأخذت الشملة وانطلقت إلى الأعنز أجسهن أيهن أسمن كي أذبحه لرسول الله صلى الله عليه وسلم فإذا حفل كلهن فأخذت إناء لآل محمد ما كانوا يطمعون أن يحلبوا فيه فحلبت حتى علته الرغوة ثم أتيت به رسول الله صلى الله عليه وسلم فشرب، ثم ناولني فشربت، ثم ناولته فشرب، ثم ناولني فشربت، ثم ضحكت حتى ألقيت إلى الأرض، فقال لي: «إحدى سوآتك يا مقداد» فأنشأت أخبره بما صنعت,0
Musnad at-Tayalisi,1765,UNGRADED,Prophets & Past Peoples,"1257 - # حدثنا يونس قال: حدثنا أبو داود قال: حدثنا أبان بن يزيد، عن يحيى بن أبي كثير، عن زيد بن سلام، عن أبي سلام، عن الحارث الأشعري، أن رسول الله صلى الله عليه وسلم قال: "" إن الله عز وجل أوحى إلى يحيى بن زكريا بخمس كلمات أن يعمل بهن ويأمر بني إسرائيل أن يعملوا بهن فكأنه أبطأ بهن، فأوحى الله عز وجل إلى عيسى إما أن يبلغهن أو تبلغهن فأتاه عيسى فقال: إن الله أمرك بخمس كلمات تعمل بهن وتأمر بني إسرائيل أن يعملوا بهن فإما أن تخبرهم وإما أن أخبرهم فقال: يا روح الله لا تفعل فإني أخاف إن سبقتني بهن أن يخسف بي أو أعذب قال: فجمع بني إسرائيل في بيت المقدس حتى امتلأ المسجد وقعدوا على الشرفات ثم خطبهم فقال: إن الله عز وجل أوحى إلي بخمس كلمات وأمر بني إسرائيل أن يعملوا بهن أولهن: أن لا يشركوا بالله شيئا فإن مثل من أشرك بالله كمثل رجل اشترى عبدا من خالص ماله بذهب أو ورق ثم أسكنه دارا فقال: اعمل وارفع إلي فجعل العبد يرفع إلى غير سيده، فأيكم يرضى أن",0
Musnad at-Tayalisi,1767,UNGRADED,Fasting & Ramadan; Marriage & Spouses,"1258 - # حدثنا أبو داود قال: حدثنا أبان، عن يحيى بن أبي كثير، عن زيد بن سلام، عن أبي سلام، عن الحارث، قال: قال النبي صلى الله عليه وسلم: "" وأنا آمركم بخمس أمرني الله عز وجل بهن: الجماعة والسمع والطاعة والهجرة والجهاد في سبيل الله، فمن فارق الجماعة قيد شبر فقد خلع ربقة الإسلام أوالإيمان من عنقه أو الإيمان من رأسه إلا أن يراجع، ومن دعا دعوى جاهلية فهو من جثا جهنم "" قيل: يا رسول الله، وإن صام وصلى قال: «وإن صام وصلى، تداعوا بدعوى الله الذي سماكم بها المسلمين المؤمنين عباد الله» #",0
Musnad at-Tayalisi,1769,UNGRADED,Prophets & Past Peoples,1259 - # حدثنا يونس قال: حدثنا أبو داود قال: حدثنا هشام الدستوائي، عن يحيى بن أبي كثير، عن محمد بن إبراهيم، عن خالد بن معدان، عن العرباض بن سارية، أن رسول الله صلى الله عليه وسلم «استغفر للصف المقدم ثلاثا وللثاني مرة» #,0
Musnad at-Tayalisi,1771,UNGRADED,Treaties & Non-Muslims; Prophets & Past Peoples,1260 - # حدثنا يونس قال: حدثنا أبو داود قال: حدثنا شعبة، قال: أخبرني عمرو بن مرة، سمع عبد الله بن سلمة، يحدث عن صفوان بن عسال المرادي، أن رجلين من أهل الكتاب قال أحدهما لصاحبه: اذهب بنا إلى هذا النبي فقال: لا يسمعن هذا فيصير له أربعة أعين، فأتياه فسألاه عن تسع آيات بينات فقال النبي صلى الله عليه وسلم: «لا تشركوا بالله شيئا، ولا تقتلوا، ولا تسرقوا، ولا تزنوا، ولا تسحروا، ولا تأكلوا الربا، ولا تقذفوا المحصنة، ولا تفروا من الزحف، ولا تمشوا ببريء إلى ذي سلطان لتقتلوه أو لتهلكوه، وعليكم خاصة يهود أن لا تعدوا في السبت» فقبلا يديه ورجليه وقالا: نشهد أنك نبي قال: «فما يمنعكما من اتباعي؟» فقالا: إن داود دعا أن لا يزال في ذريته نبي وإنا نخشى إن تبعناك أن يقتلنا اليهود وقال أبو داود مرة: «ولا تقذفوا المحصنة أو لا تفروا من الزحف» قال أبو داود: شك شعبة #,0
Musnad at-Tayalisi,1773,UNGRADED,Prophets & Past Peoples,1262 - # حدثنا أبو داود قال: حدثنا حماد بن سلمة، وحماد بن زيد، وهمام، وشعبة، عن عاصم، عن زر، قال: غدوت على صفوان بن عسال فقلت: إنه حك في نفسي من المسح على الخفين شيء فهل سمعت من رسول الله صلى الله عليه وسلم في ذلك شيئا؟ قال: كنا مع,0
Musnad at-Tayalisi,1775,UNGRADED,Prophets & Past Peoples; Jihad & Battles,1263 - # حدثنا أبو داود قال: حدثنا شعبة، وحماد بن سلمة، وحماد بن زيد، وهمام، عن عاصم، عن زر، قال: قلت لصفوان بن عسال: هل سمعت من رسول الله صلى الله عليه وسلم في الهوى شيئا؟ قال: نعم كنا مع رسول الله صلى الله عليه وسلم في مسير أو غزو فناداه أعرابي بصوت له جهوري فقال: أيا محمد، أيا محمد، أيا محمد فقيل له: ويحك اغضض من صوتك، فقد نهيت عن رفع الصوت، فما زال يناديه هكذا,0
Musnad at-Tayalisi,1780,UNGRADED,Prophets & Past Peoples,1265 - # حدثنا يونس، قال: حدثنا أبو داود قال: حدثنا شعبة، عن أبي بشر، عن عباد بن شرحبيل، قال: قدمت المدينة وقد أصابني جوع شديد فدخلت حائطا فأخذت سنبلا فأكلت منه وجعلت في ثوبي فجاء صاحب الحائط فضربني وأخذ ما في ثوبي قال: فانطلقنا إلى النبي صلى الله عليه وسلم فذكرنا ذلك له، فقال رسول الله صلى الله عليه وسلم: «ما علمته إذ كان جاهلا، ولا أطعمته إذ كان ساغبا» فأمر لي بنصف وسق من شعير #,0
Musnad at-Tayalisi,1782,UNGRADED,Prophets & Past Peoples,1266 - # حدثنا يونس قال: حدثنا أبو داود قال: حدثنا ابن فضالة، عن الحسن، عن عمرو بن تغلب، قال: لقد قال لي رسول الله صلى الله عليه وسلم كلمة ما أحب أن لي بها حمر النعم أتي رسول الله صلى الله عليه وسلم بسبي فأعطى قوما ومنع قوما فقال رسول الله صلى الله عليه وسلم: «إنا نعطي قوما نخشى هلعهم وجزعهم ونكل قوما إلى ما جعل الله في قلوبهم من الإيمان منهم عمرو بن تغلب» #,0
Musnad at-Tayalisi,1783,UNGRADED,Signs of the End Times,1267 - # حدثنا أبو داود قال: حدثنا ابن فضالة، عن الحسن، قال: وقال عمرو بن تغلب سمعت رسول الله صلى الله عليه وسلم يقول: «إن من أشراط الساعة أن تقاتلوا قوما نعالهم الشعر وإن من أشراط الساعة أن,0
Musnad at-Tayalisi,1786,UNGRADED,Prophets & Past Peoples,1268 - # حدثنا يونس قال: حدثنا أبو داود قال: حدثنا هشام، عن يحيى بن أبي كثير، عن أبي سلمة قال: حدثني ربيعة بن كعب الأسلمي، قال: بت عند النبي صلى الله عليه وسلم فكنت أناوله الوضوء من الليل فأسمعه الهوي من الليل يقول: «سمع الله لمن حمده» وأسمعه الهوي من الليل يقول: «الحمد لله رب العالمين» #,0
Musnad at-Tayalisi,1787,UNGRADED,Quran & Recitation; Hajj & Umrah,"1269 - # حدثنا المبارك بن فضالة، عن أبي عمران الجوني، عن ربيعة بن كعب، قال: كنت أخدم النبي صلى الله عليه وسلم فقال ذات يوم: «يا ربيعة ألا تتزوج؟» قال: قلت: يا رسول الله، والله ما عندي ما يقيم امرأة وما أحب أن يشغلني عن خدمتك شيء، ثم قال لي يوما آخر: «يا ربيعة ألا تتزوج؟» فقلت له مثل ذلك قال: ثم قلت في نفسي: والله لرسول الله أعلم بما يصلحني من أمر دنياي وآخرتي مني، والله لئن قال لي رسول الله صلى الله عليه وسلم الثالثة لأقولن نعم فقال لي الثالثة: «يا ربيعة ألا تزوج؟» قال: قلت: ليصنع رسول الله ما شاء فقال: "" انطلق إلى آل فلان ناس من الأنصار فقل: رسول الله أرسلني يقرأ السلام ويأمركم أن تزوجوني فلانة "" فأتيتهم فقلت: إن رسول الله صلى الله عليه وسلم يأمركم أن تزوجوني فلانة فقالوا: مرحبا برسول الله وبرسول رسول الله، والله لا يرجع رسول رسول الله اليوم إلا بحاجته، قال: فزوجوني وأكرموني فأتيت رسول الله صلى الله عليه وسلم فرآني كئيبا حزينا فقال: «ما لك يا ربيعة؟» قلت: يا رسول الله، أتيت قوما كراما فأكرموني وزوجوني وليس عندي ما أسوق فقال رسول الله صلى الله عليه وسلم: «يا بريدة الأسلمي اجمع لي في وزن نواة من ذهب» فجمع لي فيها فقال: «انطلق بهذا إليهم» فأتيتهم فقبلوا ذلك مني وفرحوا فأتيت رسول الله صلى الله عليه وسلم فرآني كئيبا فقال: ما لك يا ربيعة؟ "" قلت",0
Musnad at-Tayalisi,1788,UNGRADED,Hajj & Umrah,"[ص: 493] # : يا رسول الله، أتيت قوما كراما فقبلوا ذلك مني وفرحوا وليس عندي ما أولم قال: «يا بريدة اجمعوا له في ثمن كبش» فجمعوا لي في ثمن كبش عظيم ثم قال: "" ائت عائشة فقل لها يقول لك رسول الله: ادفعي إليه ذاك الطعام "" فأتيتها فقالت: دونك المكتل والله ما عندنا غيره، قال: فأخذته وأتيت رسول الله صلى الله عليه وسلم فقال: «انطلق بهذا إليهم فليصلح هذا عندهم خبزا ولينضج هذا عندهم لحما» فأتيتهم به فقالوا: أما الخبز فنحن نكفيكموه واكفونا أنتم اللحم، فانطلقت بالكبش إلى أناس من أصحابي فتعاونا عليه ففرغنا منه وانطلقت به فأولمت فدعوت رسول الله صلى الله عليه وسلم فأجابني #",0
Musnad at-Tayalisi,1789,UNGRADED,Prophets & Past Peoples,1270 - # حدثنا أبو داود قال: حدثنا المبارك بن فضالة، عن أبي عمران الجوني، عن ربيعة بن كعب الأسلمي، قال: أعطاني رسول الله صلى الله عليه وسلم أرضا وأعطى أبا بكر أرضا قال: فاختلفنا في عذق يعني نخلة فقلت أنا: هي من أرضي وقال أبو بكر: هي من أرضي فقال: يا أبا بكر أما ترى انظر أما ترى؟ إنها من أرضي فأبى وقال لي,0
Musnad at-Tayalisi,1790,UNGRADED,"Day of Judgement; Time, Days & Nights","[ص: 494] # كلمة ندم عليها فقال: يا ربيعة قل لي مثل ما قلت لك حتى تكون قصاصا قال: قلت لا قال: فقال: والله إذا لأستعدين عليك قال: قلت: أنت، نعم فانطلق يؤم النبي صلى الله عليه وسلم واتبعته وجاء ناس من قومي فقال: يرحم الله أبا بكر هو الذي قال لك ما قال ويستعدي عليك فانطلقوا معي فقلت لهم: أتدرون من هذا؟ هذا أبو بكر الصديق ثاني اثنين إذ هما في الغار يأتي رسول الله وهو غضبان فيغضب رسول الله صلى الله عليه وسلم لغضبه ويغضب الله عز وجل لغضب رسوله فيهلك ربيعة، ارجعوا فرددتهم وانطلقت وقد سبقني إلى النبي صلى الله عليه وسلم فقص عليه فلما جئت قال لي: «يا ربيعة ما لك وللصديق؟» قلت: يا رسول الله، إنه قال لي شيئا وقال لي: قل مثل ما قلت لك حتى يكون قصاصا فقلت: لا أقول لك مثل ما قلت لي قال رسول الله صلى الله عليه وسلم: "" أجل فلا تقل له مثل ما قال لك ولكن قل: يغفر الله لك يا أبا بكر "" فقلت: يغفر الله لك أبا بكر، يغفر الله لك أبا بكر فولى أبو بكر رضي الله عنه وهو يبكي #",0
Musnad at-Tayalisi,1792,UNGRADED,Prophets & Past Peoples,1271 - # حدثنا يونس قال: حدثنا أبو داود قال: حدثنا هشام، عن قتادة، عن سليمان بن يسار، عن حمزة الأسلمي، قال: سألت رسول الله صلى الله عليه وسلم عن الصوم في السفر فقال: «إن شئت فصم وإن شئت فأفطر» #,0
Musnad at-Tayalisi,1794,UNGRADED,Prophets & Past Peoples,1272 - # حدثنا يونس قال: حدثنا أبو داود قال: حدثنا مالك بن أنس، عن سالم أبي النضر، عن ابن جرهد، عن جرهد، أن النبي صلى الله عليه وسلم مر به وقد كشف عن فخذه فقال: «يا جرهد خمر فخذك فإنها من العورة» #,0
Musnad at-Tayalisi,1796,UNGRADED,Prophets & Past Peoples,1273 - # حدثنا يونس قال: حدثنا داود قال: حدثنا شعبة، قال: أخبرني بريد بن أبي مريم السلولي، قال: سمعت أبا الحوراء السعدي، قال: قلت للحسن بن علي: ما تذكر من النبي صلى الله عليه وسلم؟ قال: أخذت تمرة من تمر الصدقة فألقيتها في في فنزعها النبي صلى الله عليه وسلم بلعابها فألقاها في التمر فقالوا: يا رسول الله، تمرة من صبي فقال: «إنا آل محمد لا تحل لنا الصدقة» #,0
Musnad at-Tayalisi,1797,UNGRADED,Prophets & Past Peoples,1274 - # حدثنا أبو داود قال: حدثنا شعبة، قال: أخبرني بريد بن أبي مريم، قال: سمعت أبا الحوراء، قال: قلت للحسن بن علي رضي الله عنهما: ما تذكر من النبي صلى الله عليه وسلم؟ قال: كان يقول: «دع ما يريبك إلى ما لا يريبك فإن الصدق طمأنينة وإن الكذب ريبة» #,0
Musnad at-Tayalisi,1798,UNGRADED,Prophets & Past Peoples,1275 - # حدثنا أبو داود قال: حدثنا شعبة، قال: أخبرني بريد، قال: سمعت أبا الحوراء، قال: قلت للحسن بن علي: ما تذكر من النبي صلى الله عليه وسلم؟ قال: يعلمنا هذا الدعاء: «اللهم اهدني فيمن هديت، وعافني فيمن عافيت، وتولني فيمن توليت، وقني شر ما قضيت، إنك تقضي ولا يقضى عليك، إنه لا يذل من واليت، تباركت ربنا وتعاليت» #,0
Musnad at-Tayalisi,1800,UNGRADED,Dhikr & Supplication; Prophets & Past Peoples,1276 - # حدثنا قال: حدثنا داود قال: حدثنا شعبة، عن عاصم، قال: سمعت عبد الله بن سرجس، وكان قد سمع من النبي، صلى الله عليه وسلم قال: كان النبي صلى الله عليه وسلم إذا أراد سفرا قال: «أعوذ بالله من وعثاء السفر وكآبة المنقلب والحور بعد الكور ودعوة المظلوم وسوء,0
Musnad at-Tayalisi,1803,UNGRADED,Prophets & Past Peoples,1277 - # حدثنا يونس قال: حدثنا أبو داود قال: حدثنا شعبة، عن عاصم، قال: سمعت الشعبي، يحدث عن محمد بن صفوان، أنه صاد أرنبا فذبحها بمروة فأتى النبي صلى الله عليه وسلم فذكر ذلك له «فأمره بأكلها» #,0
Musnad at-Tayalisi,1805,UNGRADED,Prophets & Past Peoples,1278 - # حدثنا يونس قال: حدثنا أبو داود قال: حدثنا شعبة، عن عاصم، قال: سمعت حفصة بنت سيرين، تحدث عن الرباب، عن سلمان بن عامر، أن النبي صلى الله عليه وسلم قال: «إذا صام أحدكم فليفطر على التمر فإن لم يجد فعلى الماء فإنه طهور» #,1
Musnad at-Tayalisi,1807,UNGRADED,Prophets & Past Peoples,1279 - # حدثنا يونس قال: حدثنا أبو داود قال: حدثنا ابن أبي ذئب، عن سعيد بن خالد بن قارظ، عن سعيد بن المسيب، عن عبد الرحمن بن عثمان، قال: «سأل طبيب النبي صلى الله عليه وسلم عن ضفدع,0
Musnad at-Tayalisi,1808,UNGRADED,Medicine & Healing,[ص: 505] # يجعلها في دواء فنهاه النبي صلى الله عليه وسلم عن قتلها» #,0
Musnad at-Tayalisi,1810,UNGRADED,Prophets & Past Peoples,1280 - # حدثنا يونس قال: حدثنا أبو داود قال: حدثنا شعبة، عن محمد بن إسحاق، عن محمد بن إبراهيم التيمي، عن سعيد بن المسيب، عن معمر بن عبد الله بن نضلة، قال: قال النبي صلى الله عليه وسلم: «لا يحتكر إلا خاطئ» #,0
Musnad at-Tayalisi,1811,UNGRADED,Prophets & Past Peoples,1281 - # حدثنا أبو داود قال: حدثنا منصور بن أبي الأسود، قال: حدثنا مجالد، عن الشعبي، قال: حدثني معمر، قال: قدمت على رسول الله صلى الله عليه وسلم فسمعته يقول: «انظروا قريشا فاسمعوا قولهم ودعوا فعلهم» #,0
Musnad at-Tayalisi,1814,UNGRADED,Women,[ص: 508] # مسلمة يطالع امرأة من فوق إجار ينظر إليها فقلت له: أتفعل هذا وأنت من أصحاب النبي صلى الله عليه وسلم؟ فقال: إني سمعت النبي صلى الله عليه وسلم يقول: «إذا ألقى الله عز وجل في قلب أحدكم خطبة امرأة فلا بأس أن ينظر إليها» #,0
Musnad at-Tayalisi,1816,UNGRADED,Prophets & Past Peoples,1283 - # حدثنا يونس قال: حدثنا أبو داود قال: حدثنا هشام، عن يحيى بن أبي كثير، عن أبي سلمة، عن معيقيب، قال: سألت النبي صلى الله عليه وسلم عن مسح الحصاة فقال لي: «مرة أو دع» #,0
Musnad at-Tayalisi,1818,UNGRADED,Prophets & Past Peoples,1284 - # حدثنا يونس حدثنا أبو داود قال: حدثنا جرير بن حازم، قال: حدثني الزبير بن سعيد، عن عبد الله بن علي، عن أبيه، عن جده. قال أبو داود: وسمعت شيخا بمكة فقال: حدثنا عبد الله بن علي، عن نافع بن عجير، عن ركانة بن عبد يزيد، قال: كانت عندي امرأة يقال لها: سهية فطلقتها ألبتة فجئت رسول الله صلى الله عليه وسلم فقلت: يا رسول الله، إني طلقت سهية ألبتة والله ما أردت إلا واحدة قال: «آلله ما أردت إلا واحدة؟» قلت: آلله ما أردت إلا واحدة قال: «آلله ما أردت إلا واحدة؟» قلت: آلله ما أردت إلا واحدة فردها علي على واحدة #,0
Musnad at-Tayalisi,1820,UNGRADED,Prophets & Past Peoples,1285 - # حدثنا يونس قال: حدثنا أبو داود قال: حدثنا سكن بن المغيرة، عن الوليد بن أبي هشام، عن فرقد أبي طلحة، عن عبد الرحمن بن خباب، قال: سمعت النبي صلى الله عليه وسلم حض على جيش العسرة فقام عثمان بن عفان فقال: مائة بعير بأحلاسها وأقتابها في سبيل الله، ثم حض الثانية فقام عثمان فقال: مائتي بعير بأحلاسها وأقتابها في سبيل الله، ثم حض الثالثة فقام عثمان فقال: ثلاثمائة بعير,0
Musnad at-Tayalisi,1821,UNGRADED,Work & Livelihood,[ص: 513] # بأحلاسها وأقتابها في سبيل الله قال: فرأيت رسول الله صلى الله عليه وسلم ينزل عن المنبر وهو يقول: «ما على عثمان ما عمل بعد هذا» مرتين أو ثلاثا #,0
Musnad at-Tayalisi,1823,UNGRADED,Prophets & Past Peoples,1286 - # حدثنا يونس قال: حدثنا أبو داود قال: حدثنا شعبة، عن الأشعث بن أبي الشعثاء، عن عمته، عن عمها، قال: كنت أمشي وعلي بردة لي أجرها فقال رجل: «ارفع ثوبك فإنه أتقى وأبقى» فنظرت فإذا هو النبي صلى الله عليه وسلم فقلت: يا رسول الله، إنما هي بردة ملحاء فقال: «أما لك في أسوة؟» فنظرت فإذا إزاره إلى نصف ساقه #,0
Musnad at-Tayalisi,1824,UNGRADED,Death & Burial; Prophets & Past Peoples,1287 - # حدثنا أبو داود قال: حدثنا شعبة، عن عمرو بن مرة، قال: سمعت عمرو بن ميمون، يحدث عن عبد الله بن ربيعة، قال: سمعت عبيد بن خالد، يقول: آخى رسول الله صلى الله عليه وسلم بين رجلين فقتل أحدهما وبقي الآخر ثم مات فصلوا عليه فقال رسول الله صلى الله عليه وسلم: «ما قلتم؟» قالوا: دعونا الله أن يغفر له ويرحمه ويلحقه بصاحبه فقال رسول الله صلى الله عليه وسلم: «فأين صلاته بعد صلاته وأين عمله بعد عمله؟» وأظنه قال: «وأين صومه بعد صومه؟ والذي نفسي بيده للذي بينهما أبعد ما بين السماء والأرض» قال عمرو بن ميمون: فأعجبني هذا الحديث لأنه أسند لي #,0
Musnad at-Tayalisi,1826,UNGRADED,Prophets & Past Peoples,1288 - # حدثنا يونس قال: حدثنا أبو داود قال: حدثنا قيس، عن سماك بن حرب، عن سويد بن قيس، قال: جلبت أنا ومخرفة بزا من هجر فبعت من رسول الله صلى الله عليه وسلم سراويل وثم وزان يزن بالأجر فقال رسول الله صلى الله عليه وسلم: «زن وأرجح» #,0
Musnad at-Tayalisi,1828,UNGRADED,Prophets & Past Peoples,1289 - # حدثنا يونس قال: حدثنا أبو داود قال: حدثنا شعبة، عن سماك، قال: سمعت أبا صفوان مالك بن عمير يقول: «بعت من النبي صلى الله عليه وسلم رجل سراويل قبل الهجرة بثلاثة دراهم فوزن لي فأرجح» #,0
Musnad at-Tayalisi,1830,UNGRADED,Prophets & Past Peoples,1290 - # حدثنا يونس قال: حدثنا أبو داود قال: حدثنا شعبة، عن سماك بن حرب، قال: سمعت محمد بن حاطب، يقول: وقعت على يدي القدر فاحترقت فانطلقت بي أمي إلى رسول الله صلى الله عليه وسلم فجعل يتفل عليها ويقول: «أذهب الباس رب الناس» وأحسبه قال: «واشف أنت الشاف» #,0
Musnad at-Tayalisi,1832,UNGRADED,Prophets & Past Peoples,1291 - # حدثنا يونس، قال: حدثنا أبو داود، حدثنا شعبة، قال: أخبرني سماك بن حرب، قال: سمعت ثعلبة بن الحكم الليثي، يقول: «كنا مع النبي صلى الله عليه وسلم فانتهبت غنم فنهى رسول الله صلى الله عليه وسلم عن ذلك فأكفئت القدور» #,0
Musnad at-Tayalisi,1834,UNGRADED,Prophets & Past Peoples,1292 - # حدثنا يونس قال: حدثنا أبو داود قال: حدثنا شعبة، عن عمرو بن مرة، سمع سالم بن أبي الجعد، يحدث عن ابن لبيد رجل من الأنصار قال: قال النبي صلى الله عليه وسلم: «هذا أوان ذهاب العلم» أو «هذا أوان انقطاع العلم» فقال ابن لبيد: يا رسول الله، كيف وفينا كتاب الله نعلمه أبناءنا ويعلمه أبناؤنا أبناءهم؟ فقال النبي صلى الله عليه وسلم: «ثكلتك أمك يا ابن لبيد إن كنت لأحسبك أعقل رجل بالمدينة أوليس اليهود والنصارى قد أوتوا التوراة والإنجيل ثم لم ينتفعوا من ذلك بشيء؟» #,0
Musnad at-Tayalisi,1836,UNGRADED,Oaths & Vows; Day of Judgement; Prophets & Past Peoples,1293 - # حدثنا يونس قال: حدثنا أبو داود قال: حدثنا هشام، عن يحيى بن أبي كثير، عن أبي قلابة، قال: حدثني ثابت بن الضحاك الأنصاري، أن النبي صلى الله عليه وسلم قال: «ليس على المؤمن نذر فيما لا يملك، ولعن المؤمن كقتله، ومن قتل نفسه بشيء عذب به يوم القيامة، ومن حلف بملة غير الإسلام كاذبا فهو كما قال» #,0
Musnad at-Tayalisi,1838,UNGRADED,Prophets & Past Peoples,1294 - # حدثنا يونس قال: حدثنا أبو داود قال: حدثنا شعبة، عن عمرو بن مرة، قال: سمعت سالم بن أبي الجعد، عن شرحبيل بن السمط، قال قيل لكعب بن مرة أو مرة بن كعب البهزي: حدثنا حديثا سمعته من رسول الله صلى الله عليه وسلم لله أبوك واحذر قال: سمعت رسول الله صلى الله عليه وسلم يقول: «أيما رجل مسلم أعتق رجلا مسلما كان فكاكه من النار، يجزى بكل عظم من عظامه عظما من عظامه، وأيما رجل مسلم أعتق امرأتين مسلمتين كانتا فكاكه من النار يجزى بكل عظمين من عظامهما عظما من عظامه، وأيما امرأة مسلمة أعتقت امرأة مسلمة,0
Musnad at-Tayalisi,1840,UNGRADED,Prophets & Past Peoples,1295 - # حدثنا أبو داود قال: حدثنا شعبة، عن عمرو بن مرة، قال: سمعت سالما، عن شرحبيل بن السمط، عن كعب بن مرة أو مرة بن كعب قال: دعا رسول الله صلى الله عليه وسلم على مضر فأتيته فقلت: يا رسول الله، إن الله قد نصرك وأعطاك واستجاب لك وإن قومك قد هلكوا فادع الله لهم قال: فقال: «اللهم اسقنا غيثا مغيثا، مريئا مريعا، طبقا غدقا عاجلا غير رائث نافعا غير ضار» قال: فما,0
Musnad at-Tayalisi,1842,UNGRADED,Leadership & Governance; Prophets & Past Peoples,1296 - # حدثنا أبو داود قال: حدثنا شعبة، عن حبيب بن أبي ثابت، عن سالم بن أبي الجعد، أن كعب بن مرة، قال للنبي صلى الله عليه وسلم: «يا رسول الله، جئتك من عند قوم ما يخطر لهم بعير ولا يتزود لهم راع» #,0
Musnad at-Tayalisi,1844,UNGRADED,Prayer (Salah); Prophets & Past Peoples,1297 - # حدثنا أبو داود قال: حدثنا شعبة، قال: أخبرني عمرو بن مرة، قال: سمعت هلال بن يساف، قال: سمعت عمرو بن راشد، عن وابصة بن معبد، أن النبي صلى الله عليه وسلم «أبصر رجلا يصلي في الصف وحده فأمره أن يعيد الصلاة» #,0
Musnad at-Tayalisi,1846,UNGRADED,Prophets & Past Peoples,1298 - # حدثنا يونس قال: حدثنا أبو داود قال: حدثنا شعبة، قال: أخبرني عمرو بن مرة، سمع أبا بردة، يحدث أنه سمع رجلا من جهينة يقال له الأغر يحدث ابن عمر أنه سمع النبي صلى الله عليه وسلم يقول: «يا أيها الناس توبوا إلى ربكم فإني أتوب إليه في اليوم مائة مرة» #,0
Musnad at-Tayalisi,1848,UNGRADED,Prophets & Past Peoples,"1299 - # حدثنا يونس قال: حدثنا أبو داود قال: حدثنا ورقاء، عن منصور، عن هلال بن يساف، عن خالد بن عرفجة الأشجعي، قال: كانوا يسيرون مع سالم بن عبيد الأشجعي فعطس رجل فقال: السلام عليكم فقال سالم: وعليك وعلى أمك، ثم سار ساعة ثم قال للرجل: لعلك كرهت ما قلت لك؟ قال: وددت أنك لم تكن ذكرت أمي بخير ولا شر فقال: إنما أحدثك ما شهدت من رسول الله صلى الله عليه وسلم عطس رجل عنده فقال: السلام عليكم فقال رسول الله صلى الله عليه وسلم: "" وعليك وعلى أمك إذا عطس أحدكم فليقل: الحمد لله رب العالمين أو الحمد لله على كل حال وليقل له أخوه: يرحمك الله وليقل هو: يغفر الله لي ولكم "" #",0
Musnad at-Tayalisi,1850,UNGRADED,Prophets & Past Peoples,1300 - # حدثنا يونس قال: حدثنا أبو داود قال: حدثنا شعبة، عن الأعمش، قال: سمعت أبا وائل، يحدث عن قيس بن أبي غرزة، قال: «خرج علينا رسول الله صلى الله عليه وسلم في السوق ونحن نبيع الأوساق ونحن نسمى السماسرة فسمانا باسم أحسن مما سمينا به أنفسنا» #,0
Musnad at-Tayalisi,1851,UNGRADED,Zakah & Charity; Prophets & Past Peoples,1301 - # حدثنا أبو داود قال: حدثنا شعبة، عن حبيب بن أبي ثابت، عن أبي وائل، عن قيس بن أبي غرزة، قال: قال لنا رسول الله صلى الله عليه وسلم: «يا معشر التجار إنه يخالط سوقكم هذه لغو وحلف فشوبوه بصدقة أو بشيء من صدقة» #,0
Musnad at-Tayalisi,1853,UNGRADED,Prophets & Past Peoples,1302 - # حدثنا يونس قال: حدثنا أبو داود قال: حدثنا قرة بن خالد، قال: حدثني ضرغامة بن عليبة بن حرملة العنبري، قال: حدثني أبي، عن أبيه، قال: «أتيت رسول الله صلى الله عليه وسلم في ركب الحي فصلى بنا صلاة الصبح فجعلت أنظر إلى الذي إلى جنبي فما أكاد أن أعرفه أي من الغلس» #,0
Musnad at-Tayalisi,1854,UNGRADED,Prophets & Past Peoples; Travel & Migration,1303 - # حدثنا أبو داود قال: حدثنا قرة، قال: حدثنا ضرغامة، قال: حدثني أبي، عن أبيه، قال: أتيت رسول الله صلى الله عليه وسلم في ركب من الحي فلما أردت الرجوع قلت: يا رسول الله، أوصني قال: «اتق الله، وإذا كنت في مجلس فقمت منهم فسمعتهم يقولون ما يعجبك فأته، وإذا سمعتهم يقولون ما تكره فلا تأته» #,0
Musnad at-Tayalisi,1856,UNGRADED,Prophets & Past Peoples,1304 - # حدثنا يونس قال: حدثنا أبو داود قال: حدثنا قرة بن خالد، قال: حدثنا قرة بن موسى، عن جابر بن سليم الهجيمي، قال: انتهيت إلى رسول الله صلى الله عليه وسلم وهو محتب في بردة له كأني أنظر إلى هدابها على قدميه فقلت: يا رسول الله، أوصني قال: «اتق الله ولا تحقرن من المعروف شيئا ولو أن تفرغ من دلوك في إناء المستسقي وأن تلقى أخاك ووجهك إليه منبسط، وإياك وإسبال الإزار فإن إسبال الإزار من المخيلة ولا يحبها الله، وإن امرؤ شتمك وعيرك بأمر هو فيك فلا تعيره بأمر هو فيه ودعه يكون وباله عليه وأجره لك، ولا تسبن شيئا» قال: فما سببت بعد قول رسول الله صلى الله عليه وسلم دابة ولا إنسانا #,0
Musnad at-Tayalisi,1858,UNGRADED,Character & Manners; Prophets & Past Peoples,1305 - # حدثنا يونس قال: حدثنا أبو داود قال: حدثنا شعبة، عن الأزرق بن قيس، عن عسعس بن سلامة، أن النبي صلى الله عليه وسلم كان في سفر ففقد رجلا من أصحابه فأتي به فقال: إني أردت أن أخلو بعبادة ربي وأعتزل الناس فقال رسول الله صلى الله عليه وسلم: «فلا تفعله ولا يفعله أحد منكم - قالها ثلاثا - فلصبر ساعة في بعض مواطن المسلمين خير من عبادة أربعين عاما خاليا» #,0
Musnad at-Tayalisi,1865,UNGRADED,Day of Judgement; Prophets & Past Peoples,"1309 - # حدثنا يونس قال: حدثنا أبو داود قال: حدثنا زمعة بن صالح، عن الزهري، عن عروة بن الزبير، عن أبي حميد الساعدي. قال: أبو داود: وأخبرني ابن فضالة، عن هشام بن عروة، عن أبيه، عن أبي حميد الساعدي، قال: بعث رسول الله صلى الله عليه وسلم رجلا من الأسد على عمل - أو قال: على الصدقة - فلما جاء جاء بمالين فقال: هذا مالكم، وهذه هدية أهديت إلي فبلغ ذلك النبي صلى الله عليه وسلم فقام خطيبا ثم قال: "" ما بال رجال نبعثهم على بعض ما ولانا الله فيجيء بمالين فيقول: هذا مالكم وهذه هدية أهديت إلي، أفلا جلس في بيت أبيه أو في بيت أمه ينظر أيهدى إليه أم لا؟ والذي نفسي بيده لا يأخذ أحد من هذا المال شيئا بغير حقه إلا جاء يوم القيامة يحمله على عنقه، إن كان بعيرا جاء له رغاء وإن كانت",0
Musnad at-Tayalisi,1866,UNGRADED,Animals,"[ص: 539] # بقرة جاء لها خوار وإن كانت شاة جاءت تيعر "" ثم قال: رأيت رسول الله صلى الله عليه وسلم رفع يديه حتى رأيت عفرة إبطيه ثم قال: «اللهم هل بلغت اللهم اشهد» قال أبو حميد بصر عيناي وسمع أذني من رسول الله صلى الله عليه وسلم، والشاهد على ذلك زيد بن ثابت تحك ركبتي ركبته عند رسول الله صلى الله عليه وسلم #",0
Musnad at-Tayalisi,1868,UNGRADED,Prophets & Past Peoples,1310 - # حدثنا يونس، حدثنا أبو داود قال: حدثنا سعيد بن عبد العزيز، عن سليمان بن موسى، عن أبي سيارة المتعي، قال: قلت: يا رسول الله، إن لي نخلا قال: «أد العشر» قال: قلت: يا رسول الله، احم لي جبلها فحماه لي #,0
Musnad at-Tayalisi,1870,UNGRADED,Prophets & Past Peoples,1311 - # حدثنا يونس، حدثنا أبو داود قال: حدثنا ابن المبارك، عن عبد الله بن عقبة الحضرمي، عن محمد بن زيد بن قنفذ، قال: حدثني عمير، مولى آبي اللحم وهو بطن من غفار قال: «شهدت مع سيدي خيبر فلما فتحت سألت رسول الله صلى الله عليه وسلم أن يقسم لي فأبى أن يقسم لي وأعطاني من خرثي المتاع» #,0
Musnad at-Tayalisi,1872,UNGRADED,Prophets & Past Peoples,1312 - # حدثنا يونس قال: حدثنا أبو داود قال: حدثنا حماد بن سلمة، عن أبي العشراء، عن أبيه، قال: قلت: يا رسول الله، أما تكون الذكاة إلا في اللبة أو الحلق؟ قال: «لو طعنت في فخذها لأجزأ عنك» قال أبو داود: يعني في المتردية في البئر #,0
Musnad at-Tayalisi,1874,UNGRADED,Prophets & Past Peoples,1313 - # حدثنا يونس، حدثنا أبو داود قال: حدثنا هشام، عن قتادة، عن شهر بن حوشب، عن عمرو بن خارجة، قال: إني لتحت جران ناقة رسول الله صلى الله عليه وسلم وإنها لتقصع بجرة وإن لعابها ليسيل بين كتفي فسمعته يقول: «إن الله قد أعطى كل ذي حق حقه ولا تجوز لوارث وصية، الولد للفراش وللعاهر الحجر، ومن ادعى إلى غير أبيه أو انتمى إلى غير مواليه فعليه لعنة الله والملائكة والناس أجمعين لا يقبل منه صرف ولا عدل» #,0
Musnad at-Tayalisi,1876,UNGRADED,Prophets & Past Peoples,1314 - # حدثنا يونس، حدثنا أبو داود قال: حدثنا سلام، عن منصور، عن إبراهيم التيمي، عن أبي عبد الله الجدلي، عن خزيمة بن ثابت الأنصاري، قال: «جعل رسول الله صلى الله عليه وسلم للمسافر المسح ثلاثا ولو استزدنا لزادنا» #,0
Musnad at-Tayalisi,1877,UNGRADED,Prophets & Past Peoples,1315 - # حدثنا داود قال: حدثنا شعبة، عن الحكم، وحماد، عن إبراهيم، عن أبي عبد الله الجدلي، عن خزيمة بن ثابت الأنصاري، عن النبي صلى الله عليه وسلم أنه قال في المسح على الخفين: «للمقيم يوم وليلة وللمسافر ثلاثة أيام ولياليهن» #,0
Musnad at-Tayalisi,1879,UNGRADED,Prophets & Past Peoples,1316 - # حدثنا يونس، حدثنا داود قال: حدثنا شعبة، عن الحكم، عن زيد بن وهب، عن البراء بن عازب، عن ثابت بن وديعة، قال: أتي النبي صلى الله عليه وسلم بضب فقال: «أمة مسخت والله أعلم» #,0
Musnad at-Tayalisi,1881,UNGRADED,Parents; Prophets & Past Peoples,1318 - # حدثنا أبو داود قال: حدثنا شعبة، قال: أخبرني يزيد بن أبي زياد، قال: سمعت زيد بن وهب الجهني، يحدث عن ثابت بن وديعة، أن أعرابيا أتى النبي صلى الله عليه وسلم بضب فوضعه بين يديه فقال رسول الله صلى الله عليه وسلم: «أمة مسخت وما أدري لعل هذا منه» #,0
Musnad at-Tayalisi,1883,UNGRADED,Prophets & Past Peoples,1319 - # حدثنا يونس، حدثنا أبو داود قال: حدثنا شعبة، عن يزيد الرشك، قال: سمعت معاذة، تحدث عن هشام بن عامر الأنصاري، من أصحاب النبي صلى الله عليه وسلم أن النبي صلى الله عليه وسلم قال: «لا يحل لمسلم أن يصارم أخاه فوق ثلاث فإنهما ناكبان عن الحق ما داما على صرامهما وإن أولهما فيئا يكون سبقه بالفيء كفارة له، وإن سلم عليه فلم يقبل سلامه ورد عليه سلامه ردت عليه الملائكة ورد على الآخر شيطان، فإن ماتا على صرامهما لم يدخلا الجنة» أو قال: «لن يجتمعا في الجنة» #,0
Musnad at-Tayalisi,1885,UNGRADED,Prophets & Past Peoples,1320 - # حدثنا يونس، حدثنا أبو داود قال: حدثنا شعبة، وأبو عوانة عن زياد بن علاقة، سمع عرفجة، سمع النبي صلى الله عليه وسلم يقول: «إنها ستكون هنات وهنات فمن أراد أن يفرق أمر هذه الأمة وهو جميع فاضربوا رأسه بالسيف كائنا من كان» #,0
Musnad at-Tayalisi,1887,UNGRADED,Prophets & Past Peoples,1321 - # حدثنا يونس، حدثنا أبو داود قال: حدثنا شعبة، عن أنس بن سيرين، قال: سمعت عبد الملك بن المنهال، عن أبيه، أن النبي صلى الله عليه وسلم كان يأمر بصيام البيض ويقول: «هن صيام الدهر» #,0
Musnad at-Tayalisi,1889,UNGRADED,Prophets & Past Peoples,1322 - # حدثنا يونس، حدثنا أبو داود قال: حدثنا شعبة، عن سعد بن إبراهيم، قال: سمعت نصر بن عبد الرحمن، يحدث عن جده، أنه طاف مع معاذ ابن عفراء بالبيت بعد العصر أو بعد الصبح ولم يصل فقلت: ألا تصلي فقال: إن رسول الله صلى الله عليه وسلم «نهى عن صلاة بعد العصر حتى تغرب الشمس، وبعد الصبح حتى تطلع الشمس» #,0
Musnad at-Tayalisi,1891,UNGRADED,Prophets & Past Peoples,1323 - # حدثنا يونس، حدثنا أبو داود قال: حدثنا زمعة بن صالح، عن الزهري، عن عبيد الله بن عبد الله بن ثعلبة، عن عبد الرحمن بن يزيد بن جارية، عن عمه مجمع أن رسول الله صلى الله عليه وسلم قال: «يقتل ابن مريم الدجال بباب لد» #,0
Musnad at-Tayalisi,1893,UNGRADED,Prophets & Past Peoples,1324 - # حدثنا يونس، حدثنا أبو داود قال: حدثنا زمعة بن صالح، عن الزهري، عن عبيد الله بن عبد الله بن عتبة، عن ابن عباس، عن أبي طلحة، قال: سمعت رسول الله صلى الله عليه وسلم يقول: «لا تدخل الملائكة بيتا فيه كلب ولا صورة» #,0
Musnad at-Tayalisi,1895,UNGRADED,Prophets & Past Peoples,1325 - # حدثنا يونس، حدثنا أبو داود قال: حدثنا ابن أبي ذئب، عن الزهري، عن عبيد الله بن عبد الله بن عتبة، عن ابن عباس، عن الصعب بن جثامة الليثي، أنه أهدى إلى رسول الله صلى الله عليه وسلم لحم صيد وهو محرم فرده فرأى الكراهية في وجهه فقال رسول الله صلى الله عليه وسلم: «ليس بنا رد عليك ولكنا حرم» #,0
Musnad at-Tayalisi,1896,UNGRADED,Trials & Illness; Prophets & Past Peoples,1326 - # حدثنا أبو داود قال: حدثنا زمعة، عن الزهري، عن عبيد الله بن عبد الله عن ابن عباس، عن الصعب بن جثامة، عن النبي صلى الله عليه وسلم قال: «لا حمى إلا لله ورسوله» #,0
Musnad at-Tayalisi,1898,UNGRADED,Prophets & Past Peoples,"1327 - # حدثنا يونس، حدثنا أبو داود قال: حدثنا إبراهيم بن سعد، عن الزهري، عن عبد الرحمن بن ماعز العامري، عن سفيان بن عبد الله الثقفي، قال: قلت: يا رسول الله، أخبرني بأمر أعتصم به قال: "" قل: آمنت بالله ثم استقم "" قال: قلت: يا رسول الله، ما أكثر ما تخاف علي؟ قال: فأشار بيده إلى لسان نفسه #",0
Musnad at-Tayalisi,1900,UNGRADED,Prophets & Past Peoples,"1328 - # حدثنا يونس، حدثنا أبو داود قال: حدثنا شعبة، والمسعودي، عن زياد بن علاقة، قال: سمعت أسامة بن شريك، يقول: أتيت رسول الله صلى الله عليه وسلم وأصحابه كأنما على رءوسهم الطير وجاءته الأعراب من جوانب فسألوه عن أشياء لا بأس بها فقالوا: يا رسول الله، علينا حرج في كذا علينا حرج في كذا؟ فقال رسول الله صلى الله عليه وسلم: "" عباد الله وضع الله الحرج - أو قال: رفع الله الحرج - إلا امرأ اقترض امرأ ظلما فذلك يحرج ويهلك "" # # وسألوه عن الدواء فقال: «عباد الله تداووا فإن",0
Musnad at-Tayalisi,1902,UNGRADED,Character & Manners,1329 - # حدثنا أبو داود قال: حدثنا شعبة، والمسعودي، عن زياد بن علاقة، عن أسامة بن شريك، قال: سئل النبي صلى الله عليه وسلم ما خير ما أعطي الناس؟ قال: «خلق حسن» #,0
Musnad at-Tayalisi,1904,UNGRADED,Prophets & Past Peoples,1330 - # حدثنا يونس، حدثنا أبو داود، حدثنا شعبة، عن خبيب بن عبد الرحمن، قال: سمعت عبد الرحمن بن مسعود بن نيار، قال أتانا سهل بن أبي حثمة إلى مجلسنا فحدث أن رسول الله صلى الله عليه وسلم قال: «إذا خرصتم فدعوا الثلث فإن لم تدعوا الثلث فدعوا الربع» #,0
Musnad at-Tayalisi,1906,UNGRADED,Prophets & Past Peoples,1331 - # حدثنا يونس قال: حدثنا أبو داود قال: حدثنا شعبة، قال: أخبرني أبو إسرائيل الجشمي، قال: سمعت جعدة، يقول: رأيت رسول الله صلى الله عليه وسلم ورجل يقص عليه رؤيا فرأى رجلا سمينا فجعل يطعن بطنه بشيء كان في يده ويقول: «لو كان بعض هذا في غير هذا كان خيرا لك» #,0
Musnad at-Tayalisi,1907,UNGRADED,Prophets & Past Peoples,1332 - # حدثنا يونس قال: حدثنا أبو داود قال: حدثنا شعبة، عن أبي إسرائيل، عن جعدة، قال: شهدت النبي صلى الله عليه وسلم وأتي برجل فقيل: يا رسول الله,0
Musnad at-Tayalisi,1910,UNGRADED,Prophets & Past Peoples,1333 - # حدثنا يونس، حدثنا أبو داود قال: حدثنا ابن أبي ذئب، عن الزهري، عن أبي بكر بن عبد الرحمن، عن نوفل بن معاوية، قال: سمعت رسول الله صلى الله عليه وسلم يقول: «من ترك الصلاة فكأنما وتر أهله وماله» #,1
Musnad at-Tayalisi,1912,UNGRADED,Prophets & Past Peoples,1334 - # حدثنا يونس قال: حدثنا أبو داود قال: حدثنا شعبة، عن معبد بن خالد، عن حارثة بن وهب، سمع النبي صلى الله عليه وسلم يقول: «ألا أدلكم على أهل الجنة؟ كل ضعيف متضعف، لو أقسم على الله لأبره» وقال: «أهل النار كل جواظ عتل مستكبر» #,0
Musnad at-Tayalisi,1913,UNGRADED,Prophets & Past Peoples,"1335 - # حدثنا أبو داود قال: حدثنا شعبة، عن معبد بن خالد، سمع حارثة بن وهب، سمع النبي صلى الله عليه وسلم يقول: "" تصدقوا فيوشك الرجل يمشي بصدقته فيقول الذي يأتيه بها: لو جئتنا بالأمس قبلتها فأما",0
Musnad at-Tayalisi,1915,UNGRADED,Prayer (Salah); Prophets & Past Peoples,1336 - # حدثنا أبو داود قال: حدثنا شعبة، عن أبي إسحاق، قال: سمعت حارثة بن وهب الخزاعي، يقول: «صلى بنا رسول الله صلى الله عليه وسلم ونحن أكثر ما كنا وآمنه بمنى ركعتين» #,0
Musnad at-Tayalisi,1917,UNGRADED,Prophets & Past Peoples,1337 - # حدثنا يونس قال: حدثنا أبو داود قال: حدثنا إبراهيم بن سعد، قال: سمعت الزهري، عن محمود بن الربيع، عن عتبان بن مالك السالمي، قال: كنت أؤم قومي بني سالم وكان إذا جاءت السيول شق علي أن أجتاز واديا بيني وبين المسجد فأتيت رسول الله صلى الله عليه وسلم فقلت: يا رسول الله إنه يشق علي أن أجتازه فإن رأيت أن تأتيني وتصلي في بيتي مكانا أتخذه مصلى قال: «أفعل» فجاءني الغد فاحتبسته على خزيرة فلما دخل لم يجلس حتى قال: «أين تحب أن أصلي من بيتك؟» فأشرت إلى الموضع الذي أصلي فيه فصلى ركعتين فسمع به رجال الأنصار أن رسول الله صلى الله عليه وسلم في بيتي فجعلوا يجيئون حتى كثروا فقال رجل من أهل البيت: ما فعل,0
Musnad at-Tayalisi,1918,UNGRADED,Treaties & Non-Muslims,"[ص: 568] # مالك بن الدخشم؟ فقال رجل من أهل البيت: ذاك منافق لا يحب الله ورسوله فقال رسول الله صلى الله عليه وسلم: «أما يقول لا إله إلا الله؟» قالوا: الله ورسوله أعلم أما نحن فلا نرى وده ولا حديثه إلا إلى المنافقين فقال رسول الله صلى الله عليه وسلم: "" إن الله عز وجل حرم النار على من قال: لا إله إلا الله يبتغي بذلك وجه الله "" قال محمود: فحدثت هذا الحديث في مجلس فيه أبو أيوب الأنصاري بأرض الروم في غزوة يزيد بن معاوية فأنكر علي ذلك أبو أيوب فقال: ما أرى قال رسول الله صلى الله عليه وسلم هذا قط. قال محمود: فآليت إن الله ردني صالحا أن أسأل عتبان بن مالك عن هذا الحديث في مسجد قومه إن كان حيا، فأهللت من إيلياء بعمرة ثم قدمت المدينة فوجدت عتبان شيخا كبيرا أعمى يؤم قومه فانتسبت له فعرفني أو قال: سألته عن هذا الحديث قال: فحدثني كما حدثني أول مرة",0
Musnad at-Tayalisi,1921,UNGRADED,Prophets & Past Peoples,1338 - # حدثنا أبو داود قال: حدثنا إبراهيم بن سعد، عن الزهري، عن محمود بن الربيع، أنه «عقل مجة مجها النبي صلى الله عليه وسلم في دارهم» #,0
Musnad at-Tayalisi,1923,UNGRADED,Prophets & Past Peoples,1339 - # حدثنا يونس قال: حدثنا أبو داود قال: حدثنا هشام، عن قتادة، عن الحسن، عن جون بن قتادة، عن سلمة بن المحبق الهذلي، أن النبي صلى الله عليه وسلم قال: «دباغ الأديم ذكاته» #,0
Musnad at-Tayalisi,1925,UNGRADED,Prophets & Past Peoples,1340 - # حدثنا يونس قال: حدثنا أبو داود قال: حدثنا شعبة، عن أبي الفيض، قال: سمعت عبد الله بن مرة، يحدث عن أبي سعد الزرقي، أن رجلا، من أشجع سأل النبي صلى الله عليه وسلم عن العزل قال: «ما يقدر في الرحم يكن» #,0
Musnad at-Tayalisi,1929,UNGRADED,Prophets & Past Peoples,1342 - # حدثنا يونس، حدثنا أبو داود قال: حدثنا شعبة، قال: أخبرني يعلى بن عطاء، قال: سمعت عمارة بن حديد، يحدث عن صخر الغامدي، أن رسول الله صلى الله عليه وسلم قال: «اللهم بارك لأمتي في بكورها» قال: وكان رسول الله صلى الله عليه وسلم إذا بعث سرية بعثها من أول النهار وكان صخر رجلا تاجرا كان يرسل غلمانه من أول النهار فكثر ماله حتى كان لا يدري أين يضعه #,0
Musnad at-Tayalisi,1931,UNGRADED,Night & Voluntary Prayer; Prophets & Past Peoples,1343 - # حدثنا يونس قال: حدثنا أبو داود قال: حدثنا شعبة، عن يعلى بن عطاء، قال: سمعت جابر بن يزيد بن الأسود السوائي، يحدث عن أبيه، قال: صلى بنا رسول الله صلى الله عليه وسلم في مسجد الخيف بمنى صلاة الصبح فلما قضى صلاته إذا رجلان في مؤخر المسجد لم يصليا مع الناس فأتي بهما النبي صلى الله عليه وسلم ترعد فرائصهما فقال رسول الله صلى الله عليه وسلم: «ما منعكما أن تصليا معنا؟» قالا: يا رسول الله، صلينا في رحالنا فقال رسول الله صلى الله عليه وسلم: «فلا تفعلا إذا صليتما في رحالكما ثم أتيتما الإمام وهو يصلي فصليا معه فإنها لكما نافلة أو تطوع» #,0
Musnad at-Tayalisi,1932,UNGRADED,Adhan & the Mosque; Prophets & Past Peoples,1344 - # حدثنا أبو داود قال: حدثنا شعبة، عن يعلى بن عطاء، قال: سمعت جابر بن يزيد بن الأسود، يحدث عن أبيه، قال: «أتيت رسول الله صلى الله عليه وسلم وهو في مسجد الخيف فتناولت يده فإذا هي أطيب من ريح المسك وأبرد من الثلج» #,0
Musnad at-Tayalisi,1934,UNGRADED,Prophets & Past Peoples,"1345 - # حدثنا يونس قال: حدثنا أبو داود قال: حدثنا حماد بن سلمة، وحماد بن زيد، كلاهما عن سعيد الجريري، عن عبد الله بن شقيق العقيلي، عن عبد الله بن حوالة الأزدي، قال: أتيت رسول الله صلى الله عليه وسلم وهو في ظل دومة وكاتب يملي عليه فقال: «يا ابن حوالة ألا أكتبك؟» قلت: ما خار الله لي ورسوله فجعل يملي ويملي قال: ونظرت فإذا اسم أبي بكر وعمر رضي الله عنهما فعرفت أنهما لا يكتبان إلا في خير، قال لي: "" يا ابن حوالة: ألا أكتبك؟ "" قلت: بلى يا رسول الله، ثم قال: «يا ابن حوالة كيف أنت إذا نشأت فتنة القاعد فيها خير من القائم والقائم فيها خير من الماشي والماشي فيها خير من الساعي؟» قلت: ما خار الله لي ورسوله ثم",0
Musnad at-Tayalisi,1936,UNGRADED,Character & Manners; Day of Judgement,1346 - # حدثنا أبو داود قال: حدثنا حماد بن سلمة، وحماد بن زيد، عن الجريري، عن عبد الله بن شقيق عن عبد الله بن حوالة، قال: قال رسول الله صلى الله عليه وسلم ذات يوم: «تهجمون على رجل معتجر ببردة من أهل الجنة يبايع الناس» قال: فهجمنا على عثمان بن عفان رضي الله عنه معتجر ببردة يبايع الناس #,0
Musnad at-Tayalisi,1938,UNGRADED,Prophets & Past Peoples,1347 - # حدثنا يونس قال: حدثنا أبو داود قال: حدثنا غسان بن برزين، قال: حدثنا سيار بن سلامة الرياحي من بني تميم، عن البراء السليطي من بني عبس، عن نقادة الأسدي، أن رسول الله صلى الله عليه وسلم بعثه إلى رجل يستحمله في ناقة له فأبى فأتى رسول الله صلى الله عليه وسلم فأخبره فبعثه إلى رجل آخر يستحمله: فبعث إليه بناقة فجاء بها نقادة يقودها فلما نظر إليها رسول الله صلى الله عليه وسلم قال: «بارك الله فيها وفيمن بعث بها» قال نقادة: يا رسول الله، وفيمن جاء بها؟ فقال رسول الله: «وفيمن جاء بها» قال: فقدمت إلى رسول الله صلى الله عليه وسلم فحلبت فدرت فقال رسول الله صلى الله عليه وسلم: «اللهم أكثر مال فلان وولده» المانع الأول، وقال لصاحب الناقة: «اللهم اجعل رزق فلان يوما بيوم» #,0
Musnad at-Tayalisi,1940,UNGRADED,Prophets & Past Peoples,1348 - # حدثنا يونس، حدثنا أبو داود قال: حدثنا شعبة، عن عاصم الأحول، قال: سمعت أبا حاجب، يحدث عن رجل، من أصحاب النبي صلى الله عليه وسلم أن النبي صلى الله عليه وسلم «نهى أن يتوضأ من فضل وضوء المرأة» . هكذا حدثنا أبو داود، وقال عبد الصمد بن عبد الوارث: عن شعبة عن عاصم عن أبي حاجب عن الحكم بن عمرو #,0
Musnad at-Tayalisi,1942,UNGRADED,Prayer (Salah); Prophets & Past Peoples,1349 - # حدثنا أبو داود قال: حدثنا شعبة، عن قتادة، عن نصر بن عاصم، عن مالك بن الحويرث، قال: «كان النبي صلى الله عليه وسلم يرفع يديه إذا افتتح الصلاة وإذا ركع وإذا رفع رأسه من الركوع» #,0
Musnad at-Tayalisi,1944,UNGRADED,Prophets & Past Peoples,1350 - # حدثنا يونس قال: حدثنا أبو داود قال: حدثنا حرب بن شداد، عن يحيى بن أبي كثير، قال: حدثنا جعفر بن عمرو بن أمية، قال: حدثني أبي أنه، «رأى النبي صلى الله عليه وسلم يمسح على الخفين» #,0
Musnad at-Tayalisi,1945,UNGRADED,Prophets & Past Peoples,1351 - # حدثنا أبو داود قال: حدثنا إبراهيم بن سعد، عن الزهري، قال: حدثني جعفر بن عمرو بن أمية الضمري، عن أبيه، قال: «رأيت رسول الله صلى الله عليه وسلم يحتز من كتف شاة فصلى ولم يتوضأ» #,0
Musnad at-Tayalisi,1947,UNGRADED,Quran & Recitation; Prophets & Past Peoples,"1352 - # حدثنا أبو داود قال: حدثنا شعبة، والمسعودي، قالا: أنبأنا زياد بن علاقة، قال: سمعت قطبة بن مالك، يقول: "" صليت خلف رسول الله صلى الله عليه وسلم الصبح فقرأ بقاف، قرأ {والنخل باسقات} [ق: 10] "" قال المسعودي في حديثه: "" فلما قرأ {والنخل باسقات} [ق: 10] قلت في نفسي: ما بسوقها؟ "" #",0
Musnad at-Tayalisi,1949,UNGRADED,Prophets & Past Peoples,1353 - # حدثنا يونس قال: حدثنا أبو داود قال: حدثنا شعبة، عن أشعث بن أبي الشعثاء، قال: سمعت الأسود بن هلال، يحدث عن رجل من بني ثعلبة بن يربوع أن أناسا منهم أتوا رسول الله صلى الله عليه وسلم، وكانوا بنو ثعلبة أصابوا رجلا من أصحاب رسول الله صلى الله عليه وسلم، فقال رجل: يا رسول الله، هؤلاء بنو ثعلبة بن يربوع، قتلت فلانا، فقال رسول الله صلى الله عليه وسلم: «لا تجني نفس على أخرى» وذكر النبي صلى الله عليه وسلم الصدقة، فقال رسول الله صلى الله عليه وسلم: «يد المعطي العليا، أمك وأباك، وأختك وأخاك، ثم أدناك أدناك» هكذا قال شعبة عن رجل من بني ثعلبة وقال الثوري: عن ثعلبة بن زهدم #,0
Musnad at-Tayalisi,1951,UNGRADED,Day of Judgement; Prophets & Past Peoples,"1354 - # حدثنا أبو داود قال: حدثنا أبو الأشهب، عن عبد الرحمن بن طرفة، عن جده عرفجة بن أسعد أنه "" أصيب أنفه يوم الكلاب في الجاهلية فاتخذ أنفا من ورق فأنتن عليه فأمره النبي صلى الله عليه وسلم",0
Musnad at-Tayalisi,1954,UNGRADED,Bloodshed & Murder; Prophets & Past Peoples,1355 - # حدثنا أبو داود قال: حدثنا عمران القطان، عن قتادة، عن أبي مجلز، عن جندب بن عبد الله، أن رسول الله صلى الله عليه وسلم قال: «من قتل تحت راية عمية ينصر العصبة ويغضب للعصبة فقتيل جاهلية» #,0
Musnad at-Tayalisi,1960,UNGRADED,Prophets & Past Peoples,"1358 - # حدثنا يونس قال: حدثنا أبو داود قال: حدثنا عمران القطان، عن قتادة، عن نصر بن عاصم الليثي، عن معاوية الليثي، أن رسول الله صلى الله عليه وسلم قال: "" يصبح الناس مجدبين فيأتيهم الله برزق من عنده فيصبحون مشركين فيقولون: مطرنا بنوء كذا وكذا "" #",0
Musnad at-Tayalisi,1962,UNGRADED,Prophets & Past Peoples,"1359 - # حدثنا يونس قال: حدثنا أبو داود قال: حدثنا شعبة، قال: قال لي محمد بن المنكدر: ما اسمك؟ قلت: شعبة قال: حدثني أبو شعبة وكان لطيفا عن سويد بن مقرن، قال: لطم رجل غلاما له أو إنسانا فقال سويد: "" أما علمت أن الصورة محرمة؟ لقد رأيتني سابع سبعة إخوة على عهد رسول الله صلى الله عليه وسلم ما لنا إلا خادم فلطمه أحدنا فأمره رسول الله صلى الله عليه وسلم أن يعتقه #",0
Musnad at-Tayalisi,1964,UNGRADED,Prophets & Past Peoples,1360 - # حدثنا يونس قال: حدثنا أبو داود قال: حدثنا شعبة، عن أبي حمزة، سمعت هلالا المازني، يقول: سمعت سويد بن مقرن، يقول: «أتيت رسول الله صلى الله عليه وسلم بجرة انتبذ فيها فسألته عن ذلك فنهاني فكسرت الجرة» #,0
Musnad at-Tayalisi,1966,UNGRADED,Prophets & Past Peoples,1361 - # حدثنا يونس قال: حدثنا أبو داود قال: حدثنا شعبة، عن محمد بن المنكدر، عن رجل، عن حنظلة الأنصاري، أن رجلا سلم على رسول الله صلى الله عليه وسلم فلم يرد عليه حتى تمسح وقال: «لم يمنعني أن أرد عليك إلا أني لم أكن متوضئا» أو قال: لم يرد عليه حتى تمسح فرد عليه #,0
Musnad at-Tayalisi,1968,UNGRADED,Prophets & Past Peoples,"1362 - # حدثنا يونس قال: حدثنا أبو داود قال: حدثنا شعبة، عن خبيب بن عبد الرحمن، قال: سمعت حفص بن عاصم، يحدث عن أبي سعيد بن المعلى، أن رسول الله صلى الله عليه وسلم كان في المسجد وأنا أصلي، قال: فدعاني قال: فصليت ثم جئت فقال: "" ما منعك أن تجيبني حين دعوتك؟ أما سمعت الله تبارك وتعالى يقول: {يا أيها الذين آمنوا استجيبوا لله وللرسول إذا دعاكم لما يحييكم} [الأنفال: 24] ؟ لأعلمنك أعظم سورة في القرآن قبل أن أخرج من المسجد "" قال: فمشيت مع النبي صلى الله عليه وسلم حتى كدنا أن نبلغ باب المسجد فقلت: نسي فذكرته فقلت: يا رسول الله، إنك قلت لي كذا وكذا فقال رسول الله صلى الله عليه وسلم: «الحمد لله رب العالمين السبع المثاني والقرآن العظيم الذي أوتيته» #",0
Musnad at-Tayalisi,1970,UNGRADED,Prophets & Past Peoples,"1363 - # حدثنا يونس قال: حدثنا أبو داود قال: حدثنا عبد الله بن المبارك، قال: حدثنا صفوان بن عمرو السكسكي، عن أبي المثنى المليكي، عن عتبة بن عبد السلمي، وكانت له صحبة أن رسول الله صلى الله عليه وسلم قال: "" القتلى ثلاثة: رجل مؤمن خرج بنفسه وماله فلقي العدو فقاتل حتى يقتل فذلك الممتحن في خيمة الله تحت عرشه لا يفضله النبيون إلا بدرجة النبوة، ورجل مؤمن قرف على نفسه من الذنوب والخطايا لقي العدو فقاتل حتى يقتل فذلك مصمصة",0
Musnad at-Tayalisi,1973,UNGRADED,Prophets & Past Peoples,1364 - # حدثنا يونس قال: حدثنا داود قال: حدثنا شعبة، عن منصور، عن مجاهد، عن الحكم، أو أبي الحكم رجل من ثقيف عن أبيه، أن رسول الله صلى الله عليه وسلم «توضأ ونضح فرجه» #,0
Musnad at-Tayalisi,1976,UNGRADED,Day of Judgement; Prophets & Past Peoples,[ص: 600] # بشر بن مروان يرفع يديه في الدعاء يعني يوم الجمعة قال شعبة: فشتمه أو نال منه وقال زائدة: «قبح الله هاتين اليدين ما زاد رسول الله صلى الله عليه وسلم على هكذا وأشار» أبو داود بالسبابة #,0
Musnad at-Tayalisi,1978,UNGRADED,Prophets & Past Peoples,1366 - # حدثنا يونس قال: حدثنا أبو داود قال: حدثنا شريك، عن يعلى بن عطاء، عن عمرو بن الشريد الثقفي، عن أبيه، أن مجذوما أتى النبي صلى الله عليه وسلم ليبايعه فقال رسول الله صلى الله عليه وسلم: «قل له فليرجع فإني قد بايعته» #,0
Musnad at-Tayalisi,1979,UNGRADED,Prophets & Past Peoples,1367 - # حدثنا أبو داود قال: حدثنا عبد الله بن عبد الرحمن بن يعلى الطائفي، قال: وحدثني عمرو بن الشريد، عن أبيه، قال: استنشدني رسول الله صلى الله عليه وسلم مائة قافية من شعر أمية بن أبي الصلت كلما أنشدته قافية قال: «هيه» ثم قال رسول الله صلى الله عليه وسلم: «إن كاد,0
Musnad at-Tayalisi,1981,UNGRADED,Prophets & Past Peoples,1368 - # حدثنا أبو داود قال: حدثنا عبد الله بن عبد الرحمن، عن عمرو بن الشريد، عن أبيه، أن النبي صلى الله عليه وسلم قال: «المرء أولى بسقبه» قال: فقلت لعمرو: ما سقبه؟ قال شفعته #,0
Musnad at-Tayalisi,1983,UNGRADED,Women; Prophets & Past Peoples,1369 - # حدثنا يونس قال: حدثنا أبو داود قال: حدثنا هشام، عن قتادة، عن خلاس، عن عبد الله بن عتبة، قال: أتي ابن مسعود في امرأة توفي عنها زوجها ولم يدخل بها ولم يفرض لها فأبى أن يقول فيها شيئا فأتي فيها بعد شهر فقال: أقول فيه: «اللهم إن كان صوابا فمنك وإن كان خطأ فمني، لها صدقة إحدى نسائها ولها الميراث وعليها العدة» فقام رجل من أشجع فقال: قضى رسول الله صلى الله عليه وسلم فينا بذلك في بروع بنت واشق فقال: هلم شاهدين على هذا فشهد أبو سنان والجراح رجلان من أشجع #,0
Musnad at-Tayalisi,1985,UNGRADED,Prophets & Past Peoples,1370 - # حدثنا يونس قال: حدثنا أبو داود قال: حدثنا شعبة، عن منصور، قال: كتب إلي وقرأته عليه وقال لي: إذا كتبت إليك فقد حدثتك فقال: سمعت هلال بن يساف عن سلمة بن قيس الأشجعي قال: قال لي رسول الله صلى الله عليه وسلم: «إذا توضأت فانثر، وإذا استجمرت فأوتر» #,0
Musnad at-Tayalisi,1987,UNGRADED,Prophets & Past Peoples,1371 - # حدثنا يونس قال: حدثنا أبو داود قال: حدثنا شعبة، وورقاء، وسلام، وقيس، كلهم عن منصور، عن ربعي بن حراش، عن طارق، عن النبي صلى الله عليه وسلم قال: «إذا كنت في صلاة فلا تبزق تجاه وجهك ولا عن يمينك ولكن ابزق تجاه يسارك إذا كان فارغا وإلا فتحت قدمك» وقال قيس: «اليسرى» #,0
Musnad at-Tayalisi,1989,UNGRADED,"Prophets & Past Peoples; Time, Days & Nights",1372 - # حدثنا يونس قال: حدثنا أبو داود قال: حدثنا سليمان بن المغيرة، عن حميد بن هلال، عن خالد بن عمير، قال: خطبنا عتبة بن غزوان فقال في خطبته: «ألا وقد رأيتني لسابع سبعة مع رسول الله صلى الله عليه وسلم ما لنا طعام قريبا من شهر إلا ورق الشجر حتى قرحت أشداقنا منه» #,0
Musnad at-Tayalisi,1991,UNGRADED,Prophets & Past Peoples,1373 - # حدثنا يونس قال: حدثنا أبو داود قال: حدثنا شعبة، عن سماك بن حرب، قال: سمعت جابر بن سمرة السوائي، يقول: سمعت رسول الله صلى الله عليه وسلم يخطب وهو يقول: «إن بين يدي الساعة كذابين» فقال كلمة لم أفهمها فقلت لأبي: ما قال؟ قال: «فاحذروهم» #,0
Musnad at-Tayalisi,1994,UNGRADED,Prophets & Past Peoples,1375 - # حدثنا يونس قال: حدثنا أبو داود قال: حدثنا شعبة، عن يزيد بن خمير، قال: سمعت عبد الله بن بسر السلمي، قال: أتانا رسول الله صلى الله عليه وسلم فألقت له أمي قطيفة فجلس عليها فأتته بتمر فجعل يأكل ويقول بالنوى هكذا - ولوى أبو داود أصبعيه السبابة والوسطى - كما يرمي بالنواة فوق أصبعه ثم دعا بشراب فشرب ثم سقى الذي عن يمينه فقالت أمي: يا رسول الله، ادع الله لنا فقال النبي صلى الله عليه وسلم: «اللهم بارك لهم فيما رزقتهم واغفر لهم وارحمهم» #,0
Musnad at-Tayalisi,1996,UNGRADED,Prophets & Past Peoples,1376 - # حدثنا يونس قال: حدثنا أبو داود قال: حدثنا شعبة، عن قيس بن مسلم، عن طارق بن شهاب، قال: «رأيت رسول الله صلى الله عليه وسلم وغزوت في خلافة أبي بكر في السرايا وغيرها» #,0
Musnad at-Tayalisi,1997,UNGRADED,Prophets & Past Peoples,1377 - # حدثنا يونس قال: حدثنا أبو داود قال: حدثنا شعبة، عن مخارق، قال: سمعت طارق بن شهاب، يقول: قدم وفد بجيلة على النبي صلى الله عليه وسلم فقال: «ابدءوا بالأحمسيين» ودعا لنا #,0
Musnad at-Tayalisi,1999,UNGRADED,Prophets & Past Peoples,1378 - # حدثنا يونس قال: حدثنا أبو داود قال: حدثنا شعبة، عن ابن أبي السفر، قال: سمعت الشعبي، يحدث عن عروة بن مضرس بن أوس بن لام، قال: أتيت رسول الله صلى الله عليه وسلم بجمع فقلت: هل لي من حج؟ فقال: «من صلى معنا هذه الصلاة ووقف معنا هذا الموقف حتى يفيض، أفاض قبل ذلك من عرفات ليلا أو نهارا تم حجه وقضى تفثه» #,0
Musnad at-Tayalisi,2001,UNGRADED,Prophets & Past Peoples,1379 - # حدثنا يونس قال: حدثنا أبو داود قال: حدثنا وهيب بن خالد، عن خالد الحذاء، عن عبد الله بن شقيق، عن رجل من أصحاب النبي صلى الله عليه وسلم يقال له ابن أبي الجدعاء قال: سمعت رسول الله صلى الله عليه وسلم يقول: «ليدخلن الجنة بشفاعة رجل من أمتي أكثر من بني تميم» #,0
Musnad at-Tayalisi,2003,UNGRADED,Prophets & Past Peoples,"1380 - # حدثنا يونس قال: حدثنا أبو داود قال: حدثنا شعبة، عن عبد الملك بن عمير، عن عطية القرظي، قال: كنت في سبي قريظة فأمر رسول الله صلى الله عليه وسلم بمن أنبت أن يقتل فكنت فيمن لم ينبت فتركت "" #",0
Musnad at-Tayalisi,2005,UNGRADED,Prophets & Past Peoples,1381 - # حدثنا يونس قال: حدثنا أبو داود قال: حدثنا محمد بن أبان، عن السدي، عن رفاعة بن شداد، قال: حدثني عمرو بن الحمق، أن رسول الله صلى الله عليه وسلم قال: «إذا أمن الرجل الرجل على نفسه ثم قتله فأنا بريء من القاتل وإن كان المقتول كافرا» #,0
Musnad at-Tayalisi,2006,UNGRADED,Day of Judgement,1382 - # حدثنا أبو داود قال: حدثنا قرة بن خالد، عن عبد الملك بن عمير، عن رفاعة بن شداد، قال: كنت أبطن شيء بالمختار يعني الكذاب قال: فدخلت عليه ذات يوم فقال: دخلت وقد قام جبريل قبل من هذا الكرسي قال: فأهويت إلى قائم سيفي فقلت: ما أنتظر أن أمشي بين رأس هذا وجسده حتى ذكرت حديثا حدثنيه عمرو بن الحمق أن النبي صلى الله عليه وسلم قال: «إذا أمن الرجل الرجل على دمه ثم قتله رفع له لواء الغدر يوم القيامة» فكففت عنه #,0
Musnad at-Tayalisi,2008,UNGRADED,Prophets & Past Peoples,1383 - # حدثنا يونس قال: حدثنا أبو داود قال: حدثنا شعبة، عن الحسن بن عمران، عن ابن عبد الرحمن بن أبزى، عن أبيه، قال: «صليت خلف النبي صلى الله عليه وسلم فكان لا يتم التكبير» #,0
Musnad at-Tayalisi,2012,UNGRADED,Prophets & Past Peoples,1385 - # حدثنا أبو داود قال: حدثنا شعبة، عن أبي إسحاق، قال: سمعت سليمان بن صرد، أن النبي صلى الله عليه وسلم قال يوم الأحزاب: «الآن نغزوهم ولا يغزونا» #,0
Musnad at-Tayalisi,2014,UNGRADED,Prophets & Past Peoples,1386 - # حدثنا يونس قال: حدثنا أبو داود قال: حدثنا سفيان بن عيينة، عن الزهري، عن عروة بن الزبير، عن كرز بن علقمة، قال: قال رجل: يا رسول الله، هل للإسلام من مدة أو منتهى ينتهي إليه؟ قال: «نعم وايم الله ما من أهل بيت من العرب والعجم أراد الله بهم خيرا إلا أدخل عليهم الإسلام» قال: ثم مه؟ قال: «ثم تقع الفتن كأنها الظلم» فقال الرجل: كلا إن شاء الله فقال: «بلى والذي نفسي بيده تعودون أساود صبا يضرب بعضكم رقاب بعض» #,0
Musnad at-Tayalisi,2016,UNGRADED,Prophets & Past Peoples,1387 - # حدثنا يونس قال: حدثنا أبو داود قال: حدثنا هشام الدستوائي، عن يحيى بن أبي كثير، عن هلال بن أبي ميمونة، عن عطاء بن يسار، عن رفاعة بن عرابة الجهني، قال: كنا مع رسول الله صلى الله عليه وسلم حتى إذا كنا بالكديد أو قال: بقديد جعل رجال منا يستأذنون إلى أهليهم فيأذن لهم فحمد الله وقال خيرا ثم قال: «ما بال شق الشجرة التي تلي رسول الله صلى الله عليه وسلم أبغض إليكم من الشق الآخر» فلم تر عند ذلك من القوم إلا باكيا فقال رجل: يا رسول الله، إن الذي يستأذنك بعد هذا لسفيه قال: فحمد الله وقال خيرا وقال: «أشهد عند الله لا يموت عبد يشهد أن لا إله إلا الله,0
Musnad at-Tayalisi,2018,UNGRADED,Night & Voluntary Prayer; Prophets & Past Peoples,1388 - # حدثنا أبو داود قال: حدثنا هشام، عن يحيى، عن هلال بن أبي ميمونة، عن عطاء بن يسار، عن رفاعة الجهني، قال: قال رسول الله صلى الله عليه وسلم: إذا مضى ثلث الليل - أو قال: ثلثا الليل - ينزل الله عز وجل إلى سماء الدنيا وقال: لا أسأل عن عبادي أحدا غيري من,0
Musnad at-Tayalisi,2021,UNGRADED,Prophets & Past Peoples,1389 - # حدثنا يونس قال: حدثنا أبو داود قال: حدثنا شعبة، عن الحكم، عن عبد الرحمن بن أبي ليلى، عن عبد الله بن عكيم، قال: قرئ علينا كتاب رسول الله صلى الله عليه وسلم ونحن بأرض جهينة: «أن لا تستمتعوا من الميتة بشيء إهاب ولا عصب» #,0
Musnad at-Tayalisi,2024,UNGRADED,Other Narrations,[ص: 625] # بن سعيد، عن قتادة، عن يزيد بن عبد الله بن الشخير، عن أبي مسلم الجذمي، عن الجارود، قال: قال رسول الله صلى الله عليه وسلم: «ضالة المسلم حرق النار» #,0
Musnad at-Tayalisi,2027,UNGRADED,Prayer (Salah); Adhan & the Mosque,[ص: 627] # داود قال: حدثنا أبو عوانة، عن أبي بشر، عن عبد الله بن شقيق عن رجاء، عن محجن، قال: أخذ محجن بيدي حتى انتهينا إلى مسجد البصرة فإذا بريدة الأسلمي قاعد على باب من أبواب المسجد وفي المسجد رجل يقال له: سكبة يطيل الصلاة قال: وكان في بريدة مزاحة قال بريدة: يا محجن ألا تصلي كما يصلي سكبة فلم يرد عليه محجن شيئا وقال لي محجن: أخذ بيدي رسول الله صلى الله عليه وسلم حتى صعدنا أحدا فأشرف على المدينة وقال: «ويل لأمها من قرية يدعها أهلها أعمر ما كانت، يجيء الدجال فيجد على كل باب منها ملكا مصلتا فلا يدخلها» #,0
Musnad at-Tayalisi,2028,UNGRADED,Character & Manners; Prophets & Past Peoples,1392 - # حدثنا أبو داود قال: حدثنا أبو عوانة، عن أبي بشر، عن عبد الله بن شقيق، عن رجاء، عن محجن، قال: أخذ رسول الله صلى الله عليه وسلم بيدي حتى انتهينا إلى سدة المسجد فإذا رجل يركع ويسجد ويركع ويسجد فقال لي: «من هذا؟» فقلت: هذا فلان فجعلت أطريه وأقول: هذا هذا فقال لي رسول الله صلى الله عليه وسلم: «لا تسمعه فتهلكه» ثم انطلق بي حتى بلغ باب حجرة ثم أرسل يده من يدي فقال رسول الله صلى الله عليه وسلم: «خير دينكم أيسره» قالها ثلاثا #,0
Musnad at-Tayalisi,2030,UNGRADED,Prophets & Past Peoples,1393 - # حدثنا يونس قال: حدثنا أبو داود قال: حدثنا شعبة، قال: حدثنا أبو شمر، قال: سمعت عائذ بن عمرو المزني، صاحب رسول الله صلى الله عليه وسلم يقول: «نهى رسول الله صلى الله عليه وسلم عن الدباء والحنتم والنقير والمزفت» قال: قلت: أعن النبي صلى الله عليه وسلم؟ قال: عن النبي صلى الله عليه وسلم #,0
Musnad at-Tayalisi,2032,UNGRADED,Prophets & Past Peoples,1394 - # حدثنا يونس، حدثنا أبو داود قال: حدثنا شعبة، عن إسماعيل بن أبي خالد، عن قيس بن أبي حازم، قال: «كان رسول الله صلى الله عليه وسلم يخطب فرأى أبي في الشمس فأمره - أو أومأ إليه - أن ادن إلى الظل» #,0
Musnad at-Tayalisi,2034,UNGRADED,Prophets & Past Peoples,1395 - # حدثنا يونس قال: حدثنا أبو داود قال: حدثنا شعبة، عن حبيب بن أبي ثابت، سمع نافع بن جبير بن مطعم، عن بشر بن سحيم، أن النبي صلى الله عليه وسلم «أمره أن ينادي بمنى أن لا يدخل الجنة إلا نفس مسلمة وأن هذه أيام أكل وشرب» #,0
Musnad at-Tayalisi,2036,UNGRADED,Prophets & Past Peoples,1396 - # حدثنا يونس، حدثنا أبو داود قال: حدثنا زهير بن محمد التميمي، عن يحيى بن سعيد الأنصاري، عن محمد بن إبراهيم القرشي، أن أبا حدرد استعان رسول الله صلى الله عليه وسلم في نكاح فقال: «كم أصدقت؟» قال: مائتي درهم قال: «لو كنتم تغرفون من بطحان ما زدتم» #,0
Musnad at-Tayalisi,2038,UNGRADED,Prophets & Past Peoples,1397 - # حدثنا يونس قال: حدثنا أبو داود قال: حدثنا ابن أبي ذئب، عمن سمع عروة بن الزبير يحدث عن الحجاج بن الحجاج الأسلمي أن رجلا قال: يا رسول الله، ما يذهب عني مذمة الرضاع؟ قال: «غرة عبد أو أمة» #,0
Musnad at-Tayalisi,2041,UNGRADED,Prophets & Past Peoples,[ص: 635] # ذئب، عن عبد الله بن السائب، عن جده، قال: قال رسول الله صلى الله عليه وسلم: «لا يأخذن أحدكم متاع صاحبه لاعبا جادا وإذا أخذ أحدكم عصا صاحبه فليردها عليه» قال أبو بشر: هكذا هو في كتابي عن أبي داود والناس يقولون: عن ابن أبي ذئب عن عبد الله بن السائب عن أبيه عن جده #,0
Musnad at-Tayalisi,2043,UNGRADED,Prophets & Past Peoples,"1399 - # حدثنا يونس قال: حدثنا أبو داود قال: حدثنا شعبة، أنبأنا أبو إسحاق قال: سمعت أبا الأحوص، يقول: أتى أبي النبي صلى الله عليه وسلم - وربما قال: عن أبيه أنه أتى النبي صلى الله عليه وسلم - فرآه قشف الهيئة فقال: «هل لك من مال؟» قلت: نعم قال: «من أي المال؟» قلت: من كل المال من الإبل والرقيق والخيل والغنم قال: «فإذا آتاك الله مالا فلير عليك أثره» ثم قال: "" هل تنتج إبل أهلك صحاحا آذانها فتعمد إلى موسى فتقطع آذانها فتقول: هذه بحر، وتشقها أو تشق جلودها فتقول: هذه صرم وتحرمها عليك",0
Musnad at-Tayalisi,2045,UNGRADED,Prophets & Past Peoples,1400 - # حدثنا أبو داود قال: حدثنا شعبة، عن أبي إسحاق، عن أبي الأحوص، عن أبيه، أنه أتى النبي صلى الله عليه وسلم فقال: يا رسول الله، رجل,0
Musnad at-Tayalisi,2048,UNGRADED,Prophets & Past Peoples,1401 - # حدثنا يونس قال: حدثنا أبو داود قال: حدثنا شعبة، عن عبيد بن الحسن، قال: سمعت عبد الله بن معقل يحدث عن عبد الله بن بسر، عن ناس من مزينة الظاهرة أن أبجر أو ابن أبجر سأل النبي صلى الله عليه وسلم فقال: يا رسول الله، لم يبق من مالي إلا حمري فقال رسول الله صلى الله عليه وسلم: «أطعم أهلك من سمين مالك فإنما كرهت لهم جوال القرية» #,0
Musnad at-Tayalisi,2050,UNGRADED,Prophets & Past Peoples,1402 - # حدثنا يونس قال: حدثنا أبو داود قال: حدثنا سليمان بن معاذ، عن عمران بن مسلم، عن يزيد بن مرة، عن سلمة بن يزيد الجعفي، قال: سألت النبي صلى الله عليه وسلم فقلت: إن أمي ماتت وكانت تقري الضيف وتطعم الجار واليتيم وكانت وأدت وأدا في الجاهلية ولي سعة,0
Musnad at-Tayalisi,2051,UNGRADED,Character & Manners; Theft & Property,[ص: 641] # من مال أفينفعها أن أتصدق عنها؟ فقال رسول الله صلى الله عليه وسلم: «لا ينفع الإسلام إلا من أدركه إنها وما وأدت في النار» قال: فرأى ذلك قد شق علي فقال: «وأم محمد معها ما فيهما من خير» #,0
Musnad at-Tayalisi,2052,UNGRADED,Prophets & Past Peoples,1403 - # حدثنا أبو داود قال: حدثنا شيبان، عن جابر، عن يزيد بن مرة، عن سلمة بن يزيد الجعفي، قال: سمعت رسول الله صلى الله عليه وسلم يقول في قول الله تبارك وتعالى: {إنا أنشأناهن إنشاء فجعلناهن أبكارا عربا أترابا} [الواقعة: 36] قال: «من الثيب وغير الثيب» #,0
Musnad at-Tayalisi,2053,UNGRADED,Prophets & Past Peoples,1404 - # حدثنا أبو داود قال: حدثنا حرب بن شداد، عن يحيى بن أبي كثير، عن نحاز بن جدي الجعفي، عن سنان بن سلمة أنه حدثه عن أبيه، قال: «كنا مع رسول الله صلى الله عليه وسلم فأمر بقدور فأكفئت وكان فيها لحوم حمر الأهلية» #,0
Musnad at-Tayalisi,2055,UNGRADED,Prophets & Past Peoples,1405 - # حدثنا يونس قال: حدثنا أبو داود قال: حدثنا شعبة، عن بكير بن عطاء، قال: سمعت عبد الرحمن بن يعمر، يقول: شهدت النبي صلى الله عليه وسلم يقول: «الحج عرفة، الحج عرفات من أدرك عرفة قبل أن يطلع الفجر فقد أدرك الحج أو تم حجه» #,0
Musnad at-Tayalisi,2056,UNGRADED,Hajj & Umrah; Prophets & Past Peoples,1406 - # حدثنا أبو داود قال: حدثنا شعبة، عن بكير بن عطاء، قال: سمعت عبد الرحمن بن يعمر، يقول: شهدت النبي صلى الله عليه وسلم يقول: «أيام منى ثلاثة أيام من تعجل في يومين فلا إثم عليه ومن تأخر فلا إثم عليه» #,0
Musnad at-Tayalisi,2058,UNGRADED,Prophets & Past Peoples,1407 - # حدثنا يونس قال: حدثنا أبو داود قال: حدثنا شعبة، عن أبي إسحاق، عن بشر بن حزن النصري، قال: افتخر أصحاب الإبل والغنم عند النبي صلى الله عليه وسلم فقال النبي صلى الله عليه وسلم: «بعث داود عليه السلام وهو راعي غنم وبعث موسى وهو راعي غنم وبعثت أنا وأنا أرعى غنما لأهلي بجياد» #,0
Musnad at-Tayalisi,2060,UNGRADED,Prophets & Past Peoples,1408 - # حدثنا يونس قال: حدثنا أبو داود قال: حدثنا همام، عن عطاء بن السائب، عن حكيم بن أبي يزيد، عن أبيه، قال: قال رسول الله صلى الله عليه وسلم: «دعوا الناس يصيب بعضهم من بعض فإذا استشار أحدكم أخاه فلينصحه» #,0
Musnad at-Tayalisi,2062,UNGRADED,Prophets & Past Peoples,1409 - # حدثنا يونس قال: حدثنا أبو داود قال: حدثنا الأسود بن شيبان، عن أبي نوفل بن أبي عقرب، قال: سأل أبي رسول الله صلى الله عليه وسلم عن الصوم، فقال رسول الله صلى الله عليه وسلم: «صم يوما من الشهر» فقال: يا رسول الله، زدني زدني قال: «صم يوما من الشهر» فقال: يا رسول الله، زدني زدني فقال رسول الله صلى الله عليه وسلم: «صم يوما من الشهر» فقال: يا رسول الله، إن بي قوة فزدني فقال رسول الله صلى الله عليه وسلم: «صم يومين من الشهر» فقال يا رسول الله، إن بي قوة فزدني حتى ظننت أنه لن يزيدني فقال رسول الله صلى الله عليه وسلم: «صم ثلاثة,0
Musnad at-Tayalisi,2065,UNGRADED,Prophets & Past Peoples,1410 - # حدثنا يونس قال: حدثنا أبو داود قال: حدثنا عبد العزيز بن أبي سلمة، قال: حدثنا عبد الله بن الفضل الهاشمي، عن سليمان بن يسار، عن عبيد الله بن عدي بن الخيار، قال: أقبلنا من الروم فلما قربنا من حمص قلنا: لو مررنا بوحشي فسألناه عن قتل حمزة فلقينا رجلا فذكرنا ذلك له فقال: هو رجل قد غلبت عليه الخمر فإن أدركتماه وهو صاح لم تسألاه عن شيء إلا أخبركما وإن أدركتماه شاربا فلا تسألاه فانطلقنا حتى انتهينا إليه قد ألقي له شيء على بابه وهو جالس صاح فقال: ابن الخيار؟ قلت: نعم ما رأيتك منذ حملتك إلي أمك بذي طوى إذ وضعتك فرأيت قدميك فعرفتهما قال: قلت: جئناك نسألك عن قتل حمزة فقال: سأحدثكما كما حدثت رسول الله صلى الله عليه وسلم حين سألني، كنت عبدا لآل مطعم,0
Musnad at-Tayalisi,2066,UNGRADED,Children & Upbringing; Day of Judgement,[ص: 650] # فقال لي ابن أخي مطعم: إن أنت قتلت حمزة بعمي فأنت حر فانطلقت يوم أحد معي حربتي وأنا رجل من الحبشة ألعب بها لعبهم فخرجت يومئذ ما أريد أن أقتل أحدا ولا أقاتله إلا حمزة فخرجت فإذا أنا بحمزة كأنه بعير أورق ما يرفع له أحد إلا قمعه بالسيف فهبته وبادر إليه رجل من ولد سباع فسمعت حمزة يقول: إلي يا ابن مقطعة البظور فشد عليه فقتله وجعلت ألوذ منه فلذت بشجرة ومعي حربتي حتى إذا استمكنت منه هززت الحربة حتى رضيت منها ثم أرسلتها فوقعت بين ثندوتيه وذهب ليقوم فلم يستطع فقتلته ثم أخذت حربتي ما قتلت أحدا ولا قاتلته فلما جئته عتقت فلما قدم رسول الله صلى الله عليه وسلم أردت الهرب منه أريد الشام فأتاني رجل فقال: ويحك يا وحشي والله ما يأتي محمدا أحد فيشهد بشهادته إلا خلى عنه فانطلقت فما شعر بي إلا وأنا قائم على رأسه أشهد بشهادة الحق فقال: «أوحشي؟» قلت: نعم وحشي قال: «ويحك,0
Musnad at-Tayalisi,2067,UNGRADED,Character & Manners,[ص: 651] # حدثني عن قتل حمزة» فأنشأت أحدثه كما حدثتكما فقال: «ويحك يا وحشي غيب عني وجهك فلا أراك» فكنت أتقي أن يراني رسول الله صلى الله عليه وسلم وقبض الله نبيه عليه السلام فلما كان من أمر مسيلمة ما كان وانبعث إليه البعث انبعثت معه وأخذت حربتي فالتقينا فبادرته أنا ورجل من الأنصار فربك أعلم أينا قتله فإن كنت قتلته فقد قتلت خير الناس وشر الناس، فقال سليمان بن يسار: سمعت ابن عمر يقول: كنت في الجيش يومئذ فسمعت قائلا يقول في مسيلمة: قتله العبد الأسود #,0
Musnad at-Tayalisi,2069,UNGRADED,Prophets & Past Peoples,"1411 - # حدثنا يونس قال: حدثنا أبو داود قال: حدثنا حماد بن سلمة، عن ثابت، عن عبد الرحمن بن أبي ليلى، عن صهيب، قال: تلا رسول الله صلى الله عليه وسلم هذه الآية {للذين أحسنوا الحسنى وزيادة} [يونس: 26] قال: "" إذا دخل أهل الجنة الجنة نادى مناد: يا أهل الجنة إن لكم عند الله موعودا فيقولون: وما هو؟ أليس قد بيض وجوهنا وثقل موازيننا وأدخلنا الجنة؟ فيقال لهم ذلك ثلاثا "" قال: «فيتجلى لهم تبارك وتعالى فينظرون إليه فيكون ذلك عندهم أعظم مما أعطوا» #",0
Musnad at-Tayalisi,2071,UNGRADED,Prophets & Past Peoples,1412 - # حدثنا يونس قال: حدثنا داود قال: حدثنا شعبة، عن قتادة، قال: سمعت صالحا أبا الخليل، يحدث عن عبد الله بن الحارث، عن حكيم بن حزام، قال: قال رسول الله صلى الله عليه وسلم: «البيعان بالخيار حتى يتفرقا فإن صدقا وبينا بورك لهما في بيعهما وإن كذبا وكتما محق بركة بيعهما»,0
Musnad at-Tayalisi,2073,UNGRADED,Prophets & Past Peoples,1413 - # حدثنا أبو داود قال: حدثنا همام، عن قتادة، عن صالح، عن عبد الله بن الحارث، عن حكيم بن حزام، عن النبي صلى الله عليه وسلم مثل هذا قال أبو داود: وقال همام: حدثنا أبو التياح قال: سمعت عبد الله بن الحارث يحدث عن حكيم بن حزام عن النبي صلى الله عليه وسلم مثل هذا #,0
Musnad at-Tayalisi,2074,UNGRADED,Character & Manners; Prophets & Past Peoples,1414 - # حدثنا أبو داود قال: حدثنا ابن أبي ذئب، عن مسلم بن جندب، عن حكيم بن حزام، قال: سألت رسول الله صلى الله عليه وسلم فألحفت في المسألة فقال: «ما أنكر مسألتك يا حكيم إن هذا المال حلو خضر أوساخ أيدي الناس وإن يد الله العليا ويد المعطي فوق المعطى وأسفل الأيدي يد المعطى» #,0
Musnad at-Tayalisi,2076,UNGRADED,Trade & Business; Prophets & Past Peoples,[ص: 655] # كثير، عن يوسف بن ماهك، عن عبد الله بن عصمة، عن حكيم بن حزام، قال: قلت: يا رسول الله، إني أشتري بيوعا ما يحل لي مما يحرم علي؟ فقال لي: «إذا بعت بيعا فلا تبعه حتى تقبضه» #,0
Musnad at-Tayalisi,2078,UNGRADED,Prophets & Past Peoples,1416 - # حدثنا يونس قال: حدثنا أبو داود قال: حدثنا شعبة، عن قتادة، قال: سمعت أبا المليح الهذلي، يحدث عن أبيه، قال: كنت مع رسول الله صلى الله عليه وسلم في بيت فسمعته يقول: «إن الله تبارك وتعالى لا يقبل صلاة بغير طهور ولا صدقة من غلول» #,0
Musnad at-Tayalisi,2079,UNGRADED,Prophets & Past Peoples; Travel & Migration,1417 - # حدثنا أبو داود قال: حدثنا عباد بن منصور، عن أبي المليح الهذلي، عن أبيه، قال: كنا مع رسول الله صلى الله عليه وسلم في سفر,0
Musnad at-Tayalisi,2082,UNGRADED,Prophets & Past Peoples,1418 - # حدثنا يونس قال: حدثنا أبو داود قال: حدثنا شعبة، عن قتادة، سمع زرارة، يحدث عن أبي بن مالك، أن النبي صلى الله عليه وسلم قال: «من أدرك والديه أو أحدهما ثم دخل النار فأبعده الله» #,1
Musnad at-Tayalisi,2086,UNGRADED,Prophets & Past Peoples,1420 - # حدثنا يونس قال: حدثنا أبو داود قال: حدثنا شعبة، عن قتادة، عن عطاء، عن يعلى بن منية، أن النبي صلى الله عليه وسلم رأى رجلا عليه جبة عليها أثر خلوق أو صفرة فقال: «اخلعها عنك واجعل في عمرتك ما تجعل في حجك» قال قتادة: وقلت لعطاء: كنا نسمع أن قال: شقها، قال: هذا فساد والله لا يحب الفساد #,0
Musnad at-Tayalisi,2087,UNGRADED,Prophets & Past Peoples,1421 - # حدثنا أبو داود قال: حدثنا شعبة، عن الحكم، عن مجاهد، عن يعلى بن منية أو ابن أمية قال: قاتل رجلان فعض أحدهما الآخر فانتزع يده من فيه فقلع ثنيته فخاصمه إلى النبي صلى الله عليه وسلم فقال: «يعض أحدكم أخاه كما يعض البكر» فأطلها قال الحكم: أتدري ما أطلها؟ قلت: أبطلها؟ قال: نعم #,0
Musnad at-Tayalisi,2089,UNGRADED,Prophets & Past Peoples,1422 - # حدثنا يونس قال: حدثنا أبو داود قال: حدثنا حماد بن زيد، عن أيوب، عن أبي المليح الهذلي، عن أبي عزة، أن النبي صلى الله عليه وسلم قال: «إذا أراد الله قبض عبد بأرض جعل له بها حاجة» #,0
Musnad at-Tayalisi,2091,UNGRADED,Prophets & Past Peoples; Justice & Judgement; Day of Judgement,1423 - # حدثنا يونس قال: حدثنا أبو داود قال: حدثنا صدقة بن موسى، قال: حدثنا أبو عمران الجوني، عن زيد بن قيس أو قيس بن زيد عن قاضي المصرين شريح عن عبد الرحمن بن أبي بكر، أن النبي صلى الله عليه وسلم قال: إن الله تبارك وتعالى يدعو صاحب الدين يوم القيامة فيقول: «يا ابن آدم فيم أضعت حقوق الناس؟ فيم أذهبت أموالهم؟» فيقول: يا رب لم أفسده ولكن أصبت إما غرقا وإما حرقا فيقول عز وجل: «أنا أحق من قضى عنك اليوم» فترجح حسناته على سيئاته فيؤمر به إلى الجنة #,0
Musnad at-Tayalisi,2093,UNGRADED,Prophets & Past Peoples,"1424 - # حدثنا يونس قال: حدثنا أبو داود قال: حدثنا حماد بن سلمة، وحماد بن زيد، عن هارون بن رئاب الأسيدي، عن كنانة بن نعيم العدوي، عن قبيصة بن مخارق الهلالي، قال: تحملت حمالة فقدمت على رسول الله صلى الله عليه وسلم أسأله فيها فقال: «أقم يا قبيصة حتى تأتينا الصدقة فنأمر لك بها» ثم قال: "" يا قبيصة إن المسألة لا تحل إلا لإحدى ثلاث رجل تحمل حمالة فسأل فيها حتى يصيبها ثم يمسك، ورجل أصابته جائحة اجتاحت ماله فسأل حتى يصيب سدادا من عيش - أو قال قواما من عيش - ثم يمسك، ورجل أصابته حاجة شديدة فقام ثلاثة من ذوي الحجا من قومه فقالوا: قد",0
Musnad at-Tayalisi,2096,UNGRADED,Prophets & Past Peoples,1425 - # حدثنا يونس قال: حدثنا أبو داود قال: حدثنا أبو عوانة، عن أبي مالك الأشجعي، قال: قلت لأبي: يا أبه أليس قد صليت خلف رسول الله صلى الله عليه وسلم وخلف أبي بكر وخلف عمر؟ قال: بلى فقلت: أفكانوا يقنتون في الفجر؟ قال: «يا بني محدثة» #,0
Musnad at-Tayalisi,2098,UNGRADED,Prophets & Past Peoples,1426 - # حدثنا يونس قال: حدثنا أبو داود قال: حدثنا قيس، قال: حدثنا محمد بن علي، عن أبي حازم الغفاري، قال: حدثني مولاي أبو رهم، قال: حضرت حنينا أنا وأخي، ومعنا فرسان «فأسهم النبي صلى الله عليه وسلم لنا أربعة أسهم ولي ولأخي سهمين» فبعنا سهمين من حنين ببكرين #,0
Musnad at-Tayalisi,2102,UNGRADED,Justice & Judgement,1429 - # حدثنا أبو داود قال: حدثنا عبد العزيز بن أبي سلمة، عن الزهري، عن عبيد الله بن عبد الله بن عتبة، عن زيد بن خالد الجهني، قال: «شهدت رسول الله صلى الله عليه وسلم قضى فيمن زنى ولم يحصن جلد مائة وتغريب عام» #,0
Musnad at-Tayalisi,2107,UNGRADED,Prophets & Past Peoples,1433 - # حدثنا يونس قال: حدثنا أبو داود قال: حدثنا أبو بكر الحناط، قال: حدثنا يحيى بن هانئ بن عروة بن قعاص، عن أبي حذيفة، عن عبد الملك بن علقمة أبي علقمة الثقفي، أن وفد ثقيف قدموا على رسول الله صلى الله عليه وسلم فأهدوا إليه هدية فقال: «أصدقة أم هدية؟ فإن الصدقة يبتغى بها وجه الله وإن الهدية يبتغى بها وجه الرسول وقضاء الحاجة» فسألوه فما زالوا يسألونه حتى ما صلوا الظهر إلا مع العصر #,0
Musnad at-Tayalisi,2109,UNGRADED,Prophets & Past Peoples,1434 - # حدثنا يونس قال: حدثنا أبو داود قال: حدثنا حماد بن زيد، عن أيوب، عن ابن أبي مليكة، عن عقبة بن الحارث، قال: تزوجت بنت أبي إهاب على عهد رسول الله صلى الله عليه وسلم فجاءت أمة سوداء فذكرت أنها قد أرضعتنا جميعا فأتيت رسول الله صلى الله عليه وسلم فذكرت ذلك له وقلت: يا رسول الله، إنها كاذبة فقال رسول الله صلى الله عليه وسلم: «فكيف وقد قيل» ثم عاودته الثانية فقال مثل ذلك ثم عاودته الثالثة فقال: «دعها عنك» #,0
Musnad at-Tayalisi,2111,UNGRADED,Prophets & Past Peoples,1435 - # حدثنا يونس قال: حدثنا أبو داود قال: حدثنا أيمن بن نابل المكي، قال: سمعت قدامة بن عبد الله، يقول: «رأيت رسول الله صلى الله عليه وسلم يرمي الجمرة يوم النحر على ناقة صهباء لا ضرب ولا طرد ولا إليك إليك» #,0
Musnad at-Tayalisi,2113,UNGRADED,Prophets & Past Peoples,1436 - # حدثنا يونس قال: حدثنا أبو داود قال: حدثنا ابن أبي ذئب، عن الحارث بن عبد الرحمن، قال: كنا عند أبي سلمة بن عبد الرحمن فجاء عبد الله بن طخفة الغفاري فقال له أبو سلمة: حدثنا حديث أبيك فقال: نعم حدثني أبي أن الضيفان كثروا عند رسول الله صلى الله عليه وسلم فجعل الرجل يأخذ بيد ضيفه وجعل الرجل يأخذ بيد ضيفه، فانطلق بنا رسول الله صلى الله عليه وسلم إلى رحله فقال: «يا عائشة أعندك شيء؟» قالت: نعم حيسة صنعتها لرسول الله صلى الله عليه وسلم قال: «فهاتيها» قال: فأتي بها فأكلنا حتى ما ننظر إليها ثم قال: «يا عائشة أعندك شراب تسقينا؟» قالت: يا رسول الله، لبن يسير لرسول الله صلى الله عليه وسلم فأتتنا به فشربنا حتى ما ننظر إليه ثم نمنا فلما كان الصبح أو لما أصبحنا جعل رسول الله صلى الله عليه وسلم يوقظنا وكذلك,0
Musnad at-Tayalisi,2116,UNGRADED,Prophets & Past Peoples,1437 - # حدثنا يونس قال: حدثنا أبو داود قال: حدثنا ابن أبي ذئب، عن سعيد بن أبي سعيد المقبري، عن أبي شريح الأنصاري، قال: قال رسول الله صلى الله عليه وسلم: «لا يؤمن والله لا يؤمن والله لا يؤمن والله من لا يأمن جاره بوائقه» قالوا: يا رسول الله، ما بوائقه؟ قال: «شره» #,0
Musnad at-Tayalisi,2118,UNGRADED,Prophets & Past Peoples,1438 - # حدثنا يونس، حدثنا أبو داود قال: حدثنا الحسن بن أبي جعفر، عن إسماعيل بن كثير المكي، عن عاصم بن لقيط بن صبرة، عن أبيه، قال: قدمت على رسول الله صلى الله عليه وسلم وافد قومي فسألته عن الوضوء فقال: «إذا توضأت فخلل الأصابع وبالغ في الاستنشاق ما لم تكن صائما ولا تضرب ظعينتك كما تضرب أمتك» #,0
Musnad at-Tayalisi,2120,UNGRADED,Prophets & Past Peoples,1439 - # حدثنا يونس قال: حدثنا أبو داود قال: حدثنا سفيان بن عيينة، عن صفوان بن سليم، عن نافع بن جبير، عن سهل بن أبي حثمة، أن رسول الله صلى الله عليه وسلم قال: «إذا صلى أحدكم فليدن من قبلته لا يقطع الشيطان عليه صلاته» #,0
Musnad at-Tayalisi,2122,UNGRADED,Prophets & Past Peoples,1440 - # حدثنا يونس قال: حدثنا أبو داود قال: حدثنا سفيان بن عيينة، عن الزهري، عن صفوان، عن أم الدرداء، عن كعب بن عاصم، أن رسول الله صلى الله عليه وسلم قال: «ليس من البر الصيام في السفر» #,0
Musnad at-Tayalisi,2124,UNGRADED,Prophets & Past Peoples,1441 - # حدثنا يونس قال: حدثنا أبو داود قال: حدثنا شعبة، عن سعد بن إبراهيم، قال: سمعت حفص بن عاصم، يحدث عن ابن بحينة، أن رسول الله صلى الله عليه وسلم أبصر رجلا يصلي ركعتي الفجر وقد أقيمت الصلاة فقال رسول الله صلى الله عليه وسلم: «آلصبح أربعا آلصبح أربعا» #,0
Musnad at-Tayalisi,2126,UNGRADED,Prophets & Past Peoples,1442 - # حدثنا يونس قال: حدثنا أبو داود قال: حدثنا عمران، عن قتادة، عن يزيد بن عبد الله بن الشخير، عن حنظلة الأسيدي، قال: قال رسول الله صلى الله عليه وسلم: «لو كنتم تكونون كما تكونون عندي لأظلتكم الملائكة بأجنحتها» #,0
Musnad at-Tayalisi,2128,UNGRADED,Prophets & Past Peoples; Treaties & Non-Muslims,"1443 - # حدثنا يونس قال: حدثنا أبو داود قال: حدثنا إبراهيم بن سعد قال: حدثنا الزهري، عن سنان بن أبي سنان الدؤلي، عن أبي واقد الليثي، قال: كنا مع رسول الله صلى الله عليه وسلم بحنين ونحن حديثو عهد بكفر فمررنا على شجرة يضع المشركون عليها أسلحتهم يقال لها: ذات أنواط فقلنا: يا رسول الله، اجعل لنا ذات أنواط كما لهم ذات أنواط فقال: "" الله أكبر قلتم كما قال أهل الكتاب لموسى عليه السلام {اجعل لنا إلها كما لهم آلهة} [الأعراف: 138] "" ثم قال رسول الله صلى الله عليه وسلم: «إنكم ستركبون سنن من كان قبلكم» #",0
Musnad at-Tayalisi,2130,UNGRADED,Prayer (Salah); Prophets & Past Peoples,"1444 - # حدثنا يونس قال: حدثنا أبو داود قال: حدثنا ورقاء، عن منصور، عن مجاهد، عن أبي عياش الزرقي، قال: «كنا مع رسول الله صلى الله عليه وسلم بعسفان فحضرت الصلاة صلاة الظهر وعلى خيل المشركين خالد بن الوليد» قال: «فصلى رسول الله صلى الله عليه وسلم بأصحابه الظهر» فقال المشركون: إن لهم صلاة بعد هذه أحب إليهم من أبنائهم وأموالهم وأنفسهم يعنون صلاة العصر "" فنزل جبريل عليه السلام على رسول الله صلى الله عليه وسلم بين الظهر والعصر فأخبره ونزلت هذه الآية {وإذا كنت فيهم فأقمت لهم الصلاة} [النساء: 102] الآية إلى آخرها فحضرت العصر فصف رسول الله صلى الله عليه وسلم أصحابه صفين وعليهم السلاح فكبر والعدو بين يدي النبي صلى الله عليه وسلم فكبروا جميعا وركعوا جميعا ثم سجد رسول الله صلى الله عليه وسلم والصف الذي يليه والآخرون قيام يحرسونهم، فلما فرغ رسول الله صلى الله عليه وسلم قام إلى الركعة الثانية وسجد الآخرون ثم تقدم هؤلاء إلى مصاف هؤلاء، وتأخر هؤلاء إلى مصاف هؤلاء",0
Musnad at-Tayalisi,2133,UNGRADED,Prophets & Past Peoples,1445 - # حدثنا يونس قال: حدثنا أبو داود قال: حدثنا أبو عوانة، عن عبد الملك بن عمير، عن عمر بن عبد الرحمن بن الحارث بن هشام المخزومي، أن أبا بصرة لقي أبا هريرة وهو جاء فقال: من أين أقبلت؟ قال: أقبلت من الطور صليت فيه قال: أما إني لو أدركتك لم تذهب إني سمعت رسول الله صلى الله عليه وسلم يقول: «لا تشد الرحال إلا إلى ثلاثة مساجد مسجدي هذا والمسجد الحرام والمسجد الأقصى» #,1
Musnad at-Tayalisi,2135,UNGRADED,Prophets & Past Peoples,"1446 - # حدثنا يونس قال: حدثنا أبو داود قال: حدثنا المسعودي، قال: سمعت عون بن عبد الله بن عتبة، يحدث عن أم سلمة، عن أبي سلمة، قال: سمعت رسول الله صلى الله عليه وسلم يقول: "" ما من عبد يصاب بمصيبة فيقول: إنا لله وإنا إليه راجعون اللهم عندك أحتسب مصيبتي فأجرني فيها وأعقبني منها خيرا منها إلا أعطاه الله ذلك "" قالت: فلما توفي أبو سلمة قلت: اللهم أجرني في مصيبتي وأردت أن أقول: وأعقبني خيرا منها، فقلت: من خير من أبي سلمة؟",0
Musnad at-Tayalisi,2138,UNGRADED,Prophets & Past Peoples,1447 - # حدثنا يونس قال: حدثنا أبو داود قال: حدثنا أبو حرة، عن الحسن، عن عبد الرحمن بن سمرة، قال: ولا أعلمه إلا عن النبي صلى الله عليه وسلم قال: «من توضأ يوم الجمعة فبها ونعمت ومن اغتسل فالغسل أفضل» #,0
Musnad at-Tayalisi,2139,UNGRADED,Oaths & Vows,1448 - # حدثنا أبو داود قال: حدثنا جرير بن حازم، قال: سمعت الحسن، يحدث عن عبد الرحمن بن سمرة، أن النبي صلى الله عليه وسلم قال: «من حلف على يمين فرأى غيرها خيرا منها فليأت الذي هو خير ثم ليكفر عن يمينه» #,1
Musnad at-Tayalisi,2141,UNGRADED,Prophets & Past Peoples,1449 - # حدثنا يونس قال: حدثنا أبو داود قال: حدثنا جسر بن فرقد، قال: حدثنا سليط بن عبد الله بن يسار، قال: «بايع جدي رسول الله صلى الله عليه وسلم» #,0
Musnad at-Tayalisi,2143,UNGRADED,Prophets & Past Peoples,1450 - # حدثنا يونس قال: حدثنا أبو داود قال: حدثنا قرة، وسليمان بن المغيرة، عن حميد بن هلال، عن أبي قتادة العدوي، عن عبادة بن قرص - وقال سليمان: ابن قرط وكانت له صحبة - قال: «والله إنكم لتعملون أعمالا هي أدق في أعينكم من الشعر كنا نعدها على عهد رسول الله صلى الله عليه وسلم من الموبقات» #,0
Musnad at-Tayalisi,2145,UNGRADED,Prophets & Past Peoples,1451 - # حدثنا يونس قال: حدثنا أبو داود قال: حدثنا همام، عن عامر الأحول، عن مكحول، عن ابن أبي محذورة، عن أبيه، قال: «علمني رسول الله صلى الله عليه وسلم الأذان تسعة عشر حرفا» قال أبو بشر: وذكروا أنه عن مكحول عن ابن محيريز عن ابن أبي محذورة عن أبيه #,0
Musnad at-Tayalisi,2147,UNGRADED,Prophets & Past Peoples,1452 - # حدثنا يونس قال: حدثنا أبو داود قال: حدثنا شعبة، عن قتادة، قال: سمعت أنسا يحدث عن أبي أسيد الأنصاري، أن النبي صلى الله عليه وسلم قال: «خير دور الأنصار بنو النجار ثم بنو عبد الأشهل ثم بنو الحارث بن الخزرج وبنو ساعدة وفي كل دور الأنصار خير» قال: فقيل: فضل علينا؟ قال: فقيل: قد فضلكم على كثير #,0
Musnad at-Tayalisi,2149,UNGRADED,Prophets & Past Peoples,1453 - # حدثنا يونس قال: حدثنا أبو داود قال: حدثنا خالد بن أبي عثمان، عن أيوب بن عبد الله بن يسار، عن ابن أبي عقرب، عن عتاب بن أسيد، قال: «ما أصبت في عملي الذي استعملني عليه رسول الله صلى الله عليه وسلم إلا بردين معقدين كسوتهما مولاي كيسان» #,0
Musnad at-Tayalisi,2153,UNGRADED,Prophets & Past Peoples,1455 - # حدثنا يونس قال: حدثنا أبو داود قال: حدثنا ابن المبارك، عن هشام بن عروة، عن أبي وجزة، عن عمر بن أبي سلمة، قال: قال رسول الله صلى الله عليه وسلم: «سم الله - يعني على الطعام - وكل بيمينك وكل مما يليك» #,0
Musnad at-Tayalisi,2155,UNGRADED,Prophets & Past Peoples,1456 - # حدثنا يونس قال: حدثنا داود قال: حدثنا شعبة، أخبرني جعفر بن إياس، قال: سمعت يوسف بن ماهك، يحدث عن حكيم بن حزام، قال: قلت: يا رسول الله، الرجل يطلب مني البيع وليس عندي أفأبتاعه له؟ فقال رسول الله صلى الله عليه وسلم: «لا تبع ما ليس عندك» #,0
Musnad at-Tayalisi,2156,UNGRADED,Prophets & Past Peoples,1457 - # حدثنا داود قال: حدثنا شعبة، عن أبي بشر، قال: سمعت يوسف بن ماهك، يحدث عن حكيم بن حزام، قال: «بايعت رسول الله صلى الله عليه وسلم أن لا أخر إلا وأنا قائم» #,0
Musnad at-Tayalisi,2158,UNGRADED,Paradise; Prophets & Past Peoples,1458 - # حدثنا يونس قال: حدثنا أبو داود قال: حدثنا شعبة، عن أبي إسحاق، قال: سمعت كديرا الضبي، قال أبو إسحاق وسمعته منه من خمسين سنة قال شعبة: وسمعته أنا من أبي إسحاق، منذ أربعين سنة أو أكثر قال أبو داود: وسمعته أنا من شعبة من خمس أو ست وأربعين سنة قال أبو بشر: وسمعته أنا من أبي داود منذ أكثر من خمسين سنة قال أبو محمد: وسمعته من يونس منذ سبعين سنة قال الشيخ أبو نعيم: سمعته منذ ست وسبعين سنة قال: أتى رجل النبي صلى الله عليه وسلم فقال: يا رسول الله، أخبرني بعمل يدخلني الجنة قال: «قل العدل وأعط الفضل» قال: فإن لم أطق ذلك؟ قال: «فأطعم الطعام وأفش السلام» قال: فإن لم أطق ذلك أو لم أستطع؟ قال: «فهل لك من إبل؟» قال: قال: نعم، قال: «فانظر بعيرا من إبلك وسقاء وانظر أهل بيت لا يشربون الماء إلا غبا فاسقهم فإنك لعلك أن لا ينفق,0
Musnad at-Tayalisi,2161,UNGRADED,Prophets & Past Peoples,1459 - # حدثنا يونس قال: حدثنا أبو داود قال: حدثنا شعبة، عن ابن أبي السفر، عن الشعبي، عن خارجة بن الصلت، عن عمه، أنهم جاءوا من عند النبي صلى الله عليه وسلم فمروا بحي من أحياء العرب فقالوا: جئتم من عند هذا النبي صلى الله عليه وسلم؟ قالوا: نعم قال: ففيكم راق؟ قالوا: نعم قال: فأتي برجل مقيد فقرأ عليه رجل من القوم أم القرآن ثلاثا بالغداة والعشي فأمروا لهم بشيء فقالوا: لا حتى نسأل النبي صلى الله عليه وسلم فسأله الرجل فقال النبي صلى الله عليه وسلم: «كل فلعمري لمن أكل برقية باطل لقد أكلت برقية حق» #,0
Musnad at-Tayalisi,2163,UNGRADED,Prophets & Past Peoples,1460 - # حدثنا يونس قال: حدثنا أبو داود قال: حدثنا مسعر بن حبيب الجرمي، قال: حدثنا عمرو بن سلمة الجرمي، أن أباه، ونفرا من قومه أتوا النبي صلى الله عليه وسلم فقالوا: يا رسول الله، من يصلي لنا - أو من يصلي بنا؟ فقال: «يصلي لكم - أو يصلي بكم - أكثركم أخذا للقرآن - أو أكثركم جمعا للقرآن» قال: فقدموا فما وجدوا أحدا معه من القرآن ما معي فقدموني فصليت بهم وأنا غلام علي شملة لي قال مسعر: فأنا أدركته يصلي بهم ويصلي على جنائزهم لا ينازعه أحد حتى مضى #,0
Musnad at-Tayalisi,2166,UNGRADED,Trade & Business; Zakah & Charity,[ص: 704] # يسوم بمرط في السوق فقال: ما تصنع يا عمرو؟ قال: أشتري هذا فأتصدق به فقال له: فأنت إذا، قال: ثم مضى ثم رجع فقال: يا عمرو ما صنع المرط؟ قال: اشتريته فتصدقت به قال: على من؟ قال: على الرقيقة؟ قال: ومن رقيقة؟ قال: امرأتي، قال: وتصدقت به على امرأتك؟ قال: إني سمعت رسول الله صلى الله عليه وسلم يقول: «ما أعطيتموهن من شيء فهو لكم صدقة» فقال: يا عمرو لا تكذب على رسول الله صلى الله عليه وسلم قال: والله لا أفارقك حتى تأتي عائشة فتسألها، قال: فانطلقا حتى دخلا على عائشة فقال لها عمرو: يا أمتاه هذا عمر يقول لي: لا تكذب على رسول الله صلى الله عليه وسلم، نشدتك بالله أسمعت رسول الله صلى الله عليه وسلم يقول: «ما أعطيتموهن من شيء فهو لكم صدقة» ؟ قالت: اللهم نعم، اللهم نعم #,0
Musnad at-Tayalisi,2168,UNGRADED,Prophets & Past Peoples,1462 - # حدثنا يونس قال: حدثنا أبو داود قال: حدثنا حماد بن سلمة، عن هشام بن عروة، عن أبيه، عن عثمان بن طلحة، أن رسول الله صلى الله عليه وسلم «صلى في الكعبة» #,0
Musnad at-Tayalisi,2170,UNGRADED,Prayer (Salah); Prophets & Past Peoples,"1463 - # حدثنا يونس قال: حدثنا أبو داود قال: حدثنا شعبة، عن عبد ربه بن سعيد، عن أنس بن أبي أنس، عن عبد الله بن نافع بن العمياء، عن عبد الله بن الحارث، عن المطلب، قال: قال رسول الله صلى الله عليه وسلم: "" الصلاة مثنى مثنى، وتشهد في كل ركعتين، وتبأس، وتمسكن، وأقنع يدك وقل: اللهم اللهم فمن لم يفعل ذلك فهي خداج فهي خداج "" #",0
Musnad at-Tayalisi,2173,UNGRADED,Prayer (Salah); Adhan & the Mosque,[ص: 708] # بن صبيح، قال: سمعت عطاء بن أبي رباح، يقول: بينما ابن الزبير يخطبنا إذ قال: قال رسول الله صلى الله عليه وسلم: «صلاة في مسجدي هذا أفضل من ألف صلاة فيما سواه إلا المسجد الحرام، وصلاة في المسجد الحرام تفضل بمائة» قال عطاء: فكأنه مائة ألف قال: قلت: يا أبا محمد، هذا الفضل الذي تذكر في المسجد الحرام وحده أو في الحرم؟ قال: لا بل في الحرم فإن الحرم كله مسجد #,0
Musnad at-Tayalisi,2177,UNGRADED,Prophets & Past Peoples,1466 - # حدثنا يونس قال: حدثنا أبو داود قال: حدثنا سلام، عن سماك بن حرب، عن القاسم بن عبد الرحمن، عن أبيه، عن أبي بردة، وليس بابن أبي موسى أن النبي صلى الله عليه وسلم قال: «اشربوا ولا تسكروا» #,0
Musnad at-Tayalisi,2181,UNGRADED,Prophets & Past Peoples,1468 - # حدثنا يونس قال: حدثنا أبو داود قال: حدثنا حماد بن سلمة، عن يعلى بن عطاء، عن عبد الله بن يسار ويكنى أبا همام، عن أبي عبد الرحمن الفهري، قال: كنا مع رسول الله صلى الله عليه وسلم في حنين فسرنا في يوم قائظ شديد الحر فنزلنا تحت ظلال الشجر فلما زالت الشمس لبست لأمتي وركبت فرسي فأتيت رسول الله صلى الله عليه وسلم وهو في فسطاطه فقلت: السلام عليك يا رسول الله ورحمة الله وبركاته قد حان الرواح يا رسول الله، فقال: «أجل» ثم قال رسول الله صلى الله عليه وسلم: «يا بلال» فثار من تحت سمرة كأن ظله ظل طير فقال: لبيك وسعديك، وأنا فداؤك قال: «أسرج لي فرسي» فأتاه بدفتين من ليف ليس فيهما أشر ولا بطر قال: فركب فرسه ثم سرنا يومنا فلقينا العدو وتشامت الخيلان، فقاتلناهم فولى المسلمون,0
Musnad at-Tayalisi,2182,UNGRADED,Hajj & Umrah; Character & Manners,[ص: 713] # مدبرين كما قال الله تعالى فجعل رسول الله صلى الله عليه وسلم يقول: «يا عباد الله أنا عبد الله ورسوله، يا أيها الناس إلي أنا عبد الله ورسوله» فاقتحم رسول الله صلى الله عليه وسلم عن فرسه وحدثني من كان أقرب إليه مني أنه أخذ حفنة من تراب فحثا بها في وجوه القوم وقال: «شاهت الوجوه» قال يعلى بن عطاء: فأخبرنا أبناؤهم عن آبائهم أنهم قالوا: ما بقي منا أحد إلا امتلأت عيناه وفمه من التراب وسمعنا صلصلة من السماء كمر الحديد على الطست الجديد فهزمهم الله #,0
Musnad at-Tayalisi,2184,UNGRADED,Prophets & Past Peoples,1469 - # حدثنا يونس قال: حدثنا أبو داود قال: حدثنا إسماعيل بن جعفر المدني، قال: حدثني يحيى بن علي بن خلاد، عن أبيه، عن جده، عن رفاعة البدري، قال: كان رسول الله صلى الله عليه وسلم جالسا في المسجد قال رفاعة: ونحن عنده إذ جاءه رجل كالبدوي فدخل المسجد فصلى فأخف صلاته ثم أتى النبي صلى الله عليه وسلم فسلم عليه، فقال رسول الله صلى الله عليه وسلم: «وعليك، أعد صلاتك فإنك لم تصل» فكبر ذلك على الناس أنه من أخف صلاته لم يصل، ففعل ذلك مرتين أو ثلاثا، كل ذلك يقول له مثل ذلك فقال: يا رسول الله، أرني وعلمني فإني بشر أصيب وأخطئ فقال رسول الله صلى الله عليه وسلم: «إذا قمت إلى الصلاة فتوضأ كما أمرك الله، ثم كبر فإن كان معك قرآن فاقرأه وإن لم يكن معك قرآن فاحمد الله وهلله وكبره، فإذا ركعت فاركع حتى تطمئن ثم ارفع رأسك فاعتدل قائما، ثم اسجد فاعتدل ساجدا ثم ارفع رأسك فاعتدل قاعدا حتى تقضي صلاتك، فإذا فعلت ذلك فقد تمت,0
Musnad at-Tayalisi,2187,UNGRADED,Women,فاطمة بنت محمد صلى الله عليه وسلم، عن أبيها #,0
Musnad at-Tayalisi,2188,UNGRADED,Prophets & Past Peoples,1470 - # حدثنا يونس قال: حدثنا أبو داود قال: حدثنا أبو عوانة، عن فراس بن يحيى، عن الشعبي، عن مسروق، عن عائشة، رضي الله عنها قالت: كنا عند رسول الله صلى الله عليه وسلم في مرضه الذي مات فيه، ما يغادر منا واحدة، إذ جاءت فاطمة تمشي ما تخطئ مشيتها,0
Musnad at-Tayalisi,2189,UNGRADED,Women; Angels & the Unseen,[ص: 6] # من مشية رسول الله صلى الله عليه وسلم شيئا، فلما رآها قال: «مرحبا بابنتي» فأقعدها عن يمينه، أو عن يساره، ثم سارها بشيء فبكت، فقلت لها أنا من بين نسائه: خصك رسول الله صلى الله عليه وسلم من بيننا بالسرار وأنت تبكين؟ ثم سارها بشيء فضحكت، قال: فقلت لها: أقسمت عليك بحقي، أو بما لي عليك من الحق، لما أخبرتيني، قالت: ما كنت لأفشي على رسول الله صلى الله عليه وسلم سره، قالت: فلما توفي النبي صلى الله عليه وسلم سألتها، فقالت: أما الآن فنعم، أما بكائي، فإن رسول الله صلى الله عليه وسلم قال لي: «إن جبريل عليه السلام كان يعرض علي القرآن كل عام مرة، فعرضه علي العام مرتين، ولا أرى أجلي إلا قد اقترب» فبكيت، فقال لي: «اتقي الله واصبري؛ فإني أنا لك نعم السلف» ، ثم قال: «يا فاطمة، أما ترضين أن تكوني سيدة نساء العالمين» ، «أو سيدة نساء هذه الأمة» ، فضحكت #,0
Musnad at-Tayalisi,2190,UNGRADED,Usury & Interest; Angels & the Unseen,1471 - # حدثنا أبو داود قال: حدثنا حماد بن زيد، عن ثابت، عن أنس، قال: قالت لي فاطمة: يا أنس، «طابت أنفسكم أن تحثوا على رسول الله صلى الله عليه وسلم التراب؟» # # قال ثابت: وقالت فاطمة، ورسول الله صلى الله عليه وسلم في الموت، أو قالت وهو ثقيل: «يا أبتاه، إلى جبريل ينعاه، يا أبتاه، من ربه ما أدناه، يا أبتاه، جنان الفردوس مأواه، يا أبتاه، أجاب ربا دعاه» #,0
Musnad at-Tayalisi,2193,UNGRADED,Prophets & Past Peoples,1472 - # حدثنا يونس قال: حدثنا أبو داود قال: حدثنا شعبة، وأبو عوانة، عن منصور، عن إبراهيم، عن الأسود، عن عائشة، قالت: «كان رسول الله صلى الله عليه وسلم يأمر إحدانا إذا كانت حائضا أن تلبس ثوبا ثم يباشرها» #,0
Musnad at-Tayalisi,2194,UNGRADED,Prophets & Past Peoples,1473 - # حدثنا أبو داود قال: حدثنا شعبة، عن الأعمش، ومنصور، عن إبراهيم، عن الأسود، عن عائشة، قالت: «نهى رسول الله صلى الله عليه وسلم عن الدباء والمزفت» #,1
Musnad at-Tayalisi,2195,UNGRADED,Prophets & Past Peoples,1474 - # حدثنا أبو داود قال: حدثنا شعبة، عن منصور، والأعمش، عن إبراهيم، عن الأسود، عن عائشة، قالت: «كنت أفتل قلائد هدي رسول الله صلى الله عليه وسلم غنما ثم لا يحرم منه شيء» #,0
Musnad at-Tayalisi,2196,UNGRADED,Prophets & Past Peoples,1475 - # حدثنا أبو داود قال: حدثنا شعبة، عن منصور، سمع إبراهيم، يحدث عن الأسود، عن عائشة، قالت: «كنت انظر إلى وبيص الطيب في مفرق شعر رسول الله صلى الله عليه وسلم وهو محرم» #,0
Musnad at-Tayalisi,2197,UNGRADED,Prophets & Past Peoples,1476 - # حدثنا أبو داود قال: حدثنا شعبة، عن منصور، عن إبراهيم، عن الأسود، عن عائشة، قالت: «كنت بين يدي رسول الله صلى الله عليه وسلم وهو يصلي فإذا أردت أن أقوم انسللت انسلالا» #,0
Musnad at-Tayalisi,2198,UNGRADED,Prophets & Past Peoples,1477 - # حدثنا أبو داود قال: حدثنا شعبة، قال: أخبرني منصور، والأعمش، قال: سمعت إبراهيم، يحدث عن الأسود، قال: كنا عند عائشة فسقط فسطاط على إنسان فضحكوا فقالت عائشة: لا سخر، سمعت رسول الله صلى الله عليه وسلم يقول: «ما من مسلم يشاك شوكة فما,0
Musnad at-Tayalisi,2200,UNGRADED,Zakah & Charity; Prophets & Past Peoples,1478 - # حدثنا أبو داود قال: حدثنا شعبة، عن الحكم، عن إبراهيم، عن الأسود، عن عائشة، أنها أرادت أن تشتري بريرة للعتق فأراد مواليها أن يشترطوا ولاءها فذكرت ذلك للنبي صلى الله عليه وسلم فقال: «اشتريها فإنما الولاء لمن أعتق» ، وخيرها من زوجها، وكان زوجها حرا، وأتي النبي صلى الله عليه وسلم بلحم، فقيل: هذا مما تصدق به على بريرة فقال: «هو لها صدقة ولنا هدية» #,0
Musnad at-Tayalisi,2201,UNGRADED,Angels & the Unseen; Prophets & Past Peoples,1479 - # حدثنا أبو داود قال: حدثنا شعبة، عن أبي إسحاق، عن الأسود بن يزيد، أن ابن الزبير، قال له: أخبرني بما، كانت تقضي إليك أم المؤمنين، فقال الأسود: أخبرتني أن رسول الله صلى الله عليه وسلم قال لها: «لولا أن قومك حديث عهد بجاهلية لهدمت الكعبة وجعلت لها بابين» فلما ملك ابن الزبير هدمها وجعل لها بابين #,0
Musnad at-Tayalisi,2202,UNGRADED,Prophets & Past Peoples,1480 - # حدثنا أبو داود قال: حدثنا شعبة، عن الحكم، عن إبراهيم، عن الأسود، قال: سألت عائشة كيف كان يصنع رسول الله صلى الله عليه وسلم في بيته؟ قالت: «كان يكون في مهنة أهله، فإذا حضرت الصلاة خرج فصلى» #,0
Musnad at-Tayalisi,2203,UNGRADED,Prophets & Past Peoples,1481 - # حدثنا أبو داود قال: حدثنا شعبة، عن الحكم، عن إبراهيم، عن الأسود، عن عائشة، قالت: «كان رسول الله صلى الله عليه وسلم إذا كان جنبا فأراد أن ينام أو يأكل توضأ» #,0
Musnad at-Tayalisi,2206,UNGRADED,Prayer (Salah),1483 - # حدثنا أبو داود قال: حدثنا شعبة، عن أبي إسحاق، قال: سمعت الأسود، يقول: سألت عائشة عن صلاة رسول الله صلى الله عليه وسلم بالليل، فقالت: «كان ينام أول الليل فإذا كان السحر أوتر ثم يأتي فراشه، فإن كان له حاجة إلى أهله ألم بهم ثم ينام فإذا سمع النداء» وربما قالت: «الأذان وثب» ، وما قالت: قام «فإن كان جنبا أفاض عليه الماء» ، وما قالت: اغتسل «وإن لم يكن جنبا توضأ ثم خرج إلى الصلاة» #,0
Musnad at-Tayalisi,2210,UNGRADED,Prophets & Past Peoples,1486 - # حدثنا أبو داود قال: حدثنا حماد بن سلمة، عن حماد، عن إبراهيم، عن الأسود، عن عائشة، قالت: «كان رسول الله صلى الله عليه وسلم يعتكف، فيخرج رأسه من باب المسجد فأغسله بالخطمي وأنا حائض» #,0
Musnad at-Tayalisi,2211,UNGRADED,Prophets & Past Peoples,1487 - # حدثنا أبو داود قال: حدثنا حماد بن سلمة، عن حماد، عن إبراهيم، عن الأسود، عن عائشة، قالت: أهدي لرسول الله صلى الله عليه وسلم ضب فلم يأكله، فقلت: يا رسول الله، أفلا نطعمه المساكين؟ فقال: «لا تطعموهم مما لا تأكلون» #,0
Musnad at-Tayalisi,2213,UNGRADED,Prayer (Salah),"1489 - # حدثنا أبو داود قال: حدثنا سلام، عن أبي إسحاق، عن الأسود، عن عائشة، قالت: "" كان رسول الله صلى الله عليه وسلم إذا لم يكن جنبا توضأ , ثم صلى ركعتين يعني ركعتي الفجر ثم خرج إلى الصلاة #",0
Musnad at-Tayalisi,2215,UNGRADED,Other Narrations,[ص: 20] # ، عن الأسود، عن عائشة، قالت: «كان رسول الله صلى الله عليه وسلم إذا أراد أن يحرم ادهن بأطيب طيب يجده حتى أرى وبيصه في لحيته ورأسه» #,0
Musnad at-Tayalisi,2216,UNGRADED,Hajj & Umrah; Women,1491 - # حدثنا أبو داود قال: حدثنا سلام، عن أبي إسحاق، عن الأسود، عن عائشة، قالت: «كنت أقلد هدي رسول الله صلى الله عليه وسلم فيخرج الهدي مقلدا ويقيم النبي صلى الله عليه وسلم حلالا ما يمتنع من امرأة من نسائه» #,0
Musnad at-Tayalisi,2217,UNGRADED,Food & Drink,1492 - # حدثنا شعبة، عن أبي إسحاق، قال: سمعت عبد الرحمن بن يزيد، يحدث عن الأسود، عن عائشة، قالت: «ما شبع رسول الله صلى الله عليه وسلم من خبز شعير يومين متتابعين حتى قبض» #,0
Musnad at-Tayalisi,2218,UNGRADED,Prophets & Past Peoples,1493 - # حدثنا أبو داود قال: حدثنا شريك، وزهير، عن أبي إسحاق، عن الأسود، عن عائشة، أن النبي صلى الله عليه وسلم «كان لا يتوضأ بعد الغسل» #,0
Musnad at-Tayalisi,2219,UNGRADED,Prophets & Past Peoples,1494 - # حدثنا أبو داود قال: حدثنا عمر بن أبي زائدة، عن أبي إسحاق، عن الأسود، عن عائشة، قالت: «ما كان رسول الله صلى الله عليه وسلم يمتنع من وجهي، وهو صائم» . يعني: يقبلها #,0
Musnad at-Tayalisi,2220,UNGRADED,Prophets & Past Peoples,1495 - # حدثنا أبو داود قال: حدثنا محمد بن خازم، عن الأعمش، عن إبراهيم، عن الأسود، عن عائشة، أن النبي صلى الله عليه وسلم «لم يوص» #,0
Musnad at-Tayalisi,2221,UNGRADED,Faith & Creed; Brotherhood & Friendship,1496 - # حدثنا أبو داود قال: حدثنا سلام، عن الأشعث بن أبي الشعثاء، عن الأسود بن يزيد، عن عائشة، قالت: سألت رسول الله صلى الله عليه وسلم عن الجدر، تعني: الحجر، أمن البيت؟ قال: «نعم» قال,0
Musnad at-Tayalisi,2223,UNGRADED,Prophets & Past Peoples,1497 - # حدثنا أبو داود قال: حدثنا أنس بن مالك الكوفي، قال: حدثنا عبد الرحمن بن الأسود، عن أبيه، عن عائشة، أنها قالت: «كأني أنظر إلى وبيص الطيب في مفرق رسول الله صلى الله عليه وسلم وهو محرم» #,0
Musnad at-Tayalisi,2224,UNGRADED,Prophets & Past Peoples,1498 - # حدثنا أبو داود قال: حدثنا أبو عوانة، عن مغيرة، عن إبراهيم، عن الأسود، عن عائشة، أن رسول الله صلى الله عليه وسلم «رخص في رقية الحية والعقرب» #,0
Musnad at-Tayalisi,2226,UNGRADED,Prophets & Past Peoples; Food & Drink,1500 - # حدثنا أبو داود قال: حدثنا سفيان، عن أبي إسحاق، عن الأسود، عن عائشة، أن النبي صلى الله عليه وسلم «كان ينام وهو جنب ولا يمس ماء» #,0
Musnad at-Tayalisi,2230,UNGRADED,Prophets & Past Peoples,1502 - # حدثنا أبو داود قال: حدثنا شعبة، عن الحكم، عن إبراهيم، أن علقمة، وشريح بن أرطاة، كانا عند عائشة فقال أحدهما: سلها عن القبلة للصائم، فقال أحدهما: ما كنت لأرفث عند أم المؤمنين، فقالت: «كان رسول الله صلى الله عليه وسلم يقبل وهو صائم وكان أملككم لإربه» #,0
Musnad at-Tayalisi,2231,UNGRADED,Women,1503 - # حدثنا أبو داود قال: حدثنا صالح بن رستم أبو عامر الخزاز، قال: حدثنا سيار أبو الحكم، عن الشعبي، عن علقمة، قال: كنا عند عائشة فدخل عليها أبو هريرة، فقالت: يا أبا هريرة أنت الذي تحدث أن «امرأة عذبت في هرة لها ربطتها لم تطعمها ولم تسقها» فقال أبو هريرة: سمعته منه، يعني النبي صلى الله عليه وسلم، فقالت عائشة: أتدري ما كانت المرأة؟ قال: لا، قالت: إن المرأة مع ما فعلت كانت كافرة، إن المؤمن أكرم على الله من أن يعذبه في هرة، فإذا حدثت عن رسول الله صلى الله عليه وسلم فانظر كيف تحدث #,0
Musnad at-Tayalisi,2233,UNGRADED,Prophets & Past Peoples,1504 - # حدثنا يونس قال: حدثنا أبو داود قال: حدثنا شعبة، عن الحكم، عن إبراهيم، أن همام بن الحارث كان نازلا على عائشة فاحتلم، فأبصرته جارية لعائشة يغسل أثر الجنابة من ثوبه، فأخبرت عائشة، فأرسلت إليه عائشة: «لقد رأيتني وما أزيد أن أفركه من ثوب رسول الله صلى الله عليه وسلم» #,0
Musnad at-Tayalisi,2235,UNGRADED,Quran & Recitation; Prophets & Past Peoples,1505 - # حدثنا يونس قال: حدثنا أبو داود قال: حدثنا شعبة، عن الأعمش، قال: سمعت أبا الضحى، يحدث عن مسروق، عن عائشة، قالت: «لما نزلت الآيات الأواخر من سورة البقرة خرج رسول الله صلى الله عليه وسلم إلى المسجد فقرأها على الناس وحرم التجارة في الخمر» #,0
Musnad at-Tayalisi,2236,UNGRADED,Prophets & Past Peoples,1506 - # حدثنا أبو داود قال: حدثنا شعبة، عن الأعمش، قال: سمعت أبا الضحى، يحدث عن مسروق، قال: قالت عائشة: «خيرنا رسول الله صلى الله عليه وسلم فاخترناه، أفكان طلاقا؟» #,0
Musnad at-Tayalisi,2237,UNGRADED,Character & Manners; Death & Burial,1507 - # حدثنا أبو داود قال: حدثنا شعبة، عن الأعمش، قال: سمعت أبا الضحى، يحدث عن مسروق، عن عائشة، أن رسول الله صلى الله عليه وسلم كان إذا عاد مريضا مسح وجهه وصدره أو قال: مسح على صدره وقال: «أذهب الباس رب الناس، واشف أنت الشافي، لا شفاء إلا شفاؤك، شفاء لا يغادر سقما» قالت: فلما كان مرضه الذي مات فيه، جعلت آخذ يده لأجعلها على صدره وأقول هذه المقالة فانتزع يده من يدي وقال: «اللهم ادخلني الرفيق الأعلى» #,0
Musnad at-Tayalisi,2238,UNGRADED,Night & Voluntary Prayer; Prophets & Past Peoples,1508 - # حدثنا أبو داود قال: حدثنا شعبة، وجرير، عن منصور، عن أبي الضحى، عن مسروق، عن عائشة، قالت: كان رسول الله صلى الله عليه وسلم عندي ذات ليلة، ففقدته، وظننت أنه أتى بعض جواريه، فالتمسته في ظلمة الليل - قال جرير: ولم يقله شعبة - قالت: فانتهيت إليه وهو ساجد فوضعت يدي عليه فسمعته يقول: «اللهم اغفر لي ما أسررت وما أعلنت» #,0
Musnad at-Tayalisi,2239,UNGRADED,Prophets & Past Peoples,1509 - # حدثنا أبو داود قال: حدثنا شعبة، عن إبراهيم بن ميمون، عن أبي الأحوص، عن مسروق، أو عن عروة بن المغيرة، عن عائشة، قالت: استأذن رجل على النبي صلى الله عليه وسلم، فقال: «بئس عبد الله وأخو العشيرة» ثم دخل عليه، فأقبل عليه بوجهه، كأن له عنده منزلة #,0
Musnad at-Tayalisi,2240,UNGRADED,Work & Livelihood; Prophets & Past Peoples,1510 - # حدثنا أبو داود قال: حدثنا شعبة، عن الأشعث بن أبي الشعثاء، عن أبيه، عن مسروق، قال: سألت عائشة عن عمل النبي صلى الله عليه وسلم، فقالت: «كان أحب العمل إليه الدائم» قلت: فأي حين كان يقوم؟ قالت: «كان إذا سمع الصارخ قام» ، قال أبو داود: يعني الديك #,0
Musnad at-Tayalisi,2241,UNGRADED,Angels & the Unseen; Prophets & Past Peoples,1511 - # حدثنا أبو داود قال: حدثنا وهيب بن خالد، ويزيد بن زريع، عن داود بن أبي هند، عن الشعبي، عن مسروق، قال: سألت عائشة عن قول الله تبارك وتعالى: {ولقد رآه بالأفق المبين} [التكوير: 23] {ولقد رآه نزلة أخرى} [النجم: 13] فقالت: أنا أول هذه الأمة قال لرسول الله صلى الله عليه وسلم، فقال: «هو جبريل رأيته مرتين رأيته بالأفق الأعلى ورأيته بالأفق المبين» #,0
Musnad at-Tayalisi,2243,UNGRADED,Purity & Wudu; Prophets & Past Peoples,1513 - # حدثنا أبو داود قال: حدثنا شعبة، عن أشعث، عن أبيه، عن مسروق، عن عائشة، قالت: «كان رسول الله صلى الله عليه وسلم يحب التيمن ما استطاع» وقالت مرة: «في شأنه كله في طهوره إذا توضأ وفي انتعاله إذا انتعل وفي ترجله إذا ترجل» #,0
Musnad at-Tayalisi,2244,UNGRADED,The Grave & Barzakh,1514 - # حدثنا أبو داود قال: حدثنا شعبة، عن أشعث قال: سمعت أبي يحدث، عن مسروق، قال: جاءت يهودية إلى عائشة تسألها فقالت لعائشة: أعاذك الله من عذاب القبر، فجاء النبي صلى الله عليه وسلم، فسألته عائشة، فقال رسول الله صلى الله عليه وسلم: «عذاب القبر حق» قالت عائشة: فما سمعته بعد يصلي صلاة إلا تعوذ فيها من عذاب القبر #,0
Musnad at-Tayalisi,2245,UNGRADED,Prophets & Past Peoples,1515 - # حدثنا أبو داود قال: حدثنا شعبة، عن أشعث، قال: سمعت أبي يحدث، عن مسروق، عن عائشة، أن رسول الله صلى الله عليه وسلم دخل، وعندها رجل كأنه كره، قالت: يا رسول الله إنه أخي من الرضاعة، فقال رسول الله صلى الله عليه وسلم: «انظرن ما إخوانكن، فإنما الرضاعة من المجاعة» #,0
Musnad at-Tayalisi,2247,UNGRADED,Prophets & Past Peoples; Hajj & Umrah,1516 - # حدثنا يونس قال: حدثنا أبو داود قال: حدثنا حماد بن سلمة، عن عبد الرحمن بن القاسم، عن أبيه، عن عائشة، قالت: خرجنا مع رسول الله صلى الله عليه وسلم، وما هو إلا الحج، فلما كنت بسرف حضت فدخل علي رسول الله صلى الله عليه وسلم، وأنا أبكي فقال لي: «ما يبكيك» قلت: حضت، وددت أني لم أكن حججت، فقال: «سبحان الله، إنما هو شيء كتبه الله تبارك وتعالى على بنات آدم، انسكي المناسك كلها غير أن لا تطوفي بالبيت» قال: فلما قدم مكة، قال رسول الله صلى الله عليه وسلم لأصحابه: «من شاء منكم جعلها عمرة، إلا من كان معه هدي» وذبح رسول الله صلى الله عليه وسلم عن نسائه البقر، فلما كان ليلة النفر طهرت فقلت: يا رسول الله يرجع صواحبي بحج وعمرة، وارجع بحج، فبعث معي ابن أبي بكر فاعتمرت من التنعيم #,0
Musnad at-Tayalisi,2248,UNGRADED,Prophets & Past Peoples,1517 - # حدثنا أبو داود قال: حدثنا عبد الله بن عبد الرحمن بن يعلى الطائفي، قال: أخبرني عبد الرحمن بن القاسم، عن أبيه، عن عائشة، قالت: «ما نام رسول الله صلى الله عليه وسلم قبل العتمة ولا سمر بعدها» #,0
Musnad at-Tayalisi,2249,UNGRADED,Prophets & Past Peoples,1518 - # حدثنا أبو داود قال: حدثنا قيس، عن عاصم بن عبيد الله، عن القاسم، عن عائشة، قالت: «رأيت رسول الله صلى الله عليه وسلم قبل عثمان بن,1
Musnad at-Tayalisi,2251,UNGRADED,Prophets & Past Peoples,1519 - # حدثنا أبو داود قال: حدثنا شعبة، عن عبد الرحمن بن القاسم، عن أبيه، عن عائشة، قالت: «كنت أنا ورسول الله صلى الله عليه وسلم نغتسل من إناء واحد من الجنابة» قال أبو داود: قال شعبة: يعجبني، لأنه قال: من الجنابة #,0
Musnad at-Tayalisi,2253,UNGRADED,Zakah & Charity,[ص: 40] # مواليها أن يشترطوا الولاء، فذكرت عائشة ذاك للنبي صلى الله عليه وسلم فقال رسول الله صلى الله عليه وسلم: «اشتريها وأعتقيها، فإنما الولاء لمن أعتق» قالت: وأتي بلحم، فقال: «ما هذا؟» قالوا: هذا أهدته إلينا بريرة، تصدق به عليها، فقال رسول الله صلى الله عليه وسلم: «هو عليها صدقة ولنا هدية» قال: وخيرت وكان زوجها حرا قال شعبة: ثم سألته بعد، فقال: ما أدري أهو حر أم عبد؟ قال شعبة: فقلت لسماك بن حرب: إني أتقي أن أسأله عن الإسناد فسله أنت، قال: وكان في خلقه، فقال له سماك بعدما حدث: أحدثك هذا أبوك عن عائشة؟ فقال عبد الرحمن: نعم، فلما خرج، قال لي سماك: يا شعبة استوثقت لك منه #,0
Musnad at-Tayalisi,2254,UNGRADED,Prophets & Past Peoples,1521 - # حدثنا أبو داود قال: حدثنا عباد بن منصور، قال: حدثنا القاسم بن محمد، عن عائشة، قالت: «كنت أطيب رسول الله صلى الله عليه وسلم عند إحلاله وعند إحرامه» #,0
Musnad at-Tayalisi,2255,UNGRADED,Women; Prophets & Past Peoples,1522 - # حدثنا أبو داود قال: حدثنا شعبة، عن عبد الرحمن بن القاسم، عن أبيه، عن عائشة، قالت: «استحيضت امرأة على عهد النبي صلى الله عليه وسلم فأمرت» قلت: من أمرها، النبي صلى الله عليه وسلم؟ قال: «لست,0
Musnad at-Tayalisi,2256,UNGRADED,Other Narrations,[ص: 42] # أحدثك عن النبي صلى الله عليه وسلم شيئا» قالت: «فأمرت أن تؤخر الظهر، وتعجل العصر، وتغتسل لهما غسلا واحدا، وتؤخر المغرب، وتعجل العشاء، وتغتسل لهما غسلا واحدا، وتغتسل للصبح غسلا» #,0
Musnad at-Tayalisi,2257,UNGRADED,Modesty & Dress; Prophets & Past Peoples,1523 - # حدثنا أبو داود قال: حدثنا عباد بن منصور، عن القاسم، عن عائشة، قالت: «لقد رأيتني أفرك الجنابة عن ثوب رسول الله صلى الله عليه وسلم ولا يغسل مكانه» #,0
Musnad at-Tayalisi,2258,UNGRADED,Prophets & Past Peoples,1524 - # حدثنا أبو داود قال: حدثنا عباد بن منصور، عن القاسم، عن عائشة، قالت: «كنت أنا ورسول الله صلى الله عليه وسلم نغتسل من الإناء الواحد» #,0
Musnad at-Tayalisi,2259,UNGRADED,Prophets & Past Peoples,1525 - # حدثنا أبو داود قال: حدثنا إبراهيم بن سعد، عن أبيه، عن القاسم بن محمد، عن عائشة، أن رسول الله صلى الله عليه وسلم قال: «من فعل في أمرنا ما لا يجوز فهو رد» #,0
Musnad at-Tayalisi,2260,UNGRADED,Modesty & Dress; Prophets & Past Peoples,"1526 - # حدثنا أبو داود قال: حدثنا شعبة، عن عبد الرحمن بن القاسم، عن أبيه، عن عائشة، قالت: "" كان رسول الله صلى الله عليه وسلم يصلي إلى ثوب ممدود إلى سهوة لنا فيه تصاوير فقال: «أخري هذا عني» قالت عائشة: فجعلناه وسائد #",0
Musnad at-Tayalisi,2263,UNGRADED,Day of Judgement,1528 - # حدثنا أبو داود قال: حدثنا جويرية بن أسماء، عن نافع، أن القاسم بن محمد، أخبره أن عائشة أخبرته، قالت: اشتريت نمرقة فيها تصاوير، فجاء النبي صلى الله عليه وسلم، فقام على الباب ولم يدخل، فعرفت الكراهية في وجهه، فقلت: يا رسول الله أتوب إلى الله عز وجل مرتين ماذا أتيت؟ قال: «ما هذه النمرقة؟» قلت: يا رسول الله اشتريتها لتجلس عليها وتوسدها، فقال رسول الله صلى الله عليه وسلم: «إن الذين يعملون هذه التصاوير يعذبون يوم القيامة، يقال لهم أحيوا ما خلقتم، وإن البيت الذي فيه مثل هذه الصور - أو الصورة - لا تدخله الملائكة» #,0
Musnad at-Tayalisi,2265,UNGRADED,Death & Burial; Day of Judgement,[ص: 46] # ، عن سمية، عن عائشة، قال أبو داود: وحدثناه أيضا رجل من أهل مكة عن عبد الرحمن بن القاسم، عن أبيه، عن عائشة، قالت: قال لي أبي: أي بنية أي يوم هذا؟ قلت: «هذا يوم الاثنين» قال: فأي يوم مات رسول الله صلى الله عليه وسلم؟ قلت: «يوم الاثنين» #,0
Musnad at-Tayalisi,2266,UNGRADED,Prophets & Past Peoples,1530 - # حدثنا أبو داود قال: حدثنا موسى بن تليدان من آل أبي بكر الصديق قال: سمعت القاسم بن محمد، يحدث عن عائشة، قالت: «أعظم النكاح بركة أيسرها مئونة» فقال له أبي: أعائشة أخبرتك عن رسول الله صلى الله عليه وسلم، فقال: هكذا حدثت وهكذا حفظت #,0
Musnad at-Tayalisi,2267,UNGRADED,Prophets & Past Peoples,1531 - # حدثنا أبو داود قال: حدثنا موسى بن تليدان، قال: سمعت القاسم، يحدث عن عائشة، قالت: «الطعين والمجنوب والنفساء والبطن شهادة» فقال له أبي: عائشة حدثتك هذا عن رسول الله صلى الله عليه وسلم؟ فقال,0
Musnad at-Tayalisi,2269,UNGRADED,Night & Voluntary Prayer,1532 - # حدثنا شريك، عن عاصم بن عبيد الله، عن القاسم بن محمد، عن عائشة، قالت: فقدت رسول الله صلى الله عليه وسلم من أول الليل فظننت أنه أتى بعض نسائه فتبعته فانتهى إلى البقيع، فقال: «السلام عليكم دار قوم مؤمنين، وإنا بكم لاحقون، اللهم لا تحرمنا أجرهم ولا تضلنا بعدهم» ثم التفت فرآني، فقال: «ويحها لو تستطيع أن لا تفعل ما فعلت» #,0
Musnad at-Tayalisi,2271,UNGRADED,Other Narrations,[ص: 49] # ثابت بن عبيد، عن القاسم بن محمد، عن عائشة، أن رسول الله صلى الله عليه وسلم قال لها: «ناوليني الخمرة» فقالت: إني حائض فقال: «إن حيضتك ليست في يدك» فناولتها إياه #,0
Musnad at-Tayalisi,2272,UNGRADED,Prophets & Past Peoples,1534 - # حدثنا أبو داود قال: حدثنا حماد بن زيد، عن أيوب، قال: سمعت القاسم بن محمد، يحدث عن عائشة، قالت: «كنت أطيب رسول الله صلى الله عليه وسلم لحله ولحرمه» #,0
Musnad at-Tayalisi,2273,UNGRADED,Prophets & Past Peoples; Treaties & Non-Muslims,1535 - # حدثنا أبو داود قال: حدثنا حماد بن سلمة، عن ابن أبي مليكة، عن القاسم بن محمد، عن عائشة، قالت: تلا رسول الله صلى الله عليه وسلم هذه الآية: {آيات محكمات هن أم الكتاب وأخر متشابهات} [آل عمران: 7] الآية، فقال رسول الله صلى الله عليه وسلم: «قد سماهم الله عز وجل لكم، فإذا رأيتموهم فاحذروهم» قالها ثلاثا #,0
Musnad at-Tayalisi,2274,UNGRADED,Prophets & Past Peoples,1536 - # حدثنا أبو داود قال: حدثنا يزيد بن إبراهيم، عن ابن أبي مليكة، عن القاسم، عن عائشة، قالت: سألت رسول الله صلى الله عليه وسلم عن هذه الآية {فأما الذين في قلوبهم زيغ فيتبعون} [آل عمران: 7] الآية فقال «قد سماهم الله لكم فإذا رأيتموهم فاحذروهم» #,0
Musnad at-Tayalisi,2275,UNGRADED,Marriage & Spouses; Women,1537 - # حدثنا أبو داود قال: حدثنا عباد بن منصور، عن القاسم، عن عائشة، أن أبا قعيس، استأذن علي، قالت: فكرهت أن آذن له، فدخل علي النبي صلى الله عليه وسلم فسألته عن ذلك فقال: «ائذني له فإنه عمك» فقلت: يا رسول الله كيف وإنما أرضعتني المرأة ولم يرضعني الرجل، قال: «فائذني له فإنه عمك» قال: وكان أبو قعيس أخا أفلح زوج ظئر عائشة #,0
Musnad at-Tayalisi,2277,UNGRADED,Prophets & Past Peoples,1538 - # حدثنا يونس قال: حدثنا أبو داود قال: حدثنا ابن أبي ذئب، عن القاسم بن عباس، عن عبد الله بن نيار، عن عروة، عن عائشة، أن رسول الله صلى الله عليه وسلم «أتي بظبية خرز فقسمها بين الحرة والأمة» #,0
Musnad at-Tayalisi,2278,UNGRADED,Prophets & Past Peoples,1539 - # حدثنا أبو داود قال: حدثنا ابن أبي ذئب، عن الزهري، عن عروة، عن عائشة، قالت: «ما سبح رسول الله صلى الله عليه وسلم الضحى وأنا أسبحها» #,0
Musnad at-Tayalisi,2279,UNGRADED,Women; Prophets & Past Peoples,1540 - # حدثنا أبو داود قال: حدثنا ابن أبي ذئب، عن الزهري، عن عروة، عن عائشة، قالت: جاءت امرأة إلى رسول الله صلى الله عليه وسلم، فقالت: يا رسول الله إن زوجي ما عنده مثل هدبة الثوب، فقال رسول الله صلى الله عليه وسلم: «فما تريدين؟ أتريدين أن ترجعي إلى رفاعة، لا حتى تذوقين من عسيلته» #,0
Musnad at-Tayalisi,2280,UNGRADED,Prophets & Past Peoples,1541 - # حدثنا أبو داود قال: حدثنا ابن أبي ذئب عن الزهري، عن عروة، عن عائشة، قالت: «كنت أنا ورسول الله، صلى الله عليه وسلم نغتسل من إناء واحد» ذلك القدح يومئذ يدعى الفرق #,0
Musnad at-Tayalisi,2282,UNGRADED,Prayer (Salah),[ص: 55] # النبي صلى الله عليه وسلم «فأمرها أن تغتسل وتصلي، فكانت تغتسل عند كل صلاة» #,0
Musnad at-Tayalisi,2283,UNGRADED,Oppression & Injustice; Prophets & Past Peoples,1543 - # حدثنا أبو داود قال: حدثنا زمعة، عن الزهري، عن عروة، عن عائشة، قالت: قال رسول الله صلى الله عليه وسلم: «العباد عباد الله والبلاد بلاد الله فمن أحيا من موات الأرض شيئا فهو له وليس لعرق ظالم,0
Musnad at-Tayalisi,2285,UNGRADED,Hajj & Umrah; Prophets & Past Peoples,1544 - # حدثنا أبو داود قال: حدثنا زمعة، عن الزهري، عن عروة، عن عائشة، قالت: «كنت أفتل قلائد هدي رسول الله صلى الله عليه وسلم ولا يجتنب شيئا» #,0
Musnad at-Tayalisi,2286,UNGRADED,Women; Prophets & Past Peoples,1545 - # حدثنا أبو داود قال: حدثنا زمعة، عن الزهري، عن عروة، عن عائشة، قالت: كانت الحبشة يدخلون المسجد، فجعلوا يلعبون ورسول الله صلى الله عليه وسلم يسترني، وأنا أنظر إليهم جارية حديثة السن، فجاء عمر فنهاهن، فقال رسول الله صلى الله عليه وسلم: «دعهن يا عمر» ثم قال: «هن بنات أرفدة» #,0
Musnad at-Tayalisi,2287,UNGRADED,Prophets & Past Peoples,1546 - # حدثنا أبو داود قال: حدثنا زمعة، عن الزهري، عن عروة، عن عائشة، قالت: «كنت أرجل رسول الله صلى الله عليه وسلم وهو معتكف يخرج رأسه إلى عتبة باب الحجرة فأرجله» #,0
Musnad at-Tayalisi,2288,UNGRADED,Women,1547 - # حدثنا أبو داود قال: حدثنا زمعة، عن الزهري، عن عروة، عن عائشة، أن عتبة بن أبي وقاص، قال لأخيه سعد: إذا قدمت مكة فاقبض ابن أمة زمعة فإنه مني، فلما كان يوم الفتح جاء سعد إليه، فجاء عبد بن زمعة فأخذ بيده، فقال سعد: ابن أخي، عهد إلي أنه ابنه، قال: فقال عبد بن زمعة: أخي من جارية أبي ولد على فراشه قال: فاختصما إلى رسول الله صلى الله عليه وسلم فقال سعد: يا رسول الله إن أخي عهد إلي إذا قدمت مكة أن أقبض ابن أمة زمعة فإنه ابنه، فقال عبد بن زمعة: ابن أمة أبي من جارية أبي ولد على فراشه، فقال رسول الله صلى الله عليه وسلم: «هو لك يا عبد، الولد للفراش وللعاهر الحجر، واحتجبي منه يا سودة بنت زمعة» لما رأى رسول الله صلى الله عليه وسلم من شبهه بعتبة، فما رآها حتى لقي الله #,0
Musnad at-Tayalisi,2289,UNGRADED,Prayer (Salah); Prophets & Past Peoples,1548 - # حدثنا أبو داود قال: حدثنا هشام الدستوائي، عن هشام بن عروة، عن أبيه، عن عائشة، قالت: قال رسول الله صلى الله عليه وسلم: «إذا حضر العشاء وحضرت الصلاة فابدءوا بالعشاء» #,0
Musnad at-Tayalisi,2290,UNGRADED,Death & Burial; Prophets & Past Peoples,1549 - # حدثنا أبو داود قال: حدثنا عبد الله بن عثمان، عن هشام بن عروة، عن أبيه، عن عائشة، قالت: قال رسول الله صلى الله عليه وسلم: «إذا مات الميت فدعوه» #,0
Musnad at-Tayalisi,2291,UNGRADED,Repentance & Forgiveness; Women,1550 - # حدثنا أبو داود قال: حدثنا الحسن بن وقاص الأنصاري، قال: حدثتني أمي، أنها دخلت على عائشة. قال أبو داود قال: وأخبرناه ابن فضالة، عن الحسن، عن عائشة، قالت: دخلت علي سائلة ومعها ابنان لها، فأمرت لها بثلاث تمرات، فأطعمت صبييها تمرة تمرة وأدخلت تمرة في فيها، فأكل الصبيان تمرتيهما، ثم لحظا إلى أمهما، فأخرجت التمرة من فيها، فشقتها بينهما، فدخل علي رسول الله صلى الله عليه وسلم، فقلت: يا رسول الله لقد رأيت اليوم عجبا، قال: «وما ذلك؟» فأخبرته، فقال: «وما تعجبين من امرأة غفر الله لها برحمتها ولدها» # # وقال أبو داود قال: بحر السقاء، عن الزهري، عن عروة، عن عائشة، فذكر نحوا من هذا الحديث، قالت: دخل علي رسول الله صلى الله عليه وسلم، وأنا أبكي، فقال: «ما يبكيك يا عائشة؟» قلت: يا رسول الله الوالدة ورحمتها وأخبرته، فقال رسول الله صلى الله عليه وسلم: «من ابتلي بشيء منهن فأحسن صحبتهن كن له سترا من النار» #,0
Musnad at-Tayalisi,2292,UNGRADED,Women; Theft & Property,1551 - # حدثنا أبو داود قال: حدثنا سفيان بن عيينة، عن الزهري، عن عروة، عن عائشة، قالت: أتي النبي صلى الله عليه وسلم بامرأة قد سرقت، فقالوا من يجترئ عليه إلا حبه أسامة، فأتاه، فقال النبي صلى الله عليه وسلم: «يا أسامة أتدري كيف هلكت بنو إسرائيل، إنهم كانوا إذا سرق الشريف منهم لم يقطع» فقطعها، قال: وكانت امرأة مخزومية #,0
Musnad at-Tayalisi,2293,UNGRADED,Prophets & Past Peoples; Treaties & Non-Muslims,1552 - # حدثنا أبو داود قال: حدثنا أبو عوانة، عن هشام بن عروة، عن أبيه، عن عائشة، أن النبي صلى الله عليه وسلم كان يوتر بخمس، وقال: «نحن أهل بيت نوتر بخمس» #,0
Musnad at-Tayalisi,2294,UNGRADED,Prophets & Past Peoples,1553 - # حدثنا أبو داود قال: حدثنا شعبة، عن أبي المؤمل، عن الزهري، عن عروة، عن عائشة، أن النبي صلى الله عليه وسلم «كان يضطجع بعد ركعتي الفجر» #,0
Musnad at-Tayalisi,2296,UNGRADED,Justice & Judgement; Prophets & Past Peoples,1555 - # حدثنا أبو داود قال: حدثنا إياس بن دغفل، قال: سمعت عطاء بن أبي رباح، يقول: أخبرني عروة بن الزبير، عن عائشة، قالت: «كان رسول الله صلى الله عليه وسلم يصلي، وأنا بينه وبين القبلة» #,0
Musnad at-Tayalisi,2297,UNGRADED,Death & Burial; Prophets & Past Peoples,1556 - # حدثنا أبو داود قال: حدثنا شعبة، وزائدة بن قدامة، عن هشام بن عروة، عن أبيه، عن عائشة، قالت: «كفن رسول الله صلى الله عليه وسلم في ثلاثة أثواب، ليس فيها قميص ولا عمامة» #,0
Musnad at-Tayalisi,2299,UNGRADED,Women,[ص: 66] # بن عروة، عن أبيه، عن عائشة، قالت: «تزوجني رسول الله صلى الله عليه وسلم وأنا بنت ست أو سبع بمكة، وبنى بي بالمدينة وأنا بنت تسع، فأتتني نسوة، وأنا جارية مجممة، ألعب على أرجوحة فهيأنني وأهدينني إلى رسول الله صلى الله عليه وسلم» #,0
Musnad at-Tayalisi,2300,UNGRADED,Day of Judgement,1558 - # حدثنا أبو داود قال: حدثنا سفيان بن عيينة، عن محمد بن المنكدر، عن عروة بن الزبير، عن عائشة، قالت: دخل رجل على رسول الله صلى الله عليه وسلم، فقال: «بئس أخو العشيرة» قال: فلما دخل ألان له، قالت: فقلت: يا رسول الله قلت كذا وكذا، ثم ألنت له فقال: «يا عائشة إن شر الناس عند الله منزلة يوم القيامة الذي يتقيه,0
Musnad at-Tayalisi,2302,UNGRADED,Prophets & Past Peoples,"1559 - # حدثنا أبو داود قال: حدثنا شعبة، عن سعد بن إبراهيم، قال: سمعت عروة بن الزبير، يحدث عن عائشة، قالت: كنا نتحدث أن النبي صلى الله عليه وسلم لا يموت حتى يخير بين الدنيا والآخرة، قالت: فلما كان مرض رسول الله صلى الله عليه وسلم الذي مات فيه عرضت له بحة، فسمعته يقول: "" {مع الذين أنعم الله عليهم من النبيين والصديقين والشهداء والصالحين} [النساء: 69] "" الآية، قالت عائشة: فعلمنا أن رسول الله صلى الله عليه وسلم كان يخير #",0
Musnad at-Tayalisi,2303,UNGRADED,Prophets & Past Peoples,1560 - # حدثنا أبو داود قال: حدثنا شعبة، عن سعد بن إبراهيم، قال: سمعت عروة بن الزبير، يحدث عن عائشة، قالت: «كان رسول الله صلى الله عليه وسلم يصلي وأنا بين يديه معترضة» قال شعبة: قال سعد: وأحسبه قالت: «وأنا حائض» #,0
Musnad at-Tayalisi,2304,UNGRADED,Prayer (Salah); Women,1561 - # حدثنا أبو داود قال: حدثنا شعبة، عن أبي بكر بن حفص، قال: سمعت عروة بن الزبير، قال: قالت عائشة: ما تقولون ما يقطع الصلاة؟ قال: فقالوا الكلب والحمار والمرأة، فقالت عائشة: إن المرأة إذا دابة سوء «لقد رأيتني وأنا معترضة بين يدي رسول الله صلى الله عليه وسلم اعتراض الجنازة وهو يصلي» #,0
Musnad at-Tayalisi,2305,UNGRADED,Women; Prophets & Past Peoples,1562 - # حدثنا أبو داود قال: حدثنا ابن سعد، عن الزهري، عن عروة، عن عائشة، قالت: «كن نساء من المهاجرات يصلين مع رسول الله صلى الله عليه وسلم متلفعات بمروطهن ما يعرفن من الغلس» #,0
Musnad at-Tayalisi,2306,UNGRADED,Prophets & Past Peoples,1563 - # حدثنا أبو داود قال: حدثنا إبراهيم بن سعد، عن الزهري، عن عروة، عن عائشة، قالت: «تمتعت مع رسول الله صلى الله عليه وسلم - يعني بالعمرة - ولم أسق الهدي» #,0
Musnad at-Tayalisi,2307,UNGRADED,Prophets & Past Peoples,"1564 - # حدثنا أبو داود قال: حدثنا ابن سعد، عن الزهري، عن عروة، عن عائشة، قالت: "" دخل قائف على رسول الله صلى الله عليه وسلم فإذا أسامة بن زيد وزيد عليهما قطيفة قد غطيا رءوسهما وبدت أقدامهما، فقال القائف: إن هذه الأقدام بعضها من بعض فسر بذلك رسول الله صلى الله عليه وسلم وأخبر بذلك عائشة "" #",0
Musnad at-Tayalisi,2308,UNGRADED,Prophets & Past Peoples,1565 - # حدثنا أبو داود قال: حدثنا ابن أبي الزناد، عن هشام بن عروة، عن أبيه، قال: قالت عائشة: «دعاني رسول الله صلى الله عليه وسلم إلى السباق فسابقني فسبقته» #,0
Musnad at-Tayalisi,2309,UNGRADED,Prophets & Past Peoples,1566 - # حدثنا أبو داود قال: حدثنا همام، قال: حدثنا عبد الملك بن جريج، عن سليمان بن موسى، عن الزهري، عن عروة، عن عائشة، أن النبي صلى الله عليه وسلم قال: «لا نكاح إلا بولي، وأيما امرأة نكحت بغير ولي فنكاحها باطل باطل باطل، فإن لم يكن لها ولي فالسلطان ولي من لا ولي له» #,0
Musnad at-Tayalisi,2310,UNGRADED,Justice & Judgement; Prophets & Past Peoples,1567 - # حدثنا أبو داود قال: حدثنا ابن أبي ذئب، عن مخلد بن خفاف الغفاري، قال: خاصمت إلى عمر بن عبد العزيز في عبد دلس لنا، فأصبنا من غلته، وعنده عروة بن الزبير، فحدثه عروة عن عائشة، أن رسول الله صلى الله عليه وسلم «قضى أن الخراج بالضمان» #,0
Musnad at-Tayalisi,2311,UNGRADED,Prophets & Past Peoples; Treaties & Non-Muslims,1568 - # حدثنا أبو داود قال: حدثنا شعبة، عن عبد الرحمن بن الأصبهاني، عن مجاهد بن وردان، عن عروة، عن عائشة، أن مولى لرسول الله صلى الله عليه وسلم توفي، فقال رسول الله صلى الله عليه وسلم: «ها هنا أحد من أهل قريته؟» قالوا: نعم، فأعطاه النبي صلى الله عليه وسلم ميراثه #,0
Musnad at-Tayalisi,2312,UNGRADED,Prophets & Past Peoples,1569 - # حدثنا أبو داود قال: حدثنا سليمان بن كثير، عن الزهري، عن عروة، عن عائشة، أن النبي صلى الله عليه وسلم «جهر بالقراءة في صلاة الكسوف» #,0
Musnad at-Tayalisi,2313,UNGRADED,Quran & Recitation; Prophets & Past Peoples,1570 - # حدثنا أبو داود قال: حدثنا صالح بن أبي الأخضر، قال: قال الزهري: وأخبرني عروة بن الزبير، عن عائشة، أن رسول الله صلى الله عليه وسلم لما رجع من غار حراء، انتهى إلى خديجة، فقال: «زملوني زملوني» فزمل، ثم قال: «يا خديجة والله لقد أشفقت على نفسي» فقالت له خديجة: أبشر فوالله لا يخزيك الله أبدا، إنك لتصدق الحديث، وتصل الرحم، وتقري الضيف، وتعين على نوائب الحق، فانطلق فانطلقت به إلى ورقة، وكان شيخا أعمى، يقرأ الإنجيل بالعبرانية، فقالت: أي ابن عم اسمع ما يقول ابن أخيك، فقال له ورقة: ماذا تقول يا ابن أخي؟ فأخبره رسول الله صلى الله عليه وسلم، فقال: هو والله الناموس الذي أنزل على موسى فليتني حيا يوم يخرجك قومك فأنصرك نصرا مؤزرا قال: «ومخرجي قومي؟» قال: نعم، لم يأت أحد بمثل ما جئت به إلا عودي وأوذي، فليتني فيها,0
Musnad at-Tayalisi,2315,UNGRADED,Prophets & Past Peoples,1571 - # حدثنا أبو داود قال: حدثنا عبد الوارث، عن برد أبي العلاء، عن الزهري، عن عروة، عن عائشة، قالت: «كنت أستفتح الباب ورسول الله صلى الله عليه وسلم يصلي، فيجيء يستقبل القبلة، فيفتح لي، ثم يرجع إلى صلاته» #,0
Musnad at-Tayalisi,2316,UNGRADED,Prophets & Past Peoples,1572 - # حدثنا أبو داود قال: حدثنا صالح بن أبي الأخضر، عن الزهري، قال: أخبرني عروة، عن عائشة، قالت: «كان أول ما بدئ به رسول الله صلى الله عليه وسلم الرؤيا الصادقة، لا يرى في منامه رؤيا إلا جاءت مثل فلق الصبح، وحبب إليه الخلاء، فكان يمكث الأيام في غار حراء يتعبد حتى فجأه الحق يوما وهو في غار حراء» #,0
Musnad at-Tayalisi,2317,UNGRADED,Prophets & Past Peoples,1573 - # حدثنا أبو داود قال: حدثنا عبد الرحمن بن أبي الزناد، عن أبيه، عن عروة، عن عائشة «أن سودة وهبت، يومها لعائشة بمكانها من رسول الله صلى الله عليه وسلم» #,0
Musnad at-Tayalisi,2319,UNGRADED,Hellfire; Prophets & Past Peoples,1575 - # حدثنا أبو داود قال: حدثنا محمد بن أبي حميد، عن محمد بن المنكدر، عن عروة، عن عائشة، قالت: «كان يأتي علينا على عهد رسول الله صلى الله عليه وسلم أربعون ليلة ما يوقد في بيت رسول الله صلى الله عليه وسلم نار مصباح ولا غيره» قال: قلت: فبم كنتم تعيشون؟ قالت,0
Musnad at-Tayalisi,2321,UNGRADED,Prophets & Past Peoples,1576 - # حدثنا أبو داود قال: حدثنا ابن أبي ذئب، وزمعة، عن الزهري، عن عروة، عن عائشة، أن رفاعة القرظي، طلق امرأته، فأبت طلاقها، فتزوجها بعده عبد الرحمن بن الزبير، فأتت رسول الله صلى الله عليه وسلم، فذكرت أنه لا يستطيع أن يأتيها، وأهوت إلى هدبة من جلبابها، فقالت: يا رسول الله إنما عنده مثل هدبة الثوب، فتبسم رسول الله صلى الله عليه وسلم ضاحكا، ثم قال: «فإنك لا تحلين له حتى يذوق من عسيلتك» #,0
Musnad at-Tayalisi,2323,UNGRADED,Prophets & Past Peoples,1577 - # حدثنا يونس قال: حدثنا أبو داود قال: حدثنا حماد بن سلمة، عن عطاء بن السائب، عن أبي سلمة بن عبد الرحمن، عن عائشة، قالت: «كان رسول الله صلى الله عليه وسلم إذا اغتسل من الجنابة، بدأ فغسل يديه، ثم أخذ بيمينه، فصب على شماله، فغسل فرجه حتى ينقيه ثم مضمض ثلاثا، واستنشق ثلاثا، وغسل وجهه ثلاثا، وذراعيه ثلاثا، ثم صب على رأسه وجسده الماء، فإذا فرغ غسل قدميه» #,0
Musnad at-Tayalisi,2325,UNGRADED,Fasting & Ramadan,[ص: 82] # كثير، عن أبي سلمة، عن عائشة، أن رسول الله صلى الله عليه وسلم «كان لا يصوم من السنة شهرا إلا شعبان فإنه كان يصوم شعبان كله» #,0
Musnad at-Tayalisi,2326,UNGRADED,Prophets & Past Peoples,1579 - # حدثنا أبو داود قال: حدثنا ابن أبي ذئب، عن الزهري، عن أبي سلمة، عن عائشة، قالت: «كان رسول الله صلى الله عليه وسلم يقبلني وهو صائم» #,0
Musnad at-Tayalisi,2327,UNGRADED,Prophets & Past Peoples,1580 - # حدثنا أبو داود قال: حدثنا حرب بن شداد، عن يحيى بن أبي كثير، عن أبي سلمة، قال: أخبرتني عائشة، وابن عباس أن رسول الله صلى الله عليه وسلم «أقام بمكة عشر سنين، ينزل عليه وبالمدينة عشر سنين» #,0
Musnad at-Tayalisi,2328,UNGRADED,Prophets & Past Peoples,1581 - # حدثنا أبو داود قال: حدثنا سفيان بن عيينة، عن الزهري، عن أبي سلمة، عن عائشة، قالت: قال رسول الله صلى الله عليه وسلم: «كل شراب أسكر فهو حرام» #,0
Musnad at-Tayalisi,2330,UNGRADED,Other Narrations,[ص: 85] # : سمعت أبا سلمة بن عبد الرحمن، يحدث قال: سئلت عائشة: أي العمل كان أحب إلى رسول الله صلى الله عليه وسلم؟ فقالت: «أدومه» #,0
Musnad at-Tayalisi,2331,UNGRADED,Prophets & Past Peoples,1583 - # حدثنا شعبة، عن سعد بن إبراهيم، عن أبي سلمة بن عبد الرحمن، عن عائشة، أو أبي هريرة - ليس الشك من أبي داود - أن رسول الله صلى الله عليه وسلم قال: «اكلفوا من العمل ما تطيقون» #,2
Musnad at-Tayalisi,2332,UNGRADED,Prophets & Past Peoples,1584 - # حدثنا أبو داود قال: حدثني حرب بن شداد، عن يحيى بن أبي كثير، عن أبي سلمة، عن عائشة، أن رسول الله صلى الله عليه وسلم «نهى عن الخليطين» #,0
Musnad at-Tayalisi,2333,UNGRADED,Prophets & Past Peoples,1585 - # حدثنا أبو داود قال: حدثنا ابن سعد، عن أبيه، عن أبي سلمة، عن عائشة، قالت: «ما ألفاه السحر إلا نائما» تريد النبي صلى الله عليه وسلم #,0
Musnad at-Tayalisi,2334,UNGRADED,Prayer (Salah),1586 - # حدثنا أبو داود قال: حدثنا هشام، عن يحيى بن أبي كثير، عن أبي سلمة، قال: سألت عائشة عن صلاة رسول الله صلى الله عليه وسلم بالليل، فقالت: «كان يصلي ثلاث عشرة ركعة، يصلي ثمان، ثم يوتر كأنه يوتر بتسع، ثم يصلي ركعتين، وهو جالس، فإذا أراد أن يركع قام,0
Musnad at-Tayalisi,2336,UNGRADED,Oaths & Vows; Prophets & Past Peoples,1587 - # حدثنا أبو داود قال: حدثنا عبد الله بن المبارك، عن يونس، عن الزهري عن أبي سلمة، عن عائشة، عن النبي صلى الله عليه وسلم قال: «لا نذر في معصية، وكفارته كفارة يمين» #,0
Musnad at-Tayalisi,2337,UNGRADED,Prophets & Past Peoples,1588 - # حدثنا أبو داود قال: حدثنا حرب بن شداد، عن يحيى بن أبي كثير، عن أبي سلمة، قال: قلت لعائشة: هل كان رسول الله صلى الله عليه وسلم ينام، وهو جنب؟ قالت: «نعم ويتوضأ وضوءه للصلاة» #,0
Musnad at-Tayalisi,2338,UNGRADED,Prophets & Past Peoples,1589 - # حدثنا أبو داود قال: حدثنا ابن أبي ذئب، قال: حدثني خالي الحارث، عن أبي سلمة، عن عائشة، قالت: أشار رسول الله صلى الله عليه وسلم إلى القمر فقال: «استعيذي بالله من شره فإنه الغاسق إذا وقب» #,0
Musnad at-Tayalisi,2339,UNGRADED,Prophets & Past Peoples,1590 - # حدثنا أبو داود قال: حدثنا ابن أبي ذئب، حدثني من سمع أبا سلمة، يحدث عن عائشة، أن رسول الله صلى الله عليه وسلم قال: «من استيقظ من منامه فلا يغمس يده في طهوره حتى يفرغ على يده ثلاث غرفات» ولم يكن رسول الله صلى الله عليه وسلم إذا استيقظ يفعل ذلك حتى يفرغ على يده ثلاثا #,0
Musnad at-Tayalisi,2343,UNGRADED,Prophets & Past Peoples; Treaties & Non-Muslims,"1592 - # حدثنا يونس قال: حدثنا أبو داود قال: حدثنا الصلت بن دينار أبو شعيب، قال: حدثنا عقبة بن صهبان الهنائي، قال: سألت عائشة عن قول الله تبارك وتعالى: {ثم أورثنا الكتاب الذين اصطفينا من عبادنا} [فاطر: 32] الآية، فقالت لي: "" يا بني كل هؤلاء في الجنة فأما السابق إلى الخيرات فمن مضى على عهد رسول الله صلى الله عليه وسلم شهد له رسول الله صلى الله عليه وسلم بالحياة والرزق، وأما المقتصد فمن تبع أثره من",0
Musnad at-Tayalisi,2346,UNGRADED,Prophets & Past Peoples,1593 - # حدثنا يونس قال: حدثنا أبو داود قال: حدثنا الأسود بن شيبان، قال: حدثنا أبو نوفل بن أبي عقرب، قال: قيل لعائشة: أكان يتسامع عند رسول الله صلى الله عليه وسلم الشعر؟ قالت: «كان أبغض الحديث إليه» #,0
Musnad at-Tayalisi,2347,UNGRADED,Prophets & Past Peoples,1594 - # حدثنا أبو داود قال: حدثنا الأسود بن شيبان، عن أبي نوفل، عن عائشة، قالت: «كان رسول الله صلى الله عليه وسلم يحب الجوامع من الدعاء ويدع ما بين ذلك» #,0
Musnad at-Tayalisi,2349,UNGRADED,Prophets & Past Peoples,1595 - # حدثنا يونس قال: حدثنا أبو داود قال: حدثنا طلحة، قال: سمعت عطاء، يحدث عن عائشة، قالت: «كل ذلك فعل رسول الله صلى الله عليه وسلم في السفر صام وأفطر» #,0
Musnad at-Tayalisi,2350,UNGRADED,Day of Judgement; Prophets & Past Peoples,1596 - # حدثنا أبو داود قال: حدثنا طلحة، عن عطاء، عن عائشة، قالت: «طيبت رسول الله صلى الله عليه وسلم يوم الأضحى بعدما رمى الجمرة قبل أن يطوف بالبيت» #,0
Musnad at-Tayalisi,2351,UNGRADED,Dhikr & Supplication; Repentance & Forgiveness,1597 - # حدثنا أبو داود قال: حدثنا إياس بن أبي تميمة، عن عطاء، أن رجلا ذكر عند عائشة فلعنته أو سبته، فقيل لها: إنه قد مات، فقالت: أستغفر الله له، فقيل لها: يا أم المؤمنين لعنتيه ثم استغفرت له فقالت: إن رسول الله صلى الله عليه وسلم قال: «لا تذكروا موتاكم إلا بخير» #,0
Musnad at-Tayalisi,2352,UNGRADED,Prophets & Past Peoples,1598 - # حدثنا أبو داود قال: حدثنا طلحة، عن عطاء، عن عائشة، أن النبي صلى الله عليه وسلم قال لها: «يا عائشة إن الفحش لو كان رجلا لكان رجل سوء» #,0
Musnad at-Tayalisi,2353,UNGRADED,Repentance & Forgiveness; Mercy & Kindness,1599 - # حدثنا أبو داود قال: حدثنا طلحة، عن عطاء عن عائشة، قالت: فقدت رسول الله صلى الله عليه وسلم من مضجعه ليلة، وظننت أنه قد أتى بعض نسائه، فانتهيت إليه وهو ساجد، فسمعته يقول: «سبوحا قدوسا رب الملائكة والروح، سبقت رحمة ربنا غضبه» #,0
Musnad at-Tayalisi,2355,UNGRADED,Fasting & Ramadan; Prophets & Past Peoples,1600 - # حدثنا يونس، قال: حدثنا أبو داود، حدثنا هشام، عن قتادة، عن زرارة بن أوفى، عن سعد بن هشام، عن عائشة، قالت: «ما صام رسول الله صلى الله عليه وسلم شهرا كاملا إلا رمضان ولا قام ليلة حتى أصبح ولا قرأ القرآن في ليلة» #,0
Musnad at-Tayalisi,2357,UNGRADED,Prayer (Salah),[ص: 98] # زرارة بن أوفى، عن سعد بن هشام، عن عائشة، أن رسول الله صلى الله عليه وسلم قال في ركعتي الفجر: «لهما أحب إلي من حمر النعم» #,0
Musnad at-Tayalisi,2358,UNGRADED,Quran & Recitation; Prophets & Past Peoples,"1602 - # حدثنا أبو داود قال: حدثنا شعبة، وهشام، عن قتادة، عن زرارة بن أوفى، عن سعد بن هشام، عن عائشة، عن النبي صلى الله عليه وسلم قال: "" الذي يقرأ القرآن وهو ماهر به مع السفرة الكرام البررة، والذي يقرأ القرآن - قال هشام: وهو عليه شديد "" وقال شعبة: وهو عليه شاق - فله أجران "" #",0
Musnad at-Tayalisi,2359,UNGRADED,Prayer (Salah); Trials & Illness,1603 - # حدثنا أبو داود قال: حدثنا هشام، عن قتادة، عن زرارة بن أوفى، عن سعد بن هشام، عن عائشة، قالت: «كان النبي صلى الله عليه وسلم إذا أخذ خلقا أحب أن يداوم عليه، فإذا غلبه عليه مرض أو نوم صلى من النهار اثنتي عشرة ركعة» #,0
Musnad at-Tayalisi,2360,UNGRADED,Dhikr & Supplication; Prophets & Past Peoples,1604 - # حدثنا أبو داود قال: حدثنا عمران، عن قتادة، عن زرارة بن أوفى، عن سعد بن هشام، عن عائشة، قالت: ذكر عند النبي صلى الله عليه وسلم رجل اسمه شهاب، فقال رسول الله صلى الله عليه وسلم: «أنت هشام» #,0
Musnad at-Tayalisi,2362,UNGRADED,Prophets & Past Peoples,1605 - # حدثنا يونس قال: حدثنا أبو داود قال: حدثنا شعبة، عن ابن أبي السفر، عن الشعبي، عن عبد الرحمن بن الحارث بن هشام، عن عائشة، قالت: «كان رسول الله صلى الله عليه وسلم يجنب، ثم يصبح، فيغتسل ويصوم، فيخرج إلى الصلاة، فأسمع قراءته» #,0
Musnad at-Tayalisi,2364,UNGRADED,Fasting & Ramadan,[ص: 101] # بكر بن عبد الرحمن بن الحارث، عن أبيه، أنه قال: دخلت على عائشة، فقالت: «كان رسول الله صلى الله عليه وسلم يصبح جنبا، ثم يغتسل، ثم يغدو إلى المسجد، ورأسه يقطر، ثم يصوم ذلك اليوم» #,0
Musnad at-Tayalisi,2366,UNGRADED,Prophets & Past Peoples,1607 - # حدثنا يونس قال: حدثنا أبو داود قال: حدثنا عبد الله بن المبارك، عن عمرو بن ميمون، عن أبيه، عن عائشة، قالت: «كان رسول الله صلى الله عليه وسلم يغسل المني عن ثوبه فيخرج وهو بقع بقع» #,0
Musnad at-Tayalisi,2368,UNGRADED,Character & Manners; Truthfulness & Lying,1608 - # حدثنا أبو داود قال: حدثنا نافع بن عمر الجمحي، ورباح بن أبي معروف، سمعا من ابن أبي مليكة، قال: أتيت عائشة فذكرت لها ما قال ابن عمر وابن عباس عن عمر أن الميت يعذب ببكاء أهله عليه، فقالت: والله إنك لتخبرني عن غير كاذب ولا متهم، ولكن السمع يخطئ، ما حدث رسول الله صلى الله عليه وسلم أحدا أن الله يعذب المؤمن ببكاء أحد، ولكنه قال: «إن الكافر يزداد عذابا ببكاء أهله عليه» وإن في القرآن ما يكفيكم {ولا تزر,0
Musnad at-Tayalisi,2370,UNGRADED,Prophets & Past Peoples,1609 - # حدثنا أبو داود قال: حدثنا أبو عامر الخزاز، عن ابن أبي مليكة، عن عائشة، قالت: «طيبته - تعني النبي صلى الله عليه وسلم - حين أراد أن يهل بأطيب ما قدرت عليه من طيبي» #,0
Musnad at-Tayalisi,2371,UNGRADED,Prophets & Past Peoples,1610 - # حدثنا أبو داود قال: حدثنا أبو عامر، عن ابن أبي مليكة، عن عائشة، أنها حاضت، فقال لها النبي صلى الله عليه وسلم: «اقضي المناسك,0
Musnad at-Tayalisi,2373,UNGRADED,Death & Burial; Prophets & Past Peoples,1611 - # حدثنا أبو داود قال: حدثنا محمد بن أبان، عن عبد العزيز بن رفيع، عن ابن أبي مليكة، عن عائشة، قالت: قال لي رسول الله صلى الله عليه وسلم في مرضه الذي مات فيه: «ادعي لي عبد الرحمن بن أبي بكر، أكتب لأبي بكر كتابا لا يختلف عليه بعدي» ثم قال: «دعيه معاذ الله أن يختلف المؤمنون في أبي بكر» #,0
Musnad at-Tayalisi,2375,UNGRADED,Fasting & Ramadan; Prophets & Past Peoples,1612 - # حدثنا أبو داود قال: حدثنا أبو عوانة، عن إسماعيل السدي، عن عبد الله البهي، عن عائشة، قالت: «ما كنت أقضي ما علي من رمضان إلا في شعبان حتى توفي رسول الله صلى الله عليه وسلم» #,0
Musnad at-Tayalisi,2376,UNGRADED,Brotherhood & Friendship; Prophets & Past Peoples,1613 - # حدثنا أبو داود قال: حدثنا سلام، عن أبي إسحاق، عن عبد الله البهي، عن عائشة، أن رسول الله صلى الله عليه وسلم قال لها: «أعطيني الخمرة من المسجد» فقالت: إني حائض، فقال: «إن حيضك ليست بيدك» #,0
Musnad at-Tayalisi,2378,UNGRADED,Prophets & Past Peoples,1614 - # حدثنا يونس قال: حدثنا أبو داود قال: حدثنا شعبة، قال: أخبرني إبراهيم بن محمد بن المنتشر، عن أبيه، عن عائشة، قالت: «كان رسول الله صلى الله عليه وسلم لا يدع أربعا قبل الظهر وركعتين قبل صلاة الفجر» #,0
Musnad at-Tayalisi,2380,UNGRADED,Prophets & Past Peoples,1615 - # حدثنا يونس قال: حدثنا أبو داود قال: حدثنا شعبة، عن الأعمش، قال: سمعت خيثمة، يحدث عن أبي عطية الوادعي، قال: دخلت أنا ومسروق على عائشة - أو قال: دخلنا على عائشة - فقلنا: يا أم المؤمنين إن فينا رجلين من أصحاب النبي صلى الله عليه وسلم أما أحدهما فيعجل الإفطار ويؤخر السحور وأما الآخر فيؤخر الإفطار ويعجل السحور، فقالت: «من الذي يعجل الإفطار ويؤخر السحور» قلنا: ابن مسعود، قالت: «كذا كان يفعل رسول الله صلى الله عليه وسلم» #,0
Musnad at-Tayalisi,2381,UNGRADED,Hajj & Umrah,"1616 - # حدثنا أبو داود قال: حدثنا شعبة، عن الأعمش، قال: سمعت خيثمة، يحدث عن أبي عطية الوادعي، قال: سمعت عائشة، تقول: والله إني لأعلم كيف كانت تلبية رسول الله صلى الله عليه وسلم، ثم سمعتها تلبي: لبيك اللهم لبيك، لبيك لا شريك لك لبيك، إن الحمد والنعمة لك "" #",0
Musnad at-Tayalisi,2383,UNGRADED,Prophets & Past Peoples,1617 - # حدثنا يونس قال: حدثنا أبو داود قال: حدثنا شعبة، عن المقدام بن شريح، عن أبيه، عن عائشة، قالت: «كنت أشرب من الإناء فيأخذه النبي صلى الله عليه وسلم فيضع فمه حيث كان فمي وأتعرق العظم فيأخذ النبي صلى الله عليه وسلم فيضع فمه حيث كان فمي» #,0
Musnad at-Tayalisi,2384,UNGRADED,Prophets & Past Peoples,1618 - # حدثنا أبو داود قال: حدثنا شريك، عن المقدام بن شريح، عن أبيه، قال: قالت لي عائشة: «من حدثك أن رسول الله صلى الله عليه وسلم بال قائما فلا تصدقه، فإن رسول الله صلى الله عليه وسلم لم يبل إلا وهو قاعد» #,0
Musnad at-Tayalisi,2385,UNGRADED,Prophets & Past Peoples,1619 - # حدثنا أبو داود قال: حدثنا شعبة، عن المقدام بن شريح، عن أبيه، عن عائشة، أنها كانت على جمل فجعلت تصرفه بضربه، فقال النبي صلى الله عليه وسلم: «يا عائشة، عليك بالرفق، فإنه لم يكن في شيء إلا زانه، ولم ينزع من شيء إلا شانه» #,0
Musnad at-Tayalisi,2387,UNGRADED,Prophets & Past Peoples,1620 - # حدثنا يونس قال: حدثنا أبو داود قال: حدثنا حماد بن سلمة، عن أبي عمران الجوني، عن يزيد بن بابنوس، قال: دخلنا على عائشة، ومعنا رجل، فسألها، فقال: يا أم المؤمنين ما تقولين في العراك، فقالت: الحيض، ثم قالت: يا أهل العراق، ألا تقولون كما قال الله عز وجل، ثم قالت: «كان رسول الله صلى الله عليه وسلم يتوشحني وينال من رأسي وأنا حائض وعلي الإزار» #,0
Musnad at-Tayalisi,2389,UNGRADED,Women,1621 - # حدثنا أبو داود قال: حدثنا شعبة، عن منصور، عن سالم بن أبي الجعد، عن أبي مليح الهذلي، أن نساء من أهل حمص أو من أهل الشام دخلن على عائشة، فقالت: أنتن اللاتي يدخلن نساؤكن الحمامات، سمعت رسول الله صلى الله عليه وسلم يقول: «ما من امرأة تضع ثيابها في غير بيت زوجها إلا هتكت الستر بينها وبين الله» #,0
Musnad at-Tayalisi,2391,UNGRADED,Prophets & Past Peoples; Night & Voluntary Prayer,"1622 - # حدثنا يونس قال: حدثنا أبو داود قال: حدثنا شعبة، عن يزيد بن خمير، عن عبد الله بن أبي موسى النصري، قال: قالت لي عائشة: لا تدع قيام الليل فإن رسول الله صلى الله عليه وسلم "" كان لا يدعه، وكان إذا مرض - أو قالت: كسل - صلى قاعدا "" #",0
Musnad at-Tayalisi,2392,UNGRADED,Character & Manners; Prophets & Past Peoples,1623 - # حدثنا أبو داود قال: حدثنا شعبة، عن أبي إسحاق، قال: سمعت أبا عبد الله الجدلي، يقول: سألت عائشة رضي الله عنها عن خلق رسول الله صلى الله عليه وسلم، فقالت: «لم يكن فاحشا، ولا متفحشا، ولا سخابا في الأسواق، لا يجزي بالسيئة السيئة، ولكن يعفو ويصفح» أو قالت: «يعفو ويغفر» ، شك أبو داود #,0
Musnad at-Tayalisi,2393,UNGRADED,Prophets & Past Peoples,1624 - # حدثنا أبو داود قال: حدثنا شعبة، عن أبي إسحاق، عن أبي ميسرة، قال: قالت عائشة: «كان رسول الله صلى الله عليه وسلم يأمر إحدانا وهي حائض أن تتزر، ثم تدخل معه في لحافه» #,0
Musnad at-Tayalisi,2394,UNGRADED,Prophets & Past Peoples,"1625 - # حدثنا أبو داود قال: حدثنا شعبة، عن قتادة، عن سعيد بن المسيب، عن عائشة، أن النبي صلى الله عليه وسلم قال: "" خمس فواسق يقتلن في الحل والحرم: الفأرة والعقرب والحدأة والكلب العقور والغراب الأبقع "" #",0
Musnad at-Tayalisi,2395,UNGRADED,Prophets & Past Peoples,1626 - # حدثنا أبو داود قال: حدثنا ابن أبي الزناد، عن أبيه، عن علي بن حسين، عن عائشة، أن النبي صلى الله عليه وسلم «كان يقبل وهو صائم» #,0
Musnad at-Tayalisi,2398,UNGRADED,Destiny & Decree; Prophets & Past Peoples,1628 - # حدثنا أبو داود قال: حدثنا القاسم بن الفضل، عن محمد بن علي، عن عائشة، أنها كانت تدان، فقيل لها: يا أم المؤمنين ما لك والدين؟ فقالت: إني سمعت رسول الله صلى الله عليه وسلم يقول: «من نوى قضاء الدين كان معه عون من الله» وأنا التمس ذلك العون #,0
Musnad at-Tayalisi,2399,UNGRADED,Prophets & Past Peoples,1629 - # حدثنا أبو داود قال: حدثنا شعبة، عن عمارة بن أبي حفصة، عن عكرمة، قال: قالت عائشة: قدم تاجر بمتاع، فقلت: يا رسول الله لو ألقيت هذين الثوبين الغليظين عنك وأرسلت إلى فلان التاجر فباعك ثوبين إلى الميسرة، فبعث النبي صلى الله عليه وسلم أن: «أرسل إلي بثوبين إلى الميسرة» فقال: إن محمدا يريد أن يذهب بمالي، فقال رسول الله صلى الله عليه وسلم: «والله لقد علموا أني آداهم للأمانة وأخشاهم لله عز وجل» أو نحو هذا #,0
Musnad at-Tayalisi,2400,UNGRADED,Parents; Character & Manners,1630 - # حدثنا أبو داود قال: حدثنا شعبة، عن خالد الحذاء، سمع أبا قلابة، عن عبد الله بن يزيد رضيع عائشة، عن عائشة، أن النبي صلى الله عليه وسلم قال: «ما من رجل تصلي عليه أمة من الناس كلهم يشفع له، إلا شفعوا فيه» #,0
Musnad at-Tayalisi,2401,UNGRADED,Zakah & Charity,1631 - # حدثنا أبو داود قال: حدثنا ورقاء، عن محمد بن المنكدر، عن سعيد بن جبير، عن عائشة، أن رسول الله صلى الله عليه وسلم قال: «من كانت له صلاة فغلبه عليها نوم أو نام عنها كتب الله عز وجل له أجر صلاته وكان نومه صدقة من الله تصدق بها عليه» #,0
Musnad at-Tayalisi,2402,UNGRADED,Night & Voluntary Prayer; Prophets & Past Peoples,1632 - # حدثنا أبو داود قال: حدثنا زهير، عن أبي إسحاق، عن عابس بن ربيعة، قال: أتيت عائشة، فقلت: يا أم المؤمنين هل كان رسول الله صلى الله عليه وسلم حرم لحوم الأضاحي فوق ثلاثة أيام؟ قالت: «لا، كان من يضحي منهم قليل، فأمر أن يطعم من ضحى من لم يضحي، ولقد رأيتنا نخبأ الكراع من الأضاحي فنأكله بعد عاشرة» #,0
Musnad at-Tayalisi,2403,UNGRADED,Prophets & Past Peoples,1633 - # حدثنا أبو داود قال: حدثنا شعبة، عن أبي عمران، عن طلحة بن عبد الله، عن عائشة، قالت: يا رسول الله إن لي جارين فإلى أيهما أهدي، قال: «إلى أقربهما منك بابا» #,0
Musnad at-Tayalisi,2404,UNGRADED,Purity & Wudu; Prophets & Past Peoples,1634 - # حدثنا أبو داود قال: حدثنا حماد بن سلمة، قال: حدثنا محمد بن إسحاق، عن ابن عباد، عن عائشة، قالت: لما كانت وفاة رسول الله صلى الله عليه وسلم، وأرادوا غسله، وقع عليهم النوم حتى أن يد كل واحد منهم عند ذقنه فنودوا من ناحية البيت أن اغسلوه فوق ثيابه، قالت عائشة: «فلو استقبلت من أمري ما استدبرت ما غسل رسول الله صلى الله عليه وسلم إلا نساؤه» #,0
Musnad at-Tayalisi,2405,UNGRADED,Women; Prophets & Past Peoples,1635 - # حدثنا أبو داود قال: حدثنا القاسم بن الفضل، عن ثمامة بن حزن، قال: لقيت عائشة، فسألتها عن النبيذ، فقالت: «نهى رسول الله صلى الله عليه وسلم عن الدباء والمزفت والنقير والحنتم» ودعت جارية حبشية، فقالت: سل هذه فإنها كانت تنتبذ لرسول الله صلى الله عليه وسلم، فقالت: كنت أنتبذ له في سقاء فأوكيه وأعلقه فإذا أصبح شربه #,0
Musnad at-Tayalisi,2406,UNGRADED,Zakah & Charity; Prophets & Past Peoples,1636 - # حدثنا أبو داود قال: حدثنا محمد بن أبي حميد، قال: أخبرني عبد الله بن عمرو بن أمية الضمري، عن أبيه، أنه دخل على عائشة فقال لها: نشدتك الله أسمعت رسول الله صلى الله عليه وسلم يقول: «ما أعطيتموهن من شيء فهو لكم صدقة» قالت: اللهم نعم، اللهم نعم #,0
Musnad at-Tayalisi,2407,UNGRADED,Prophets & Past Peoples,1637 - # حدثنا أبو داود قال: حدثنا حماد بن سلمة، عن علي بن زيد، عن أبي عثمان، قال: قالت عائشة: كان رسول الله صلى الله عليه وسلم يقول: «اللهم اجعلني من الذين إذا أحسنوا استبشروا وإذا أساءوا استغفروا» #,0
Musnad at-Tayalisi,2408,UNGRADED,"Prophets & Past Peoples; Time, Days & Nights",1638 - # حدثنا أبو داود قال: حدثنا قيس، وسلام، عن زياد بن علاقة، عن عمرو بن ميمون الأودي، عن عائشة، قالت: «كان رسول الله صلى الله عليه وسلم يقبل في شهر الصوم» وقال قيس: «كان رسول الله صلى الله عليه وسلم يقبل وهو صائم» #,0
Musnad at-Tayalisi,2409,UNGRADED,Prayer (Salah),1639 - # حدثنا أبو داود قال: حدثنا حبيب بن يزيد الأنماطي، قال: حدثنا عمرو بن هرم، عن جابر بن زيد، قال: قالت عائشة: «كان رسول الله صلى الله عليه وسلم يصلي بمكة ركعتين» يعني الفرائض «فلما قدم المدينة وفرضت عليه الصلاة أربعا وثلاثا صلى وترك الركعتين اللتين كان يصليهما بمكة تماما للمسافر» #,0
Musnad at-Tayalisi,2410,UNGRADED,Prophets & Past Peoples,1640 - # حدثنا أبو داود قال: حدثنا شعبة، عن الأعمش، قال: سمعت أبا وائل، يقول: قالت عائشة: «ما رأيت أحدا كان الوجع أبين عليه منه على رسول الله صلى الله عليه وسلم» #,0
Musnad at-Tayalisi,2411,UNGRADED,Prophets & Past Peoples,"1641 - # حدثنا أبو داود قال: حدثنا محمد بن راشد، عن مكحول، قيل لعائشة إن أبا هريرة، يقول: قال رسول الله صلى الله عليه وسلم: "" الشؤم في ثلاثة: في الدار والمرأة والفرس "" فقالت عائشة: لم يحفظ أبو هريرة لأنه دخل ورسول الله صلى الله عليه وسلم، يقول: "" قاتل الله اليهود، يقولون إن الشؤم في ثلاثة: في الدار والمرأة والفرس "" فسمع آخر الحديث ولم يسمع أوله #",0
Musnad at-Tayalisi,2413,UNGRADED,Character & Manners,[ص: 125] # عرفطة، عن عبد خير، عن عائشة، قالت: «نهى رسول الله صلى الله عليه وسلم عن الدباء والحنتم والمزفت» #,0
Musnad at-Tayalisi,2414,UNGRADED,Fasting & Ramadan; Character & Manners,1643 - # حدثنا أبو داود قال: حدثنا حماد بن سلمة، قال: أخبرني أبو عمران الجوني، عن رجل، عن عائشة، أن رسول الله صلى الله عليه وسلم اعتكف هو وخديجة شهرا، فوافق ذلك رمضان، فخرج رسول الله صلى الله عليه وسلم وسمع: السلام عليكم قالت: فظننت أنه فجأه الجن، فقال: «أبشر، فإن السلام خير» ثم رأى يوما آخر جبريل عليه السلام على الشمس جناح له بالمشرق وجناح له بالمغرب,0
Musnad at-Tayalisi,2417,UNGRADED,Character & Manners; Prophets & Past Peoples,1644 - # حدثنا أبو داود قال: حدثنا شعبة، عن الحكم، عن علي بن حسين، عن ذكوان، عن عائشة، أنها قالت: قدم رسول الله صلى الله عليه وسلم لأربع مضين من ذي الحجة أو خمس فدخل علي وهو غضبان، فقلت: من أغضبك يا رسول الله أدخله الله النار، قال: «أما شعرت إني أمرت الناس بأمر، فإذا هم يترددون» قال الحكم: «كأنهم خشب ولو إني استقبلت من أمري ما استدبرت ما سقت الهدي حتى أشتريه ثم أحل كما حلوا» #,0
Musnad at-Tayalisi,2418,UNGRADED,Prophets & Past Peoples,1645 - # حدثنا أبو داود قال: حدثنا حماد بن سلمة، عن خالد الحذاء، عن خالد بن أبي الصلت، عن عراك، عن عائشة أن النبي صلى الله عليه وسلم «لما بلغه أمر بمقعدة فاستقبل بها القبلة» #,0
Musnad at-Tayalisi,2419,UNGRADED,Bloodshed & Murder; Prophets & Past Peoples,1646 - # حدثنا أبو داود قال: حدثنا عبد الله بن نافع، قال: أخبرني أبيه يعني أباه، عن السائب، عن عائشة، أن رسول الله صلى الله عليه وسلم «نهى عن قتل جنان البيوت» يعني من الحيات «إلا الأبتر وذو الطفيتين، فإنهما يخطفان الأبصار ويقتلان الحبل في بطون النساء، فمن لم يقتلها فليس منا» #,0
Musnad at-Tayalisi,2420,UNGRADED,Faith & Creed; Brotherhood & Friendship,1647 - # حدثنا أبو داود قال: حدثنا سلام، عن أبي إسحاق، عن عمرو بن غالب، أن عائشة قالت لعمار: أما أنت يا عمار فقد علمت ما قال رسول الله صلى الله عليه وسلم: «لا يحل دم امرئ مسلم إلا بإحدى ثلاث، رجل كفر بعد إسلامه، أو زنى بعد إحصانه، أو قتل فيقتل» #,0
Musnad at-Tayalisi,2422,UNGRADED,Other Narrations,[ص: 131] # ، عن ذكوان، عن عائشة، أن رسول الله صلى الله عليه وسلم «كان يصلي على الخمرة» #,0
Musnad at-Tayalisi,2423,UNGRADED,Prophets & Past Peoples,"1649 - # حدثنا أبو داود قال: حدثنا حماد بن سلمة، والمبارك بن فضالة، عن أبي عمران الجوني، عن يزيد بن بابنوس، قال: دخلنا على عائشة فذكرنا وفاة النبي صلى الله عليه وسلم، فقالت: "" دخل أبو بكر فجعل يراوح بين خديه قبلا، وهو يقول: يا نبياه يا صفياه "" #",0
Musnad at-Tayalisi,2424,UNGRADED,Day of Judgement,1650 - # حدثنا أبو داود قال: حدثنا عمر بن العلاء اليشكري، قال: حدثني صالح بن سرج من عبد القيس، عن عمران بن حطان، قال: سمعت عائشة، تقول: وذكر عندها القضاة، فقالت: سمعت رسول الله صلى الله عليه وسلم يقول: «يؤتى بالقاضي العدل يوم القيامة، فيلقى من شدة الحساب ما يتمنى أنه لم يقض بين اثنين في تمرة قط» #,0
Musnad at-Tayalisi,2426,UNGRADED,Prayer (Salah),[ص: 133] # العقيلي، بصري ثقة صدوق عن أبيه، عن أبي الجوزاء، عن عائشة، قالت: «كان رسول الله صلى الله عليه وسلم يستفتح الصلاة بالتكبير والقراءة ب الحمد لله رب العالمين فإذا ركع لم يشخص رأسه ولم يخفضه ولكن بين ذلك، فإذا رفع رأسه لم يسجد حتى يستوي قائما، فإذا سجد فرفع رأسه لم يسجد حتى يستوي قاعدا، وكان يفرش قدمه اليسرى وينصب قدمه اليمنى، وكان يقول في كل ركعتين التحيات، وكان ينهى عن عقب الشيطان وعن افتراش كافتراش السبع والكلب، وكان يختم الصلاة بالتسليم» #,0
Musnad at-Tayalisi,2427,UNGRADED,Prophets & Past Peoples,1652 - # حدثنا أبو داود قال: حدثنا يزيد بن إبراهيم، عن محمد، قال: قالت عائشة: «كان رسول الله صلى الله عليه وسلم يصلي قبل الفجر ركعتين، يقول فيهما قدر فاتحة الكتاب» #,0
Musnad at-Tayalisi,2428,UNGRADED,Zakah & Charity; Brotherhood & Friendship,1653 - # حدثنا أبو داود قال: حدثنا سلام، عن سماك، عن عكرمة، عن عائشة، قالت: دخل علي النبي صلى الله عليه وسلم، فقدمت إليه لحما أو عظما، فقلت: هذا مما أتتنا به بريرة، فقال: «هو عليها صدقة وهو لنا هدية» #,0
Musnad at-Tayalisi,2431,UNGRADED,Prophets & Past Peoples,1655 - # حدثنا أبو داود قال: حدثنا سليمان بن معاذ، عن سماك، عن عكرمة، عن عائشة، قالت: دخل علي رسول الله صلى الله عليه وسلم ذات يوم فقال: «أعندك شيء؟» قلت: لا، قال: «إذا أصوم» ودخل علي يوما آخر، فقال «عندك شيء؟» قلت: نعم، قال: «إذا أفطر وإن كنت فرضت الصوم» #,0
Musnad at-Tayalisi,2433,UNGRADED,Day of Judgement,[ص: 136] # : يا عبد الرحمن، أسبغ الوضوء، فإني سمعت رسول الله صلى الله عليه وسلم يقول: «ويل للأعقاب من النار يوم القيامة» #,0
Musnad at-Tayalisi,2434,UNGRADED,Prophets & Past Peoples,1657 - # حدثنا أبو داود قال: حدثنا حماد بن زيد، قال: حدثنا عمرو بن دينار، عن سالم بن عبد الله بن عمر، عن عائشة، قالت: «طيبت رسول الله صلى الله عليه وسلم بمنى قبل أن يطوف بالبيت» #,0
Musnad at-Tayalisi,2436,UNGRADED,Prophets & Past Peoples,1658 - # حدثنا يونس قال: حدثنا أبو داود قال: حدثنا أبو شعيب الصلت بن دينار، قال: حدثنا عبد الله بن شقيق، قال: قلت لعائشة: أكان رسول الله صلى الله عليه وسلم يصلي الضحى؟ قالت: «لا، إلا أن يجيء من مغيبه» #,1
Musnad at-Tayalisi,2439,UNGRADED,Fasting & Ramadan; Prophets & Past Peoples,1660 - # حدثنا أبو داود قال: حدثنا شعبة، عن خالد الحذاء، سمع عبد الله بن شقيق، قال: سألت عائشة: أكان رسول الله صلى الله عليه وسلم يصوم الأيام المعلومة من الشهر؟ قالت: «نعم» #,0
Musnad at-Tayalisi,2440,UNGRADED,Quran & Recitation; Prophets & Past Peoples,"1661 - # حدثنا أبو داود قال: حدثنا هارون الأعور، عن بديل العقيلي، عن عبد الله بن شقيق، عن عائشة، عن النبي صلى الله عليه وسلم أنه "" قرأ: «فروح وريحان» #",0
Musnad at-Tayalisi,2442,UNGRADED,Prophets & Past Peoples,1662 - # حدثنا يونس قال: حدثنا أبو داود قال: حدثنا ثابت أبو زيد، عن عاصم الأحول، عن عبد الله بن الحارث، عن عائشة، قالت: ما كان رسول الله صلى الله عليه وسلم ينتظر إذا سلم من الصلاة إلا أن يقول: «اللهم أنت السلام ومنك السلام تباركت يا ذا الجلال والإكرام» #,0
Musnad at-Tayalisi,2443,UNGRADED,Prophets & Past Peoples,1663 - # حدثنا أبو داود قال: حدثنا همام، عن قتادة، عن مطرف، عن عائشة، أنها قالت: «صنعت لرسول الله صلى الله عليه وسلم بردة سوداء من صوف فلبسها، فأعجبته، فلما عرق فيها فوجد ريح النمرة قذفها» #,0
Musnad at-Tayalisi,2445,UNGRADED,Prophets & Past Peoples,1664 - # حدثنا أبو داود قال: حدثنا حماد بن سلمة، عن علي بن زيد، عن عمته، عن عائشة، أن رسول الله صلى الله عليه وسلم قال: «لا تحل له حتى تذوق من عسيلته» #,0
Musnad at-Tayalisi,2447,UNGRADED,Prophets & Past Peoples,"1665 - # حدثنا يونس قال: حدثنا أبو داود قال: حدثنا قرة بن خالد، قال: حدثني عبد الحميد بن جبير المكي، قال: حدثتنا صفية بنت شيبة، قالت حدثتنا أم المؤمنين عائشة، قالت: قلت: "" يا رسول الله يرجع الناس بنسكين وأرجع بنسك واحد، فأمر أخي عبد الرحمن، فأعمرني من التنعيم وأردفني خلفه على البعير في ليلة حارة، فجعلت أحسر عن خماري، فتناولني بشيء في يده، فقلت: هل ترى من أحد؟ فاعتمرت ثم رجعت إلى رسول الله صلى الله عليه وسلم وهو في مكانه لم يبرح "" #",0
Musnad at-Tayalisi,2448,UNGRADED,Women; Prophets & Past Peoples,"1666 - # حدثنا أبو داود قال: حدثنا قرة بن خالد، عن عبد الحميد بن جبير المكي من آل شيبة، عن صفية بنت شيبة، قالت: حدثتنا عائشة، قالت: قلت: يا رسول الله، أصلي في الكعبة؟ فقال: "" صلي في الحجر فإنه من الكعبة أو قال: من البيت "" #",0
Musnad at-Tayalisi,2449,UNGRADED,Prophets & Past Peoples,1667 - # حدثنا أبو داود قال: حدثنا قيس بن الربيع، عن إبراهيم بن المهاجر البجلي، عن صفية بنت شيبة، عن عائشة، قالت: أتت فلانة بنت فلان الأنصارية، فقالت: يا رسول الله كيف الغسل من الجنابة؟ قال: «تبدأ إحداكن فتتوضأ فتبدأ بشق رأسها الأيمن ثم الأيسر حتى تنقي شئون الرأس» ثم قال: «تدرون ما شئون رأسها؟» قالت: البشرة، قال: «صدقت، ثم تفيض على بقية جسدها» قالت: يا رسول الله وكيف الغسل من المحيض؟ قال «تأخذ إحداكن سدرتها وماءها فتطهر بها فتحسن الطهور ثم تبدأ بشق رأسها الأيمن ثم الأيسر حتى تنقي شئون الرأس، ثم تفيض على سائر جسدها، ثم تأخذ فرصة ممسكة فتطهر بها» قالت,0
Musnad at-Tayalisi,2451,UNGRADED,Prophets & Past Peoples,"1668 - # حدثنا أبو داود قال: حدثنا. . . عن صفية، عن عائشة، قالت: «كان رسول الله صلى الله عليه وسلم يغتسل بالصاع , ويتوضأ بالمد» #",0
Musnad at-Tayalisi,2453,UNGRADED,Women,[ص: 144] # ، قال: سمعت الحسن بن مسلم، يحدث عن صفية، عن عائشة، أن امرأة من الأنصار تمرط شعرها، فأرادوا أن يصلوا فيه، فذكر ذلك للنبي صلى الله عليه وسلم «فلعن الواصلة والمواصلة» #,0
Musnad at-Tayalisi,2454,UNGRADED,Parents; Inheritance & Wills,1670 - # حدثنا أبو داود قال: حدثنا شيبان، عن عاصم بن بهدلة، عن زر بن حبيش، أن رجلا سأل عائشة عن ميراث رسول الله صلى الله عليه وسلم فقالت: لا، والله «ما ترك رسول الله صلى الله عليه وسلم دينارا ولا درهما ولا شاة ولا بعيرا ولا عبدا ولا أمة» #,0
Musnad at-Tayalisi,2457,UNGRADED,Dhikr & Supplication; Food & Drink,"[ص: 146] # يقال لها أم كلثوم عن عائشة، أن رسول الله صلى الله عليه وسلم كان يأكل طعاما في ستة من أصحابه، فجاء أعرابي فأكله بلقمتين، فقال رسول الله صلى الله عليه وسلم: "" أما إنه لو ذكر اسم الله كفاكم، إذا أكل أحدكم فنسي أن يذكر اسم الله فليقل: بسم الله أوله وآخره "" #",0
Musnad at-Tayalisi,2459,UNGRADED,Parents; Prophets & Past Peoples,1673 - # حدثنا أبو داود قال: حدثنا مالك بن أنس، عن يزيد بن عبد الله بن قسيط، عن محمد بن عبد الرحمن بن ثوبان، عن أمه، عن عائشة أن رسول الله صلى الله عليه وسلم «رخص في جلود الميتة إذا دبغت» أو قال: «طهرت» #,0
Musnad at-Tayalisi,2460,UNGRADED,Work & Livelihood; Paradise,"1674 - # حدثنا أبو داود قال: حدثنا شعبة، عن جبر بن حبيب، عن أم كلثوم، عن عائشة، أنها كانت تصلي فقال لها النبي صلى الله عليه وسلم: «عليك من الدعاء بالكوامل الجوامع» فلما انصرفت سألته عن ذلك، فقال: "" قولي اللهم إني أسألك من الخير كله ما علمت منه وما لم أعلم، وأعوذ بك من الشر كله ما علمت منه وما لم أعلم، وأعوذ بك من النار وما قرب إليها - أو قرب منها - من قول أو عمل، اللهم إني أسألك الجنة وما قرب إليها من قول أو عمل، اللهم وأسألك من الخير ما سألك عبدك ورسولك محمد صلى الله عليه وسلم، وأعوذ بك من شر ما استعاذك منه عبدك ورسولك محمد صلى الله عليه وسلم، وما قضيت لي من قضاء - أو قال: من أمر - فاجعل عاقبته لي رشدا "" #",0
Musnad at-Tayalisi,2462,UNGRADED,Prophets & Past Peoples,1675 - # حدثنا يونس قال: حدثنا أبو داود قال: حدثنا شعبة، عن يزيد أبي الأزهر الضبعي القسام الرشك، عن معاذة العدوية، قالت: قلت لعائشة: أتقضي الحائض الصلاة؟ قالت: «أحرورية أنت؟ كنا نحيض على عهد رسول الله صلى الله عليه وسلم أفكنا نقضي؟» #,0
Musnad at-Tayalisi,2463,UNGRADED,Prophets & Past Peoples,1676 - # حدثنا أبو داود قال: حدثنا شعبة، عن يزيد، قال: سمعت معاذة، تقول: سألت عائشة: كان رسول الله صلى الله عليه وسلم يصلي الضحى؟ قالت: «نعم، أربع ركعات ويزيد ما شاء الله» #,0
Musnad at-Tayalisi,2464,UNGRADED,Fasting & Ramadan,1677 - # حدثنا أبو داود قال: حدثنا شعبة، عن يزيد، سمعت معاذة، قلت لعائشة: هل كان رسول الله صلى الله عليه وسلم يصوم ثلاثا من الشهر؟ قالت: «نعم» قلت: «من أي الشهر؟» قالت: «كان لا يبالي من أيه صام» #,0
Musnad at-Tayalisi,2465,UNGRADED,Prophets & Past Peoples,1678 - # حدثنا أبو داود قال: حدثنا شعبة، عن عاصم الأحول، عن معاذة، عن عائشة، كنت أنا ورسول الله صلى الله عليه وسلم نغتسل من إناء واحد حتى يقول: «أبقي لي أبقي لي» #,0
Musnad at-Tayalisi,2467,UNGRADED,Prophets & Past Peoples,1679 - # حدثنا يونس قال: حدثنا أبو داود قال: حدثنا قيس بن الربيع، عن يحيى بن إسحاق، عن عائشة بنت طلحة، عن عائشة، أن النبي صلى الله عليه وسلم أتي بصبي من الأنصار ليصلى عليه، فقلت: يا رسول الله طوبى له، عصفور من عصافير الجنة، لم يعمل سوءا قط، ولم يدر به، فقال: «يا عائشة أولا تدرين أن الله عز وجل خلق الجنة، وخلق لها أهلا خلقها لهم وهم في أصلاب آبائهم، وخلق النار، وخلق لها أهلا، خلقها لهم وهم في أصلاب آبائهم» #,0
Musnad at-Tayalisi,2469,UNGRADED,Prophets & Past Peoples,1680 - # حدثنا يونس قال: حدثنا أبو داود قال: حدثنا قيس بن الربيع، عن قابوس بن أبي ظبيان، عن أم جعفر، قالت: سألت عائشة عن صلاة رسول الله صلى الله عليه وسلم، فقالت: «كان يصلي أربعا قبل الظهر يطيل فيهن القيام ويحسن فيهن الركوع والسجود، فأما ما لم يكن يدع صحيحا ولا سقيما شاهدا ولا غائبا فالركعتين قبل الفجر» #,0
Musnad at-Tayalisi,2471,UNGRADED,Prophets & Past Peoples,1681 - # حدثنا يونس قال: حدثنا أبو داود قال: حدثنا أبو عقيل، عن بهية، عن عائشة، قالت: سألت النبي صلى الله عليه وسلم عن أطفال المشركين فقال: «هم في النار يا عائشة» قلت: فما تقول في أطفال المسلمين؟ قال: «هم في الجنة يا عائشة» قلت: وكيف ولم,0
Musnad at-Tayalisi,2474,UNGRADED,Prophets & Past Peoples,1682 - # حدثنا يونس قال: حدثنا أبو داود قال: حدثنا جعفر بن بريد أو ابن برد عن أم سالم، عن عائشة، قالت: قال رسول الله صلى الله عليه وسلم لرجل: «كم في بيتك من بركة؟» يعني شاة أو شاتين #,0
Musnad at-Tayalisi,2476,UNGRADED,Prophets & Past Peoples,1683 - # حدثنا يونس قال: حدثنا أبو داود قال: حدثنا سكن بن المغيرة، قال: أخبرتنا سارية، قالت: حدثتنا عائشة، أن رسول الله صلى الله عليه وسلم «كان يقبلها وهو صائم» #,0
Musnad at-Tayalisi,2477,UNGRADED,Prophets & Past Peoples,1684 - # حدثنا يونس قال: حدثنا أبو داود قال: حدثنا شعبة، قال: أخبرني عاصم مولى قريبة قال: سمعت قريبة تحدث عن عائشة، أن رسول الله صلى الله عليه وسلم نهى عن الوصال، قالوا: يا رسول الله فإنك تواصل قال: «إني أبيت يطعمني ربي ويسقيني» #,0
Musnad at-Tayalisi,2478,UNGRADED,Parents; Children & Upbringing,1685 - # حدثنا أبو داود قال: حدثنا شعبة، عن الحكم، عن عمارة بن عمير، عن أمه، عن عائشة، عن النبي صلى الله عليه وسلم قال: «ولد الرجل من كسبه، من أطيب كسبه، فكلوا من أموالهم» #,0
Musnad at-Tayalisi,2480,UNGRADED,Prophets & Past Peoples,"1686 - # حدثنا يونس قال: حدثنا أبو داود قال: حدثنا شعبة، عن محمد بن عبد الرحمن، سمعت عمرة، تحدث عن عائشة، كان رسول الله صلى الله عليه وسلم إذا طلع الفجر صلى ركعتين "" قال شعبة: أكبر علمي أنه قال: «يخففهما» شك شعبة في تخفيفهما قالت عائشة: «فأقول يقرأ فيهما بفاتحة الكتاب» #",0
Musnad at-Tayalisi,2481,UNGRADED,Hajj & Umrah; Prophets & Past Peoples,1687 - # حدثنا أبو داود قال: حدثنا زمعة، عن الزهري، عن عمرة، عن عائشة، أن رسول الله صلى الله عليه وسلم قال: «تقطع يد السارق في ربع دينار فصاعدا» #,0
Musnad at-Tayalisi,2482,UNGRADED,Prayer (Salah); Hajj & Umrah,1688 - # حدثنا أبو داود قال: حدثنا ابن أبي ذئب، عن الزهري، عن عمرة، عن عائشة، أن زينب بنت جحش، استحيضت سبع سنين، فسألت النبي صلى الله عليه وسلم «فأمرها أن تغتسل وتصلي» فكانت تغتسل لكل صلاة #,0
Musnad at-Tayalisi,2484,UNGRADED,Women; Prophets & Past Peoples,1689 - # حدثنا أبو داود قال: حدثنا حماد بن سلمة، عن علي بن زيد، عن أمية بنت عبد الله، قال: سألت عائشة عن قول الله عز وجل: {وإن تبدوا ما في أنفسكم أو تخفوه يحاسبكم به الله} [البقرة: 284] ، وسألتها عن قول الله عز وجل {من يعمل سوءا يجز به} [النساء: 123] ، فقالت: لقد سألتني عن شيء ما سألني عنه أحد منذ سألت عنه رسول الله صلى الله عليه وسلم، فقال: «هذه متابعة الله عز وجل للعبد مما يصيبه من الحمى والحزن والنكبة حتى البضاعة يضعها في كمه فيفقدها، فيفزع لها فيجدها في ضبنه حتى إن العبد ليخرج من ذنوبه كما يخرج التبر الأحمر من الكير» #,0
Musnad at-Tayalisi,2486,UNGRADED,Modesty & Dress; Prophets & Past Peoples,"1690 - # حدثنا أبو داود قال: حدثنا الأسود بن شيبان، قال: أخبرتني أم المغيرة مولاة للأنصار، قالت: سألت عائشة عن الحرير تلبسه النساء، فقالت: "" قد كنا على عهد رسول الله صلى الله عليه وسلم نكسى ثيابا يقال لها: السيراء، فيها حرير "" #",0
Musnad at-Tayalisi,2487,UNGRADED,Women,وما روت حفصة بنت عمر عن النبي صلى الله عليه وسلم #,1
Musnad at-Tayalisi,2488,UNGRADED,Prophets & Past Peoples,1691 - # حدثنا يونس قال: حدثنا أبو داود قال: حدثنا شعبة، عن منصور، قال: سمعت أبا الضحى، يحدث عن شتير بن شكل، عن حفصة، زوج النبي صلى الله عليه وسلم، أن رسول الله صلى الله عليه وسلم «كان يقبل وهو صائم» #,0
Musnad at-Tayalisi,2489,UNGRADED,Marriage & Spouses; Women,1692 - # حدثنا أبو داود قال: حدثنا ابن أبي ذئب، عن نافع، عن صفية بنت أبي عبيد، عن حفصة، أو عن عائشة، أو كلتاهما، أن رسول الله صلى الله عليه وسلم قال: «لا يحل لامرأة تؤمن بالله واليوم الآخر أن تحد على ميت فوق ثلاثة إلا على زوج» #,0
Musnad at-Tayalisi,2490,UNGRADED,Character & Manners,1693 - # حدثنا أبو داود قال: حدثنا صخر بن جويرية، عن نافع، عن ابن عمر، قال: كان الناس يرون الرؤيا على عهد رسول الله صلى الله عليه وسلم فيقصونها عليه، فيقول فيها ما شاء الله أن يقول، فقلت ذات ليلة لنفسي: لو كان فيك خير لرأيت رؤيا كما يرى الناس، ثم قلت: اللهم إن كنت تعلم في خيرا فأرني، فلما نمت رأيت في منامي كأن ملكين أتياني في يد كل واحد منهما مقمعة من حديد فانطلقا بي حتى وقفا بي على جهنم وهما يعتلاني، فإذا جهنم مطوية، فقلت: أعوذ بالله من جهنم حتى جاء ملك، فقال: لم ترع، نعم المرء أنت لو كنت تكثر الصلاة، قال ابن عمر: فلما أصبحت غدوت على حفصة فقصصتها عليها فقصتها حفصة على رسول الله صلى الله عليه وسلم، فقال رسول الله صلى الله عليه وسلم: «إن عبد الله رجل صالح» قال نافع: فكان عبد الله بعد ذلك يكثر الصلاة #,0
Musnad at-Tayalisi,2491,UNGRADED,Women,ما روت زينب بنت جحش عن النبي صلى الله عليه وسلم #,0
Musnad at-Tayalisi,2492,UNGRADED,Women; Death & Burial; Prophets & Past Peoples,1694 - # حدثنا يونس قال: حدثنا أبو داود قال: حدثنا شعبة، قال: أخبرني حميد بن نافع، قال: سمعت زينب بنت أم سلمة، تحدث عن أم سلمة، عن امرأة من أزواج النبي صلى الله عليه وسلم، أنه مات حميم لها توفي فدعت بصفرة فجعلت تمسح بها وتقول: سمعت رسول الله صلى الله عليه وسلم يقول: «لا يحل لامرأة تؤمن بالله واليوم الآخر أن تحد على ميت فوق ثلاث إلا على زوج أربعة أشهر وعشرا» رواه مالك، عن عبد الله بن أبي بكر، عن حميد بن نافع، عن زينب بنت أم سلمة، قالت: دخلت على زينب بنت جحش #,1
Musnad at-Tayalisi,2493,UNGRADED,Women,ما روت أم حبيبة بنت أبي سفيان عن النبي صلى الله عليه وسلم #,0
Musnad at-Tayalisi,2496,UNGRADED,Prophets & Past Peoples,1696 - # حدثنا أبو داود قال: حدثنا شعبة، عن النعمان بن سالم، سمع عمرو بن أوس، سمع عنبسة بن أبي سفيان، يحدث عن أم حبيبة، أن رسول الله صلى الله عليه وسلم قال: «من صلى ثنتي عشرة ركعة في يوم وليلة سوى المكتوبة بني له بيت في الجنة» قالت أم حبيبة رضي الله عنها: ما تركتهن بعد، قال عنبسة: ما تركتهن بعد، قال عمرو: ما,0
Musnad at-Tayalisi,2498,UNGRADED,Marriage & Spouses; Prophets & Past Peoples,1697 - # حدثنا أبو داود قال: حدثنا زمعة، عن الزهري، عن أبي سلمة، أن رجلا دخل على أم حبيبة زوج النبي صلى الله عليه وسلم فدعت له بسويق,0
Musnad at-Tayalisi,2499,UNGRADED,Purity & Wudu,[ص: 169] # أو بطعام، ثم قالت له: يا ابن أخ توضأ فإني سمعت رسول الله صلى الله عليه وسلم يقول: «الوضوء مما غيرت النار» أو قال «مما مست النار» #,0
Musnad at-Tayalisi,2501,UNGRADED,Women; Prophets & Past Peoples,1698 - # حدثنا يونس قال: حدثنا أبو داود قال: حدثنا شعبة، عن عبد ربه، قال: سمعت أبا سلمة بن عبد الرحمن، قال: سمعت أبا هريرة، وابن عباس اختلفا في المرأة إذا توفي عنها زوجها وهي حامل، فقال ابن عباس: آخر الأجلين، وقال أبو هريرة: إذا وضعت ما في بطنها فقد حلت، فبعثاني إلى أم سلمة، فأتيتها، فسألتها، فقالت: نفست سبيعة بنت الحارث بعد وفاة زوجها بخمس عشرة، فخطبها رجلان فهويت أحدهما، فخشوا أن تفتات بنفسها، فقالوا: لم يحل لك الأزواج، فأتت النبي صلى الله عليه وسلم فذكرت ذلك له فقال: «بلى، قد حلت لك الأزواج فانكحي من شئت» #,0
Musnad at-Tayalisi,2502,UNGRADED,Quran & Recitation; Work & Livelihood,1699 - # حدثنا أبو داود قال: حدثنا محمد بن ثابت البناني، عن أبيه، عن شهر بن حوشب، عن أم سلمة، عن النبي صلى الله عليه وسلم، أنه قرأ: «عمل غير صالح» #,0
Musnad at-Tayalisi,2503,UNGRADED,Prophets & Past Peoples,1700 - # حدثنا أبو داود قال: حدثنا همام، عن قتادة، عن الحسن، عن ضبة بن محصن، عن أم سلمة، أن رسول الله صلى الله عليه وسلم قال: «سيكون أمراء، فتعرفون وتنكرون، فمن أنكر فقد برئ، ومن كره فقد سلم، ولكن من رضي وتابع» فقالوا: يا رسول الله أفلا نقتل فجرتهم؟ فقال «لا، ما صلوا» #,0
Musnad at-Tayalisi,2504,UNGRADED,Women,"1701 - # حدثنا أبو داود قال: حدثنا شعبة، قال: حدثنا حميد بن نافع المدني، قال: سمعت زينب بنت أم سلمة، تحدث عن أمها أم سلمة، أن امرأة توفى عنها زوجها، فاشتكت عيناها، فسئل النبي صلى الله عليه وسلم أتكتحل؟ فقال: "" لا، قد كانت إحداكن تمكث في بيت زوجها حولا - أو قال: «في أحلاس بيتها حولا - فإذا مر كلب رمت ببعرة ثم خرجت، لا، حتى",0
Musnad at-Tayalisi,2506,UNGRADED,Prayer (Salah); Prophets & Past Peoples,1702 - # حدثنا أبو داود قال: حدثنا حرب بن شداد، عن يحيى بن أبي كثير، عن أبي سلمة، عن أم سلمة، أن رسول الله صلى الله عليه وسلم صلى في بيتها بعد العصر ركعتين، فسألته عن ذلك، فقال: «كنت أصلي بعد,0
Musnad at-Tayalisi,2508,UNGRADED,Marriage & Spouses; Prophets & Past Peoples,1703 - # حدثنا أبو داود قال: حدثنا شعبة، قال: أخبرني أيوب، وخالد الحذاء، عن الحسن، قال: أخبرتنا أمنا، عن أم سلمة، زوج النبي صلى الله عليه وسلم أن النبي صلى الله عليه وسلم قال في عمار: «تقتلك الفئة الباغية» #,0
Musnad at-Tayalisi,2509,UNGRADED,Orphans & the Weak; Prophets & Past Peoples,1704 - # حدثنا أبو داود قال: حدثنا القاسم بن الفضل، عن محمد بن علي، عن أم سلمة، قالت: قال رسول الله صلى الله عليه وسلم: «الحج جهاد كل ضعيف» #,0
Musnad at-Tayalisi,2510,UNGRADED,Prophets & Past Peoples,1705 - # حدثنا أبو داود قال: حدثنا زمعة، عن الزهري، عن عبد الله بن وهب، عن أم سلمة، قالت: «خرج أبو بكر تاجرا إلى بصرى في زمن النبي صلى الله عليه وسلم» #,0
Musnad at-Tayalisi,2511,UNGRADED,Hellfire,1706 - # حدثنا أبو داود قال: حدثنا صخر بن جويرية، عن نافع، عن زيد بن عبد الله بن عمر، عن عبد الله بن عبد الرحمن بن أبي بكر، عن أم سلمة، قال: وكانت أم سلمة خالة عبد الرحمن قالت: سمعت رسول الله صلى الله عليه وسلم يقول: «إن الذي يشرب في إناء من فضة، فإنما يجرجر نار جهنم» أو قال: «كأنما يجرجر في بطنه نار جهنم» #,0
Musnad at-Tayalisi,2512,UNGRADED,Prophets & Past Peoples,1707 - # حدثنا أبو داود قال: حدثنا حماد بن سلمة، عن سعيد بن جمهان، قال: أخبرني سفينة مولى أم سلمة، قال: «أعتقتني أم سلمة، واشترطت علي أن أخدم رسول الله صلى الله عليه وسلم ما عاش» #,0
Musnad at-Tayalisi,2513,UNGRADED,Fasting & Ramadan; Prophets & Past Peoples,1708 - # حدثنا أبو داود قال: حدثنا شعبة، عن منصور، عن سالم بن أبي الجعد، عن أبي سلمة عن أم سلمة أن النبي صلى الله عليه وسلم «لم يكن يصوم شهرين يجمع بينهما إلا شعبان ورمضان» #,0
Musnad at-Tayalisi,2514,UNGRADED,Prophets & Past Peoples,"1709 - # حدثنا أبو داود قال: حدثنا إبراهيم بن سعد، عن الزهري، عن هند بنت الحارث القرشية، عن أم سلمة، قالت: كان رسول الله صلى الله عليه وسلم إذا سلم من الصلاة لم يلبث في مقعده إلا قليلا حتى يقوم "" قال الزهري: فنرى ذلك من أجل النساء حتى يمضين #",0
Musnad at-Tayalisi,2515,UNGRADED,Prophets & Past Peoples,1710 - # حدثنا أبو داود قال: حدثنا شعبة، عن موسى بن أبي عائشة، عن مولى لأم سلمة عن أم سلمة أن رسول الله صلى الله عليه وسلم كان إذا صلى الصبح قال: «اللهم إني أسألك علما نافعا، ورزقا طيبا، وعملا متقبلا» #,0
Musnad at-Tayalisi,2516,UNGRADED,Prophets & Past Peoples,1711 - # حدثنا أبو داود قال: حدثنا شعبة، عن قتادة، عن سعيد بن المسيب، عن عامر بن أبي أمية أخي أم سلمة عن أم سلمة، أن رسول الله صلى الله عليه وسلم «كان يصبح جنبا، ثم يغتسل ويصوم» قال سعيد: فرد,0
Musnad at-Tayalisi,2518,UNGRADED,Dhikr & Supplication; Prophets & Past Peoples,1712 - # حدثنا أبو داود قال: حدثنا شعبة، عن منصور، قال: سمعت الشعبي، يحدث عن أم سلمة، أن رسول الله صلى الله عليه وسلم كان إذا خرج من بيته قال: «اللهم إني أعوذ بك من أن أزل أو أضل أو أظلم أو أظلم أو أجهل أو يجهل علي» #,0
Musnad at-Tayalisi,2519,UNGRADED,Dhikr & Supplication,1713 - # حدثنا أبو داود قال: حدثنا أبو كعب، عن شهر بن حوشب، قال: دخلت على أم سلمة، فقلت لها: أخبريني بأكثر ما كان يدعو به النبي صلى الله عليه وسلم، فقالت: كان أكثر دعاء النبي صلى الله عليه وسلم: «يا مقلب القلوب، ثبت قلبي على دينك» فقلت: يا رسول الله إنك تكثر أن,0
Musnad at-Tayalisi,2521,UNGRADED,Death & Burial; Prophets & Past Peoples,1714 - # حدثنا أبو داود قال: حدثنا شعبة، عن أبي إسحاق، قال: سمعت أبا سلمة بن عبد الرحمن، يحدث عن أم سلمة، قالت: والله، «ما مات - تعني النبي صلى الله عليه وسلم - حتى كان أكثر صلاته وهو قاعد، وكان أحب الأعمال إليه ما دووم عليه، وإن قل» #,0
Musnad at-Tayalisi,2522,UNGRADED,Prophets & Past Peoples,1715 - # حدثنا أبو داود قال: حدثنا كامل أبو العلاء، عن حبيب بن أبي ثابت، عن أم سلمة، أن النبي صلى الله عليه وسلم «كان يتنور ويلي عانته بيده» #,0
Musnad at-Tayalisi,2523,UNGRADED,Prophets & Past Peoples,1716 - # حدثنا أبو داود قال: حدثنا عمران، عن أبي يونس القشيري، عن عبيد الله بن القبطية، عن أم سلمة، قالت: قال لي رسول الله صلى الله عليه وسلم: «يقبل قوم يؤمون البيت حتى إذا كانوا ببيداء من الأرض خسف بهم» فقيل: يا رسول الله، أن فيهم المكره، قال: «يبعثون على نياتهم» #,0
Musnad at-Tayalisi,2524,UNGRADED,Prophets & Past Peoples,1717 - # حدثنا أبو داود قال: حدثنا سفيان الثوري، عن حبيب بن أبي ثابت، عن وهب مولى أبي أحمد، عن أم سلمة قالت: دخل علي رسول الله صلى الله عليه وسلم وأنا أختمر، فقال: «لية، لا ليتان» #,0
Musnad at-Tayalisi,2525,UNGRADED,Character & Manners; Prophets & Past Peoples,1718 - # حدثنا أبو داود قال: حدثنا زمعة، قال: سمعت ابن أبي مليكة، يقول: سمعت أم سلمة الصرخة على عائشة، فأرسلت جاريتها: «انظري ما صنعت» فجاءت، فقالت: قد قضت، فقالت: «يرحمها الله والذي نفسي بيده، لقد كانت أحب الناس كلهم إلى رسول الله صلى الله عليه وسلم إلا أبوها» #,0
Musnad at-Tayalisi,2527,UNGRADED,Other Narrations,[ص: 186] # المطلب بن عبد الله بن حنطب، عن أم سلمة، أن النبي صلى الله عليه وسلم قال: «من كانت له ابنتان أو أختان أو ذواتا قرابة، فأنفق عليهما حتى يكفيهما أو يغنيهما الله من فضله كانتا له حجابا من النار» #,0
Musnad at-Tayalisi,2528,UNGRADED,Women,ما روت أم هانئ بنت أبي طالب عن النبي صلى الله عليه وسلم #,0
Musnad at-Tayalisi,2529,UNGRADED,Prophets & Past Peoples,1720 - # حدثنا يونس قال: حدثنا أبو داود قال: حدثنا ابن أبي ذئب، عن سعيد بن أبي سعيد المقبري، عن أبي مرة مولى أم هانئ، عن فاختة وهي أم هانئ بنت أبي طالب، قالت: «دخل علي رسول الله صلى الله عليه وسلم يوم الفتح بيتي، فاغتسل، فصلى في ثوب واحد ملتحفا به» #,0
Musnad at-Tayalisi,2530,UNGRADED,Fasting & Ramadan; Women,1721 - # حدثنا أبو داود قال: حدثنا حماد بن سلمة، عن سماك بن حرب، عن هارون بن أم هانئ، عن أم هانئ بنت أبي طالب، قالت: دخل علي رسول الله صلى الله عليه وسلم فدعوت له بشراب، فشرب، أو قالت: دعا بشراب، فشرب، ثم ناولني فشربت، وقلت: يا رسول الله، أما إني كنت صائمة، ولكني كرهت أن أرد سؤرك، فقال رسول الله صلى الله عليه وسلم: «إن كان قضاء من رمضان فصومي يوما مكانه، وإن كان تطوعا فإن شئت فاقضي، وإن شئت فلا تقضي» #,0
Musnad at-Tayalisi,2531,UNGRADED,Prophets & Past Peoples,1722 - # حدثنا أبو داود قال: حدثنا قيس، قال: حدثنا سماك بن حرب، عن أبي صالح مولى أم هانئ، عن أم هانئ، قالت: سألت رسول الله صلى الله عليه وسلم عن قول الله عز وجل: {وتأتون في ناديكم المنكر} [العنكبوت: 29] قال: «كانوا يخذفون من مر بهم، ويسخرون منه، فذلك المنكر الذي كانوا يأتون» #,0
Musnad at-Tayalisi,2533,UNGRADED,Fasting & Ramadan; Leadership & Governance,[ص: 190] # جعدة فحدثني عن أم هانئ، أن رسول الله صلى الله عليه وسلم دخل عليها، فناولته شرابا فشرب، ثم ناولها فشربت، فقلت: يا رسول الله، كنت صائمة، فقال رسول الله صلى الله عليه وسلم: «الصائم المتطوع أمين نفسه أو أمير نفسه إن شاء صام، وإن شاء أفطر» قال شعبة: فقلت لجعدة: أسمعته أنت من أم هانئ؟ قال: أخبرني أهلنا وأبو صالح مولى أم هانئ عن أم هانئ #,0
Musnad at-Tayalisi,2534,UNGRADED,Prophets & Past Peoples,1724 - # حدثنا أبو داود قال: حدثنا شيبان، عن جابر، عن أبي صالح، عن أم هانئ، قالت: «ما رأيت بطن رسول الله صلى الله عليه وسلم قط إلا ذكرت القراطيس المثنية بعضها على بعض» #,0
Musnad at-Tayalisi,2535,UNGRADED,Prayer (Salah); Day of Judgement,"1725 - # حدثنا أبو داود قال: حدثنا شعبة، قال: أخبرني عمرو بن مرة، قال: سمعت ابن أبي ليلى، يقول: ما أخبرني أحد أنه رأى رسول الله صلى الله عليه وسلم يصلي الضحى غير أم هانئ، فإنها حدثت أن النبي صلى الله عليه وسلم «دخل بيتها يوم فتح مكة، فاغتسل وصلى ثمان ركعات، ما رأيته صلى صلاة قط أخف منها , غير أنه كان يتم الركوع والسجود» #",0
Musnad at-Tayalisi,2536,UNGRADED,Women,ما روت أميمة بنت رقيقة عن النبي صلى الله عليه وسلم #,0
Musnad at-Tayalisi,2537,UNGRADED,Women; Prophets & Past Peoples,1726 - # حدثنا يونس قال: حدثنا أبو داود قال: حدثنا ورقاء بن عمر اليشكري، قال: حدثنا محمد بن المنكدر، عن أميمة بنت رقيقة، قالت: كنت فيمن بايع النبي صلى الله عليه وسلم، فأخذ علينا أن لا نسرق، الآية كلها، فقلنا: يا رسول الله، بايعنا فقال: «إني لا أصافح النساء، وقولي لامرأة واحدة كقولي لمائة امرأة» #,0
Musnad at-Tayalisi,2539,UNGRADED,Prophets & Past Peoples,1727 - # حدثنا يونس قال: حدثنا أبو داود قال: حدثنا شعبة، عن محمد بن النعمان، عن طلحة اليامي، عن امرأة من عبد القيس عن أخت عبد الله بن رواحة، عن النبي صلى الله عليه وسلم، قال: «وجب الخروج على كل ذات نطاق» يعني في العيدين #,0
Musnad at-Tayalisi,2541,UNGRADED,"Prophets & Past Peoples; Time, Days & Nights",1728 - # حدثنا يونس قال: حدثنا أبو داود قال: حدثنا شعبة، عن قتادة، سمع أبا أيوب، عن جويرية، أنه دخل عليها رسول الله صلى الله عليه وسلم يوم جمعة وهي صائمة، فقال: «صمت أمس؟» قالت: لا، قال: «تصومين غدا؟» قالت: لا، قال: «فأفطري» #,0
Musnad at-Tayalisi,2543,UNGRADED,Prophets & Past Peoples,1729 - # حدثنا يونس قال: حدثنا أبو داود قال: حدثنا قيس بن الربيع، قال: حدثنا عبد الله بن محمد بن عقيل، قال: أرسلني علي بن الحسين إلى الربيع بنت معوذ؛ أسألها أن رسول الله صلى الله عليه وسلم كان كثيرا ما يتوضأ عندهم، فأتيتها، فسألتها، فقالت: «رأيت رسول الله صلى الله عليه وسلم يتوضأ فأخذ لرأسه ماء جديدا» #,0
Musnad at-Tayalisi,2545,UNGRADED,Prophets & Past Peoples,1730 - # حدثنا يونس قال: حدثنا أبو داود قال: حدثنا شريك، عن سماك بن حرب، عن عكرمة، عن ابن عباس، عن ميمونة بنت الحارث، أن رسول الله صلى الله عليه وسلم «اغتسل» - أو قالت: «توضأ - بفضل غسلها من الجنابة» #,0
Musnad at-Tayalisi,2546,UNGRADED,Prophets & Past Peoples,1731 - # حدثنا أبو داود قال: حدثنا شعبة، عن سليمان الشيباني، عن عبد الله بن شداد بن الهاد، عن ميمونة، أن رسول الله صلى الله عليه وسلم «كان يصلي على الخمرة» #,0
Musnad at-Tayalisi,2548,UNGRADED,Prayer (Salah); Travel & Migration,[ص: 198] # : قلت لمقسم: إني أوتر بثلاث، ثم أخرج إلى الصلاة مخافة أن تفوتني، فقال: «لا يصلح الوتر إلا بخمس أو سبع» فأخبرت به مجاهدا ويحيى بن الجزار، فقالا لي: سله عمن؟ فسألته، فقال: عن الثقة عن الثقة عن ميمونة وعائشة عن النبي صلى الله عليه وسلم #,0
Musnad at-Tayalisi,2549,UNGRADED,Prophets & Past Peoples,1733 - # حدثنا أبو داود قال: حدثنا أبو عوانة، عن الأعمش، عن سالم بن أبي الجعد، عن كريب، عن ابن عباس، عن ميمونة، أن النبي صلى الله عليه وسلم «اغتسل عندها فأتته بمنديل فرمى به» قال الأعمش: فذكرته لإبراهيم، فقال: الحديث هكذا ولا بأس,0
Musnad at-Tayalisi,2551,UNGRADED,Prophets & Past Peoples,1734 - # حدثنا أبو داود قال: حدثنا أبو عوانة، عن الأعمش، عن سالم بن أبي الجعد، عن كريب، عن ابن عباس، عن ميمونة، أن النبي صلى الله عليه وسلم «كان إذا اغتسل تنحى من المغتسل فغسل قدميه» #,0
Musnad at-Tayalisi,2552,UNGRADED,Dhikr & Supplication; Prophets & Past Peoples,1735 - # حدثنا أبو داود قال: حدثنا أبو بكر الهذلي، عن عامر، عن عبد الله بن شداد، عن ميمونة، أنها قالت: كان رسول الله صلى الله عليه وسلم إذا خرج من بيتي رفع رأسه إلى السماء، فقال: «اللهم إني أعوذ بك أن أزل أو أضل أو أظلم أو أظلم أو أجهل أو يجهل علي» #,0
Musnad at-Tayalisi,2553,UNGRADED,Women,ما روت أسماء بنت يزيد الأنصارية رضي الله عنها عن النبي صلى الله عليه وسلم #,2
Musnad at-Tayalisi,2554,UNGRADED,Prophets & Past Peoples,"1736 - # حدثنا يونس قال: حدثنا أبو داود قال: حدثنا حماد بن سلمة، عن ثابت، عن شهر بن حوشب، عن أسماء بنت يزيد الأنصارية، قالت: سمعت رسول الله صلى الله عليه وسلم "" يقرأ: إنه عمل غير صالح "" #",0
Musnad at-Tayalisi,2555,UNGRADED,Prophets & Past Peoples; Food & Drink,1737 - # حدثنا أبو داود قال: حدثنا عبد الله بن المبارك، وخارجة، عن عبيد الله بن أبي زياد، عن شهر، عن أسماء، قالت: سمعت النبي صلى الله عليه وسلم يقول: «من ذب عن لحم أخيه بالمغيبة، كان حقا على الله أن يعتقه من النار» #,0
Musnad at-Tayalisi,2556,UNGRADED,Dhikr & Supplication; Major Sins,"1738 - # حدثنا أبو داود قال: حدثنا هشام، عن قتادة، عن شهر، عن أسماء، قالت: ذكر رسول الله صلى الله عليه وسلم الدجال فقال: "" إن قبل خروجه عاما تمسك السماء ثلث قطرها، والأرض ثلث نباتها، والعام الثاني تمسك السماء ثلثي قطرها، والأرض ثلثي نباتها، والعام الثالث تمسك السماء قطرها والأرض نباتها حتى لا يبقى ذات ضرس، ولا ذات ظلف، وإن من أكبر فتنته أن يقول للرجل: إن أحييت لك أمك وأباك، أتعلم أني ربك؟ فيتمثل لهم الشياطين "" ثم إن رسول الله صلى الله عليه وسلم خرج لبعض حاجته، فجاء وأهل البيت يبكون، فأخذ بعضادتي الباب، ثم قال: «مهيم؟» قالوا: يا رسول الله، ذكرت الدجال، فوالله إن أحدنا ليعجن عجينه فما يختبز حتى يخشى أن يفتتن، وأنت تقول: «الأطعمة تزوى إليه» فقال رسول الله صلى الله عليه وسلم",0
Musnad at-Tayalisi,2559,UNGRADED,Prophets & Past Peoples,1739 - # حدثنا يونس قال: حدثنا أبو داود قال: حدثنا سفيان بن عيينة، عن عبيد الله بن أبي يزيد المكي، عن سباع بن ثابت، عن أم كرز الكعبية، قالت: سمعت رسول الله صلى الله عليه وسلم يقول: «أقروا الطير على مكناتها» قال: يعني الطيرة #,0
Musnad at-Tayalisi,2561,UNGRADED,Prophets & Past Peoples,1740 - # حدثنا يونس قال: حدثنا أبو داود قال: حدثنا أبو عاصم المدني، مولى نافع مولى أم قيس بنت محصن الأسدي عن نافع، قال: أخبرتني أم قيس بنت محصن قالت: لقد رأيتني ورسول الله صلى الله عليه وسلم آخذ بيدي في بعض سكك المدينة، وما فيها بيت حتى انتهينا,0
Musnad at-Tayalisi,2563,UNGRADED,Prophets & Past Peoples,1741 - # حدثنا أبو داود قال: حدثنا زمعة، عن الزهري، عن عبيد الله بن عبد الله، عن أم قيس، أنها أخبرته، «أن صبيا بال في حجر النبي صلى الله عليه وسلم، ولم يبلغ أن يأكل الطعام، فدعا رسول الله صلى الله عليه وسلم بماء فنضحه عليه، ولم يغسله غسلا»,0
Musnad at-Tayalisi,2566,UNGRADED,Prophets & Past Peoples,1742 - # حدثنا يونس قال: حدثنا أبو داود قال: حدثنا شعبة، عن مسلم القري، قال: دخلنا على أسماء بنت أبي بكر، فسألناها عن متعة النساء، فقالت: «فعلناها على عهد النبي صلى الله عليه وسلم» #,0
Musnad at-Tayalisi,2567,UNGRADED,Women,1743 - # حدثنا أبو داود قال: حدثنا حماد بن سلمة، عن هشام بن عروة، عن فاطمة بنت المنذر، عن أسماء بنت أبي بكر، أن امرأة سألت - يعني النبي صلى الله عليه وسلم - عن دم الحيض يصيب الثوب فقال: «تقرصيه بالماء وانضحي ما حوله» #,0
Musnad at-Tayalisi,2569,UNGRADED,Women,"[ص: 210] # ، فقدمت عليهم في المدة التي كانت بين رسول الله صلى الله عليه وسلم وبين كفار قريش، فأهدت إلى أسماء بنت أبي بكر قرطا وأشياء، فكرهت أن تقبل منها، حتى أتت رسول الله صلى الله عليه وسلم فذكرت ذلك له، فأنزل الله عز وجل: {لا ينهاكم الله عن الذين لم يقاتلوكم في الدين} [الممتحنة: 8] "" #",0
Musnad at-Tayalisi,2571,UNGRADED,Women,[ص: 211] # أن أسماء بنت أبي بكر أخبرته أنها سمعت النبي صلى الله عليه وسلم يقول على المنبر: «ليس شيء أغير من الله عز وجل» #,0
Musnad at-Tayalisi,2572,UNGRADED,Women; Prophets & Past Peoples,1746 - # حدثنا أبو داود قال: حدثنا الأسود بن شيبان، عن أبي نوفل بن أبي عقرب، عن أسماء بنت أبي بكر، أنها قالت للحجاج: أما إن رسول الله صلى الله عليه وسلم حدثنا أن «في ثقيف كذابا ومبيرا» فأما الكذاب فقد رأيناه، وأم المبير فلا أخالك إلا إياه #,0
Musnad at-Tayalisi,2573,UNGRADED,Women; Prophets & Past Peoples,1747 - # حدثنا أبو داود قال: حدثنا طلحة، عن عبد الله، مولى أسماء بنت أبي بكر، أن أسماء، كانت تقول لأهلها ليلة المزدلفة: أغاب القمر؟ أغاب القمر؟ فإذا قالوا: نعم، قالت: قوموا، «هكذا كان رسول الله صلى الله عليه وسلم يبعثنا» #,0
Musnad at-Tayalisi,2574,UNGRADED,Women; Prophets & Past Peoples,1748 - # حدثنا أبو داود قال: حدثنا عبد الرحمن بن أبي الزناد، عن هشام بن عروة، عن أبيه، أن أسماء بنت أبي بكر، قالت: يا رسول الله، إن أمي أتتني في عهد قريش، وهي راغبة مشركة، أفأصلها؟ قال: «نعم، صلي أمك» #,0
Musnad at-Tayalisi,2575,UNGRADED,Women,ما روت بنت حارثة بن النعمان عن النبي صلى الله عليه وسلم #,0
Musnad at-Tayalisi,2576,UNGRADED,Prophets & Past Peoples,1749 - # حدثنا يونس قال: حدثنا أبو داود قال: حدثنا شعبة، عن خبيب، عن ابن معن، عن بنت حارثة بن النعمان الأنصاري، قالت: «لقد رأيتنا وتنورنا وتنور رسول الله صلى الله عليه وسلم واحد، وما أخذت قاف يعني سورة ق إلا من في رسول الله صلى الله عليه وسلم وهو يخطب» #,0
Musnad at-Tayalisi,2577,UNGRADED,Women,ما روت فاطمة بنت قيس عن النبي صلى الله عليه وسلم #,0
Musnad at-Tayalisi,2578,UNGRADED,Prophets & Past Peoples,1750 - # حدثنا يونس قال: حدثنا أبو داود قال: حدثنا شعبة، قال: أخبرني أبو بكر بن أبي الجهم، قال: دخلت أنا وأبو سلمة بن عبد الرحمن بن عوف على فاطمة بنت قيس في ملك آل الزبير، فسألناها عن المطلقة ثلاثا، هل لها نفقة؟ فقالت: طلقني زوجي ثلاثا، لم يجعل لي سكنى، ولا نفقة، فأتيت رسول الله صلى الله عليه وسلم، فذكرت ذلك له، فقلت,0
Musnad at-Tayalisi,2579,UNGRADED,Zakah & Charity; Truthfulness & Lying,[ص: 215] # : إنه لم يجعل لي سكنى، ولا نفقة، قال: «صدق» ثم قال: «اعتدي في بيت أم شريك» ثم قال: «إن المهاجرين يأتونها ولكن اعتدي في بيت ابن أم مكتوم، فإنه رجل ضرير البصر، وعسى أن تلقين عنك ثيابك أو بعض ثيابك» قالت: ففعلت، فلما انقضت عدتي خطبني أبو الجهم رجل من قريش ومعاوية بن أبي سفيان، فأتيت رسول الله صلى الله عليه وسلم، فذكرت ذلك له فقال رسول الله صلى الله عليه وسلم: «أما أبو الجهم فهو رجل شديد على النساء، وأما معاوية فرجل لا مال له» قالت: ثم خطبني أسامة بن زيد، فتزوجته، فبارك الله لي في أسامة #,0
Musnad at-Tayalisi,2580,UNGRADED,Prophets & Past Peoples,"1751 - # حدثنا أبو داود قال: حدثنا قرة بن خالد، حدثنا سيار أبو الحكم، عن الشعبي، قال: دخلنا على فاطمة بنت قيس فأتحفتنا برطب يقال له: ابن طاب، وسقتنا سويق سلت، فسألناها عن المطلقة ثلاثا: أين تعتد؟ فقالت: أذن لي رسول الله صلى الله عليه وسلم أن أعتد في أهلي، أي: أتحول # # ويومئذ نودي في الناس: الصلاة جامعة، فخرجت فيمن خرج من النساء وكنت في الصف المقدم، مما يلي الصف المؤخر من الرجال، فسمعت رسول الله صلى الله عليه وسلم يقول: "" إن بني عم لتميم الداري ركبوا البحر، وإن سفينتهم قذفتهم إلى ساحل من سواحل البحر، وهناك دابة يواريها شعرها، فلما دخلنا عليها قالت: أنا الجساسة، ثم قالت: إن في ذلك الدير من هو إلى رؤيتكم بالأشواق، فدخلنا، فإذا رجل مكبل في الحديد بضرورة، فقال # # : أخرج صاحبكم؟ يعني النبي صلى الله عليه وسلم فقلنا: نعم، قال: فاتبعوه، ثم قال: أخبروني عن نخل بيسان، أيطعم؟ قلنا: نعم، قال: أخبروني عن بحيرة الطبرية أكثيرة الماء هي؟ قلنا: نعم، قال: فأخبروني عن عين زغر أكثيرة الماء؟ قلنا: نعم، قال: أما إني لو قد خرجت لوطئت البلاد غير مكة وطيبة "" قالت فاطمة: فأنا رأيت رسول الله صلى الله عليه وسلم يقول بمخصرته: «ألا وهذه طيبة يومئ إلى أرض المدينة ومكة مكة» #",0
Musnad at-Tayalisi,2581,UNGRADED,Women,ما روت سودة بنت زمعة عن النبي صلى الله عليه وسلم #,0
Musnad at-Tayalisi,2582,UNGRADED,Prophets & Past Peoples,1752 - # حدثنا يونس قال: حدثنا أبو داود قال: حدثنا ابن أبي ذئب، عن صالح مولى التوأمة، عن أبي هريرة، قال: قال رسول الله صلى الله عليه وسلم,3
Musnad at-Tayalisi,2583,UNGRADED,Other Narrations,[ص: 219] # لأزواجه في حجة الوداع: «إنما هي هذه ثم ظهور الحصر» قال: فكن كلهن يسافرن إلا زينب وسودة، فإنهما قالتا: لا تحركنا دابة بعدما سمعنا من رسول الله صلى الله عليه وسلم #,1
Musnad at-Tayalisi,2584,UNGRADED,Women,ما روت ضباعة بنت الزبير وأم الفضل عن النبي صلى الله عليه وسلم #,0
Musnad at-Tayalisi,2585,UNGRADED,Prophets & Past Peoples,"1753 - # حدثنا يونس قال: حدثنا أبو داود قال: حدثنا حبيب بن يزيد، عن عمرو بن هرم، عن سعيد بن جبير، وعكرمة، عن ابن عباس، أن النبي صلى الله عليه وسلم "" أمر ضباعة بنت الزبير أن تشترط في الحج ففعلت ذلك عن أمر رسول الله صلى الله عليه وسلم #",1
Musnad at-Tayalisi,2586,UNGRADED,Hajj & Umrah; Character & Manners,1754 - # حدثنا أبو داود قال: حدثنا سفيان الثوري، عن سالم أبي النضر، عن عمير، مولى أم الفضل، قال: تمارى الناس في صيام رسول الله صلى الله عليه وسلم يوم عرفة بعرفات، فقالت أم الفضل: أنا أعلم لكم ذلك، «فبعثت إلى رسول الله صلى الله عليه وسلم بإناء فيه لبن فشرب» #,0
Musnad at-Tayalisi,2588,UNGRADED,Prophets & Past Peoples,1755 - # حدثنا يونس قال: حدثنا أبو داود قال: حدثنا شريك، عن عبد الكريم الجزري، عن ابن بنت أنس بن مالك، عن جدته أم سليم، قالت: رأيت رسول الله صلى الله عليه وسلم شرب من في قربة فقطعتها، وقلت: «لا يشرب منها أحد بعده» #,0
Musnad at-Tayalisi,2589,UNGRADED,Women; Day of Judgement,"1756 - # حدثنا أبو داود قال: حدثنا هشام، عن قتادة، عن عكرمة، قال: اختلف ابن عباس وزيد بن ثابت في المرأة إذا حاضت، وقد طافت بالبيت يوم النحر، فقال زيد: يكون آخر عهدها بالبيت، وقال ابن عباس: تنفر إذا شاءت، فقالت الأنصار: لن نتابعك يا ابن عباس، وأنت تخالف زيدا، فقال: سلوا صاحبتكم أم سليم، فقالت: حضت يوما بعدما طفت بالبيت، فأمرني رسول الله صلى الله عليه وسلم أن أنفر، وحاضت صفية، فقالت لها عائشة: حبستينا، فأمرها النبي صلى الله عليه وسلم أن تنفر "" #",0
Musnad at-Tayalisi,2591,UNGRADED,Prophets & Past Peoples,1757 - # حدثنا يونس قال: حدثنا أبو داود قال: حدثنا إبراهيم بن سعد، قال: حدثني محمد بن عبد الله، عن بكير بن عبد الله بن الأشج، عن بسر بن سعيد، قال: حدثتني زينب الثقفية، امرأة عبد الله بن مسعود أن رسول الله صلى الله عليه وسلم «أمرها أن لا تمس الطيب إذا خرجت إلى صلاة العشاء الآخرة» #,0
Musnad at-Tayalisi,2592,UNGRADED,Prophets & Past Peoples,1758 - # حدثنا أبو داود قال: حدثنا شعبة، عن الأعمش، قال: سمعت أبا وائل يحدث عن عمرو بن الحارث، عن زينب الثقفية، امرأة عبد الله رسول الله صلى الله عليه وسلم قال للنساء: «تصدقن ولو من حليكن» فقالت زينب لعبد الله: أيجزئ عني أن أضع صدقتي فيك وفي بني أخي أو أختي أيتام؟ وكان عبد الله خفيف ذات اليد، فقال: سلي عن ذاك رسول الله صلى الله عليه وسلم، قالت زينب: فأتيت رسول الله صلى الله عليه وسلم، فإذا امرأة من الأنصار يقال لها: زينب، جاءت تسأل عما جئت أسأل عنه، فخرج إلينا بلال، فقلنا له: سل رسول الله صلى الله عليه وسلم ولا تخبره من نحن: أيجزئ عني أن أضع صدقتي في بني أخي أيتام أو بني أختي أيتام في حجري؟ فأتى رسول الله صلى الله عليه وسلم، فذكر ذلك له، فقال: «أي الزيانب هي؟» فقال: زينب امرأة عبد الله بن مسعود، وزينب امرأة من الأنصار، فقال له رسول الله صلى الله عليه وسلم: «أخبرهما أن لهما أجرين أجر,0
Musnad at-Tayalisi,2595,UNGRADED,Prophets & Past Peoples,1759 - # حدثنا أبو داود قال: حدثنا شعبة، عن يحيى بن حصين الأحمسي، قال: أخبرتني جدتي حصين الأحمسية، قالت: سمعت رسول الله صلى الله عليه وسلم يقول: «إن استعمل عليكم عبدا حبشيا ما قادكم بكتاب الله فاسمعوا له وأطيعوا» #,0
Musnad at-Tayalisi,2596,UNGRADED,Other Narrations,1760 - # حدثنا شعبة، عن يحيى بن حصين، عن جدته، أن رسول الله صلى الله عليه وسلم «دعا للمحلقين ثلاثا وللمقصرين مرة» #,0
Musnad at-Tayalisi,2597,UNGRADED,Women,وأم كلثوم بنت عقبة رضي الله عنها عن النبي صلى الله عليه وسلم #,0
Musnad at-Tayalisi,2598,UNGRADED,Prophets & Past Peoples,1761 - # حدثنا يونس قال: حدثنا أبو داود قال: حدثنا ابن المبارك، عن معمر، عن الزهري، عن حميد بن عبد الرحمن، عن أمه أم كلثوم بنت عقبة، أن النبي صلى الله عليه وسلم قال: «ليس الكاذب من أصلح بين اثنين وقال خيرا أو نمى خيرا» #,0
Musnad at-Tayalisi,2600,UNGRADED,Prophets & Past Peoples,1762 - # حدثنا يونس قال: حدثنا أبو داود قال: حدثنا شعبة، عن عبد الله أو محمد بن أبي بكر بن عمرو بن حزم، عن عروة بن الزبير، أن مروان، أرسل إلى بسرة بنت صفوان يسألها، فحدثت عن النبي صلى الله عليه وسلم، أنه قال: «من مس ذكره فليتوضأ» #,0
Musnad at-Tayalisi,2602,UNGRADED,Prophets & Past Peoples,1763 - # حدثنا يونس قال: حدثنا أبو داود قال: حدثنا عبد الله بن حسان العنبري، قال: حدثتني جدتاي، دحيبة وصفية بنتا عليبة، عن ربيبتهما وجدة أبيهما قيلة بنت مخرمة، أنها قالت: «صلى بنا رسول الله صلى الله عليه وسلم الفجر حين انشق الفجر، والنجوم شابكة في السماء، ما تكاد تعارف مع ظلمة الليل، والرجال ما تكاد تعارف» #,0
Musnad at-Tayalisi,2604,UNGRADED,Prophets & Past Peoples,1764 - # حدثنا يونس قال: حدثنا أبو داود قال: حدثنا ابن أبي ذئب، عن سعيد بن أبي سعيد المقبري، عن عبد الرحمن بن بجيد، عن جدته، قالت: قلت: يا رسول الله، يجيء السائل فيقوم على بابي، وليس عندي ما أدفع إليه، قال: «أعطيه ولو ظلفا محرقة» #,0
Musnad at-Tayalisi,2606,UNGRADED,Prophets & Past Peoples,1765 - # حدثنا يونس قال: حدثنا أبو داود قال: حدثنا شعبة، عن يزيد بن أبي زياد، قال: سمعت سليمان بن عمرو بن الأحوص، يقول: سمعت جدتي، أو أمي تحدث أنها سمعت النبي صلى الله عليه وسلم عند الجمرة وقد ازدحم الناس، فقال: «يا أيها الناس، لا تقتلوا أنفسكم,0
Musnad at-Tayalisi,2609,UNGRADED,Prophets & Past Peoples,1766 - # حدثنا يونس، قال حدثنا أبو داود قال: حدثنا شعبة، عن خبيب بن عبد الرحمن، قال: حدثتني عمتي أنيسة، قالت: كان بلال وابن أم مكتوم يؤذنان للنبي صلى الله عليه وسلم، فقال رسول الله صلى الله عليه وسلم: «إن بلالا يؤذن بليل، فكلوا واشربوا حتى يؤذن ابن أم مكتوم» فكنا نحبس ابن أم مكتوم عن الأذان فنقول: كما أنت حتى نتسحر، كما أنت حتى نتسحر، ولم يكن بين أذانهما إلا أن ينزل هذا ويصعد هذا #,0
Musnad at-Tayalisi,2611,UNGRADED,Prophets & Past Peoples; Women,1767 - # حدثنا يونس قال: حدثنا أبو داود قال: حدثنا شعبة، عن إبراهيم بن المهاجر، قال: سمعت أبا بكر بن الحارث بن هشام القرشي، يقول: أرسل مروان بن الحكم إلى أم معقل امرأة من أشجع فقالت المرأة: كانت علي عمرة، وإن زوجي جعل بكرا له في سبيل الله، فطلبت إليه أن يعطينيه أعتمر عليه، فقال: إني جعلته في سبيل الله، فأتيت النبي صلى الله عليه وسلم، فقال النبي صلى الله عليه وسلم: «إن الحج والعمرة من سبيل الله» فأمره أن يعطيها تعتمر عليه # # وقال النبي صلى الله عليه وسلم: «عمرة في رمضان كحجة» أو قال «تجزئ بحجة» قال شعبة: فحدثني أبو بشر، عن سعيد بن جبير، قال: إنما قال النبي صلى الله عليه وسلم لتلك المرأة خاصة #,0
Musnad at-Tayalisi,2613,UNGRADED,Prophets & Past Peoples,1768 - # حدثنا يونس قال: حدثنا أبو داود قال: حدثنا زهير، عن أبي إسحاق، عن ابنة خباب، أنها أتت رسول الله صلى الله عليه وسلم بشاة، فاعتقلها، فحلبها، وقال: «ائتيني بأعظم إناء لكم» فأتيناه بجفنة,0
Musnad at-Tayalisi,2616,UNGRADED,Prophets & Past Peoples,1769 - # حدثنا يونس قال: حدثنا أبو داود قال: حدثنا شعبة، عن سعد بن إسحاق، عن زينب، عن فريعة، أخت أبي سعيد، أن زوجها، تبع أعلاجا فقتلوه، وهي في قرية من قرى المدينة، فأتت إلى النبي صلى الله عليه وسلم، فذكرت ذلك له، واستأذنت أن تأتي إخواتها فتعتد عندهم، فأذن لها، ثم دعاها أو دعيت له فقال: «امكثي في البيت الذي أتاك فيه نعي زوجك حتى يبلغ الكتاب أجله» #,0
Musnad at-Tayalisi,2618,UNGRADED,Prophets & Past Peoples,1770 - # حدثنا يونس قال: حدثنا أبو داود قال: حدثنا أبو عوانة، عن حصين، عن أبي وائل، عن مسروق، قال: حدثتني أم رومان أم عائشة، قالت بينا أنا قاعدة إذ دخلت علي امرأة فقالت: فعل الله بفلان كذا وكذا، فقلت: وما له؟ قالت: إنه أفشى الحديث - يعني ذكر عائشة - فقالت عائشة: سمع بهذا رسول الله صلى الله عليه وسلم؟، قالت: نعم، قالت: فسمع بهذا أبو بكر؟ قالت: نعم، فأخذها شيء، ما قامت إلا بحمى، فألقيت عليها ثيابها، فدخل رسول الله صلى الله عليه وسلم، فقال,0
Musnad at-Tayalisi,2621,UNGRADED,Prophets & Past Peoples,1771 - # حدثنا يونس قال: حدثنا أبو داود قال: حدثنا شعبة، قال: أخبرني حبيب بن زيد الأنصاري، قال: سمعت مولاة لنا يقال لها ليلى، تحدث عن جدتها أم عمارة الأنصارية، أنها سمعت النبي صلى الله عليه وسلم يقول: «ما من صائم يؤكل عنده إلا صلت عليه الملائكة حتى يشبعوا» وقال مرة: «حتى يفرغوا» #,0
Musnad at-Tayalisi,2624,UNGRADED,Prophets & Past Peoples,1772 - # حدثنا يونس قال: حدثنا أبو داود قال: حدثنا وهيب، عن جعفر بن محمد، عن أبيه، عن جابر، قال: خرج رسول الله صلى الله عليه وسلم,0
Musnad at-Tayalisi,2626,UNGRADED,Prophets & Past Peoples,1773 - # حدثنا أبو داود قال: حدثنا وهيب بن خالد قال: حدثنا جعفر بن محمد بن علي بن حسين بن علي بن أبي طالب، عن أبيه، عن جابر بن عبد الله، قال: أقام رسول الله صلى الله عليه وسلم بالمدينة تسعا لم يحج، ثم أذن للناس في الحج، وفيها ناس كثير يريدون الخروج مع رسول الله صلى الله عليه وسلم,0
Musnad at-Tayalisi,2627,UNGRADED,Prayer (Salah); Quran & Recitation,[ص: 247] # ، فخرج حتى إذا أتى ذا الحليفة، ولدت أسماء بنت عميس محمد بن أبي بكر الصديق، فأرسلت إلى رسول الله صلى الله عليه وسلم تسأله، فقال: «اغتسلي واستثفري، ثم أهلي» ففعلت، قال: فلما اطمأن صدر ناقة رسول الله صلى الله عليه وسلم على ظاهر البيداء أهل رسول الله صلى الله عليه وسلم وأهللنا لا ننوي إلا الحج، قال جابر: فنظرت مد بصري ومن ورائي وعن يميني وعن شمالي من الناس مشاة وركبانا، فخرجنا لا نعرف إلا الحج، فأقبل رسول الله صلى الله عليه وسلم يقول: «لبيك اللهم لبيك، لبيك لا شريك لك لبيك، إن الحمد والنعمة لك والملك، لا شريك لك» فانطلقنا لا نعرف إلا الحج، له خرجنا، ورسول الله صلى الله عليه وسلم معنا، والقرآن ينزل عليه، وهو يعلم تأويله، وإنما يعمل بما أمر به، حتى قدمنا مكة، فبدأ رسول الله صلى الله عليه وسلم بالحجر، فاستلمه، ثم طاف سبعا، رمل في ذلك ثلاثا ومشى أربعا، ثم تلا هذه الآية: {واتخذوا من مقام إبراهيم مصلى} [البقرة: 125] ، قال: صلى ركعتين، قال أبي: وكان يستحب أن يقرأ,0
Musnad at-Tayalisi,2628,UNGRADED,Dhikr & Supplication,[ص: 248] # فيهما بالتوحيد قل يا أيها الكافرون وقل هو الله أحد ولم يذكر ذلك في حديث جابر، ثم رجع إلى حديث جابر قال: ثم أتى الركن فاستلمه، قال: ثم خرج إلى الصفا قال: نبدأ بما بدأ الله به، وقال: {إن الصفا والمروة من شعائر الله} [البقرة: 158] ، قال: فرقي على الصفا حتى بدا له البيت، وكبر ثلاثا وقال: «لا إله إلا الله، وحده لا شريك له، له الملك، وله الحمد، يحيي ويميت، بيده الخير، وهو على كل شيء قدير» ثم يدعو بين ذلك، قال: ثم نزل فمشى حتى أتى بطن المسيل سعى حتى إذا أصعد قدميه في المسيل، ثم مشى حتى إذا أتى المروة، فصعد حتى بدا له البيت، فكبر ثلاثا وقال: «لا إله إلا الله، وحده لا شريك له» هكذا كما فعل يعني على الصفا ثم نزل، فقال: «من لم يكن معه الهدي فليحل وليجعلها عمرة، فلو أني استقبلت من أمري ما استدبرت لجعلتها عمرة» فأحلوا وقدم علي بن أبي طالب من اليمن، فرأى الناس قد حلوا، فقال له النبي صلى الله عليه وسلم «بأي شيء أهللت؟» قال: قلت: اللهم أهل بما أهل به رسولك، قال: «فإن معي الهدي فلا تحل» قال: فدخل علي على فاطمة وقد اكتحلت ولبست ثيابا صبيغا، فأنكر,0
Musnad at-Tayalisi,2630,UNGRADED,Prophets & Past Peoples; Treaties & Non-Muslims,1774 - # حدثنا أبو داود قال: حدثنا محمد بن ثابت، عن جعفر بن محمد، عن أبيه، عن جابر بن عبد الله، قال: قال رسول الله صلى الله عليه وسلم: «شفاعتي لأهل الكبائر من أمتي» ، قال: فقال لي جابر: من لم يكن من أهل الكبائر فما له وللشفاعة #,0
Musnad at-Tayalisi,2632,UNGRADED,Prophets & Past Peoples,1775 - # حدثنا يونس قال: حدثنا أبو داود قال: حدثنا زائدة، عن عبد الله بن محمد بن عقيل، عن جابر بن عبد الله، قال: «مشيت مع رسول الله صلى الله عليه وسلم إلى امرأة من الأنصار، فذبحت له شاة، وأتتنا بالطعام، فأكل رسول الله صلى الله عليه وسلم وأكلنا، ثم قمنا إلى الظهر، لم يتوضأ أحد منا، ثم أتينا ببقية الشاة، فتعشينا منها، وحضرت العصر، فقام رسول الله صلى الله عليه وسلم وقمنا فصلينا لم يمس أحد منا ماء» #,0
Musnad at-Tayalisi,2633,UNGRADED,Night & Voluntary Prayer; Prophets & Past Peoples,1776 - # حدثنا أبو داود قال: حدثنا زائدة، عن عبد الله بن محمد بن عقيل، عن جابر بن عبد الله، قال: قال رسول الله صلى الله عليه وسلم لأبي بكر: «أي حين توتر من الليل؟» قال: أول الليل بعد العتمة، وقال لعمر: «أي حين توتر؟» قال: آخر الليل، فقال رسول الله صلى الله عليه وسلم لأبي بكر: «أخذت بالوثقى» وقال لعمر «أخذت بالقوة» #,0
Musnad at-Tayalisi,2634,UNGRADED,Modesty & Dress; Death & Burial,1777 - # حدثنا أبو داود قال: حدثنا زائدة، عن عبد الله بن محمد بن عقيل، عن جابر بن عبد الله، قال: «كفن رسول الله صلى الله عليه وسلم حمزة في ثوب واحد» ، قال جابر: ذلك الثوب نمرة #,0
Musnad at-Tayalisi,2635,UNGRADED,Debt & Loans; Death & Burial,1778 - # حدثنا أبو داود قال: حدثنا زائدة، عن عبد الله بن محمد بن عقيل، عن جابر، قال: توفي رجل فغسلناه وحنطناه وكفناه، ثم أتينا رسول الله صلى الله عليه وسلم ليصلي عليه، فخط خطا، ثم قال: «هل عليه دين؟» قلنا: نعم، ديناران، قال: «صلوا على صاحبكم» فقال أبو قتادة: يا رسول الله، دينه علي الله، فقال رسول صلى الله عليه وسلم: «هما عليك حق الغريم، وبرئ الميت» قال: نعم، فصلى عليه، ثم لقيه من الغد، وقال: «ما فعل الديناران؟» قال: يا رسول الله، إنما مات أمس، ثم لقيه من الغد، فقال: «ما فعل الديناران؟» فقال: يا رسول الله، قد قضيتهما، فقال رسول الله صلى الله عليه وسلم: «الآن، بردت عليه جلده» #,0
Musnad at-Tayalisi,2636,UNGRADED,Women; Paradise,1779 - # حدثنا أبو داود قال: حدثنا زائدة، عن عبد الله بن محمد بن عقيل، عن جابر، قال: مشيت مع رسول الله صلى الله عليه وسلم إلى امرأة من الأنصار، فذبحت لهم شاة، فأتينا بذلك الطعام، فقال رسول الله صلى الله عليه وسلم: «ليدخلن عليكم رجل من أهل الجنة» فدخل أبو بكر، ثم قال: «ليدخلن عليكم رجل من أهل الجنة» فدخل عمر، ثم قال رسول الله صلى الله عليه وسلم: «ليدخلن عليكم رجل من أهل الجنة، اللهم إن شئت جعلته عليا» فدخل علي #,0
Musnad at-Tayalisi,2637,UNGRADED,Marriage & Spouses; Servants & Freeing Slaves,1780 - # حدثنا أبو داود قال: حدثنا أبو بكر، عن عبد الله بن محمد بن عقيل، عن جابر بن عبد الله، قال: قال رسول الله صلى الله عليه وسلم: «أيما مملوك تزوج بغير إذن سيده، فهو عاهر» #,0
Musnad at-Tayalisi,2639,UNGRADED,Prophets & Past Peoples,1781 - # حدثنا يونس قال: حدثنا أبو داود قال: حدثنا الربيع بن صبيح، قال: حدثنا عطاء، عن جابر بن عبد الله، قال: قدمنا مع رسول الله صلى الله عليه وسلم صبح رابعة، مضين من ذي الحجة، مهلين بالحج كلنا، فأمرنا,0
Musnad at-Tayalisi,2640,UNGRADED,Prayer (Salah); Hajj & Umrah,[ص: 256] # فطفنا بالبيت، وصلينا ركعتين، وسعينا بين الصفا والمروة، ثم قال رسول الله صلى الله عليه وسلم: «أحلوا» قلنا: يا رسول الله: حل ماذا؟ قال: «حل ما يحل للحلال من النساء والطيب» فغشيت النساء وسطعت المجامر، قال: وبلغه أن بعضهم يقول: أينطلق أحدنا إلى منى، وذكره يقطر منيا؟ فخطبهم، فحمد الله، وأثنى عليه، ثم قال: «إني لو استقبلت من أمري ما استدبرت ما سقت الهدي، ولو لم أسق الهدي لأحللت أنا، فخذوا مناسككم» قال جابر: فأقام القوم بحلهم حتى إذا كان يوم التروية أهلوا بالحج، فكان الهدي على من وجد، والصيام على من لم يجد، وأشرك بينهم في هديهم، الجزور عن سبعة والبقرة عن سبعة، وكان طوافهم بالبيت وبين الصفا والمروة طوافا واحدا، وسعيا واحدا، لحجهم، وعمرتهم #,0
Musnad at-Tayalisi,2641,UNGRADED,Prophets & Past Peoples,1782 - # حدثنا أبو داود قال: حدثنا هشيم، عن عبد الملك، عن عطاء، عن جابر، أن رسول الله صلى الله عليه وسلم قال: «الجار أحق بشفعة جاره ينتظر بها، وإن كان غائبا، إذا كان طريقهما واحدا» #,0
Musnad at-Tayalisi,2642,UNGRADED,Character & Manners; Prophets & Past Peoples,1783 - # حدثنا أبو داود قال: حدثنا رباح بن أبي معروف، عن عطاء، عن جابر، أن رسول الله صلى الله عليه وسلم «نهى عن أكل لحوم الحمر الأهلية» #,0
Musnad at-Tayalisi,2643,UNGRADED,Prophets & Past Peoples,"1784 - # حدثنا أبو داود قال: حدثنا رباح، عن عطاء، عن جابر بن عبد الله، أن النبي صلى الله عليه وسلم نهى أن توطأ النساء الحبالى من السبي "" #",0
Musnad at-Tayalisi,2645,UNGRADED,Other Narrations,[ص: 260] # عطاء، عن جابر، أن النبي صلى الله عليه وسلم قال: «العمرى جائزة» #,0
Musnad at-Tayalisi,2646,UNGRADED,Prophets & Past Peoples,1786 - # حدثنا أبو داود قال: حدثنا هشام، عن قتادة، عن عطاء بن أبي رباح، قال: قلت لجابر: هل صف النبي صلى الله عليه وسلم على النجاشي؟ قال: «نعم، وكنت في الصف الثاني» #,0
Musnad at-Tayalisi,2647,UNGRADED,Marriage & Spouses; Prophets & Past Peoples,1787 - # حدثنا أبو داود قال: حدثنا ابن أبي ذئب، قال: حدثني من، سمع عطاء، عن جابر، قال: قال رسول الله صلى الله عليه وسلم: «لا طلاق لمن لم ينكح، ولا عتاق لمن لم يملك» #,0
Musnad at-Tayalisi,2648,UNGRADED,Prophets & Past Peoples,1788 - # حدثنا أبو داود قال: حدثنا أبو عوانة، عن ابن أبي ليلى، عن عطاء، عن جابر، قال: خرج رسول الله صلى الله عليه وسلم إلى النخل ومعه عبد الرحمن بن عوف، فانتهى إلى ابنه إبراهيم، وهو يجود بنفسه، فوضع الصبي في حجره، فبكى، فقال له عبد الرحمن: يا رسول الله تنهانا عن البكاء؟ قال: «لم أنه عن البكاء، إنما نهيت عن صوتين فاجرين، صوت مزمار عند نعمة، مزمار شيطان ولعب، وصوت,0
Musnad at-Tayalisi,2650,UNGRADED,Prophets & Past Peoples,1789 - # حدثنا أبو داود قال: حدثنا حماد بن سلمة، عن قيس، عن عطاء، عن جابر بن عبد الله، أن رجلا، قال: يا رسول الله، إني نحرت قبل أن أرمي، قال: «ارم ولا حرج» #,0
Musnad at-Tayalisi,2651,UNGRADED,Hajj & Umrah; Prophets & Past Peoples,1790 - # حدثنا أبو داود قال: حدثنا أبو عوانة، عن أبي بشر، عن عطاء، عن جابر، قال: قدمنا مع رسول الله صلى الله عليه وسلم مهلين بالحج، فقال: «من شاء منكم فليجعلها عمرة، ومن كان معه الهدي لم يستطع أن يجعلها عمرة» #,0
Musnad at-Tayalisi,2652,UNGRADED,Death & Burial; Prophets & Past Peoples,1791 - # حدثنا أبو داود قال: حدثنا طلحة، عن عطاء، عن جابر، قال: «شهدت رسول الله صلى الله عليه وسلم دفن رجلا ليلا» #,0
Musnad at-Tayalisi,2654,UNGRADED,Prophets & Past Peoples,1792 - # حدثنا يونس قال: حدثنا أبو داود قال: حدثنا هشام، عن يحيى بن أبي كثير، عن أبي سلمة بن عبد الرحمن بن عوف، عن جابر، أن رسول الله صلى الله عليه وسلم قال: «العمرى لمن وهبت له» #,1
Musnad at-Tayalisi,2656,UNGRADED,Quran & Recitation; Character & Manners,"[ص: 266] # القرآن أنزل أول؟ قال: {يا أيها المدثر} [المدثر: 1] ، قلت: إنه بلغني أن أول ما أنزل: {اقرأ باسم ربك الذي خلق} [العلق: 1] فقال أبو سلمة: سألت جابر بن عبد الله: أي القرآن أنزل أول؟ فقال لي: {يا أيها المدثر} [المدثر: 1] قلت: إنه بلغني أن أول ما أنزل {اقرأ باسم ربك الذي خلق} [العلق: 1] ، فقال جابر: لا أخبرك إلا بما قال رسول الله صلى الله عليه وسلم، قال: "" جاورت في حراء، فلما قضيت جواري انطلقت، فلما هبطت الوادي نوديت، فنظرت أمامي وعن يميني وعن شمالي ومن خلفي فلم أر شيئا، فرفعت رأسي، فإذا هو على عرش بين السماء والأرض، فجئثت منه - قال أبو داود: يعني فصرعت منه قال - فأتيت خديجة - أو قال: أتيت أهلي - فقلت: دثروني دثروني فدثرت وصب علي ماء بارد، فأتيت فقيل: {يا أيها المدثر قم فأنذر وربك فكبر وثيابك فطهر} [المدثر: 2] "" #",0
Musnad at-Tayalisi,2657,UNGRADED,Prophets & Past Peoples,1794 - # حدثنا أبو داود قال: حدثنا صالح بن أبي الأخضر، عن الزهري، عن أبي سلمة، أنه سمع جابر بن عبد الله، يقول: قال رسول الله صلى الله عليه وسلم: «ثم فتر الوحي» #,1
Musnad at-Tayalisi,2658,UNGRADED,Prophets & Past Peoples,1795 - # حدثنا أبو داود قال: حدثنا ابن أبي ذئب، عن الزهري، عن أبي سلمة، عن جابر، قال: قال رسول الله صلى الله عليه وسلم: «من أعمر عمرى فهي له ولعقبه من بعده» #,0
Musnad at-Tayalisi,2660,UNGRADED,Justice & Judgement; Prophets & Past Peoples,1797 - # حدثنا أبو داود قال: حدثنا صالح، عن الزهري، عن أبي سلمة، عن جابر، قال: «قضى رسول الله صلى الله عليه وسلم بالشفعة ما لم يقسم وتوقت حدوده» #,0
Musnad at-Tayalisi,2661,UNGRADED,Prophets & Past Peoples,1798 - # حدثنا أبو داود قال: حدثنا زمعة، عن الزهري، عن أبي سلمة، عن جابر، أن النبي صلى الله عليه وسلم قال: «ما من نبي إلا وقد رعى» #,0
Musnad at-Tayalisi,2662,UNGRADED,Angels & the Unseen; Prophets & Past Peoples,"1799 - # حدثنا أبو داود قال: حدثنا صالح بن أبي الأخضر، عن الزهري، قال: أخبرني أبو سلمة، أنه سمع جابرا، يقول: قال رسول الله صلى الله عليه وسلم: "" ثم فتر الوحي عني فترة، فبينا أنا أمشي إذا أنا بالملك الذي أتاني في غار حراء على سرير بين السماء والأرض، فرعبت منه، فأتيت خديجة، فقلت: دثروني دثروني، فدثرت، فجاء جبريل صلى الله عليه وسلم",0
Musnad at-Tayalisi,2665,UNGRADED,Prophets & Past Peoples,1800 - # حدثنا أبو داود قال: حدثنا شعبة، عن عمرو بن دينار، سمع جابر بن عبد الله، يقول: «كان معاذ يصلي مع رسول الله صلى الله عليه وسلم، ثم يرجع فيصلي بقومه» #,0
Musnad at-Tayalisi,2666,UNGRADED,Prayer (Salah); Day of Judgement,1801 - # حدثنا أبو داود قال: حدثنا شعبة، عن عمرو، عن جابر بن عبد الله، عن النبي صلى الله عليه وسلم قال وهو يخطب: «إذا جاء أحدكم يوم الجمعة والإمام يخطب، فليصل ركعتين» #,0
Musnad at-Tayalisi,2667,UNGRADED,Trade & Business; Prophets & Past Peoples,1802 - # حدثنا أبو داود قال: حدثنا شعبة، عن عمرو بن دينار، سمع جابرا، يقول: «باع رسول الله صلى الله عليه وسلم مدبرا» #,0
Musnad at-Tayalisi,2668,UNGRADED,Prophets & Past Peoples; Treaties & Non-Muslims,1803 - # حدثنا أبو داود قال: حدثنا شعبة، عن عمرو، عن جابر، قال: «كنا نعزل على عهد رسول الله صلى الله عليه وسلم والقرآن ينزل عليه»,0
Musnad at-Tayalisi,2670,UNGRADED,Prophets & Past Peoples,1804 - # حدثنا أبو داود قال: حدثنا سفيان بن عيينة، عن عمرو، سمع جابرا، عن النبي صلى الله عليه وسلم قال: «الحرب خدعة» #,0
Musnad at-Tayalisi,2671,UNGRADED,Prophets & Past Peoples,1805 - # حدثنا أبو داود قال: حدثنا زمعة، عن عمرو، عن جابر بن عبد الله، قال: «كان رسول الله صلى الله عليه وسلم يكبر إذا خفض وإذا رفع» #,0
Musnad at-Tayalisi,2672,UNGRADED,Prophets & Past Peoples; Food & Drink,1806 - # حدثنا أبو داود قال: حدثنا سفيان بن عيينة، عن عمرو، عن جابر، قال: «نهانا رسول الله صلى الله عليه وسلم عن لحوم الحمر وأطعمنا لحم الفرس» #,0
Musnad at-Tayalisi,2673,UNGRADED,Hajj & Umrah; Children & Upbringing,1807 - # حدثنا أبو داود قال: حدثنا حماد بن زيد، عن عمرو بن دينار، عن جابر بن عبد الله، أن النبي صلى الله عليه وسلم قال: «من يشتريه مني؟» فاشتراه نعيم بثمانمائة. قال جابر: غلام قبطي مات عام أول #,0
Musnad at-Tayalisi,2674,UNGRADED,Prophets & Past Peoples,1808 - # حدثنا أبو داود قال: حدثنا عيسى بن ميمون المكي، عن عمرو بن دينار، عن جابر، أن رسول الله صلى الله عليه وسلم قال: «ليس فيما دون خمس أواق صدقة» #,0
Musnad at-Tayalisi,2675,UNGRADED,Prophets & Past Peoples,1809 - # حدثنا أبو داود قال: حدثنا حماد بن زيد، قال: قلت لعمرو بن دينار: أسمعت جابر بن عبد الله يحدث أن رسول الله صلى الله عليه وسلم,0
Musnad at-Tayalisi,2677,UNGRADED,Paradise; Prophets & Past Peoples,1810 - # حدثنا أبو داود قال: حدثنا سفيان بن عيينة، عن عمرو بن دينار، عن جابر، أن النبي صلى الله عليه وسلم قال: «يخرجون من النار بالشفاعة، ثم يدخلون الجنة» #,0
Musnad at-Tayalisi,2678,UNGRADED,Prophets & Past Peoples,1811 - # حدثنا أبو داود قال: حدثنا بكار الليثي، عن عمرو بن دينار، عن جابر، أن النبي صلى الله عليه وسلم «نهى أن يخلط بين البسر والتمر، وبين الزبيب والتمر للنبيذ» #,1
Musnad at-Tayalisi,2679,UNGRADED,Women,1812 - # حدثنا أبو داود قال: حدثنا حماد بن زيد، عن عمرو بن دينار، قال: سمعت جابر بن عبد الله، يقول: تزوجت امرأة على عهد رسول الله صلى الله عليه وسلم ثيبا، فقال رسول الله صلى الله عليه وسلم: «فهلا بكرا تلاعبها وتلاعبك وتضاحكها وتضاحكك؟» قلت: يا رسول الله قتل أبي وترك علي أخوات، فكرهت أن أتزوج جارية، ولكن أتزوج امرأة تقوم عليهن، قال: «بارك الله لك» #,0
Musnad at-Tayalisi,2680,UNGRADED,Women,1813 - # حدثنا أبو داود قال: حدثنا سفيان، عن عمرو، عن جابر، قال: قلت: يا رسول الله، إني كرهت أن أتزوج جارية خرقاء مثلهن، ولكن امرأة تمشطهن وتقوم عليهن، قال: «أصبت» #,0
Musnad at-Tayalisi,2681,UNGRADED,Prophets & Past Peoples,1814 - # حدثنا أبو داود قال: حدثنا سفيان بن عيينة، عن عمرو بن دينار، عن جابر بن عبد الله، قال: كسع رجل من المهاجرين رجلا من الأنصار، فقال الأنصاري: يا للأنصار، فقال رسول الله صلى الله عليه وسلم: «ما بال دعوى الجاهلية؟» قالوا: يا رسول الله إنه كسعه فقال رسول الله صلى الله عليه وسلم: «دعوها، فإنها منتنة» #,0
Musnad at-Tayalisi,2683,UNGRADED,Prophets & Past Peoples,"1815 - # حدثنا يونس قال: حدثنا أبو داود قال: حدثنا شعبة، قال: أخبرني محمد بن المنكدر، قال: سمعت جابرا، يقول: "" دخل علي رسول الله صلى الله عليه وسلم وأنا مريض، فنفخ في وجهي، فأفقت، ونزلت آية الفريضة {يستفتونك قل الله يفتيكم في الكلالة} [النساء: 176] "" #",0
Musnad at-Tayalisi,2684,UNGRADED,Prophets & Past Peoples,1816 - # حدثنا أبو داود قال: حدثنا شعبة، عن محمد بن المنكدر، قال: سمعت جابرا يقول: استفتحت على رسول الله صلى الله عليه وسلم فقال: «من ذا؟» فقلت: أنا، فقال: «أنا، أنا» وكره ذلك #,0
Musnad at-Tayalisi,2685,UNGRADED,Day of Judgement; Prophets & Past Peoples,1817 - # حدثنا أبو داود قال: حدثنا شعبة، عن محمد بن المنكدر، قال: سمعت جابرا، يقول: لما جيء بأبي يوم أحد وجاءت عمتي تبكي عليه قال: فجعلت أبكي وجعل القوم ينهونني، ورسول الله صلى الله عليه وسلم لا ينهاني، فقال رسول الله صلى الله عليه وسلم: «ابكوه أو لا تبكوه، فوالله ما زالت الملائكة تظله بأجنحتها حتى دفنتموه» #,0
Musnad at-Tayalisi,2686,UNGRADED,Death & Burial; Prophets & Past Peoples,"1818 - # حدثنا أبو داود قال: حدثنا صالح بن أبي الأخضر، عن محمد بن المنكدر، عن جابر، أن أبا بكر دخل على رسول الله صلى الله عليه وسلم وهو ميت فقبل جبهته "" #",0
Musnad at-Tayalisi,2687,UNGRADED,Zakah & Charity; Prophets & Past Peoples,1819 - # حدثنا أبو داود قال: حدثنا عبد الحميد، قال: حدثنا محمد بن المنكدر، عن جابر، قال: قال رسول الله صلى الله عليه وسلم: «ما وقى به المؤمن عرضه فهو له صدقة» #,0
Musnad at-Tayalisi,2688,UNGRADED,Prophets & Past Peoples,1820 - # حدثنا أبو داود قال: حدثنا عبد العزيز بن أبي سلمة، قال: حدثنا محمد بن المنكدر، عن جابر، أن رجلا من الأعراب قدم المدينة، فبايع النبي صلى الله عليه وسلم فوعك، فأتى النبي صلى الله عليه وسلم فقال: أقلني أقلني، مرتين أو ثلاثا، قال: ثم خرج، فأخبر النبي صلى الله عليه وسلم أنه قد خرج، فقال رسول الله صلى الله عليه وسلم: «إن المدينة تنفي خبثها، وينصع طيبها» #,0
Musnad at-Tayalisi,2689,UNGRADED,Paradise; Prophets & Past Peoples,"1821 - # حدثنا أبو داود قال: حدثنا عبد العزيز بن أبي سلمة، قال: حدثنا محمد بن المنكدر، عن جابر، أن النبي صلى الله عليه وسلم قال: "" دخلت الجنة فرأيت قصرا، فأعجبني، فقلت: لمن هذا؟ فقيل: لعمر بن الخطاب، فأردت أن أدخله، فذكرت غيرتك "" فبكى عمر رضي الله عنه وقال: وعليك أغار يا رسول الله #",0
Musnad at-Tayalisi,2690,UNGRADED,Prophets & Past Peoples,1822 - # حدثنا أبو داود قال: حدثنا ورقاء، عن محمد بن المنكدر أو سالم أبي النضر أو كلاهما شك ورقاء - عن جابر بن عبد الله، قال: «انتهيت إلى النبي صلى الله عليه وسلم وهو يصلي فقمت عن يساره,0
Musnad at-Tayalisi,2692,UNGRADED,Prayer (Salah); Prophets & Past Peoples,1823 - # حدثنا أبو داود قال: حدثنا طلحة، عن محمد بن المنكدر، قال: أخبرني جابر بن عبد الله، أن رسول الله صلى الله عليه وسلم قال: «لقد هممت أن آمر صارخا يصرخ بالصلاة، ثم أتخلف على رجال يتخلفون عن الصلاة فأحرق عليهم بيوتهم» #,0
Musnad at-Tayalisi,2693,UNGRADED,Faith & Creed; Prophets & Past Peoples,1824 - # حدثنا أبو داود قال: حدثنا طلحة، عن محمد بن المنكدر، عن جابر، قال: قال رسول الله صلى الله عليه وسلم: «أفضل الأعمال إيمان بالله وجهاد في سبيل الله» قال: قلنا: ما بر الحج؟ قال: «إطعام الطعام وطيب الكلام» #,0
Musnad at-Tayalisi,2694,UNGRADED,Prophets & Past Peoples,"1825 - # حدثنا أبو داود قال: حدثنا عبد العزيز بن أبي سلمة، عن محمد بن المنكدر، عن جابر، قال: قال رسول الله صلى الله عليه وسلم: "" دخلت",0
Musnad at-Tayalisi,2696,UNGRADED,Prophets & Past Peoples,"1826 - # حدثنا أبو داود قال: حدثنا سفيان الثوري، عن محمد بن المنكدر، عن جابر بن عبد الله، قال: "" ما سئل رسول الله صلى الله عليه وسلم شيئا قط فقال: لا "" #",0
Musnad at-Tayalisi,2698,UNGRADED,Prophets & Past Peoples,1827 - # حدثنا يونس قال: حدثنا أبو داود قال: حدثنا شعبة، عن محمد بن عبد الرحمن، عن محمد بن عمرو بن الحسن، عن جابر، أن النبي صلى الله عليه وسلم كان في سفر، فرأى رجلا يظلل عليه، فسأل، فقالوا: صائم، فقال رسول الله صلى الله عليه وسلم: «ليس من البر الصوم في السفر» #,0
Musnad at-Tayalisi,2699,UNGRADED,Prophets & Past Peoples,1828 - # حدثنا أبو داود قال: حدثنا شعبة، عن سعد بن إبراهيم، قال: سمعت محمد بن عمرو بن الحسن، يقول: لما قدم الحجاج بن يوسف كان يؤخر الصلاة، فسألنا جابر بن عبد الله عن وقت الصلاة، فقال: «كان رسول الله صلى الله عليه وسلم يصلي الظهر بالهجير أو حين تزول الشمس، ويصلي العصر والشمس مرتفعة، ويصلي المغرب حين تغرب الشمس، ويصلي العشاء، يؤخر أحيانا، ويعجل أحيانا، إذا اجتمع الناس عجل، وإذا تأخروا أخر، وكان يصلي الصبح بغلس» أو قال: «كانوا يصلونها بغلس» قال أبو داود: هكذا قال شعبة #,0
Musnad at-Tayalisi,2701,UNGRADED,Prophets & Past Peoples,1829 - # حدثنا يونس قال: حدثنا أبو داود قال: حدثنا أبو عوانة، عن أبي بشر، عن سليمان بن قيس، عن جابر بن عبد الله، أن رسول الله صلى الله عليه وسلم أرسل إلى أبي طيبة فحجمه، وقال: «كم خراجك؟» قال: ثلاثة آصع، فوضع عنه صاعا #,0
Musnad at-Tayalisi,2703,UNGRADED,Prophets & Past Peoples,1830 - # حدثنا يونس قال: حدثنا أبو داود قال: حدثنا شعبة، عن محارب بن دثار، قال: سمعت جابر بن عبد الله، يقول: «كان رسول الله صلى الله عليه وسلم يكره أن يأتي الرجل أهله طروقا» #,1
Musnad at-Tayalisi,2704,UNGRADED,Day of Judgement; Prophets & Past Peoples,1831 - # حدثنا أبو داود قال: حدثنا شعبة، عن محارب بن دثار، قال: سمعت جابرا، يقول: «بعت بعيرا من رسول الله صلى الله عليه وسلم، فوزن، فأرجح، فما زال بعض تلك الدراهم معي حتى أصيبت يوم الحرة» #,0
Musnad at-Tayalisi,2707,UNGRADED,Prayer (Salah); Prophets & Past Peoples,1833 - # حدثنا أبو داود قال: حدثنا شعبة، عن محارب بن دثار، قال: سمعت جابرا، يقول: كنا في سفر مع رسول الله صلى الله عليه وسلم، فلما قدمنا المدينة قال لي: «ائت المسجد فصل فيه ركعتين» #,0
Musnad at-Tayalisi,2711,UNGRADED,Prophets & Past Peoples,1835 - # حدثنا يونس قال: حدثنا أبو داود قال: حدثنا شعبة، عن عمرو بن مرة، قال: سمعت سالم بن أبي الجعد. قال شعبة: وأخبرني حصين بن عبد الرحمن، قال: سمعت سالم بن أبي الجعد، قال: قلت لجابر: كم كنتم يوم الشجرة؟ قال: كنا ألفا وخمسمائة، وذكر عطشا أصابهم، قال: «فأتي رسول الله صلى الله عليه وسلم بماء في تور، فوضع يده فيه فجعل الماء يخرج من بين أصابعه كأنه العيون» قال: فشربنا ووسعنا وكفانا، قال: قلت: كم كنتم؟ قال: لو كنا مائة ألف كفانا كنا ألفا وخمسمائة #,0
Musnad at-Tayalisi,2712,UNGRADED,Children & Upbringing,1836 - # حدثنا أبو داود قال: حدثنا شعبة، عن قتادة، قال: سمعت سالم بن أبي الجعد، يحدث عن جابر، قال: ولد لرجل من الأنصار غلام، فأرادوا أن يسموه القاسم، فأبت الأنصار، فذكر ذلك للنبي صلى الله عليه وسلم، فقال: «أحسنت الأنصار، تسموا باسمي ولا تكنوا بكنيتي» #,0
Musnad at-Tayalisi,2713,UNGRADED,Prophets & Past Peoples,1837 - # حدثنا أبو داود قال: حدثنا شعبة، عن منصور، عن سالم، عن جابر، أن النبي صلى الله عليه وسلم قال: «سموا باسمي ولا تكنوا بكنيتي» #,0
Musnad at-Tayalisi,2714,UNGRADED,Prophets & Past Peoples,1838 - # حدثنا أبو داود قال: حدثنا أبو عوانة، عن يزيد بن أبي زياد، عن سالم، عن جابر، قال: «كان رسول الله صلى الله عليه وسلم يتوضأ بالمد ويغتسل بالصاع» #,0
Musnad at-Tayalisi,2716,UNGRADED,Prophets & Past Peoples,1839 - # حدثنا يونس قال: حدثنا أبو داود قال: حدثنا حماد بن سلمة، عن أبي الزبير، عن جابر، أن رسول الله صلى الله عليه وسلم «صلى في ثوب واحد» #,1
Musnad at-Tayalisi,2719,UNGRADED,Prophets & Past Peoples,1841 - # حدثنا أبو داود قال: حدثنا زهير، عن أبي الزبير، عن جابر، أن النبي صلى الله عليه وسلم قال: «من لم يجد إزارا فليلبس سراويل ومن لم يجد نعلين فليلبس خفين» #,1
Musnad at-Tayalisi,2720,UNGRADED,Day of Judgement; Prophets & Past Peoples,1842 - # حدثنا أبو داود قال: حدثنا زهير، عن أبي الزبير، عن جابر، قال: كنا مع رسول الله صلى الله عليه وسلم في سفر في يوم مطير، فقال: «من,0
Musnad at-Tayalisi,2722,UNGRADED,Prophets & Past Peoples,1843 - # حدثنا أبو داود قال: حدثنا زهير، عن أبي الزبير، عن جابر، قال: خرجنا مع رسول الله صلى الله عليه وسلم مهلين بالحج، فقال سراقة بن مالك: أخبرنا عن ديننا، كأنا خلقنا له الآن نعمل فيما جرت به الأقلام ومضت به المقادير أم نستقبل؟ قال: «ما جرت به الأقلام» قال: زهير: فتكلم أبو الزبير بكلمة لم أفهمها، فقلت لياسين الزيات: ما قال؟ قال: «اعملوا فكل ميسر» #,0
Musnad at-Tayalisi,2723,UNGRADED,Prayer (Salah),"1844 - # حدثنا أبو داود قال: حدثنا هشام، عن أبي الزبير، عن جابر، قال: "" صلى رسول الله صلى الله عليه وسلم بأصحابه الظهر بنخل، فهم بهم المشركون، ثم قالوا: دعوهم فإن لهم صلاة بعد هذه أحب إليهم من أبنائهم، فنزل جبريل على رسول الله صلى الله عليه وسلم فأخبره، فصلى بأصحابه العصر، فصفهم صفين رسول الله صلى الله عليه وسلم بين أيديهم والعدو بين يدي رسول الله صلى الله عليه وسلم، فكبروا جميعا وركعوا جميعا، ثم سجد الذين يلونه والآخرون قياما، فلما رفعوا رءوسهم سجد الآخرون، ثم تقدم هؤلاء وتأخر هؤلاء، فكبروا جميعا وركعوا جميعا، ثم سجد الذين يلونهم، والآخرون قيام، فلما رفعوا رءوسهم",0
Musnad at-Tayalisi,2725,UNGRADED,Prophets & Past Peoples,1845 - # حدثنا أبو داود قال: حدثنا حرب بن أبي العالية، عن أبي الزبير، عن جابر، أن رسول الله صلى الله عليه وسلم «نهى عن الدباء والمزفت والنقير والحنتم» #,0
Musnad at-Tayalisi,2726,UNGRADED,Prophets & Past Peoples; Food & Drink,1846 - # حدثنا أبو داود قال: حدثنا حرب، عن أبي الزبير، عن جابر، أن رسول الله صلى الله عليه وسلم نهى عن أكل لحوم الأضاحي بعد ثلاثة أيام، ثم خطبنا فقال: «كلوا وأطعموا وادخروا» قال: فصنعنا منه,0
Musnad at-Tayalisi,2728,UNGRADED,Paradise; Prophets & Past Peoples,1847 - # حدثنا أبو داود قال: حدثنا أيمن بن نابل، عن أبي الزبير، عن جابر، قال: كان رسول الله صلى الله عليه وسلم يعلمنا التشهد: «بسم الله، وبالله، التحيات لله، والصلوات والطيبات، السلام عليك أيها النبي ورحمة الله وبركاته، السلام علينا وعلى عباد الله الصالحين، أشهد أن لا إله إلا الله، وأشهد أن محمدا عبده ورسوله، أسأل الله الجنة، وأعوذ به من النار» #,0
Musnad at-Tayalisi,2729,UNGRADED,Prophets & Past Peoples,1848 - # حدثنا أبو داود قال: حدثنا هشام الدستوائي، عن أبي الزبير، عن جابر، قال: دخل علي رسول الله صلى الله عليه وسلم وأنا مريض، فقال لي,0
Musnad at-Tayalisi,2731,UNGRADED,Prophets & Past Peoples,1849 - # حدثنا أبو داود قال: حدثنا هشام، عن أبي الزبير، عن جابر، قال: قال رسول الله صلى الله عليه وسلم: «يا معشر الأنصار، أمسكوا عليكم أموالكم لا تعمروها، فإنه من أعمر شيئا حياته، فهو له حياته وبعد موته» #,0
Musnad at-Tayalisi,2733,UNGRADED,Prophets & Past Peoples; Food & Drink,[ص: 305] # عبد الله المزني، عمن سمع جابرا، حدثنا أبو داود قال: وحدثنا هشام، عن أبي الزبير، عن جابر، قال: بعثنا رسول الله صلى الله عليه وسلم مع أبي عبيدة بن الجراح ونحن ثلاثمائة وبضعة عشر، فزودنا جرابا من تمر، فكان يعطينا منه قبضة قبضة، فلما أنجزناه أعطانا تمرة تمرة، فكنا نمصها كما يمص الصبي، ونشرب عليها الماء، فلما فقدناها، وجدنا فقدها، فكنا نخبط الخبط بقسينا فنسفه، ونشرب عليه الماء حتى سمينا جيش الخبط، فبينا نحن على ساحل البحر إذا نحن بدابة مثل الكثيب، يقال لها: العنبر، قال أبو عبيدة: ميتة، فلا تأكلوه، ثم قال: جيش رسول الله وفي سبيل الله، ونحن مضطرون، قال: فأكلنا منها عشرين ليلة أو قال: خمسة عشر ليلة وصنعنا منه وشيقة، ولقد قعد منا اثنا عشر رجلا على موضع عينه، وأخذ أبو,0
Musnad at-Tayalisi,2734,UNGRADED,Work & Livelihood; Animals,[ص: 306] # عبيدة ضلعا من أضلاعه، فرحل به أجسم بعير في أباعر القوم، فأجاز تحته، قال: فلما قدمنا على رسول الله صلى الله عليه وسلم قال: «ما حبسكم؟» قلنا: يا رسول الله تبعنا عيرات قريش، فذكرنا له شأن الدابة، فقال: «إنما هو رزق رزقكموه الله، أمعكم منه شيء؟» فقلنا نعم #,0
Musnad at-Tayalisi,2735,UNGRADED,Prophets & Past Peoples,1851 - # حدثنا أبو داود قال: حدثنا حماد بن سلمة، عن أبي الزبير، عن جابر، أن رسول الله صلى الله عليه وسلم «كوى سعد بن معاذ من رميته» #,1
Musnad at-Tayalisi,2737,UNGRADED,Prophets & Past Peoples,1853 - # حدثنا أبو داود قال: حدثنا هشام، عن أبي الزبير، عن جابر، أن النبي صلى الله عليه وسلم «احتجم وهو محرم من وثء كان بوركه،» أو قال: «بظهره» #,0
Musnad at-Tayalisi,2739,UNGRADED,Servants & Freeing Slaves; Zakah & Charity,[ص: 308] # ، عن جابر، أن رجلا أعتق مملوكا له عن دبر فبلغ ذلك النبي صلى الله عليه وسلم، فقال: «ألك شيء غيره؟» فقال: لا، فقال رسول الله صلى الله عليه وسلم: «من يشتره مني؟» فاشتراه نعيم بثمانمائة درهم، فدفع إليه الثمن وقال: «أنفق على نفسك فإن فضل فضل فعلى قرابتك، فإن فضل فضل فهاهنا وهاهنا وهاهنا» وأشار أبو داود بيده أمامه وعن يمينه وعن يساره #,0
Musnad at-Tayalisi,2740,UNGRADED,Day of Judgement; Prophets & Past Peoples,1855 - # حدثنا أبو داود قال: حدثنا حماد بن سلمة، عن أبي الزبير، عن جابر، أن النبي صلى الله عليه وسلم «دخل يوم فتح مكة وعليه عمامة,0
Musnad at-Tayalisi,2742,UNGRADED,Prophets & Past Peoples,1856 - # حدثنا أبو داود قال: حدثنا هشام، عن أبي الزبير، عن جابر، أن رسول الله صلى الله عليه وسلم قال: «من تسمى باسمي فلا يكتني بكنيتي، ومن اكتنى بكنيتي فلا يتسمين باسمي» #,0
Musnad at-Tayalisi,2743,UNGRADED,Prophets & Past Peoples,"1857 - # حدثنا أبو داود قال: حدثنا زهير، عن أبي الزبير، عن جابر، أن رسول الله صلى الله عليه وسلم «نهى عن النقير , والمزفت , والدباء» #",1
Musnad at-Tayalisi,2744,UNGRADED,Prophets & Past Peoples,1858 - # حدثنا أبو داود قال: حدثنا هشام، عن أبي الزبير، عن جابر، أن رسول الله صلى الله عليه وسلم «كان ينتبذ له في سقاء» #,0
Musnad at-Tayalisi,2745,UNGRADED,Character & Manners; Prophets & Past Peoples,1859 - # حدثنا أبو داود قال: حدثنا زهير، عن أبي الزبير، عن جابر، أن رسول الله صلى الله عليه وسلم قال: «لا يبيع حاضر لباد، دعوا الناس يرزق الله بعضهم من بعض» #,0
Musnad at-Tayalisi,2748,UNGRADED,Day of Judgement; Prophets & Past Peoples,1861 - # حدثنا أبو داود قال: حدثنا هشام، عن أبي الزبير، عن جابر، قال: كسفت الشمس على عهد رسول الله صلى الله عليه وسلم في يوم شديد,0
Musnad at-Tayalisi,2749,UNGRADED,Prayer (Salah); Hajj & Umrah,"[ص: 312] # الحر، فصلى رسول الله صلى الله عليه وسلم، فأطال القيام حتى جعلوا يخرون، قال: ثم ركع فأطال، ثم رفع فأطال، ثم ركع فأطال، ثم رفع فأطال، ثم سجد سجدتين، ثم قام فصنع مثل ذلك، فكانت أربع ركعات وأربع سجدات وجعل يتقدم يتقدم ويتأخر يتأخر في صلاته، ثم أقبل على أصحابه، فقال: "" إنه عرضت علي الجنة والنار، فقربت مني الجنة حتى لو تناولت منها قطفا، قصرت يدي عنه - أو قال: نلته، شك هشام - وعرضت علي النار فجعلت أتأخر رهبة أن تغشاكم ورأيت امرأة حميرية سوداء طويلة تعذب في هرة لها ربطتها فلم تطعمها ولم تسقها ولم تدعها تأكل من خشاش الأرض، ورأيت فيها أبا ثمامة عمرو بن مالك يجر قصبه في النار، فإنهم كانوا يقولون: إن الشمس والقمر لا ينكسفان إلا لموت عظيم، وإنهما آيتان من آيات الله",0
Musnad at-Tayalisi,2751,UNGRADED,Death & Burial; Angels & the Unseen,"1862 - # وذكر أبو داود قال: عن الحسن بن أبي جعفر، عن أبي الزبير، عن جابر، قال: قال رسول الله صلى الله عليه وسلم: "" قال جبريل صلى الله عليه وسلم: يا محمد عش ما شئت فإنك ميت، وأحب من أحببت فإنك مفارقه، واعمل ما شئت فإنك لاقيه "" #",0
Musnad at-Tayalisi,2752,UNGRADED,Prophets & Past Peoples,1863 - # حدثنا أبو داود قال: حدثنا يزيد بن إبراهيم التستري، عن أبي الزبير، عن جابر، قال: قال رسول الله صلى الله عليه وسلم: «ما اجتمع قوم ثم تفرقوا عن غير ذكر الله، وصلاة على النبي صلى الله عليه وسلم، إلا قاموا عن أنتن جيفة» #,0
Musnad at-Tayalisi,2754,UNGRADED,Prophets & Past Peoples,1865 - # حدثنا أبو داود قال: حدثنا بكار، قال: سمعت أبا الزبير، يحدث عن جابر، أن النبي صلى الله عليه وسلم وأبا بكر وعمر قال بكار: وأحسبه,0
Musnad at-Tayalisi,2756,UNGRADED,Prophets & Past Peoples,1866 - # حدثنا أبو داود قال: حدثنا حماد، عن أبي الزبير، عن جابر، أن النبي صلى الله عليه وسلم «نهى أن يتعاطى السيف مسلولا» #,0
Musnad at-Tayalisi,2758,UNGRADED,Prophets & Past Peoples,1867 - # حدثنا يونس قال: حدثنا أبو داود قال: حدثنا طالب بن حبيب بن عمرو بن سهل، ضجيع حمزة، قال: سمعت عبد الرحمن بن جابر بن عبد الله الأنصاري، يقول: خرج جابر يوم الحرة فنكبت رجله بحجر، قال: تعس من أخاف رسول الله صلى الله عليه وسلم، قلت: ومن أخاف رسول الله صلى الله عليه وسلم؟ قال: سمعت رسول الله صلى الله عليه وسلم يقول: «من أخاف هذا الحي من الأنصار، فقد أخاف ما بين هذين» يعني جنبيه #,0
Musnad at-Tayalisi,2759,UNGRADED,Destiny & Decree,1868 - # قال طالب: وحدثني عبد الرحمن بن جابر، عن أبيه، أن رسول الله صلى الله عليه وسلم قال: «جل من يموت من أمتي بعد قضاء الله وكتابه وقدره بالأنفس» يعني بالعين #,0
Musnad at-Tayalisi,2760,UNGRADED,Prayer (Salah); Destiny & Decree,1869 - # قال طالب: وحدثنا عبد الرحمن، عن جابر، قال: أردنا بنو سلمة أن نتحول من منازلنا، فقال رسول الله صلى الله عليه وسلم: «اثبتوا، فإنكم أوتادها، وما من عبد يخطو خطوة إلى الصلاة إلا كتب له بها أجرا» #,0
Musnad at-Tayalisi,2762,UNGRADED,Prophets & Past Peoples,1870 - # حدثنا يونس قال: حدثنا أبو داود قال: حدثنا ابن أبي ذئب، عن عبد الرحمن بن عمرو بن عطاء، عن عبد الملك بن جابر، عن أبيه، قال: قال رسول الله صلى الله عليه وسلم: «إذا حدث الرجل الحديث وهو يلتفت فهي أمانة» #,0
Musnad at-Tayalisi,2763,UNGRADED,Prophets & Past Peoples,"1871 - # حدثنا أبو داود قال: حدثنا زمعة، عن محمد بن أبي سليمان، عن بعض أهل جابر، عن جابر، أن رسول الله صلى الله عليه وسلم "" كان يأكل الخربز بالرطب، ويقول: «هما الأطيبان» #",0
Musnad at-Tayalisi,2764,UNGRADED,Bloodshed & Murder; Prophets & Past Peoples,1872 - # حدثنا أبو داود قال: حدثنا حماد بن سلمة، عن مطر الوراق، عن رجل، عن جابر، أن النبي صلى الله عليه وسلم قال: «لا أعافي أحدا قتل بعد أخذه الدية» #,0
Musnad at-Tayalisi,2765,UNGRADED,Prophets & Past Peoples,1873 - # حدثنا أبو داود قال: حدثنا خارجة بن مصعب، عن حرام بن عثمان، عن أبي عتيق، عن جابر بن عبد الله، أن رسول الله صلى الله عليه وسلم,0
Musnad at-Tayalisi,2767,UNGRADED,Prophets & Past Peoples,1874 - # حدثنا أبو داود قال: حدثنا اليمان أبو حذيفة، عن أبي عبس، عن جابر، أن رسول الله صلى الله عليه وسلم قال: «لا وصال في الصوم» #,1
Musnad at-Tayalisi,2768,UNGRADED,Prophets & Past Peoples,1875 - # حدثنا أبو داود قال: حدثنا الحجاج بن حسان القيسي، عن رجل من بني يشكر، عن جابر، قال: سمعت رسول الله صلى الله عليه وسلم يقول: «غفار غفر الله لها، وأسلم سالمها الله» #,0
Musnad at-Tayalisi,2771,UNGRADED,Prophets & Past Peoples,1877 - # حدثنا أبو داود قال: حدثنا شعبة، عن الأسود بن قيس، عن نبيح العنزي، عن جابر، أن النبي صلى الله عليه وسلم قال: «إذا غاب الرجل فلا,0
Musnad at-Tayalisi,2773,UNGRADED,Prophets & Past Peoples,1878 - # حدثنا أبو داود قال: حدثنا ابن أبي ذئب، عن رجل من بني سلمة عن جابر، أن رسول الله صلى الله عليه وسلم «لما أصابه الكرب يوم الأحزاب، ألقى رداءه، وقام متجردا، ورفع يديه مدا، ودعا ولم يصلي» قال: «ثم أتانا، ففعل مثل ذلك وصلى» #,0
Musnad at-Tayalisi,2776,UNGRADED,Prophets & Past Peoples,1880 - # حدثنا أبو داود قال: حدثنا ابن أبي ذئب، عن سعيد بن أبي سعيد المقبري، عن القعقاع بن حكيم، عن جابر، قال: «كنا نصلي مع رسول الله صلى الله عليه وسلم المغرب، ثم نأتي بني سلمة، فلو رمينا رأينا مواقع نبلنا» #,0
Musnad at-Tayalisi,2778,UNGRADED,Character & Manners,[ص: 325] # : كنا نسير في صائفة وعلى الناس مالك بن عبد الله الخثعمي، فأتى على جابر وهو يمشي يقود بغلا له، فقال له: ألا تركب وقد حملك الله؟ فقال جابر: سمعت رسول الله صلى الله عليه وسلم يقول: «من اغبرت قدماه في سبيل الله عز وجل حرمه الله على النار» وأصلح لي دابتي وأستغني عن قومي، فوثب الناس عن دوابهم، فما رأيت نازلا أكثر من يومئذ #,0
Musnad at-Tayalisi,2780,UNGRADED,Prophets & Past Peoples,1882 - # حدثنا يونس، حدثنا أبو داود قال: حدثنا سلام، عن الأعمش، عن أبي سفيان، عن جابر، أن رسول الله صلى الله عليه وسلم قال: «ما من مؤمن ولا مؤمنة ولا مسلم ولا مسلمة يمرض مرضا إلا حط الله عز وجل عنه خطاياه» #,0
Musnad at-Tayalisi,2781,UNGRADED,Prophets & Past Peoples,1883 - # حدثنا أبو داود قال: حدثنا المثنى بن سعيد، قال: حدثنا طلحة بن نافع، قال: سمعت جابرا، يقول: إن رسول الله صلى الله عليه وسلم قال: «إن الخل نعم الأدم هو» #,0
Musnad at-Tayalisi,2782,UNGRADED,Zakah & Charity; Brotherhood & Friendship,1884 - # حدثنا أبو داود قال: حدثنا سلام، عن الأعمش، عن أبي سفيان، عن جابر، أن رسول الله صلى الله عليه وسلم دخل على أم مبشر وهي في نخل لها، فقال: «من غرس هذا، أكافر أم مؤمن؟» فقالت: يا رسول الله، بل مؤمن، فقال رسول الله صلى الله عليه وسلم: «ما من مؤمن يغرس غرسا أو يزرع زرعا فتأكل منه بهيمة أو سبع أو طير إلا كان له صدقة» #,0
Musnad at-Tayalisi,2783,UNGRADED,Brotherhood & Friendship; Paradise,1885 - # حدثنا أبو داود قال: حدثنا سلام، عن الأعمش، عن أبي سفيان، عن جابر، قال: قال رسول الله صلى الله عليه وسلم: «إن أهل الجنة يأكلون فيها، ويشربون، لا يتفلون، ولا يمتخطون، ولا يبولون، ولا يتغوطون، إنما حاجة أحدهم جشاء، ريح كريح المسك» #,0
Musnad at-Tayalisi,2784,UNGRADED,Prayer (Salah); Brotherhood & Friendship,"1886 - # حدثنا أبو داود قال: حدثنا سلام، عن الأعمش، عن أبي سفيان، عن جابر، أن رجلا قال: يا رسول الله، أي الإسلام خير؟ قال: «أن يسلم المسلمون من لسانك ويدك» أو قال «من سلم المسلمون من لسانه ويده» قال: يا رسول الله، فأي الشهداء أفضل؟ قال: أن يعقر جوادك ويهراق دمك "" قال: فأي الصلاة أفضل؟ قال: «طول القنوت» #",0
Musnad at-Tayalisi,2785,UNGRADED,Purity & Wudu; Prophets & Past Peoples,1887 - # حدثنا أبو داود قال: حدثنا هشيم، عن أبي بشر، عن أبي سفيان، عن جابر، أن أهل الطائف، قالوا: يا رسول الله، إن أرضنا أرض باردة، فما يجزئنا من غسل الجنابة؟ فقال رسول الله صلى الله عليه وسلم: «أما أنا فأفرغ على رأسي ثلاثا» #,0
Musnad at-Tayalisi,2786,UNGRADED,Brotherhood & Friendship; Prophets & Past Peoples,1888 - # حدثنا أبو داود قال: حدثنا سلام، عن الأعمش، عن أبي سفيان، عن جابر بن عبد الله، قال: سمعت رسول الله صلى الله عليه وسلم يقول قبل موته بثلاث: «لا يموتن أحدكم إلا وهو يحسن الظن بالله عز وجل» #,0
Musnad at-Tayalisi,2788,UNGRADED,Prophets & Past Peoples,1889 - # حدثنا يونس، حدثنا أبو داود قال: حدثنا شعبة، عن الأسود بن قيس، قال: سمعت نبيحا العنزي، يحدث عن جابر، أن قتلى أحد حملوا حين قتلوا من مضاجعهم، فنادى منادي النبي صلى الله عليه وسلم أن «ردوا القتلى إلى مضاجعها» وقال أبو داود مرة: «إلى مصارعها» قال: فلما وفيت الرجل التمر الذي كان له على أبي جئت أسعى كأني شرارة #,0
Musnad at-Tayalisi,2790,UNGRADED,Prophets & Past Peoples,1890 - # حدثنا يونس، حدثنا أبو داود قال: حدثنا سليم بن حيان، عن سعيد بن مينا، عن جابر بن عبد الله، أن النبي صلى الله عليه وسلم «نهى عن بيع الثمرة حتى تشقح» قيل: وما تشقح؟ قال: «تحمر وتصفر» #,0
Musnad at-Tayalisi,2792,UNGRADED,Other Narrations,[ص: 332] # ، قال: حدثنا سعيد بن مينا المكي، قال: سمعت جابر بن عبد الله، يقول: إن رسول الله صلى الله عليه وسلم «نهى عن المحاقلة والمزابنة والمخابرة» #,0
Musnad at-Tayalisi,2793,UNGRADED,Humility & Pride; Prophets & Past Peoples,1892 - # حدثنا أبو داود قال: حدثنا سليم بن حيان، عن سعيد بن مينا، عن جابر بن عبد الله الأنصاري، أن رسول الله صلى الله عليه وسلم «كبر على النجاشي أربعا» #,0
Musnad at-Tayalisi,2794,UNGRADED,Prophets & Past Peoples,1893 - # حدثنا أبو داود قال: حدثنا سليم بن حيان، عن سعيد بن مينا، عن جابر، قال: قال رسول الله صلى الله عليه وسلم: «إنما مثلي ومثلكم كمثل رجل أوقد نارا، فجاءت الجنادب والفراش يقعن فيها، وهو يذبهن عنها، وأنا آخذ بحجزكم أن تهافتوا في النار، وأنتم تفلتون من يدي» #,0
Musnad at-Tayalisi,2795,UNGRADED,Prophets & Past Peoples,"1894 - # حدثنا أبو داود قال: حدثنا سليم بن حيان، عن سعيد بن مينا، عن جابر بن عبد الله، قال: قال رسول الله صلى الله عليه وسلم: "" مثلي ومثل الأنبياء كمثل رجل بنى دارا فأكملها وأحسنها إلا موضع لبنة، فكان من دخلها ونظر إليها قال: ما أحسنها إلا موضع هذه اللبنة فأنا موضع اللبنة، ختم بي الأنبياء "" #",0
Musnad at-Tayalisi,2797,UNGRADED,Prophets & Past Peoples,1895 - # حدثنا يونس، حدثنا أبو داود قال: حدثنا شعبة، عن سيار، سمع الشعبي، عن جابر، أن النبي صلى الله عليه وسلم «نهى أن يطرق الرجل أهله ليلا حتى تمتشط الشعثة وتستحد المغيبة» #,0
Musnad at-Tayalisi,2798,UNGRADED,Women; Prophets & Past Peoples,"1896 - # حدثنا أبو داود قال: حدثنا شعبة، قال: أخبرني عاصم الأحول، قال: قرأت على الشعبي كتابا عن جابر بن عبد الله فيه أن النبي صلى الله عليه وسلم "" نهى أن تنكح المرأة على عمتها وعلى خالتها قال الشعبي: سمعت هذا من جابر #",0
Musnad at-Tayalisi,2799,UNGRADED,Prophets & Past Peoples,1897 - # حدثنا أبو داود قال: حدثنا شريك، عن المغيرة، عن الشعبي، عن جابر بن عبد الله، قال: «بعت من رسول الله صلى الله عليه وسلم بعيرا، فأفقرني ظهره سفري إلى المدينة» #,0
Musnad at-Tayalisi,2801,UNGRADED,Prayer (Salah); Prophets & Past Peoples,1898 - # حدثنا يونس، حدثنا أبو داود قال: حدثنا المسعودي، عن يزيد بن صهيب الفقير، قال: سألت جابر بن عبد الله عن الركعتين في السفر أقصرهما؟ قال جابر: إن الركعتين في السفر ليستا بقصر، إنما القصر ركعة عند القتال، قال: ثم أنشأ يحدث أنه «كان مع رسول الله صلى الله عليه وسلم عند القتال إذ حضرت الصلاة، فقام رسول الله صلى الله عليه وسلم فصف طائفة خلفه، وقامت طائفة وجوهها قبل وجوه العدو، فصلى بهم ركعة وسجد بهم سجدتين، ثم إن الذين صلوا خلفه انطلقوا فقاموا مقام أولئك، فجاء أولئك فصفوا خلف رسول الله صلى الله عليه وسلم، فصلى بهم ركعة وسجد بهم سجدتين، ثم إن رسول الله صلى الله عليه وسلم جلس، فسلم وسلم الذين خلفه، وسلموا أولئك، فكانت لرسول الله صلى الله عليه وسلم,0
Musnad at-Tayalisi,2804,UNGRADED,Prophets & Past Peoples,1899 - # حدثنا يونس، حدثنا أبو داود قال: حدثنا سليمان بن معاذ الضبي، عن أبي يحيى القتات، عن مجاهد، عن جابر بن عبد الله، قال: قال رسول الله صلى الله عليه وسلم: «مفتاح الصلاة الوضوء، ومفتاح الجنة الصلاة» #,0
Musnad at-Tayalisi,2806,UNGRADED,Prophets & Past Peoples,1900 - # حدثنا يونس، حدثنا أبو داود قال: حدثنا أبو عتبة، عن عبد العزيز بن عبيد الله بن عبد الرحمن بن حمزة بن صهيب، قال: رأيت وهب بن كيسان يسجد على قصاص الشعر، قال: فسألته عن ذلك فقال: حدثني جابر «أن رسول الله صلى الله عليه وسلم كان يفعله» #,0
Musnad at-Tayalisi,2807,UNGRADED,Marriage & Spouses,1901 - # حدثنا أبو داود قال: حدثنا شعبة، عن قتادة، قال: سمعت أبا نضرة يقول: قلت لجابر بن عبد الله: إن ابن الزبير ينهى عن المتعة، وإن ابن عباس يأمر بها، قال جابر: «على يدي دار الحديث، تمتعنا على عهد رسول الله صلى الله عليه وسلم» فلما كان عمر خطب فقال: إن الله عز وجل كان يحل لنبيه صلى الله عليه وسلم ما شاء، وإن القرآن قد نزل منازله، فافصلوا حجكم من عمرتكم، وأبتوا نكاح هذه النساء، فلا أوتى برجل تزوج امرأة إلى أجل إلا رجمته #,0
Musnad at-Tayalisi,2808,UNGRADED,Prophets & Past Peoples; Jihad & Battles,1902 - # حدثنا أبو داود قال: حدثنا الصلت بن دينار قال: حدثنا أبو نضرة، عن جابر، قال: مر طلحة بالنبي صلى الله عليه وسلم فقال: «شهيد يمشي على ظهر الأرض» #,0
Musnad at-Tayalisi,2809,UNGRADED,Prophets & Past Peoples,"1903 - # حدثنا أبو داود قال: حدثنا الصلت بن دينار، عن الحسن، عن جابر بن عبد الله، قال: قال رسول الله صلى الله عليه وسلم: "" إن أعمالكم تعرض على عشائركم وأقربائكم في قبورهم، فإن كان خيرا استبشروا به، وإن كان غير ذلك قالوا: اللهم ألهمهم أن يعملوا بطاعتك "" #",0
Musnad at-Tayalisi,2810,UNGRADED,Prophets & Past Peoples,1904 - # حدثنا أبو داود قال: حدثنا أبو عوانة، عن أبي بشر، عن سليمان اليشكري، عن جابر، قال: «نحرنا مع رسول الله صلى الله عليه وسلم يوم الحديبية سبعين بقرة أو سبعين بدنة البقرة عن سبعة» #,0
Musnad at-Tayalisi,2811,UNGRADED,The Grave & Barzakh; Prophets & Past Peoples,1905 - # حدثنا أبو داود قال: حدثنا مبارك بن فضالة، عن نصر بن راشد، عن جابر، أن رسول الله صلى الله عليه وسلم «نهى أن يجصص القبر أو يبنى عليه» #,0
Musnad at-Tayalisi,2812,UNGRADED,Brotherhood & Friendship; Prophets & Past Peoples,1906 - # حدثنا أبو داود قال: حدثنا سلام، عن أبي إسحاق، عن سعيد بن أبي كرب، عن جابر، قال: سمعت رسول الله صلى الله عليه وسلم يقول: «ويل للعراقيب من النار» #,0
Musnad at-Tayalisi,2813,UNGRADED,Prophets & Past Peoples,1907 - # حدثنا أبو داود قال: حدثنا هشام، عن يحيى بن أبي كثير، عن محمد بن عبد الرحمن بن ثوبان، قال: حدثني جابر، أن رسول الله صلى الله عليه وسلم «كان يصلي على راحلته نحو المشرق تطوعا، فإذا أراد المكتوبة نزل فاستقبل القبلة» #,0
Musnad at-Tayalisi,2814,UNGRADED,Food & Drink,1908 - # حدثنا أبو داود قال: حدثنا حماد، عن عمار بن أبي عمار، عن جابر، أن رسول الله صلى الله عليه وسلم أكل عندهم رطبا وشرب ماء، وقال: «هذا من النعيم الذي تسألون عنه» #,0
Musnad at-Tayalisi,2815,UNGRADED,Prophets & Past Peoples,1909 - # حدثنا أبو داود قال: حدثنا ابن أبي ذئب، عن عثمان بن عبد الله بن سراقة، عن جابر، أن رسول الله صلى الله عليه وسلم «كان يصلي في غزوة قبل المشرق على راحلته» #,0
Musnad at-Tayalisi,2816,UNGRADED,Prophets & Past Peoples,"1910 - # حدثنا أبو داود قال: حدثنا خارجة بن مصعب، عن زيد بن أسلم، عن عبيد الله بن مقسم، عن جابر، قال: «كان رسول الله صلى الله عليه وسلم» يغتسل بالصاع "" فقال له ابن الحنفية: إن شعري كثير، فقال: «كان رسول الله صلى الله عليه وسلم أكثر شعرا منك وأطيب» #",0
Musnad at-Tayalisi,2817,UNGRADED,Repentance & Forgiveness; Mercy & Kindness,وما أسند عبد الله بن عمر بن الخطاب رحمه الله عن النبي صلى الله عليه وسلم #,0
Musnad at-Tayalisi,2819,UNGRADED,Prophets & Past Peoples,1911 - # حدثنا يونس، حدثنا أبو داود قال: حدثنا المسعودي، قال: حدثنا محمد بن علي بن حسين، قال: بينما عبيد بن عمير يحدث وابن عمر عنده فقال ابن عمير في حديثه: قال رسول الله صلى الله عليه وسلم,0
Musnad at-Tayalisi,2820,UNGRADED,Other Narrations,[ص: 345] # : «مثل المنافق كشاة بين ربضين، إذا أتت هؤلاء نطحتها، وإن أتت هؤلاء نطحتها» فقال ابن عمر: ليس كذلك، إنما قال: «بين غنمين» فاختلفا في غنمين وربضين فاختلط ابن عمر وقال: لولا أني سمعت النبي صلى الله عليه وسلم لم أقل #,0
Musnad at-Tayalisi,2823,UNGRADED,Death & Burial; Prophets & Past Peoples,1913 - # حدثنا أبو داود قال: حدثنا ابن أبي ذئب، عن الزهري، عن سالم، عن ابن عمر، أن رسول الله صلى الله عليه وسلم قال: «إذا مرت بأحدكم جنازة فليقم حتى تخلفه» #,0
Musnad at-Tayalisi,2824,UNGRADED,Theft & Property; Trade & Business,1914 - # حدثنا أبو داود قال: حدثنا ابن أبي ذئب، عن الزهري، عن سالم، عن ابن عمر، قال: قال رسول الله صلى الله عليه وسلم: «من باع نخلا قد أبرت فلم يشترط المشتري الثمرة فلا شيء له، ومن باع عبدا وله مال فلم يشترط ماله فلا شيء له» #,0
Musnad at-Tayalisi,2825,UNGRADED,Prophets & Past Peoples,1915 - # حدثنا أبو داود قال: حدثنا ابن أبي ذئب، عن الزهري، عن سالم، عن ابن عمر، أن رجلا قال: يا رسول الله، ما يلبس المحرم؟ قال: «لا يلبس القميص، ولا العمامة، ولا السراويل، ولا ثوبا مسه ورس ولا زعفران، ولا يلبس الخفين إلا أن لا يجد نعلين فيقطعهما إلى أسفل من الكعبين» #,1
Musnad at-Tayalisi,2826,UNGRADED,Prophets & Past Peoples,1916 - # حدثنا أبو داود قال: حدثنا إبراهيم بن سعد، عن الزهري، عن سالم، عن ابن عمر، أن رسول الله صلى الله عليه وسلم قال: «لا تبتاعوا الثمار حتى يبدو صلاحها» #,0
Musnad at-Tayalisi,2827,UNGRADED,Prayer (Salah); Night & Voluntary Prayer,1917 - # حدثنا أبو داود قال: حدثنا ابن سعد، عن الزهري، عن سالم، عن ابن عمر، أن رسول الله صلى الله عليه وسلم قال: «إن الذي تفوته صلاة العصر كأنما وتر أهله وماله» #,0
Musnad at-Tayalisi,2828,UNGRADED,Signs of the End Times; Knowledge & Scholars,"1918 - # حدثنا أبو داود قال: حدثنا ابن سعد، عن الزهري، عن سالم، عن ابن عمر، قال: "" أتي نبيكم صلى الله عليه وسلم مفاتيح الغيب إلا الخمس، ثم تلا هذه الآية: {إن الله عنده علم الساعة} [لقمان: 34] إلى آخرها #",0
Musnad at-Tayalisi,2829,UNGRADED,Prophets & Past Peoples,1919 - # حدثنا أبو داود قال: حدثنا ابن سعد، عن الزهري، عن سالم، عن ابن عمر، قال: قال رسول الله صلى الله عليه وسلم: «صوموا لرؤيته، وأفطروا لرؤيته، فإن غم عليكم فاقدروا له» #,1
Musnad at-Tayalisi,2830,UNGRADED,Prophets & Past Peoples,"1920 - # حدثنا أبو داود قال: حدثنا ابن سعد، عن الزهري، قال: أخبرني سعيد بن المسيب، قال: قال رسول الله صلى الله عليه وسلم: "" رأيت إبراهيم وموسى وعيسى صلوات الله عليهم ببيت المقدس - يعني حيث أسري به - فرأيت موسى رجلا ضربا آدم بين الرجلين كأنه من رجال شنوءة، ورأيت عيسى رجلا أحمر كأنما أخرج من",0
Musnad at-Tayalisi,2831,UNGRADED,Prophets & Past Peoples; Food & Drink,"[ص: 353] # ديماس، وأنا أشبه بني إبراهيم به، وأتيت بإناء خمر وإناء لبن فأخذت اللبن، فقال جبريل عليه السلام: هديت للفطرة لو أخذت الخمر غوت أمتك "" قال الزهري: فكان سعيد يحدثنا هذا، وقد أخبرنا سالم، أن أباه قال: والله ما قال رسول الله صلى الله عليه وسلم لعيسى: «أحمر» ولكنه قال: "" لقد رأيتني في المنام كأني أطوف بالبيت، فرأيت عيسى رجلا بين الرجلين، كأن رأسه ينطف ماء أو يهراق ماء، فالتفت فإذا رجل أحمر جعد الرأس أعور العين اليمنى، كأن عينه عنبة طافية، فقيل: هذا الدجال أقرب شهبا بابن قطن الخزاعي من بني المصطلق "" قال",0
Musnad at-Tayalisi,2833,UNGRADED,Prophets & Past Peoples,1921 - # حدثنا أبو داود قال: حدثنا حماد بن سلمة، عن موسى بن عقبة، عن سالم، عن أبيه، قال: سمعت رسول الله صلى الله عليه وسلم يقول: «أسامة أحب الناس إلي» ولم يستثن فاطمة ولا غيرها #,0
Musnad at-Tayalisi,2834,UNGRADED,Prophets & Past Peoples,1922 - # حدثنا أبو داود قال: حدثنا زمعة، عن الزهري، عن سالم، عن ابن عمر، قال: قال رسول الله صلى الله عليه وسلم: «لا يلدغ مؤمن من جحر مرتين» قال أبو داود: لا يعاقب على ذنبه في الدنيا فيعاقبه في الآخرة #,0
Musnad at-Tayalisi,2835,UNGRADED,Prophets & Past Peoples,1923 - # حدثنا أبو داود قال: حدثنا زمعة، عن الزهري، عن سالم، عن ابن عمر، قال: قال رسول الله صلى الله عليه وسلم: «إن الله عز وجل ينهاكم أن تحلفوا بآبائكم» فقال عمر: فما حلفت بها منذ سمعت رسول الله صلى الله عليه وسلم يقول هذا ذاكرا ولا ناسيا #,0
Musnad at-Tayalisi,2836,UNGRADED,Prayer (Salah),1924 - # حدثنا أبو داود قال: حدثنا زمعة، عن الزهري، عن سالم، عن ابن عمر، قال: «صلى رسول الله صلى الله عليه وسلم بمنى صلاة السفر ركعتين، ثم صلى أبو بكر ركعتين، ثم صلى بعده عمر ركعتين، ثم صلى بعده عثمان ركعتين، ثم إن عثمان أتم بعد» #,0
Musnad at-Tayalisi,2837,UNGRADED,Prayer (Salah); Prophets & Past Peoples,1925 - # حدثنا أبو داود قال: حدثنا ابن أبي ذئب، عن الزهري، أو غيره، عن سالم - شك أبو داود - عن ابن عمر، قال: «إن كان رسول الله صلى الله عليه وسلم ليأمرنا بالتخفيف في الصلاة، وإن كان ليؤمنا في الصبح بالصافات» #,0
Musnad at-Tayalisi,2838,UNGRADED,Leadership & Governance; Prophets & Past Peoples,1926 - # حدثنا أبو داود قال: حدثنا سفيان بن عيينة، عن الزهري، عن سالم، عن ابن عمر، قال: «رأيت رسول الله صلى الله عليه وسلم وأبا بكر وعمر يمشون أمام الجنازة» #,0
Musnad at-Tayalisi,2839,UNGRADED,Prophets & Past Peoples,1927 - # حدثنا أبو داود قال: حدثنا عبد العزيز بن أبي سلمة، عن الزهري، عن سالم، عن ابن عمر، قال: سمعت رسول الله صلى الله عليه وسلم على المنبر وهو يقول: «من جاء إلى الجمعة فليغتسل» #,1
Musnad at-Tayalisi,2840,UNGRADED,Prophets & Past Peoples,1928 - # حدثنا أبو داود قال: حدثنا عبد العزيز بن أبي سلمة، عن الزهري، عن سالم، عن ابن عمر، أن النبي صلى الله عليه وسلم قال: «إن بلالا يؤذن بليل فكلوا واشربوا حتى يؤذن ابن أم مكتوم» قال: وكان,0
Musnad at-Tayalisi,2842,UNGRADED,Prophets & Past Peoples,"1929 - # حدثنا يونس، حدثنا أبو داود قال: حدثنا ابن سعد، عن الزهري، عن سالم، عن ابن عمر، عن النبي صلى الله عليه وسلم قال: وحدثنا صخر بن جويرية، عن نافع، أن رسول الله صلى الله عليه وسلم قال: «إنما مثلكم» وقال ابن سعد: "" إنما بقاؤكم فيمن مضى من الأمم",0
Musnad at-Tayalisi,2849,UNGRADED,Day of Judgement; Prophets & Past Peoples,1932 - # حدثنا أبو داود قال: حدثنا ابن المبارك، عن معمر أو يونس، عن الزهري، عن حمزة بن عبد الله، عن أبيه، أن النبي صلى الله عليه وسلم قال: «ما أصاب الله، عز وجل، أهل قرية، أو قوما بعذاب إلا عمهم، ثم يبعثون يوم القيامة على نياتهم، أو على أعمالهم» #,0
Musnad at-Tayalisi,2851,UNGRADED,Hajj & Umrah; Prophets & Past Peoples,1933 - # حدثنا يونس، حدثنا أبو داود قال: حدثنا هشيم، عن أبي بشر، عن عبيد الله بن عبد الله بن عمر، عن أبيه، قال: كانت تلبية رسول الله صلى الله عليه وسلم: «لبيك اللهم لبيك، لبيك لا شريك لك لبيك، إن الحمد والنعمة لك والملك، لا شريك لك» وزاد ابن عمر: «لبيك لبيك، لبيك وسعديك، والخير في يديك، لبيك، والرغباء إليك والعمل» #,1
Musnad at-Tayalisi,2853,UNGRADED,Prophets & Past Peoples,1934 - # حدثنا يونس، حدثنا أبو داود قال: حدثنا طلحة، عن نافع، عن ابن عمر قال: قال رسول الله صلى الله عليه وسلم: «لعن الله الواصلة,0
Musnad at-Tayalisi,2855,UNGRADED,Prophets & Past Peoples; Travel & Migration,1935 - # حدثنا أبو داود قال: حدثنا العمري، عن نافع، عن ابن عمر رضي الله عنه، أنه «كان يصلي على راحلته وهو مسافر حيث توجهت راحلته، ويخبر أن رسول الله صلى الله عليه وسلم كان يفعل ذلك» #,0
Musnad at-Tayalisi,2856,UNGRADED,Prayer (Salah); Prophets & Past Peoples,1936 - # حدثنا أبو داود قال: حدثنا العمري، عن نافع، عن ابن عمر أن رسول الله صلى الله عليه وسلم قال: «صلاة في مسجدي أفضل من ألف صلاة فيما سواه إلا المسجد الحرام» #,0
Musnad at-Tayalisi,2857,UNGRADED,Prophets & Past Peoples,1937 - # حدثنا أبو داود قال: حدثنا العمري، عن نافع، عن ابن عمر، أن رسول الله صلى الله عليه وسلم قال: «من حمل علينا السلاح فليس منا» #,0
Musnad at-Tayalisi,2858,UNGRADED,Prophets & Past Peoples,1938 - # حدثنا أبو داود قال: حدثنا عبد الله بن نافع، عن أبيه، عن ابن عمر رضي الله عنه، أن رسول الله صلى الله عليه وسلم لما بنى المسجد جعل بابا للنساء، وقال: «لا يلجن من هذا الباب من الرجال أحد» قال نافع: فما رأيت ابن عمر داخلا من ذلك الباب ولا خارجا منه #,0
Musnad at-Tayalisi,2859,UNGRADED,Prophets & Past Peoples,1939 - # حدثنا أبو داود قال: حدثنا جويرية بن أسماء، عن نافع، عن ابن عمر أن رسول الله صلى الله عليه وسلم قال: «إذا كان نفر ثلاثة، فلا يتناجى اثنان دون الثالث» #,0
Musnad at-Tayalisi,2860,UNGRADED,Trade & Business; Prophets & Past Peoples,1940 - # حدثنا أبو داود قال: حدثنا جويرية، عن نافع، عن ابن عمر أن رسول الله صلى الله عليه وسلم «نهى عن بيع الثمرة حتى يبدو صلاحها، نهى عن ذلك البائع والمشتري» #,0
Musnad at-Tayalisi,2861,UNGRADED,Death & Burial; Paradise,1941 - # حدثنا أبو داود قال: حدثنا جويرية، عن نافع، عن ابن عمر قال: قال رسول الله صلى الله عليه وسلم: «إن أحدكم إذا مات عرض عليه مقعده من الجنة ومقعده من النار بالغداة وبالعشي، إن كان من أهل الجنة فمن أهل الجنة، وإن كان من أهل النار فمن أهل النار» #,0
Musnad at-Tayalisi,2862,UNGRADED,Prophets & Past Peoples,1942 - # حدثنا أبو داود قال: حدثنا جويرية، عن نافع، عن ابن عمر أن رسول الله صلى الله عليه وسلم «قطع نخل بني النضير وحرق» ، وهو الذي قال فيه حسان بن ثابت: # [البحر الوافر] # وهان على سراة بني لؤي ... حريق بالبويرة مستطير #,0
Musnad at-Tayalisi,2863,UNGRADED,Prophets & Past Peoples,1943 - # حدثنا أبو داود قال: حدثنا جويرية، عن نافع، عن ابن عمر أن النبي صلى الله عليه وسلم قال: «المؤمن يأكل في معى واحد، والكافر يأكل في سبعة أمعاء» #,0
Musnad at-Tayalisi,2864,UNGRADED,Repentance & Forgiveness; Prophets & Past Peoples,1944 - # حدثنا أبو داود قال: حدثنا جويرية، عن نافع، عن ابن عمر قال: استغفر رسول الله صلى الله عليه وسلم للمحلقين ثلاثا أو مرتين، فقيل له: والمقصرين؟ فقال: «والمقصرين» #,0
Musnad at-Tayalisi,2865,UNGRADED,Prophets & Past Peoples,1945 - # حدثنا أبو داود قال: حدثنا ابن أبي ذئب، عن نافع، عن ابن عمر قال: «كان رسول الله صلى الله عليه وسلم لا يصلي الركعتين بعد الجمعة ولا الركعتين بعد المغرب إلا في أهله» #,0
Musnad at-Tayalisi,2866,UNGRADED,Prophets & Past Peoples; Treaties & Non-Muslims,1946 - # حدثنا أبو داود قال: حدثنا ابن أبي ذئب، عن نافع، عن ابن عمر أن النبي صلى الله عليه وسلم «أهل حين استوت به راحلته» #,0
Musnad at-Tayalisi,2869,UNGRADED,Adhan & the Mosque; Prophets & Past Peoples,1949 - # حدثنا أبو داود قال: حدثنا العمري، عن نافع، عن ابن عمر أنه «كان يأتي مسجد قباء راكبا وماشيا، ويذكر أن النبي صلى الله عليه وسلم كان يفعل ذلك» #,0
Musnad at-Tayalisi,2870,UNGRADED,Prayer (Salah); Theft & Property,1950 - # حدثنا أبو داود قال: حدثنا جويرية، عن نافع، عن ابن عمر أن النبي صلى الله عليه وسلم قال: «ما حق امرئ مسلم له مال يوصي فيه يبيت فوق ليلتين إلا ووصيته مكتوبة عنده»,0
Musnad at-Tayalisi,2872,UNGRADED,Prophets & Past Peoples,1951 - # حدثنا أبو داود قال: حدثنا حماد بن زيد، عن أيوب، عن نافع، عن ابن عمر عن النبي صلى الله عليه وسلم بنحوه #,0
Musnad at-Tayalisi,2873,UNGRADED,Prophets & Past Peoples; Treaties & Non-Muslims,"1952 - # حدثنا أبو داود قال: حدثنا صخر بن جويرية، عن نافع، عن ابن عمر أن النبي صلى الله عليه وسلم قال: "" إذا قال الرجل لأخيه: يا كافر، فقد باء به أحدهما، إن كان الذي قيل له كافر فهو كافر وإلا رجع إلى من قال "" #",0
Musnad at-Tayalisi,2874,UNGRADED,Prayer (Salah),1953 - # حدثنا أبو داود قال: حدثنا صخر، عن نافع، عن ابن عمر أن رسول الله صلى الله عليه وسلم رأى نخامة في قبلة المسجد وهو في الصلاة فحكها وهو قائم، فلما صلى تغيظ على الناس، فقال: «إن أحدكم إذا كان في الصلاة فإن الله، عز وجل، قبل وجهه فلا يتنخمن أحد منكم قبل وجهه في الصلاة» #,0
Musnad at-Tayalisi,2876,UNGRADED,Day of Judgement,[ص: 377] # فقيل لابن عون: عن النبي صلى الله عليه وسلم؟ قال: أما عن ابن عمر فلا شك فيه، قال: «الخيل معقود في نواصيها الخير إلى يوم القيامة» .,0
Musnad at-Tayalisi,2879,UNGRADED,Other Narrations,[ص: 378] # : جاء رجل إلى ابن عمر، فقال: يا أبا عبد الرحمن، أنتم نظرتم إلى رسول الله صلى الله عليه وسلم بأعينكم؟ قال: نعم، قال: وكلمتموه بألسنتكم هذه؟ قال: نعم، قال: وبايعتموه بأيمانكم هذه؟ قال: نعم، قال: طوبى لكم يا أبا عبد الرحمن، قال: أفلا أخبرك عن شيء سمعته منه؟ سمعت رسول الله صلى الله عليه وسلم يقول: «طوبى لمن رآني وآمن بي، وطوبى لمن لم يرني وآمن بي» ثلاثا #,0
Musnad at-Tayalisi,2880,UNGRADED,Prophets & Past Peoples,1957 - # حدثنا أبو داود قال: حدثنا عبد العزيز بن أبي رواد، عن نافع، عن ابن عمر أن رسول الله صلى الله عليه وسلم «اتخذ خاتما، فجعل فص الخاتم مما يلي بطن كفه» #,0
Musnad at-Tayalisi,2881,UNGRADED,Prophets & Past Peoples,1958 - # حدثنا أبو داود قال: حدثنا مالك بن أنس، والعمري عبد الله بن عمر وعبد الله بن نافع، كلهم عن نافع، عن ابن عمر أن رسول الله صلى الله عليه وسلم «قطع في مجن قوم ثلاثة دراهم» #,0
Musnad at-Tayalisi,2882,UNGRADED,Prophets & Past Peoples,1959 - # حدثنا أبو داود قال: حدثنا هشام، عن أيوب، عن نافع، عن ابن عمر قال: قال رسول الله صلى الله عليه وسلم: «إذا جاء أحدكم إلى الجمعة فليغتسل» #,1
Musnad at-Tayalisi,2886,UNGRADED,Prophets & Past Peoples,1962 - # حدثنا أبو داود قال: حدثنا محمد بن ثابت العبدي، قال: حدثنا نافع، قال: انطلقت مع ابن عمر إلى ابن عباس في حاجة لابن عمر، فحدث يومئذ يعني ابن عمر أن رجلا سلم على رسول الله صلى الله عليه وسلم فلم يرد عليه، فانطلق، فلما كاد أن يغيب تناول الحائط، فقال بيده، ثم مسح بوجهه ويديه، ثم عاد الثانية، فمسح إلى ذراعيه، ثم رد على الرجل، ثم قال: «ما منعني أن أرد عليك إلا أني كنت غير طاهر» #,0
Musnad at-Tayalisi,2887,UNGRADED,Character & Manners,1963 - # حدثنا أبو داود قال: حدثنا أبو عتبة، عن عبد الله بن دينار، عن نافع، عن ابن عمر أن رسول الله صلى الله عليه وسلم قال لأصحابه: «أي الناس خير؟» قالوا: يا رسول الله، رجل يعطي ماله ونفسه، فقال رسول الله صلى الله عليه وسلم: «نعم الرجل هذا، وليس به، ولكن أفضل الناس رجل يعطي جهده» #,0
Musnad at-Tayalisi,2888,UNGRADED,Prophets & Past Peoples,1964 - # حدثنا أبو داود قال: حدثنا حماد بن سلمة، عن أيوب، وعبيد الله، عن نافع، عن ابن عمر قال: طلقت امرأتي وهي حائض، فذكر عمر ذلك للنبي صلى الله عليه وسلم، فقال: «ليراجعها حتى تطهر، ثم تحيض، ثم تطهر، فإنها العدة التي أمر الله، عز وجل، بها» #,0
Musnad at-Tayalisi,2889,UNGRADED,Repentance & Forgiveness; Prophets & Past Peoples,1965 - # حدثنا أبو داود قال: حدثنا عبد الله بن نافع، عن أبيه، عن عبد الله بن عمر قال: سمعت رسول الله صلى الله عليه وسلم يقول: «غفار غفر الله لها، وأسلم سالمها الله، وعصية الذين عصوا الله ورسوله» #,0
Musnad at-Tayalisi,2892,UNGRADED,Quran & Recitation,1967 - # حدثنا أبو داود قال: حدثنا جويرية، عن نافع، عن ابن عمر أن رسول الله صلى الله عليه وسلم أتي بيهودي ويهودية قد زنيا، فقال رسول الله صلى الله عليه وسلم: «ما تجدون في كتابكم؟» قالوا: لا نجد الرجم، فقال ابن سلام: كذبوا، الرجم في كتابهم، قال: فدعا ابن صوريا، فجعل يقرأ حتى إذا انتهى إلى موضع الرجم، وضع يده على موضع الرجم، فقال ابن سلام: ارفع يدك فرفعها، فإذا آية الرجم، فقال: يا محمد,0
Musnad at-Tayalisi,2894,UNGRADED,Alcohol & Intoxicants; Prophets & Past Peoples,1968 - # حدثنا أبو داود قال: حدثنا جويرية، عن نافع، عن ابن عمر قال: قال رسول الله صلى الله عليه وسلم: «من شرب الخمر في الدنيا لم يشربه في الآخرة، إلا أن يتوب» #,0
Musnad at-Tayalisi,2897,UNGRADED,Day of Judgement; Prophets & Past Peoples,1970 - # حدثنا أبو داود قال: حدثنا أبو معشر، عن نافع، عن ابن عمر قال: «عرضت على رسول الله صلى الله عليه وسلم يوم بدر، فلم أقبل وأنا ابن ثلاث عشرة سنة، وعرضت عليه يوم أحد وأنا ابن أربع عشرة فلم أقبل، وعرضت عليه يوم الخندق وأنا ابن خمس عشرة,0
Musnad at-Tayalisi,2899,UNGRADED,Trade & Business; Prophets & Past Peoples,1971 - # حدثنا أبو داود قال: حدثنا الربيع، عن نافع، عن ابن عمر أن رسول الله صلى الله عليه وسلم قال: «كل بيعين فلا بيع بينهما حتى يتفرقا، إلا أن يكون بيعهما بيع خيار» #,1
Musnad at-Tayalisi,2901,UNGRADED,Prophets & Past Peoples,1972 - # حدثنا يونس، حدثنا أبو داود قال: حدثنا حماد بن زيد، قال: حدثنا بشر بن حرب الندبي، قال: سألت ابن عمر عن الصرف الدرهم بالدرهمين فقال: عين الربا، عين الربا، فلا تقربه، هل سمعت ما قال رسول الله صلى الله عليه وسلم: «خذو المثل بالمثل» #,0
Musnad at-Tayalisi,2905,UNGRADED,Prayer (Salah),1975 - # حدثنا أبو داود قال: حدثنا أبو عمرو الأزدي أو العبدي، قال: حدثنا أبو عمرو الندبي، قال: سألت ابن عمر عن الصلاة في السفر، فقال: أو تأخذ عني إن حدثتك؟ «كان رسول الله صلى الله عليه وسلم إذا خرج من هذه المدينة لم يزل يصلي ركعتين حتى يرجع إليها» #,0
Musnad at-Tayalisi,2907,UNGRADED,Prophets & Past Peoples,1976 - # حدثنا يونس، حدثنا أبو داود قال: حدثنا حماد بن زيد، قال: حدثنا الزبير بن العربي، قال: سألت ابن عمر عن المزاحمة على الحجر، فقال: «رأيت رسول الله صلى الله عليه وسلم يستلمه ويقبله» فقلت: أرأيت إن أغلب أو أزحم؟ قال: اجعل (أرأيت) مع ذلك الكوكب، «رأيت رسول الله صلى الله عليه وسلم يقبله ويستلمه» #,0
Musnad at-Tayalisi,2909,UNGRADED,Prophets & Past Peoples,"1977 - # حدثنا يونس، حدثنا أبو داود قال: حدثنا شعبة، عن منصور، عن عبد الله بن مرة، عن ابن عمر أن رسول الله صلى الله عليه وسلم "" نهى عن النذر وقال: «إنه لا يأتي بخير، إنما يستخرج به من البخيل» #",0
Musnad at-Tayalisi,2911,UNGRADED,Prophets & Past Peoples,1978 - # حدثنا يونس، حدثنا أبو داود قال: حدثنا يزيد بن إبراهيم، عن ابن سيرين، عن المغيرة بن سلمان، عن ابن عمر قال: «عشر ركعات حفظتهن عن رسول الله صلى الله عليه وسلم، ركعتين قبل الظهر، وركعتين بعد المغرب، وركعتين بعد العشاء، وركعتين قبل الصبح» #,0
Musnad at-Tayalisi,2913,UNGRADED,Prophets & Past Peoples,1979 - # حدثنا يونس، حدثنا أبو داود قال: حدثنا شعبة، عن سماك الحنفي، قال: سمعت ابن عمر يقول: «صلى رسول الله صلى الله عليه وسلم في الكعبة» وسيأتي من ينهاك عن ذلك، فلا تطعه، يعني ابن عباس #,0
Musnad at-Tayalisi,2915,UNGRADED,Prophets & Past Peoples,1980 - # حدثنا يونس، حدثنا أبو داود قال: حدثنا حماد بن سلمة، عن سماك بن حرب، عن سعيد بن جبير، عن ابن عمر قال: كنت أبيع الإبل بالبقيع، فأبيع بالدنانير وآخذ الدراهم وأبيع بالدراهم وآخذ الدنانير، فأتيت رسول الله صلى الله عليه وسلم وهو يريد أن يدخل بيت حفصة، فقلت: يا رسول الله، إني أبيع الإبل بالبقيع فأبيع بالدنانير وآخذ الدراهم وأبيع بالدراهم وآخذ الدنانير، فقال رسول الله صلى الله عليه وسلم: «لا بأس أن تأخذها بسعر يومها، ما لم تتفرقا وبينكما شيء» #,0
Musnad at-Tayalisi,2916,UNGRADED,Prayer (Salah),"1981 - # حدثنا أبو داود قال: حدثنا شعبة، عن الحكم، أنه شهد سعيد بن جبير بجمع، "" فأقام الصلاة فصلى المغرب ثلاثا ثم سلم، فصلى العشاء ركعتين ثم قال: صنع بنا ابن عمر في هذا المكان مثل هذا وقال ابن عمر: صنع بنا رسول الله صلى الله عليه وسلم في هذا المكان مثل هذا "" #",0
Musnad at-Tayalisi,2919,UNGRADED,Prophets & Past Peoples,1983 - # حدثنا أبو داود قال: حدثنا هشيم، عن أبي بشر، عن سعيد بن جبير، عن ابن عمر قال: «طلقت امرأتي وهي حائض، فرد النبي صلى الله عليه وسلم ذلك على حتى طلقتها وهي طاهر» #,0
Musnad at-Tayalisi,2920,UNGRADED,Speech & Backbiting; Prophets & Past Peoples,1984 - # حدثنا أبو داود قال: حدثنا أبو عوانة، وهشيم، عن أبي بشر، عن سعيد بن جبير، قال: كنت مع ابن عمر فإذا طير أو دجاجة يرمونها فلما رأوا ابن عمر تفرقوا، فقال: «لعن الله من فعل هذا، إن رسول الله صلى الله عليه وسلم لعن من فعل هذا» #,0
Musnad at-Tayalisi,2922,UNGRADED,Prophets & Past Peoples; Animals,1985 - # حدثنا أبو داود قال: حدثنا وهيب، قال: حدثنا عمرو بن يحيى بن عمارة الأنصاري، عن سعيد بن يسار، عن ابن عمر قال: «رأيت رسول الله صلى الله عليه وسلم يصلي على حمار وهو متوجه إلى خيبر» #,0
Musnad at-Tayalisi,2925,UNGRADED,Prayer (Salah); Death & Burial,[ص: 398] # ، عن سماك بن حرب، قال: سمعت مصعب بن سعد، يقول: دخلوا على عبد الله بن عامر في مرضه الذي مات فيه فجعلوا يثنون عليه وابن عمر ساكت فقال: أما إني لست بأغشهم لك، ولكني سمعت رسول الله صلى الله عليه وسلم يقول: «إن الله، عز وجل، لا يقبل الصدقة من غلول، ولا صلاة بغير طهور» #,0
Musnad at-Tayalisi,2927,UNGRADED,Prophets & Past Peoples,1987 - # حدثنا يونس، حدثنا أبو داود قال: حدثنا شعبة، عن أبي إسحاق، قال: سمعت يحيى بن وثاب، يقول: سألت ابن عمر عن الغسل يوم الجمعة، فقال: «أمرنا به رسول الله صلى الله عليه وسلم» #,0
Musnad at-Tayalisi,2928,UNGRADED,Character & Manners,1988 - # حدثنا أبو داود قال: حدثنا شعبة، قال: أخبرني الأعمش، قال: سمعت يحيى بن وثاب، يحدث عن رجل من أصحاب النبي صلى الله عليه وسلم يراه ابن عمر أن النبي صلى الله عليه وسلم قال: «المؤمن أو المسلم الذي يخالط الناس ويصبر على أذاهم خير أو أفضل من المؤمن الذي لا يخالط الناس ولا يصبر على أذاهم» #,0
Musnad at-Tayalisi,2930,UNGRADED,Prophets & Past Peoples,1989 - # حدثنا يونس، حدثنا أبو داود قال: حدثنا شعبة، عن عبد الله بن دينار، عن ابن عمر قال: سئل رسول الله صلى الله عليه وسلم عن الضب فقال: «لست بآكله ولا محرمه» #,0
Musnad at-Tayalisi,2931,UNGRADED,Prophets & Past Peoples,1990 - # حدثنا يونس، حدثنا أبو داود قال: حدثنا شعبة، عن عبد الله بن دينار، سمع ابن عمر أن عمر سأل رسول الله صلى الله عليه وسلم عن الجنب ينام، قال: «اغسل ذكرك، وتوضأ، ثم ارقد» #,0
Musnad at-Tayalisi,2932,UNGRADED,Prophets & Past Peoples,1991 - # حدثنا يونس، حدثنا أبو داود قال: حدثنا شعبة، عن عبد الله بن دينار، سمع ابن عمر يقول: «نهى رسول الله صلى الله عليه وسلم عن الورس والزعفران» قلت: للمحرم؟ قال: «للمحرم» #,0
Musnad at-Tayalisi,2933,UNGRADED,Prophets & Past Peoples,1992 - # حدثنا يونس، حدثنا أبو داود قال: حدثنا شعبة، عن عبد الله بن دينار، سمع ابن عمر يقول: كنا إذا بايعنا رسول الله صلى الله عليه وسلم على السمع والطاعة يلقننا: «فيما استطعت» #,0
Musnad at-Tayalisi,2934,UNGRADED,Prophets & Past Peoples,1993 - # حدثنا أبو داود قال: حدثنا شعبة، عن عبد الله بن دينار، سمع ابن عمر يقول: كان رجل يخدع عند البيع، فذكر ذلك للنبي صلى الله عليه وسلم فقال: «إذا بايعت فقل لا خلابة» #,0
Musnad at-Tayalisi,2937,UNGRADED,Prophets & Past Peoples,1996 - # حدثنا أبو داود قال: حدثنا شعبة، عن ابن دينار، عن ابن عمر أنه «كان يصلي على راحلته حيث كان وجهه في السفر، ويخبر أن رسول الله صلى الله عليه وسلم كان يفعله» #,0
Musnad at-Tayalisi,2938,UNGRADED,Trade & Business; Prophets & Past Peoples,1997 - # حدثنا أبو داود قال: حدثنا شعبة، عن ابن دينار، عن ابن عمر قال: «نهى رسول الله صلى الله عليه وسلم عن بيع الولاء، وعن هبته» قلت: أأنت سمعته منه؟ قال: نعم، سأله ابنه عنه #,0
Musnad at-Tayalisi,2939,UNGRADED,Trade & Business; Prophets & Past Peoples,1998 - # حدثنا داود قال: حدثنا شعبة، عن ابن دينار، عن ابن عمر قال: «نهى رسول الله صلى الله عليه وسلم عن بيع النخل حتى يبدو صلاحه» قال ابن عمر: وصلاحه أن يؤكل منه #,1
Musnad at-Tayalisi,2942,UNGRADED,"Prophets & Past Peoples; Time, Days & Nights",2000 - # حدثنا أبو داود قال: حدثنا شعبة، عن عبد الله بن دينار، سمع ابن عمر سمع النبي صلى الله عليه وسلم يقول: «ليلة القدر تحروها، فمن كان منكم متحريها فليتحرها ليلة سبع وعشرين» أو قال: «في السبع الأواخر» #,0
Musnad at-Tayalisi,2943,UNGRADED,Prophets & Past Peoples,2001 - # حدثنا أبو داود قال: حدثنا شعبة، عن عبد الله بن دينار، عن ابن عمر عن النبي صلى الله عليه وسلم قال: «خمس يقتلهن المحرم في الحل والحرم، الكلب العقور، والفأرة، والغراب، والعقرب، والحديا» #,0
Musnad at-Tayalisi,2944,UNGRADED,Day of Judgement,2002 - # حدثنا أبو داود قال: حدثنا عبد العزيز بن أبي سلمة، عن عبد الله بن دينار، عن ابن عمر أن النبي صلى الله عليه وسلم قال: «الظلم ظلمات يوم القيامة» #,0
Musnad at-Tayalisi,2946,UNGRADED,Prophets & Past Peoples,2003 - # حدثنا يونس، حدثنا أبو داود قال: حدثنا شعبة، قال: أخبرني الأعمش، عن مجاهد، عن ابن عمر قال: انشق القمر على عهد رسول الله صلى الله عليه وسلم، فقال رسول الله صلى الله عليه وسلم: «اشهدوا» #,1
Musnad at-Tayalisi,2947,UNGRADED,Prophets & Past Peoples,2004 - # حدثنا أبو داود قال: حدثنا سلام، عن إبراهيم بن المهاجر، عن مجاهد، عن ابن عمر أن رسول الله صلى الله عليه وسلم قال: «ائذنوا,0
Musnad at-Tayalisi,2949,UNGRADED,Quran & Recitation; Brotherhood & Friendship,"2005 - # حدثنا أبو داود قال: حدثنا أبو الأحوص سلام، عن أبي إسحاق، عن مجاهد عن ابن عمر قال: سمعت رسول الله صلى الله عليه وسلم أكثر من عشرين مرة "" يقرأ في الركعتين بعد المغرب والركعتين قبل الصبح: قل يا أيها الكافرون وقل هو الله أحد "" #",0
Musnad at-Tayalisi,2950,UNGRADED,Prophets & Past Peoples,2006 - # حدثنا أبو داود قال: حدثنا شعبة، عن الأعمش، عن مجاهد، عن ابن عمر أن النبي صلى الله عليه وسلم قال: «لا تمنعوا النساء المساجد بالليل» فقال ابنه: بلى، والله لنمنعهن، يتخذنه دغلا، فرفع يده فلطمه، فقال: أحدثك عن رسول الله صلى الله عليه وسلم وتقول هذا #,0
Musnad at-Tayalisi,2951,UNGRADED,Prophets & Past Peoples,2007 - # حدثنا أبو داود قال: حدثنا أبو عوانة، عن الأعمش، عن مجاهد، عن ابن عمر أن النبي صلى الله عليه وسلم قال: «من استعاذكم بالله فأعيذوه، ومن سألكم بالله فأعطوه، ومن دعاكم فأجيبوه، ومن أتى إليكم معروفا فكافئوه، فإن لم تجدوا ما تكافئونه، فأثنوا عليه حتى تعلموا أن قد كافأتموه» #,0
Musnad at-Tayalisi,2953,UNGRADED,Prophets & Past Peoples,"2008 - # حدثنا يونس، حدثنا أبو داود قال: حدثنا شعبة، عن منصور، والأعمش، قال أبو داود: وأنا لحديث الأعمش أحفظ، والإسناد واحد سمعا سعد بن عبيدة، يحدث عن ابن عمر أن رجلا، سأله عن الرجل، يحلف بالكعبة، فقال: لا تحلف بالكعبة ولكن احلف برب الكعبة، فإن عمر كان يحلف بأبيه، فقال له رسول الله صلى الله عليه وسلم: "" من حلف بغير الله فقد أشرك #",0
Musnad at-Tayalisi,2955,UNGRADED,Prophets & Past Peoples,"2009 - # حدثنا يونس، حدثنا أبو داود قال: حدثنا شعبة، عن أبي إسحاق، قال: سمعت عبد الله بن مالك، يقول: "" شهدت ابن عمر بجمع، فصلى المغرب والعشاء جمع بينهما بإقامة، وقال: هكذا رأيت رسول الله صلى الله عليه وسلم صلى في هذا المكان "" #",0
Musnad at-Tayalisi,2957,UNGRADED,Prophets & Past Peoples,"2010 - # حدثنا يونس، حدثنا أبو داود قال: حدثنا قيس، عن زهير بن أبي ثابت الأعمى، عن تميم بن عياض، عن ابن عمر قال: كان علقمة بن علاثة عند رسول الله صلى الله عليه وسلم، فجاء بلال يؤذنه بالصلاة، فقال رسول الله صلى الله عليه وسلم: "" رويدا يا بلال، يتسحر",0
Musnad at-Tayalisi,2960,UNGRADED,Prophets & Past Peoples,2011 - # حدثنا يونس، حدثنا أبو داود قال: حدثنا همام، عن عطاء بن السائب عن عبد الله بن عبيد بن عمير الليثي، عن أبيه، قال: قلت لابن عمر: أراك تزاحم على مسح هذين الركنين، فقال: إن أفعل فإني سمعت رسول الله صلى الله عليه وسلم يقول: «إن مسحهما يحطان الخطايا» #,0
Musnad at-Tayalisi,2961,UNGRADED,Prophets & Past Peoples,2012 - # حدثنا أبو داود قال: حدثنا همام، عن عطاء بن السائب، عن عبد الله بن عبيد بن عمير، عن أبيه، عن ابن عمر قال: سمعت رسول الله صلى الله عليه وسلم يقول: «من طاف بالبيت سبعا يحصيه، كتبت بكل خطوة حسنة، ومحيت عنه سيئة، ورفعت له درجة,0
Musnad at-Tayalisi,2963,UNGRADED,Prayer (Salah); Repentance & Forgiveness,2013 - # حدثنا أبو داود قال: حدثنا همام، عن عطاء بن السائب، عن عبد الله بن عبيد بن عمير، عن أبيه، عن ابن عمر قال: سمعت رسول الله صلى الله عليه وسلم يقول: «من شرب الخمر لم تقبل له صلاة أربعين ليلة، فإن تاب تاب الله عليه، فإن عاد لم تقبل له صلاة أربعين ليلة، فإن تاب تاب الله عليه، فإن عاد لم تقبل له صلاة أربعين ليلة، فإن تاب تاب الله عليه، فإن عاد الرابعة، لم تقبل له صلاة أربعين ليلة، فإن تاب لم يتب الله عليه، وكان حقا على الله أن يسقيه من طينة الخبال» قيل: يا أبا عبد الرحمن، وما طينة الخبال؟ قال: صديد أهل النار #,0
Musnad at-Tayalisi,2965,UNGRADED,Prophets & Past Peoples,"2014 - # حدثنا يونس، حدثنا أبو داود قال: حدثنا حماد بن زيد، عن عمرو بن دينار، عن ابن عمر أن النبي صلى الله عليه وسلم طاف بالبيت سبعا، وصلى خلف المقام ركعتين، وطاف بين الصفا والمروة، وقال: "" {لقد كان لكم في رسول الله أسوة حسنة}",0
Musnad at-Tayalisi,2967,UNGRADED,Prophets & Past Peoples,2015 - # حدثنا أبو داود قال: حدثنا هشام الدستوائي، عن عمرو بن دينار، عن ابن عمر أن النبي صلى الله عليه وسلم قال: «لا تمنعوا النساء أن يأتين المساجد» فقال ابنه: والله لنمنعهن، فقال ابن عمر: أحدثك عن رسول الله صلى الله عليه وسلم وتقول هذا #,0
Musnad at-Tayalisi,2969,UNGRADED,Prophets & Past Peoples,2016 - # حدثنا يونس، حدثنا أبو داود قال: حدثنا حماد بن سلمة، عن عمران بن حدير، عن يزيد بن عطارد، عن ابن عمر قال: «كنا على عهد رسول الله صلى الله عليه وسلم نشرب قياما ونأكل ونحن نسعى» #,0
Musnad at-Tayalisi,2971,UNGRADED,Prophets & Past Peoples,2017 - # حدثنا يونس، حدثنا أبو داود قال: حدثنا شعبة، قال: أخبرني جبلة بن سحيم، قال: سمعت ابن عمر يقول: قال رسول الله صلى الله عليه وسلم: «الشهر هكذا وهكذا وهكذا» وأشار بأصابعه ثلاثا، وخنس الإبهام في الثالثة #,0
Musnad at-Tayalisi,2972,UNGRADED,Prophets & Past Peoples,2018 - # حدثنا أبو داود قال: حدثنا شعبة، عن جبلة بن سحيم، قال: أصابتنا مخمصة فرزقنا ابن الزبير تمرا، فقال ابن عمر: لا تقرنوا، فإن رسول الله صلى الله عليه وسلم «نهى عن القران إلا أن يشاور أحدكم أخاه» #,0
Musnad at-Tayalisi,2973,UNGRADED,Prophets & Past Peoples,2019 - # حدثنا أبو داود قال: حدثنا شعبة، عن جبلة بن سحيم، قال: سمعت ابن عمر يقول: «نهى رسول الله صلى الله عليه وسلم عن الحنتمة» قلت لابن عمر ما الحنتمة؟ قال: الجرة #,0
Musnad at-Tayalisi,2976,UNGRADED,Prophets & Past Peoples,2020 - # حدثنا يونس، حدثنا أبو داود قال: حدثنا شعبة، عن عائذ بن نصيب، سمع ابن عمر يقول: «صلى رسول الله صلى الله عليه وسلم في الكعبة» #,0
Musnad at-Tayalisi,2977,UNGRADED,Brotherhood & Friendship; Character & Manners,2021 - # حدثنا أبو داود قال: حدثنا سلام، عن العلاء بن المسيب، قال: حدثني من سمع ابن عمر أو قال: سأل ابن عمر فقال: يا أبا عبد الرحمن، إنا قوم نكري إبلا لنا، وإن الناس يقولون: لا حج لكم، فقال ابن عمر: سأل رجل رسول الله صلى الله عليه وسلم كما سألتني,0
Musnad at-Tayalisi,2978,UNGRADED,Quran & Recitation,[ص: 423] # ، فسكت عنه حتى نزلت هذه الآية {فإذا أفضتم من عرفات فاذكروا الله عند المشعر الحرام} [البقرة: 198] ، فدعاه رسول الله صلى الله عليه وسلم، فقال: «أنتم حجاج» #,0
Musnad at-Tayalisi,2979,UNGRADED,Prayer (Salah),2022 - # حدثنا أبو داود قال: حدثنا شعبة، عن حيان البارقي، قال: قيل لابن عمر أو قال له رجل: إني أصلي خلف فلان وإنه يطيل الصلاة؟ فقال: «إن ركعتين من صلاة رسول الله صلى الله عليه وسلم كان أخف من,0
Musnad at-Tayalisi,2982,UNGRADED,Prophets & Past Peoples,2023 - # حدثنا داود قال: حدثنا شعبة، عن عقبة بن حريث، سمع ابن عمر يقول: «نهى رسول الله صلى الله عليه وسلم عن الجر والنقير والمزفت» #,0
Musnad at-Tayalisi,2984,UNGRADED,"Time, Days & Nights",[ص: 425] # ، سمع ابن عمر عن النبي صلى الله عليه وسلم في ليلة القدر: «تحروها في العشر الأواخر، فإن ضعف أحدكم أو عجز، فلا يغلبن على السبع البواقي» #,0
Musnad at-Tayalisi,2986,UNGRADED,Leadership & Governance; Day of Judgement,2025 - # حدثنا أبو داود قال: حدثنا خارجة بن مصعب، عن زيد بن أسلم، عن ابن عمر قال: سمعت النبي صلى الله عليه وسلم يقول: «من مات بغير إمام مات ميتة جاهلية، ومن نزع يدا من طاعة جاء يوم القيامة لا حجة له» #,0
Musnad at-Tayalisi,2987,UNGRADED,Character & Manners; Prophets & Past Peoples,2026 - # حدثنا أبو داود قال: حدثنا زهير بن محمد، عن زيد بن أسلم، عن ابن عمر عن النبي صلى الله عليه وسلم قال: «مثل الناس كإبل مائة لا يوجد فيها راحلة» #,0
Musnad at-Tayalisi,2991,UNGRADED,Alcohol & Intoxicants,2028 - # حدثنا أبو داود قال: حدثنا همام، عن محمد بن عمرو، عن أبي سلمة، عن ابن عمر قال: قال النبي صلى الله عليه وسلم: «كل مسكر خمر، وكل مسكر حرام» #,0
Musnad at-Tayalisi,2995,UNGRADED,Night & Voluntary Prayer; Prophets & Past Peoples,"2030 - # حدثنا أبو داود قال: حدثنا حماد بن زيد، وحماد بن سلمة، عن أنس بن سيرين، وحديث حماد بن زيد أتم، قال حماد بن زيد: حدثنا أنس بن سيرين، قال: قلت لابن عمر أخبرني عن ركعتي الفجر، أطيل فيهما القراءة؟ فقال ابن عمر: «كان رسول الله صلى الله عليه وسلم يصلي من الليل مثنى مثنى، ويوتر بركعة» قلت: إني لست عن هذا أسألك , قال: إنك لضخم، أريد أن أستقرئ لك الحديث ولا تدعني كان رسول الله صلى الله عليه وسلم «يصلي من الليل مثنى مثنى، ويوتر بركعة، ويصلي الركعتين، كأن الأذان بين أذنيه» #",0
Musnad at-Tayalisi,2997,UNGRADED,Hellfire; Prophets & Past Peoples,2031 - # حدثنا أبو داود قال: حدثنا جسر، عن سليط، قال: سمعت ابن عمر قال: قال رسول الله صلى الله عليه وسلم: «الحمى من لفح أو من فيح جهنم، فأطفئوها عنكم بالماء البارد» #,0
Musnad at-Tayalisi,2999,UNGRADED,Prophets & Past Peoples,2032 - # حدثنا أبو داود قال: حدثنا شعبة، عن يونس بن عبيد، عن زياد بن جبير، قال: رأى ابن عمر رجلا ينحر بدنته، فقال: «انحرها، فإنها سنة أبي القاسم صلى الله عليه وسلم» #,0
Musnad at-Tayalisi,3000,UNGRADED,Zakah & Charity; Prophets & Past Peoples,2033 - # حدثنا أبو داود قال: حدثنا شعبة، عن صدقة بن يسار، عن ابن عمر قال: «وقت رسول الله صلى الله عليه وسلم لأهل المدينة ذا الحليفة، ولأهل الشام الجحفة، ولأهل نجد قرنا ولأهل,0
Musnad at-Tayalisi,3004,UNGRADED,Prayer (Salah); Prophets & Past Peoples,"2035 - # حدثنا أبو داود قال: حدثنا شعبة، قال: أخبرني أبو جعفر، وليس بالفراء عن أبي المثنى، عن ابن عمر قال: "" كان الأذان على عهد رسول الله صلى الله عليه وسلم مثنى مثنى، والإقامة مرة، غير أن المؤذن كان إذا قال: قد قامت الصلاة قد قامت الصلاة، قال مرتين "" #",0
Musnad at-Tayalisi,3006,UNGRADED,Purity & Wudu,2036 - # حدثنا أبو داود قال: حدثنا سلام الطويل، عن زيد العمي، عن معاوية بن قرة، عن ابن عمر أن رسول الله صلى الله عليه وسلم توضأ مرة مرة، وقال: «هذا وظيفة الوضوء الذي لا تحل الصلاة إلا به» ثم توضأ مرتين مرتين، وقال: «هذا وضوء من أراد أن يضاعف له الأجر,0
Musnad at-Tayalisi,3009,UNGRADED,Prophets & Past Peoples,2037 - # حدثنا أبو داود قال: حدثنا شريك، عن أبي علوان عبد الله بن عصمة، عن ابن عمر قال: سمعت رسول الله صلى الله عليه وسلم يقول، أو قال رسول الله صلى الله عليه وسلم: «إن في ثقيف كذابا ومبيرا» #,0
Musnad at-Tayalisi,3011,UNGRADED,Prayer (Salah); Night & Voluntary Prayer,2038 - # حدثنا أبو داود قال: حدثنا همام، عن قتادة، عن أبي مجلز، قال: سألت ابن عمر عن الوتر، فقال: سمعت رسول الله صلى الله عليه وسلم يقول: «ركعة من آخر الليل» #,1
Musnad at-Tayalisi,3018,UNGRADED,Prayer (Salah); Prophets & Past Peoples,2041 - # حدثنا أبو داود قال: حدثنا ابن أبي ذئب، عن مسلم الحناط، قال: سمعت رجلا من أهل العراق سأل ابن عمر، فقال ابن عمر: «نهى رسول الله صلى الله عليه وسلم عن الصلاة بعد الصبح حتى تطلع الشمس,0
Musnad at-Tayalisi,3020,UNGRADED,Prophets & Past Peoples,2042 - # حدثنا أبو داود قال: حدثنا ابن أبي ذئب، عن مسلم الحناط، قال: سمعت ابن عمر يقول: قال رسول الله صلى الله عليه وسلم: «لا تلقوا الركبان ولا يبيع حاضر لباد، ولا يخطب الرجل على خطبة أخيه حتى ينكح أو يدع» #,0
Musnad at-Tayalisi,3022,UNGRADED,Dhikr & Supplication; Humility & Pride,"2043 - # حدثنا أبو داود قال: حدثنا حماد بن سلمة، عن أبي الزبير، عن علي بن عبد الله البارقي، عن ابن عمر قال: كان رسول الله صلى الله عليه وسلم إذا أراد سفرا فركب راحلته كبر ثلاثا، ثم قال: "" {سبحان الذي سخر لنا هذا} [الزخرف: 13] الآيتين، اللهم إني أسألك في سفري هذا البر والتقوى، ومن العمل ما تحب وترضى، اللهم اطو لنا بعد الأرض، وهون علينا السفر، اللهم اصحبنا في سفرنا، واخلفنا في أهالينا "" وإذا رجع قال: «آيبون تائبون لربنا حامدون» #",0
Musnad at-Tayalisi,3023,UNGRADED,Prayer (Salah); Night & Voluntary Prayer,2044 - # حدثنا أبو داود قال: حدثنا شعبة، عن يعلى بن عطاء، قال: سمعت علي بن عبد الله، يحدث عن ابن عمر يراه شعبة عن النبي صلى الله عليه وسلم أنه قال: «صلاة الليل والنهار مثنى مثنى» #,0
Musnad at-Tayalisi,3025,UNGRADED,Paradise; Prophets & Past Peoples,2045 - # حدثنا أبو داود قال: حدثنا أبو عوانة، حدثنا عطاء بن السائب، قال: قال لي محارب بن دثار: ما كان سعيد بن جبير يقول في الكوثر؟ قلت: كان سعيد يحدث عن ابن عباس، قال: هو الخير الكثير، قال محارب: أين يقع رأي ابن عباس؟ قال محارب: حدثنا عبد الله بن عمر قال: لما أنزلت {إنا أعطيناك الكوثر} [الكوثر: 1] قال لنا رسول الله صلى الله عليه وسلم: «هو نهر في الجنة، حافتاه من ذهب يجري على الدر والياقوت، تربته أطيب ريحا من المسك، وطعمه أحلى من العسل، وماؤه أشد بياضا من الثلج» #,0
Musnad at-Tayalisi,3026,UNGRADED,Prophets & Past Peoples,2046 - # حدثنا داود قال: حدثنا شعبة، قال: أخبرني محارب بن دثار، سمع ابن عمر يقول: «نهى رسول الله صلى الله عليه وسلم عن الدباء والحنتم والمزفت والجر» #,0
Musnad at-Tayalisi,3027,UNGRADED,"Prophets & Past Peoples; Time, Days & Nights",2047 - # حدثنا أبو داود قال: حدثنا المسعودي، عن محارب، عن ابن عمر قال: قال لنا رسول الله صلى الله عليه وسلم: «التمسوا ليلة القدر في,0
Musnad at-Tayalisi,3030,UNGRADED,Prophets & Past Peoples,2048 - # حدثنا أبو داود قال: حدثنا أبو إبراهيم محمد بن المثنى عن أبيه، عن جده، عن ابن عمر قال: قال رسول الله صلى الله عليه وسلم: «رحم الله امرأ صلى قبل العصر أربعا» #,0
Musnad at-Tayalisi,3032,UNGRADED,Prophets & Past Peoples,2049 - # حدثنا أبو داود قال: حدثنا همام، عن قتادة، عن بكر بن عبد الله، وبشر بن عائذ الهذلي، عن ابن عمر قال: قال رسول الله صلى الله عليه وسلم: «إنما يلبس الحرير من لا خلاق له» #,0
Musnad at-Tayalisi,3034,UNGRADED,Prophets & Past Peoples,2050 - # حدثنا أبو داود قال: حدثنا شعبة، عن يونس بن خباب، قال: سمعت أبا الفضل أو ابن الفضل، يحدث عن ابن عمر قال: كنت مع النبي صلى الله عليه وسلم فقال: «اللهم إني أستغفرك وأتوب إليك، فتب علي إنك أنت التواب الغفور» فلو أن إنسانا عد لعد مائة في يده #,0
Musnad at-Tayalisi,3036,UNGRADED,Prophets & Past Peoples,2051 - # حدثنا أبو داود قال: حدثنا شعبة، قال: أخبرني عمرو بن مرة، قال: سمعت زاذان، يقول: قلت لابن عمر: أخبرنا ما نهى عنه رسول الله صلى الله عليه وسلم من الأوعية، أخبرنا بلغتكم وفسره لنا بلغتنا، قال: «نهى عن الحنتم» وهي الجرة، «ونهى عن المزفت» وهو المقير، «ونهى عن الدباء» وهو القرع، «ونهى عن النقير» وهي أصل النخلة، تنقر نقرا، وتنسح نسحا، «وأمر أن ينتبذ في الأسقية» #,0
Musnad at-Tayalisi,3038,UNGRADED,Prophets & Past Peoples; Treaties & Non-Muslims,2052 - # حدثنا أبو داود قال: حدثنا شعبة، عن أبي إسحاق، قال: سمعت رجلا من أهل نجران يقول: قلت لابن عمر: إنما أسألك عن اثنتين، عن السلم في النخل وعن الزبيب والتمر، فقال: أما السلم في النخل فإن رجلا أسلم في نخل لرجل، فلم يحمل ذلك العام، فذكر ذلك للنبي صلى الله عليه وسلم فقال: «بم يأكل ماله؟» وأمره فرده عليه، ثم نهى عن السلم في النخل حتى يبدو صلاحه، وأما الزبيب والتمر فإن النبي صلى الله عليه وسلم أتي برجل سكران فقال: يا رسول الله إني لم أشرب خمرا، إنما شربت زبيبا وتمرا، فأمر به فضرب الحد، ونهى عنهما أن يخلطا #,0
Musnad at-Tayalisi,3040,UNGRADED,Prophets & Past Peoples,2053 - # حدثنا أبو داود قال: حدثنا شعبة، عن عبد الخالق الشيباني، عن سعيد بن المسيب، عن ابن عمر أن النبي صلى الله عليه وسلم «كان ينبذ له في السقاء» #,0
Musnad at-Tayalisi,3044,UNGRADED,Prophets & Past Peoples,2055 - # حدثنا أبو داود قال: حدثنا سفيان الثوري، عن عطاء بن السائب، عن كثير بن جمهان، قال: رأيت ابن عمر يمشي في المسعى بين الصفا والمروة، فسألته عن ذلك، فقال: إن أمشي فقد رأيت رسول الله صلى الله عليه وسلم,0
Musnad at-Tayalisi,3047,UNGRADED,Prophets & Past Peoples,2056 - # حدثنا أبو داود قال: حدثنا شيبان، عن جابر، قال: سألت الشعبي عن رجل طلق امرأته وهي حائض، فقال: «تعتد بالتطليقة ولا تعتد بالحيضة» أقوله عن قول ابن عمر عن النبي صلى الله عليه وسلم #,0
Musnad at-Tayalisi,3048,UNGRADED,Repentance & Forgiveness; Women,2057 - # حدثنا أبو داود قال: حدثنا شعبة، عن توبة العنبري، قال: قال لي الشعبي: الحسن حيث يحدث عن رسول الله صلى الله عليه وسلم؟ والله لقد جالست ابن عمر بالمدينة كذا وكذا، ما سمعته يحدث عن النبي صلى الله عليه وسلم إلا حديثا واحدا، فإنه قال: كان رسول الله صلى الله عليه وسلم في ناس من أصحابه فأتوا بلحم، فقالت امرأة من أزواجه: أمسكوا فإنه ضب، فقال رسول الله صلى الله عليه وسلم: «كلوه فإنه حلال» أو قال: «كلوا فإنه لا بأس به» #,0
Musnad at-Tayalisi,3051,UNGRADED,Prayer (Salah),[ص: 453] # ، قال: سمعت مورقا العجلي، قال: قال رجل لابن عمر: أخبرني عن صلاة الضحى أتصليها؟ قال: «لا» قال: فصلاها عمر؟ قال: «لا» قال: فصلاها أبو بكر؟ قال: «لا» قال: فصلاها النبي صلى الله عليه وسلم؟ قال: «لا أخال» #,0
Musnad at-Tayalisi,3053,UNGRADED,Prayer (Salah); Prophets & Past Peoples,2059 - # حدثنا أبو داود قال: حدثنا شعبة، عن خبيب بن عبد الرحمن، قال: سمعت حفص بن عاصم، يحدث عن ابن عمر قال: «صلى بنا رسول الله صلى الله عليه وسلم بمنى ركعتين، أو قال صلى رسول الله صلى الله عليه وسلم بمنى ركعتين، وأبو بكر ركعتين، وعمر ركعتين، وعثمان ركعتين، ثم إن عثمان أتم» #,0
Musnad at-Tayalisi,3055,UNGRADED,Day of Judgement; Prophets & Past Peoples,2060 - # حدثنا أبو داود قال: حدثنا شعبة، قال: أخبرني مسلم بن يناق المكي، قال: شهدت ابن عمر ورأى رجلا بمكة يجر إزاره، فقال: ممن أنت؟ قال: فانتسب له، فإذا رجل من بني ليث، فعرفه ابن عمر، فقال له ابن عمر: ارفع إزارك، فإني سمعت رسول الله صلى الله عليه وسلم بأذني هاتين يقول: «من جر إزاره لا يريد بذلك إلا المخيلة فإن الله، عز وجل، لا ينظر إليه يوم القيامة» #,0
Musnad at-Tayalisi,3057,UNGRADED,Prayer (Salah),2061 - # حدثنا أبو داود قال: حدثنا عبد الله بن بدر، قال: حدثنا سوار بن شبيب، قال: سألت عبد الله بن عمر عن الصلاة في السفر، فقال: قال رسول الله صلى الله عليه وسلم: «ركعتين ركعتين إلا المغرب» #,0
Musnad at-Tayalisi,3060,UNGRADED,Other Narrations,[ص: 456] # رجل من مقعده، فأبى ابن عمر يقعد فيه، فجعل الرجل يقول: ما عليك أن تقعد؟ ما عليك أن تقعد؟ فقال ابن عمر: ما كنت لأقعد في مجلسك ولا مجلس غيرك بعدما سمعت النبي صلى الله عليه وسلم «وجاء رجل، فقام له رجل من مجلسه، فأراد أن يقعد فيه، فنهاه رسول الله صلى الله عليه وسلم عن ذلك» #,0
Musnad at-Tayalisi,3062,UNGRADED,Women; Prophets & Past Peoples,2063 - # حدثنا أبو داود قال: حدثنا جرير، عن ليث، عن عطاء، عن ابن عمر عن النبي صلى الله عليه وسلم، أن امرأة أتته، فقالت: ما حق الزوج على امرأته؟ فقال: «لا تمنعه نفسها وإن كانت على ظهر قتب، ولا تعطي من بيته شيئا إلا بإذنه، فإن فعلت ذلك كان له الأجر وعليها الوزر، ولا تصوم تطوعا إلا بإذنه، فإن فعلت أثمت، ولم تؤجر، وأن لا تخرج من بيته إلا بإذنه فإن فعلت لعنتها الملائكة ملائكة الغضب وملائكة الرحمة حتى تتوب أو تراجع» قيل: وإن كان ظالما؟ قال: «وإن كان ظالما» #,0
Musnad at-Tayalisi,3064,UNGRADED,Brotherhood & Friendship; Prophets & Past Peoples,2064 - # حدثنا أبو داود قال: حدثنا هشام، عن يحيى بن أبي كثير، أن أبا سلام، حدث أن الحكم بن مينا، حدث أن عبد الله بن عمر وعبد الله بن عباس حدثا أنهما، سمعا رسول الله صلى الله عليه وسلم يقول على أعواد منبره: «لينتهين أقوام عن ودعهم الجمعات، أو ليختمن على قلوبهم، ثم ليكتبن من الغافلين» #,1
Musnad at-Tayalisi,3067,UNGRADED,Repentance & Forgiveness,[ص: 460] # أبشرك يا أخا أسلم؟ سمعت رسول الله صلى الله عليه وسلم يقول: «غفار غفر الله لها، وأسلم سالمها الله» #,0
Musnad at-Tayalisi,3069,UNGRADED,Justice & Judgement; Destiny & Decree,2066 - # حدثنا أبو داود قال: حدثنا حماد بن سلمة، عن عاصم بن المنذر، قال: كنا مع ابن لابن عمر في البستان، وثم جلد بعير في الماء، فتوضأ منه، فقلت: أتفعل هذا، فقال: حدثني أبي عن النبي صلى الله عليه وسلم قال: «إذا كان الماء قدر قلتين، لم ينجسه شيء» #,0
Musnad at-Tayalisi,3071,UNGRADED,Prophets & Past Peoples; Treaties & Non-Muslims,2067 - # حدثنا أبو داود قال: حدثنا العمري، عن عاصم بن محمد بن زيد بن عبد الله بن عمر عن أبيه، قال: قال رجل لابن عمر: إنا لندخل على سلاطيننا فنتكلم بين أيديهم بشيء، إذا خرجنا قلنا غير ذلك، فقال ابن عمر، «كنا نعد هذا نفاقا» قال العمري: فحدثني أخي أن ابن عمر قال: «كنا نعد هذا نفاقا على عهد النبي صلى الله عليه وسلم» #,0
Musnad at-Tayalisi,3072,UNGRADED,Character & Manners; Prophets & Past Peoples,2068 - # حدثنا أبو داود قال: حدثنا العمري، عن عاصم، عن أبيه، عن ابن عمر قال: سمعت رسول الله صلى الله عليه وسلم يقول: «لا يزال هذا الأمر في قريش ما بقي في الناس رجلان» #,0
Musnad at-Tayalisi,3074,UNGRADED,Prayer (Salah); Quran & Recitation,[ص: 463] # الخمر ثلاث آيات، فأول شيء نزل: {يسألونك عن الخمر والميسر} [البقرة: 219] الآية، فقيل: حرمت الخمر، فقيل: يا رسول الله، دعنا ننتفع بها كما قال الله، عز وجل، فسكت عنهم، ثم نزلت هذه الآية: {لا تقربوا الصلاة وأنتم سكارى} [النساء: 43] ، فقيل حرمت، فقالوا: لا يا رسول الله، إنا لا نشربها قرب الصلاة، فسكت عنهم، ثم نزلت: {يا أيها الذين آمنوا إنما الخمر والميسر} [المائدة: 90] الآية، فقال رسول الله صلى الله عليه وسلم: «حرمت الخمر» قال: وقدمت لرجل راوية من الشام أو روايا فقام النبي صلى الله عليه وسلم، وأبو بكر، وعمر، ولا أعلم عثمان إلا معهم، فانتهوا إلى الرجل، فقال رسول الله صلى الله عليه وسلم: «خل عنا نشقها» فقال: يا رسول الله، أفلا نبيعها، قال رسول الله صلى الله عليه وسلم: «إن الله لعن الخمر، ولعن غارسها، ولعن شاربها، ولعن عاصرها، ولعن مؤويها، ولعن مديرها,0
Musnad at-Tayalisi,3076,UNGRADED,Repentance & Forgiveness; Leadership & Governance,2070 - # حدثنا أبو داود قال: حدثنا أبو عوانة، وشيبان، عن عثمان بن عبد الله بن موهب، عن ابن عمر أنه قال لرجل: أما قولك الذي سألتني عنه: أشهد عثمان بدرا؟ فإنه شغل بابنة رسول الله صلى الله عليه وسلم، فضرب له رسول الله صلى الله عليه وسلم بسهمه، وأما بيعة الرضوان، فإن رسول الله صلى الله عليه وسلم بعثه إلى أهل مكة، ولو أن أحدا أوثق في نفسه من عثمان لبعثه، وكانت البيعة وعثمان غائب، فقال رسول الله صلى الله عليه وسلم: «يدي هذه لعثمان» فضرب بإحدى يديه على الأخرى، وأما توليه يوم التقى الجمعان، فأشهد أن الله عز وجل قد عفا عنه، اذهب بهذا معك #,0
Musnad at-Tayalisi,3079,UNGRADED,Prophets & Past Peoples,2071 - # حدثنا يونس، حدثنا أبو داود قال: حدثنا شعبة، قال: أخبرني قتادة، قال: سمعت أنس بن مالك، يحدث أن النبي صلى الله عليه وسلم قال: «ثلاث من كن فيه وجد بهن حلاوة الإيمان، من يكن الله ورسوله أحب إليه مما سواهما، وأن يقذف الرجل في النار أحب إليه من أن يرجع إلى الكفر بعد إذ أنقذه الله منه، وأن يحب الرجل العبد لا يحبه إلا,0
Musnad at-Tayalisi,3082,UNGRADED,Magic & Superstition; Prophets & Past Peoples,2073 - # حدثنا أبو داود قال: حدثنا شعبة، وهشام الدستوائي، قال شعبة: أنبأنا قتادة، وقال هشام: عن قتادة، عن أنس، أن النبي صلى الله عليه وسلم قال: «لا عدوى ولا طيرة، ويعجبني الفأل» قيل: يا رسول الله، وما الفأل؟ قال: «الكلمة الحسنة» #,0
Musnad at-Tayalisi,3083,UNGRADED,Zakah & Charity,2074 - # حدثنا أبو داود قال: حدثنا شعبة، قال: أنبأنا قتادة، عن أنس، أن النبي صلى الله عليه وسلم أتي بلحم، فقال: «ما هذا؟» قال: هذا شيء تصدق به على بريرة، قال: «هو لنا هدية وعليها صدقة» #,0
Musnad at-Tayalisi,3084,UNGRADED,Prophets & Past Peoples; Treaties & Non-Muslims,2075 - # حدثنا أبو داود قال: حدثنا شعبة، عن قتادة، عن أنس، أن النبي صلى الله عليه وسلم قال: «ما من نبي إلا وقد أنذر أمته الأعور الكذاب ألا وإنه أعور، وإن الله تبارك وتعالى ليس بأعور، مكتوب بين عينيه كافر، يقرؤه كل مؤمن» #,0
Musnad at-Tayalisi,3085,UNGRADED,Character & Manners; Prophets & Past Peoples,2076 - # حدثنا أبو داود قال: حدثنا شعبة، عن قتادة، عن أنس، أن النبي صلى الله عليه وسلم قال: «ما من عبد له عند الله خير يحب أن يرجع إلى الدنيا إلا الشهيد، فإنه ود لو أنه رجع، فقتل عشر مرات، لما يرى من فضل الشهادة» #,0
Musnad at-Tayalisi,3086,UNGRADED,Death & Burial; Paradise,2077 - # حدثنا أبو داود قال: حدثنا شعبة، عن قتادة، عن أنس، أن النبي صلى الله عليه وسلم قال لمعاذ: «اعلم أنه من مات يشهد أن لا إله إلا الله، وأني رسول الله أدخل الجنة» #,0
Musnad at-Tayalisi,3088,UNGRADED,Other Narrations,"[ص: 470] # ، عن أنس، أن النبي صلى الله عليه وسلم قال: "" يخرج من النار من قال: لا إله إلا الله، وكان في قلبه من الخير ما يزن شعيرة، ويخرج من النار من قال: لا إله إلا الله، وكان في قلبه من الخير ما يزن برة، ويخرج من النار من قال: لا إله إلا الله، وكان في قلبه من الخير ما يزن، قال هشام: ذرة «وقال شعبة» ذرة "" #",0
Musnad at-Tayalisi,3089,UNGRADED,Hajj & Umrah; Prophets & Past Peoples,2079 - # حدثنا أبو داود قال: حدثنا شعبة، عن قتادة، عن أنس، أن النبي صلى الله عليه وسلم قال: يقول الله عز وجل: «إن تقرب مني عبدي شبرا تقربت منه ذراعا، وإن تقرب مني ذراعا تقربت منه باعا» #,0
Musnad at-Tayalisi,3090,UNGRADED,Night & Voluntary Prayer; Prophets & Past Peoples,2080 - # حدثنا أبو داود قال: حدثنا شعبة، وهشام، عن قتادة، عن أنس، أن النبي صلى الله عليه وسلم «ضحى بكبشين أملحين أقرنين، ويسمي ويكبر، ولقد رأيته واضعا صفاحهما على قدميه» #,0
Musnad at-Tayalisi,3091,UNGRADED,Prophets & Past Peoples,2081 - # حدثنا أبو داود قال: حدثنا شعبة، عن قتادة، عن أنس، أن رجلا من الأنصار قال للنبي صلى الله عليه وسلم يا رسول الله، استعملت فلانا ولم تستعملني فقال: «إنكم سترون بعدي أثرة، فاصبروا حتى تلقوني على الحوض» #,0
Musnad at-Tayalisi,3092,UNGRADED,Character & Manners; Justice & Judgement,2082 - # حدثنا أبو داود قال: حدثنا هشام، عن قتادة، عن أنس، قال: «جلد رسول الله صلى الله عليه وسلم في الخمر بالجريد والنعال» وجلد أبو بكر أربعين، فلما كان عمر ودنا الناس من الريف والقرى، قال: ما,0
Musnad at-Tayalisi,3094,UNGRADED,Treaties & Non-Muslims,"2083 - # حدثنا أبو داود قال: حدثنا شعبة، عن قتادة عن أنس، قال: قال أصحاب النبي للنبي صلى الله عليه وسلم: يا رسول الله، إن أهل الكتاب يسلمون علينا، فكيف نرد عليهم؟ قال: "" قولوا: وعليكم "" #",0
Musnad at-Tayalisi,3096,UNGRADED,Prophets & Past Peoples,2085 - # حدثنا أبو داود قال: حدثنا همام، عن قتادة، عن أنس، أن عبد الرحمن، والزبير، شكيا إلى رسول الله صلى الله عليه وسلم القمل، «فرخص لهما,0
Musnad at-Tayalisi,3098,UNGRADED,Prophets & Past Peoples,2086 - # حدثنا أبو داود قال: حدثنا شعبة، عن قتادة، عن أنس، أن النبي صلى الله عليه وسلم قال: «إن أحدكم إذا كان في صلاته، فإنه يناجي ربه، فلا يبزقن بين يديه، ولا عن يمينه، ولكن عن يساره، وتحت قدمه» #,0
Musnad at-Tayalisi,3099,UNGRADED,Dhikr & Supplication; Prophets & Past Peoples,2087 - # حدثنا أبو داود قال: حدثنا شعبة، قال: أخبرنا قتادة، عن أنس، قال: قلت له: أنت سمعته منه؟ قال: نعم، نحن سألناه عن ذلك قال: «صليت خلف رسول الله صلى الله عليه وسلم، وخلف أبي بكر، وخلف عمر، وخلف عثمان، فكانوا يستفتحون ب الحمد لله رب العالمين» #,0
Musnad at-Tayalisi,3100,UNGRADED,Prophets & Past Peoples,2088 - # حدثنا أبو داود قال: حدثنا شعبة قال: حدثنا قتادة، عن أنس، أن رسول الله صلى الله عليه وسلم «كان يحب الدباء، فلما رأيت ذلك جعلت أضعه بين يديه» #,0
Musnad at-Tayalisi,3101,UNGRADED,Prophets & Past Peoples,2089 - # حدثنا أبو داود قال: حدثنا شعبة، عن قتادة، عن أنس، أن رسول الله صلى الله عليه وسلم قال: «اعتدلوا في السجود، ولا يبسطن أحدكم ذراعيه انبساط الكلب» #,0
Musnad at-Tayalisi,3104,UNGRADED,Other Narrations,[ص: 480] # : حدثنا أنس، قال: كان فزع بالمدينة، فركب رسول الله صلى الله عليه وسلم فرسا لأبي طلحة يقال له: مندوب، فقال رسول الله صلى الله عليه وسلم: «إن كان من فزع، وإن وجدناه لبحرا» #,0
Musnad at-Tayalisi,3105,UNGRADED,Prophets & Past Peoples,2092 - # حدثنا أبو داود قال: حدثنا شعبة، عن قتادة، وأبي التياح، سمعا أنسا، أن النبي صلى الله عليه وسلم يقول: «بعثت أنا والساعة,0
Musnad at-Tayalisi,3107,UNGRADED,Prophets & Past Peoples,2093 - # حدثنا أبو داود قال: حدثنا شعبة، عن قتادة، سمع أنسا، أن النبي صلى الله عليه وسلم أتى على رجل يسوق بدنة، فقال: «اركبها» قال: إنها بدنة، قال: «اركبها» قال: إنها بدنة، قال: «ويلك» أو «ويحك اركبها» #,1
Musnad at-Tayalisi,3108,UNGRADED,Prayer (Salah); Prophets & Past Peoples,2094 - # حدثنا أبو داود قال: حدثنا شعبة، عن قتادة، قال: قال أنس: قال رسول الله صلى الله عليه وسلم: «سووا صفوفكم، فإن تسوية الصف من تمام الصلاة» #,0
Musnad at-Tayalisi,3109,UNGRADED,Prophets & Past Peoples,2095 - # حدثنا أبو داود قال: حدثنا شعبة، عن قتادة، قال: سمعت أنسا، يقول: قال رسول الله صلى الله عليه وسلم: «لو كان لابن آدم واديا من مال لابتغى إليه ثانيا، ولو كان له ثانيا لابتغى إليه ثالثا,0
Musnad at-Tayalisi,3111,UNGRADED,Signs of the End Times,2096 - # حدثنا أبو داود قال: حدثنا هشام، عن قتادة، عن أنس، قال: حديثا سمعته من رسول الله صلى الله عليه وسلم لا يحدثكموه أحد سمعه من رسول الله صلى الله عليه وسلم بعدي، سمعته يقول: «إن من أشراط الساعة أن يرفع العلم، ويظهر الجهل، ويشرب الخمر، ويظهر الزنا، ويقل الرجال، ويكثر النساء حتى يكون في خمسين امرأة القيم الواحد» #,0
Musnad at-Tayalisi,3112,UNGRADED,Brotherhood & Friendship; Prophets & Past Peoples,2097 - # حدثنا أبو داود قال: حدثنا عمران، عن قتادة، عن أنس، أن النبي صلى الله عليه وسلم وأبا بكر وعمر وعثمان كانوا على حراء، فقال رسول الله صلى الله عليه وسلم: «اثبت، فإنما عليك نبي أو صديق أو شهيد» #,0
Musnad at-Tayalisi,3113,UNGRADED,Women,2098 - # حدثنا أبو داود قال: حدثنا همام، عن قتادة، عن أنس أن امرأة أخذت جارية، معها حلي لها فرضت رأسها بين حجرين، وأخذت الحلي، فرفع ذلك إلى النبي صلى الله عليه وسلم «فرض رأسها بين حجرين» #,0
Musnad at-Tayalisi,3114,UNGRADED,Prophets & Past Peoples,2099 - # حدثنا أبو داود قال: حدثنا شعبة، عن قتادة، عن أنس، أن النبي صلى الله عليه وسلم قال: «البزاق في المسجد خطيئة، وكفارتها دفنها» #,0
Musnad at-Tayalisi,3115,UNGRADED,Prophets & Past Peoples,2100 - # حدثنا أبو داود قال: حدثنا شعبة، عن قتادة، قال: سمعت أنسا، يقول: قالت أم سليم: يا رسول الله، ادع الله له تعني أنسا قال: «اللهم أكثر ماله وولده، وبارك له فيما رزقته» #,0
Musnad at-Tayalisi,3116,UNGRADED,Dhikr & Supplication; Prophets & Past Peoples,2101 - # حدثنا أبو داود قال: حدثنا شعبة، عن قتادة، عن أنس، أن النبي صلى الله عليه وسلم «قنت شهرا يدعو على رعل وذكوان ولحيان» #,0
Musnad at-Tayalisi,3117,UNGRADED,Character & Manners; Modesty & Dress,2102 - # حدثنا أبو داود قال: حدثنا شعبة، عن قتادة، عن أنس، أن النبي صلى الله عليه وسلم أتي بثوب حرير، فجعلوا يعجبون منه، فقال النبي صلى الله عليه وسلم: «لمنديل» أو قال: «لبعض مناديل سعد بن معاذ في الجنة ألين من هذا أو خير من هذا» #,0
Musnad at-Tayalisi,3118,UNGRADED,Servants & Freeing Slaves; Prophets & Past Peoples,2103 - # حدثنا أبو داود قال: حدثنا أبو عوانة، عن قتادة، عن أنس، أن رسول الله صلى الله عليه وسلم «أعتق صفية وجعل عتقها صداقها» #,1
Musnad at-Tayalisi,3119,UNGRADED,Paradise; Angels & the Unseen,"2104 - # حدثنا أبو داود قال: حدثنا همام، عن قتادة، عن أنس، قال: قال رسول الله صلى الله عليه وسلم: "" بينا أنا في الجنة إذ رأيت نهرا، فقلت: يا جبريل، ما هذا؟ قال: هذا الكوثر الذي أعطاك ربك؟ فأدخلت يدي فإذا ترابه مسك أذفر "" #",0
Musnad at-Tayalisi,3120,UNGRADED,Prophets & Past Peoples,2105 - # حدثنا أبو داود قال: حدثنا هشام، عن قتادة، عن أنس، أن رسول الله صلى الله عليه وسلم قال: «ما بين ناحيتي حوضي كما بين صنعاء,0
Musnad at-Tayalisi,3122,UNGRADED,Prophets & Past Peoples,2106 - # حدثنا أبو داود قال: حدثنا جرير بن حازم، عن قتادة، عن أنس، أن النبي صلى الله عليه وسلم «كان يحتجم في الأخدعين والكاهل» #,0
Musnad at-Tayalisi,3123,UNGRADED,Prophets & Past Peoples,2107 - # حدثنا أبو داود قال: حدثنا هشام، عن قتادة، عن أنس، أن رسول الله صلى الله عليه وسلم قال: «أتموا الركوع والسجود، فوالذي نفسي بيده إني لأراكم من بعد ظهري إذا ما ركعتم وسجدتم» #,0
Musnad at-Tayalisi,3124,UNGRADED,Night & Voluntary Prayer; Prophets & Past Peoples,2108 - # حدثنا أبو داود قال: حدثنا قرة، عن قتادة، عن أنس، قال: «نظرنا النبي صلى الله عليه وسلم في العشاء حتى مضى شطر الليل، ثم خرج فصلى بنا كأني أنظر إلى وبيص خاتمه من فضة في يده» #,0
Musnad at-Tayalisi,3125,UNGRADED,Prayer (Salah); Character & Manners,2109 - # حدثنا أبو داود قال: حدثنا هشام، عن قتادة، عن أنس، قال: «كان رسول الله صلى الله عليه وسلم من أخف الناس صلاة في تمام» #,0
Musnad at-Tayalisi,3126,UNGRADED,Prophets & Past Peoples; Animals,2110 - # حدثنا أبو داود قال: حدثنا أبو عوانة، عن قتادة، عن أنس، أن النبي صلى الله عليه وسلم قال: «ما من مسلم يغرس غرسا» وقال مرة: «أو نخلا أو يزرع زرعا فيأكل منه بهيمة أو إنسان أو طير، إلا كان,0
Musnad at-Tayalisi,3128,UNGRADED,Prophets & Past Peoples; Food & Drink,2111 - # حدثنا أبو داود قال: حدثنا حماد بن سلمة، عن قتادة، عن أنس، قال: قال رسول الله صلى الله عليه وسلم: «إني لأرى التمرة فما يمنعني من أكلها إلا مخافة أن تكون من تمر الصدقة» #,0
Musnad at-Tayalisi,3129,UNGRADED,Prophets & Past Peoples,2112 - # حدثنا أبو داود قال: حدثنا هشام، عن قتادة، عن أنس، قال: «زجر النبي صلى الله عليه وسلم أن يشرب قائما» #,0
Musnad at-Tayalisi,3130,UNGRADED,Dhikr & Supplication; Justice & Judgement,2113 - # حدثنا أبو داود قال: حدثنا همام، عن قتادة، عن أنس، أن رسول الله صلى الله عليه وسلم كان يصلي، فسمع رجلا يقول: الحمد لله حمدا كثيرا طيبا مباركا فيه، فلما قضى صلاته قال: أيكم القائل كلمة كذا وكذا؟ فأرم القوم حتى قالها ثلاثا، فقال رجل: أنا قلتها يا رسول الله، وما أردت بها إلا الخير، فقال رسول الله صلى الله عليه وسلم: لقد رأيت اثني عشر ملكا ابتدروها حتى رفعوها، فقال تبارك وتعالى: اكتبوها كما قال عبدي، إلا أنهم سألوا ربهم: كيف يكتبونها؟ قال: «اكتبوها كما قال عبدي» #,0
Musnad at-Tayalisi,3131,UNGRADED,Prophets & Past Peoples,2114 - # حدثنا أبو داود قال: حدثنا هشام، عن قتادة، عن أنس أن ناسا من عرينة قدموا المدينة، فاجتووها، «فأمر لهم رسول الله صلى الله عليه وسلم بإبل وراعيها، وأمرهم أن يشربوا من ألبانها وأبوالها» قال: فسمنوا حتى تربعوا ثم قتلوا الراعي، وساقوا الإبل، «فأرسل رسول الله صلى الله عليه وسلم في طلبهم، فأتي بهم، فقطع أيديهم وأرجلهم، وسمر أعينهم، وألقاهم في الشمس حتى موتوا» #,0
Musnad at-Tayalisi,3132,UNGRADED,Prophets & Past Peoples,"2115 - # حدثنا أبو داود قال: حدثنا شعبة، عن قتادة، وعلي بن زيد، وعبد العزيز بن صهيب، عن أنس، أن رسول الله صلى الله عليه وسلم قال: "" لا يتمنين المؤمن الموت لضر نزل به، فإن كان لا بد قائلا فليقل: اللهم أحيني ما كانت الحياة خيرا لي، وتوفني إذا كانت الوفاة خيرا لي "" #",2
Musnad at-Tayalisi,3133,UNGRADED,Prophets & Past Peoples,2116 - # حدثنا أبو داود قال: حدثنا همام، عن قتادة، قال: سمعت أنسا، يقول: قال رسول الله صلى الله عليه وسلم: «لا يؤمن أحدكم حتى يحب لأخيه ما يحب لنفسه» #,0
Musnad at-Tayalisi,3134,UNGRADED,Prophets & Past Peoples,2117 - # حدثنا أبو داود قال: حدثنا هشام، عن قتادة، عن أنس، قال: قال رسول الله صلى الله عليه وسلم: «يكبر ابن آدم وتشب منه اثنتان، حرص على المال، وعلى طول العمر» #,0
Musnad at-Tayalisi,3135,UNGRADED,Prophets & Past Peoples,2118 - # حدثنا أبو داود قال: حدثنا أبو عوانة، عن قتادة، عن أنس، أن رسول الله صلى الله عليه وسلم قال: «تسحروا فإن السحور بركة» #,0
Musnad at-Tayalisi,3136,UNGRADED,Dhikr & Supplication; Knowledge & Scholars,2119 - # حدثنا أبو داود قال: حدثنا حماد بن سلمة، عن قتادة، عن أنس، أن رسول الله صلى الله عليه وسلم كان يقول: «اللهم إني أعوذ بك من علم لا ينفع، وعمل لا يرفع، وقلب لا يخشع، ودعاء لا يسمع» #,0
Musnad at-Tayalisi,3137,UNGRADED,Dhikr & Supplication; Prophets & Past Peoples,2120 - # حدثنا أبو داود قال: حدثنا حماد، عن قتادة، عن أنس، أن رسول الله صلى الله عليه وسلم كان يقول: «اللهم إني أعوذ بك من البرص والجنون والجذام وسيئ الأسقام» #,0
Musnad at-Tayalisi,3138,UNGRADED,Prophets & Past Peoples; Food & Drink,2121 - # حدثنا أبو داود قال: حدثنا همام، عن قتادة، عن أنس، قال: «بعثتني أم سليم بقناع فيه رطب إلى رسول الله صلى الله عليه وسلم فجعل رسول الله صلى الله عليه وسلم يقبض قبضة يبعث بها إلى أزواجه ثم أكل البقية أكل رجل يعلم أنه يشتهيه» #,0
Musnad at-Tayalisi,3139,UNGRADED,Day of Judgement; Prophets & Past Peoples,"2122 - # حدثنا هشام، عن قتادة، عن أنس، قال: قال رسول الله صلى الله عليه وسلم: "" يجمع المؤمنون يوم القيامة، فيهمون لذلك، يقولون: لو استشفعنا إلى ربنا عز وجل حتى يريحنا من مكاننا هذا، فيأتون آدم عليه السلام فيقولون: يا آدم، أنت أبو الناس خلقك الله بيده، وأسجد لك ملائكته، وعلمك أسماء كل شيء، اشفع لنا إلى ربنا حتى يريحنا من مكاننا هذا، فيقول: إني لست هناكم، ويذكر لهم خطيئته التي أصاب، ولكن ائتوا نوحا أول رسول بعثه الله إلى الأرض، فيأتون نوحا فيقول: إني لست هناكم، ويذكر لهم خطيئته التي أصاب، ولكن ائتوا إبراهيم خليل الرحمن عليه السلام فيأتون إبراهيم، فيقول: إني لست هناكم، ويذكر لهم",0
Musnad at-Tayalisi,3140,UNGRADED,Prophets & Past Peoples,"[ص: 501] # خطايا أصابهن، ولكن ائتوا موسى عليه السلام عبدا آتاه الله التوراة وكلمه تكليما، فيأتون موسى عليه السلام فيقول: إني لست هناكم: ويذكر لهم خطيئته التي أصاب، ولكن ائتوا عيسى عليه السلام عبد الله ورسوله وكلمة الله وروحه، فيأتون عيسى فيقول: لست هناكم ولكن ائتوا محمدا صلى الله عليه وسلم عبدا غفر الله له ما تقدم من ذنبه وما تأخر، فيأتوني فأنطلق فأستأذن على ربي فيؤذن لي عليه فإذا رأيت ربي تبارك وتعالى وقعت ساجدا فيدعني ما شاء أن يدعني , ثم يقال ارفع محمد , وقل تسمع , وسل تعطه , واشفع تشفع , فأحمد ربي بمحامد يعلمنيه ثم أشفع فيحد لي حدا , فأدخلهم الجنة , ثم أرجع , فإذا رأيت ربي وقعت له ساجدا , فيدعني ما شاء الله أن يدعني فيقال ارفع محمد , وقل تسمع , وسل تعطه , واشفع تشفع , فأحمد ربي بمحامد يعلمنيه , ثم أشفع فيحد لي حدا",0
Musnad at-Tayalisi,3142,UNGRADED,Day of Judgement,2123 - # حدثنا أبو داود قال: حدثنا عمران، عن قتادة، عن أنس، أن النبي صلى الله عليه وسلم قال: «إن الله عز وجل لا يظلم المؤمن، حسنته يثاب عليها الرزق في الدنيا، ويجزى بها في الآخرة، وأما الكافر فيعظم بها في الدنيا، فإذا كان يوم القيامة لم تكن له حسنة» #,0
Musnad at-Tayalisi,3143,UNGRADED,Paradise; Prophets & Past Peoples,2124 - # حدثنا أبو داود قال: حدثنا عمران، عن قتادة، عن أنس، أن رسول الله صلى الله عليه وسلم قال: «يعطى المؤمن في الجنة قوة كذا وكذا من النساء» قيل: يا رسول الله، ويطيق ذاك، قال «يعطى قوة مائة» #,0
Musnad at-Tayalisi,3144,UNGRADED,Prophets & Past Peoples,"2125 - # حدثنا أبو داود قال: حدثنا عمران، عن قتادة، عن أنس، قال: قال رسول الله صلى الله عليه وسلم: "" لكل إنسان ثلاثة أخلاء، فأما خليل فيقول: ما أنفقت فلك، وما أمسكت فليس لك، فذلك ماله، وأما خليل فيقول: أنا معك، فإذا أتيت باب الملك تركتك ورجعت، فذاك أهله وحشمه، وأما خليل فيقول: أنا معك حيث دخلت وحيث خرجت، فذلك عمله، فيقول: إن كنت لأهون الثلاثة علي "" أو قال: «عليك» #",0
Musnad at-Tayalisi,3146,UNGRADED,Repentance & Forgiveness; Women,"[ص: 505] # ، وعن أبي عوانة، عن قتادة، عن أنس، عن النبي صلى الله عليه وسلم قال: "" خرج ثلاثة فيمن كان قبلكم يرتادون لأهليهم، فأصابتهم السماء فلجئوا إلى جبل، فوقع عليهم حجر، فقال بعضهم لبعض: قد عفا الأثر، ترون قد وقع الحجر ولا يعلم بمكانكم إلا الله، فادعوا الله بأوثق أعمالكم، فقال أحدهم: اللهم، إن كنت تعلم أنه كان لي والدان، فكنت أحلب لهما في إنائهما، فإذا أتيتهما وهما نائمان قمت قائما حتى يستيقظا متى استيقظا، وكرهت أن يدور وسنهما في رءوسهما، فإذا استيقظا شربا، فإن كنت تعلم أنما فعلت ذلك رجاء رحمتك وخشية عذابك، ففرج عنا "" قال: "" فزال ثلث الحجر، قال: وقال الآخر: اللهم، إن كنت تعلم أنها كانت امرأة تعجبني، فأبت أن تمكنني من نفسها حتى جعلت لها جعلا، فلما أخذتها وفرت لها نفسها وجعلها، فإن كنت تعلم إنما فعلت ذلك خشية عذابك ورجاء رحمتك، ففرج عنا، قال: فزال ثلث آخر، وقال الثالث: اللهم إن كنت تعلم إني استأجرت أجيرا يعمل لي",0
Musnad at-Tayalisi,3148,UNGRADED,Prophets & Past Peoples,2127 - # حدثنا أبو داود قال: حدثنا عمران القطان، عن قتادة، عن أنس، قال: «كواني أبو طلحة ورسول الله صلى الله عليه وسلم بين أظهرنا فما نهيت عنه» #,0
Musnad at-Tayalisi,3149,UNGRADED,Prophets & Past Peoples,2128 - # حدثنا أبو داود قال: حدثنا هشام، عن قتادة، عن أنس، أن النبي صلى الله عليه وسلم «قنت شهرا فدعا على حي من أحياء العرب ثم تركه» #,0
Musnad at-Tayalisi,3150,UNGRADED,Prophets & Past Peoples,2129 - # حدثنا أبو داود قال: حدثنا يزيد بن إبراهيم، عن قتادة، عن أنس، أن النبي صلى الله عليه وسلم «نهى أن يشرب الرجل قائما» فقلت لأنس: فما تقول في الأكل قائما؟ قال: «هو أشد» #,0
Musnad at-Tayalisi,3152,UNGRADED,Treaties & Non-Muslims,[ص: 508] # : سمعت أنسا، يقول: «جمع القرآن على عهد رسول الله صلى الله عليه وسلم أربعة، أبي بن كعب، ومعاذ، وزيد بن ثابت، وأبو زيد» قال: قلت لأنس: من أبو زيد؟ قال: «أحد عمومتي» #,0
Musnad at-Tayalisi,3153,UNGRADED,Prayer (Salah); Prophets & Past Peoples,2131 - # حدثنا أبو داود قال: حدثنا همام، عن قتادة، عن أنس، أن رسول الله صلى الله عليه وسلم قال: «ما بال أقوام يرفعون أبصارهم في الصلاة» فاشتد قوله في ذلك حتى قال: «لينتهين عن ذلك أو لتخطفن أبصارهم» #,0
Musnad at-Tayalisi,3155,UNGRADED,Prophets & Past Peoples,"2132 - # حدثنا يونس، حدثنا أبو داود قال: حدثنا حماد بن سلمة، عن ثابت، عن أنس، "" أن رجلا كان يكتب لرسول الله صلى الله عليه وسلم، فكان إذا أملى عليه: {سميعا بصيرا} [النساء: 58] ، كتب: {سميعا عليما} [النساء: 148] ، فإذا كان: {سميعا عليما} [النساء: 148] كتب: {سميعا بصيرا} [النساء: 58] ، وكان قد قرأ البقرة وآل عمران، وكان من قرأهما فقد قرأ قرآنا كثيرا، قال: فتنصر الرجل، وقال: إنما كنت أكتب ما شئت عند محمد، قال: فمات فدفن فلفظته الأرض ثم دفن فلفظته الأرض قال أنس: قال أبو طلحة: «فأنا رأيته منبوذا على ظهر الأرض» #",0
Musnad at-Tayalisi,3157,UNGRADED,Prayer (Salah),[ص: 510] # : سمعت ثابتا، يحدث عن أنس، قال: «كان رسول الله صلى الله عليه وسلم يخرج علينا وقد نودي بالمغرب ونحن نصلي ركعتين فلا يأمرنا ولا ينهانا» #,0
Musnad at-Tayalisi,3158,UNGRADED,Marriage & Spouses; Prophets & Past Peoples,2134 - # حدثنا أبو داود قال: حدثنا الحكم بن عطية، عن ثابت، عن أنس، قال: «كان الذي تزوج عليه رسول الله صلى الله عليه وسلم أم سلمة، على شيء قيمته عشرة دراهم» #,0
Musnad at-Tayalisi,3159,UNGRADED,Character & Manners; Day of Judgement,2135 - # حدثنا أبو داود قال: حدثنا حماد بن يحيى الأبح، قال: حدثنا ثابت، عن أنس، أن النبي صلى الله عليه وسلم قال: «مثل أمتي مثل المطر لا يدرى أوله خير أم آخره» #,0
Musnad at-Tayalisi,3160,UNGRADED,Prophets & Past Peoples,2136 - # حدثنا أبو داود قال: حدثنا حماد بن سلمة، عن ثابت، عن أنس، أن رسول الله صلى الله عليه وسلم قال: «لما صور الله، عز وجل، آدم عليه السلام تركه ما شاء أن يتركه، فجعل إبليس يطيف به ينظر إليه، فلما رآه أجوف علم أنه خلق لا يتمالك» #,0
Musnad at-Tayalisi,3161,UNGRADED,Character & Manners; Prophets & Past Peoples,2137 - # حدثنا أبو داود قال: حدثنا حماد بن زيد، عن ثابت، عن أنس، قال: «كان رسول الله صلى الله عليه وسلم أشجع الناس» #,0
Musnad at-Tayalisi,3162,UNGRADED,Prophets & Past Peoples,2138 - # حدثنا أبو داود قال: حدثنا الحكم أو عثمان عن ثابت، عن أنس، عن النبي صلى الله عليه وسلم قال: «الشفاعة لأهل الكبائر من أمتي» #,0
Musnad at-Tayalisi,3163,UNGRADED,Prophets & Past Peoples,2139 - # حدثنا أبو داود قال: حدثنا سليمان بن المغيرة، عن ثابت، عن أنس، قال: دخل علينا رسول الله صلى الله عليه وسلم وما نحن إلا أنا وأمي وخالتي أم حرام، فقال: «قوموا أصلي بكم» فصلى بنا في غير وقت صلاة، قال رجل لثابت: فأين جعل أنس؟ قال: جعله عن يمينه، فلما قضى صلاته دعا لنا أهل البيت بكل خير من أمر الدنيا والآخرة، فقالت أمي: يا رسول الله، خويدمك، ادع الله له، قال: فدعا لي بكل خير، فكان في آخر ما دعا لي: «اللهم أكثر ماله وولده، وبارك له فيه» قال أبو داود: فذكروا أن أنسا قال: فولد من صلبي ثمانون #,0
Musnad at-Tayalisi,3164,UNGRADED,Prayer (Salah); Prophets & Past Peoples,2140 - # حدثنا أبو داود قال: حدثنا جرير بن حازم، عن ثابت، عن أنس، قال: قال رسول الله صلى الله عليه وسلم: «إذا أقيمت الصلاة فلا تقوموا حتى تروني» #,0
Musnad at-Tayalisi,3165,UNGRADED,Prophets & Past Peoples,2141 - # حدثنا أبو داود قال: حدثنا سليمان بن المغيرة، عن ثابت، عن أنس، قال: خرج ابن عمتي حارثة يوم بدر غلاما نظارا، ما خرج إلى القتال، وأصابه سهم فقتله، فجاءت أمه إلى النبي صلى الله عليه وسلم,0
Musnad at-Tayalisi,3167,UNGRADED,Prayer (Salah); Repentance & Forgiveness,2142 - # حدثنا أبو داود قال: حدثنا حماد، عن ثابت، عن أنس، قال: «ما صليت خلف أحد أخف صلاة من رسول الله صلى الله عليه وسلم في تمام، وكانت صلاة أبي بكر رحمه الله مقاربة، فلما كان عمر رحمه الله مد في الفجر» #,0
Musnad at-Tayalisi,3168,UNGRADED,Prophets & Past Peoples,2143 - # حدثنا أبو داود قال: حدثنا حماد، عن ثابت، قال: أخرج إلينا أنس قدحا، فقال: «سقيت في هذا رسول الله صلى الله عليه وسلم الشراب؛ الماء، والعسل، واللبن، والنبيذ» #,0
Musnad at-Tayalisi,3169,UNGRADED,Prophets & Past Peoples,2144 - # حدثنا أبو داود قال: حدثنا سليمان بن المغيرة، وحماد بن سلمة، عن ثابت، عن أنس، قال: «كنت أخدم رسول الله صلى الله عليه وسلم فخدمته ذات يوم، فلما فرغت من خدمتي ورجعت أريد أمي، رأيت صبيانا يلعبون، فقمت أنظر إلى لعبهم، فانتهى إليهم رسول الله صلى الله عليه وسلم، فسلم عليهم، ثم دعاني فبعثني في حاجة له، وجلس في فيء حتى أتيته,0
Musnad at-Tayalisi,3170,UNGRADED,Parents; Character & Manners,[ص: 519] # ، فاحتبست عن أمي عن الوقت الذي كنت آتيها فيها» فقالت: أي بني، ما حبسك؟ فأخبرتها، فقالت: فما هذا الذي بعثك؟ فقلت: «يا أمه، إنه سر رسول الله صلى الله عليه وسلم» فقالت: يا بني، فاحفظ على رسول الله صلى الله عليه وسلم سره، «فما أخبرت به أحدا من الناس ولو كنت مخبرا به أحدا أخبرتك به يا ثابت» #,0
Musnad at-Tayalisi,3171,UNGRADED,Prophets & Past Peoples; Treaties & Non-Muslims,2145 - # حدثنا أبو داود قال: حدثنا حماد بن سلمة، عن ثابت، قال: كنا عند أنس فقال: «والله ما أعرف اليوم شيئا كنت أعرفه على عهد رسول الله صلى الله عليه وسلم» قالوا: يا أبا حمزة، والصلاة؟ قال: «أوليس,0
Musnad at-Tayalisi,3173,UNGRADED,Prophets & Past Peoples,2146 - # حدثنا أبو داود قال: حدثنا حماد بن سلمة، عن ثابت، عن أنس، قال: «كان رسول الله صلى الله عليه وسلم يغير عند الصباح، فيستمع، فإن سمع أذانا أمسك، وإلا أغار» #,0
Musnad at-Tayalisi,3175,UNGRADED,Prayer (Salah); Travel & Migration,"[ص: 521] # الأنصاري، خرجا إلى الصلاة مع رسول الله صلى الله عليه وسلم في ليلة حندس، يعني ظلماء، فلما رجعا إلى بيوتهما، صار بين أيديهما ضوء، حتى إذا أرادا أن يتفرقا، صار مع كل واحد منهما ضوء "" #",0
Musnad at-Tayalisi,3176,UNGRADED,Dhikr & Supplication; The Grave & Barzakh,2148 - # حدثنا أبو داود قال: حدثنا شعبة، عن ثابت، عن أنس، أن النبي صلى الله عليه وسلم كان يكثر أن يدعو؛ يقول: «اللهم ربنا آتنا في الدنيا حسنة، وفي الآخرة حسنة وقنا عذاب النار» قال شعبة: فذكرت ذلك لقتادة، فقال: كان أنس يدعو به، ولم يرفعه #,0
Musnad at-Tayalisi,3177,UNGRADED,Fasting & Ramadan,"2149 - # حدثنا أبو داود قال: حدثنا حماد بن سلمة، عن ثابت، عن أنس، قال: "" كان رسول الله صلى الله عليه وسلم يصوم حتى يقول: صام صام، ويفطر حتى يقول: أفطر أفطر "" #",0
Musnad at-Tayalisi,3178,UNGRADED,Prophets & Past Peoples; Treaties & Non-Muslims,2150 - # حدثنا أبو داود قال: حدثنا حماد بن سلمة، عن ثابت، عن أنس قال: إن أهل اليمن قدموا على رسول الله صلى الله عليه وسلم، فقالوا يا رسول الله: ابعث معنا معاذ بن جبل يعلمنا كتاب ربنا وسنة نبينا، فأخذ رسول الله صلى الله عليه وسلم بيد أبي عبيدة بن الجراح، فقال: «هذا أمين هذه الأمة» فبعثه معهم #,0
Musnad at-Tayalisi,3179,UNGRADED,Prayer (Salah); Prophets & Past Peoples,"2151 - # حدثنا أبو داود قال: حدثنا شعبة، عن ثابت، عن أنس، قال: كان ينعت لنا صلاة رسول الله صلى الله عليه وسلم "" فإذا رفع رأسه من",0
Musnad at-Tayalisi,3181,UNGRADED,Prophets & Past Peoples,2152 - # حدثنا أبو داود قال: حدثنا شعبة، عن ثابت، عن أنس، قال: قال رسول الله صلى الله عليه وسلم: «الصبر عند أول الصدمة» #,0
Musnad at-Tayalisi,3182,UNGRADED,Prophets & Past Peoples; Treaties & Non-Muslims,2153 - # حدثنا أبو داود قال: حدثنا صالح المري، عن ثابت، عن أنس، قال: قال رسول الله صلى الله عليه وسلم: «عمار مساجد الله هم أهل الله عز وجل» #,0
Musnad at-Tayalisi,3183,UNGRADED,Prophets & Past Peoples,2154 - # حدثنا أبو داود قال: حدثنا أبو بشر، عن ثابت، عن أنس، قال: «كان رسول الله صلى الله عليه وسلم يتتبع الطيب في رباع النساء» #,0
Musnad at-Tayalisi,3184,UNGRADED,Day of Judgement; Prophets & Past Peoples,2155 - # حدثنا أبو داود قال: حدثنا جرير بن حازم، عن ثابت، عن أنس، قال: «كان النبي صلى الله عليه وسلم يكلم يوم الجمعة إذا نزل من المنبر» #,0
Musnad at-Tayalisi,3187,UNGRADED,Quran & Recitation; Women,"[ص: 527] # ثابت، عن أنس، قال: "" جاء خالي أنس بن النضر وبه سميت، لم يشهد مع رسول الله صلى الله عليه وسلم بدرا، فعظم ذلك عليه وقال: أول مشهد شهده رسول الله صلى الله عليه وسلم غبت عنه، أما والله لئن أراني الله مشهدا بعده ليرين الله ما أصنع، قال: فهاب أن يقول غيرها، فلما كان يوم أحد من العام المقبل، شهد فرأى سعد بن معاذ منهزما، فقال: أين يا أبا عمرو؟ واها لريح الجنة أجدها دون أحد، فقاتل حتى قتل فوجد به بضع وثمانون ما بين ضربة وطعنة ورمية، فقالت أخته الربيع بنت النضر: والله ما عرفت أخي إلا ببنانه، كان حسن البنان، قال: وأنزلت هذه الآية: {من المؤمنين رجال صدقوا ما عاهدوا الله عليه} [الأحزاب: 23] الآية قال أنس: فكنا نرى أنها نزلت فيه "" #",0
Musnad at-Tayalisi,3188,UNGRADED,Prophets & Past Peoples,2158 - # حدثنا أبو داود قال: حدثنا المبارك بن فضالة، عن ثابت، عن أنس، قال: لما ثقل رسول الله صلى الله عليه وسلم، قالت فاطمة: واكرباه، فقال رسول الله صلى الله عليه وسلم: «إنه ليس على أبيك كرب بعد اليوم» #,0
Musnad at-Tayalisi,3189,UNGRADED,Quran & Recitation,2159 - # حدثنا أبو داود قال: حدثنا عمارة بن زاذان، قال: كنا عند ثابت، وعنده شيخ، فذكرنا ما يقرأ في العيدين، فقال الشيخ: صحبت أنس بن مالك إلى الزاوية يوم عيد، وإذا مولى له يصلي بهم، فقرأ: سبح اسم ربك الأعلى والليل إذا يغشى فقال أنس: «لقد قرأ بالسورتين اللتين قرأ بهما رسول الله صلى الله عليه وسلم في العيد» #,0
Musnad at-Tayalisi,3190,UNGRADED,Dhikr & Supplication; Prophets & Past Peoples,2160 - # حدثنا أبو داود قال: حدثنا شعبة، عن ثابت، قال: سمعت أنسا، يقول: «كان رسول الله صلى الله عليه وسلم يرفع يديه في الدعاء حتى يرى بياض إبطيه» قال شعبة: فذكرت ذلك لعلي بن زيد، فقال: إنما ذلك في الاستسقاء، قلت: سمعته من أنس، فقال: سبحان الله #,0
Musnad at-Tayalisi,3191,UNGRADED,Character & Manners; Prophets & Past Peoples,2161 - # حدثنا أبو داود قال: حدثنا حماد بن سلمة، عن ثابت، عن أنس، قال: كان أنجشة يحدو بالنساء، وكان البراء بن مالك يحدو بالرجال، وكان أنجشة حسن الصوت، وكان إذا حدا أعنقت الإبل، فقال رسول الله صلى الله عليه وسلم: «ويلك يا أنجشة رويدك سوقك بالقوارير» #,0
Musnad at-Tayalisi,3192,UNGRADED,Anger & Patience; Prophets & Past Peoples,2162 - # حدثنا أبو داود قال: حدثنا محمد بن ثابت، عن أبيه، عن أنس، قال: دخل أبو طلحة على النبي صلى الله عليه وسلم في شكواه الذي قبض فيه، فقال: «أقرئ قومك السلام فإنهم أعفة صبر» #,0
Musnad at-Tayalisi,3193,UNGRADED,Character & Manners; Hellfire,2163 - # حدثنا أبو داود قال: حدثنا حماد بن سلمة، عن ثابت، عن أنس، عن النبي صلى الله عليه وسلم قال: «أول شيء يحشر الناس نار تحشرهم من المشرق إلى المغرب» #,0
Musnad at-Tayalisi,3194,UNGRADED,Paradise; Prophets & Past Peoples,2164 - # حدثنا أبو داود قال: حدثنا حماد بن سلمة، عن ثابت، عن أنس، عن النبي صلى الله عليه وسلم قال: «أول شيء يأكله أهل الجنة زيادة كبد الحوت» #,0
Musnad at-Tayalisi,3195,UNGRADED,Women; Prophets & Past Peoples,"2165 - # حدثنا أبو داود قال: حدثنا حماد بن سلمة، عن ثابت، عن أنس، قال: كانت المرأة من اليهود إذا حاضت لم يؤاكلوها، ولم يشاربوها، ولم يجامعوها في البيت، فأنزل الله عز وجل: {ويسألونك عن المحيض قل هو أذى} [البقرة: 222] إلى قوله: {حتى يطهرن} [البقرة: 222] ، فأمر رسول الله صلى الله عليه وسلم أن يؤاكلوهن وأن يشاربوهن وأن يجامعوهن في البيوت ويفعلوا ما شاءوا إلا الجماع "" فقالت اليهود: ما يريد هذا الرجل أن يدع شيئا من أمرنا إلا خالفنا فيه، فجاء أسيد بن حضير، وعباد بن بشر فذكرا ذلك لرسول الله صلى الله عليه وسلم من قول اليهود، فقالوا: يا رسول الله، أفلا نجامعهن؟ فتمعر وجه رسول الله صلى الله عليه وسلم حتى ظننا أن قد وجد عليهما، فخرجا من عنده، فجاءت رسول الله صلى الله عليه وسلم هدية لبن، فبعث في آثارهما حتى سقاهما من اللبن، فظننا أنه لم يجد عليهما #",0
Musnad at-Tayalisi,3196,UNGRADED,Prophets & Past Peoples,2166 - # حدثنا أبو داود قال: حدثنا المبارك بن فضالة، عن ثابت، عن أنس، قال: قال رسول الله صلى الله عليه وسلم: «ما تحاب رجلان في الله عز وجل إلا كان أفضلهما أشدهما حبا لصاحبه» #,0
Musnad at-Tayalisi,3198,UNGRADED,Trade & Business,[ص: 534] # ، عن أنس، أن رسول الله صلى الله عليه وسلم «اشترى صفية بسبعة أرؤس» #,0
Musnad at-Tayalisi,3199,UNGRADED,Prophets & Past Peoples,2168 - # حدثنا أبو داود قال: حدثنا سليمان بن المغيرة، وحماد بن سلمة، وجعفر بن سليمان، كلهم عن ثابت. حدثنا أبو داود قال: عن أنس وحدثناه شيخ، سمعه من النضر بن أنس، وقد دخل حديث بعضهم في بعض، قال: قال مالك أبو أنس لامرأته أم سليم، وهي أم أنس: إن هذا الرجل يعني النبي صلى الله عليه وسلم يحرم الخمر، فانطلق حتى أتى الشام فهلك هناك، فجاء أبو طلحة فخطب أم سليم، فكلمها في ذلك، فقالت: يا أبا طلحة، ما مثلك يرد، ولكنك امرؤ كافر، وأنا امرأة مسلمة، لا يصلح لي أن أتزوجك، فقال: ما ذاك دهرك قالت: وما دهري؟ قال: الصفراء والبيضاء، قالت: فإني لا أريد صفراء ولا بيضاء، أريد منك الإسلام، قال: فمن لي بذلك؟ قالت: لك بذلك رسول الله صلى الله عليه وسلم، فانطلق أبو طلحة يريد النبي صلى الله عليه وسلم,0
Musnad at-Tayalisi,3200,UNGRADED,Dhikr & Supplication; Women,[ص: 535] # ، ورسول الله جالس في أصحابه، فلما رآه قال: «جاءكم أبو طلحة، غرة الإسلام بين عينيه» فجاء فأخبر النبي صلى الله عليه وسلم بما قالت أم سليم، فتزوجها على ذلك، قال ثابت: فما بلغنا أن مهرا كان أعظم منه، إنها رضيت الإسلام مهرا فتزوجها، وكانت امرأة مليحة العينين، فيها صغر، فكانت معه حتى ولد له بني، وكان يحبه أبو طلحة حبا شديدا، ومرض الصبي وتواضع أبو طلحة لمرضه أو تضعضع له فانطلق أبو طلحة إلى النبي صلى الله عليه وسلم، ومات الصبي، فقالت أم سليم: لا ينعين إلى أبي طلحة أحد ابنه حتى أكون أنا الذي أنعاه له، فهيأت الصبي ووضعته، وجاء أبو طلحة من عند رسول الله صلى الله عليه وسلم، حتى دخل عليها، فقال: كيف ابني؟ فقالت: يا أبا طلحة، ما كان منذ اشتكى أسكن منه الساعة، قال: فلله الحمد، فأتته بعشائه، فأصاب منه، ثم قامت فتطيبت وتعرضت له فأصاب منها، فلما علمت أنه طعم وأصاب منها، قالت: يا أبا طلحة، أرأيت لو أن قوما أعاروا قوما عارية لهم، فسألوهم إياها، أكان لهم أن يمنعوهم؟ فقال: لا، قالت: فإن الله عز وجل كان,0
Musnad at-Tayalisi,3203,UNGRADED,Prophets & Past Peoples,2169 - # حدثنا يونس، حدثنا أبو داود قال: حدثنا حماد بن سلمة، عن علي بن زيد بن جدعان، عن أنس بن مالك أن ملك الروم أهدى إلى النبي صلى الله عليه وسلم مستقة سندس فلبسها، فكأني أنظر إلى ثدييه يتذبذبان، فجعل أصحابه يلمسونها ويقولون: لأنزل,0
Musnad at-Tayalisi,3206,UNGRADED,Prayer (Salah),"2171 - # حدثنا أبو داود قال: حدثنا حماد بن سلمة، عن علي بن زيد، عن أنس، عن النبي صلى الله عليه وسلم، أنه كان يمر على باب فاطمة شهرا قبل صلاة الصبح، فيقول: "" الصلاة يا أهل البيت، {إنما يريد الله ليذهب عنكم الرجس أهل البيت} [الأحزاب: 33] "" #",0
Musnad at-Tayalisi,3207,UNGRADED,Hellfire; Angels & the Unseen,"2172 - # حدثنا أبو داود قال: حدثنا ابن فضالة، عن علي بن زيد، عن أنس، قال: قال رسول الله صلى الله عليه وسلم: "" لما أسري بي أتيت على قوم تقطع شفاههم بمقاريض من نار، قلت: يا جبريل، ما هؤلاء؟ قال: هؤلاء الخطباء من أمتك "" #",0
Musnad at-Tayalisi,3209,UNGRADED,Prophets & Past Peoples,2173 - # حدثنا أبو داود قال: حدثنا شعبة، عن عبد العزيز بن صهيب، قال: سمعت أنسا، يحدث عن النبي صلى الله عليه وسلم أنه قال: «من لبس الحرير في الدنيا، لم يلبسه في الآخرة» #,0
Musnad at-Tayalisi,3211,UNGRADED,Paradise; Prophets & Past Peoples,2175 - # حدثنا أبو داود قال: حدثنا شعبة، عن عبد العزيز بن صهيب، عن أنس، قال: مروا على رسول الله صلى الله عليه وسلم بجنازة، فأثنوا عليه خيرا، فقال رسول الله صلى الله عليه وسلم: «وجبت» ومروا بجنازة أخرى، فأثنوا عليها شرا، فقال رسول الله صلى الله عليه وسلم «وجبت» فقال له عمر: يا رسول الله، ما وجبت؟ فقال رسول الله صلى الله عليه وسلم «أنتم شهداء الله في الأرض، فمن أثنيتم عليه خيرا وجبت له الجنة، ومن أثنيتم عليه شرا وجبت له النار» #,0
Musnad at-Tayalisi,3212,UNGRADED,Prophets & Past Peoples,2176 - # حدثنا أبو داود قال: حدثنا عبد الوارث، عن عبد العزيز، عن أنس، أن النبي صلى الله عليه وسلم «نهى أن يتزعفر الرجل» #,0
Musnad at-Tayalisi,3213,UNGRADED,Prophets & Past Peoples,2177 - # حدثنا أبو داود قال: حدثنا الحكم بن عطية، عن عبد العزيز أو ثابت، شك أبو داود عن أنس، قال: «كان رسول الله صلى الله عليه وسلم يخرج إلى المهاجرين والأنصار، ما منهم أحد يحل حبوته إلا أبو بكر وعمر، رضي الله عنهما، يتبسم إليهما ويتبسمان إليه» #,0
Musnad at-Tayalisi,3215,UNGRADED,Prophets & Past Peoples,2178 - # حدثنا أبو داود قال: حدثنا شعبة، عن التميمي، عن أنس، قال: عطس رجلان عند النبي صلى الله عليه وسلم، فشمت أحدهما، ولم يشمت الآخر، فقال: يا رسول الله، شمت هذا ولم تشمتني فقال رسول الله صلى الله عليه وسلم: «إنه حمد الله، فشمته، وأنت لم تحمد الله فلم أشمتك» #,0
Musnad at-Tayalisi,3217,UNGRADED,Prayer (Salah); Prophets & Past Peoples,2179 - # حدثنا أبو داود قال: حدثنا شعبة، عن هشام بن زيد، عن أنس، قال: أنفجنا أرنبا بمر الظهران، فسعى خلفها أصحاب النبي صلى الله عليه وسلم، فلغبوا، وأدركتها أنا فذبحتها بمروة، فأتيت بها أبا طلحة، فبعث إلى النبي صلى الله عليه وسلم بفخذ منها أو وركيها «فأكله» قلت: أكله؟ قال: «قبله» #,0
Musnad at-Tayalisi,3218,UNGRADED,Women; Character & Manners,2180 - # حدثنا أبو داود قال: حدثنا شعبة، قال: أخبرني هشام بن زيد، عن أنس، أن امرأة من الأنصار أتت النبي صلى الله عليه وسلم تكلمه في شيء، فخلت به، فقال رسول الله صلى الله عليه وسلم: «والذي نفسي بيده، إنكم لأحب الناس إلي» قال: يعني الأنصار #,0
Musnad at-Tayalisi,3219,UNGRADED,Signs of the End Times; Prophets & Past Peoples,2181 - # حدثنا أبو داود قال: حدثنا حماد بن سلمة، عن هشام بن زيد، عن أنس، قال: قال رسول الله صلى الله عليه وسلم: «إن قامت الساعة وفي يد أحدكم فسيل، فإن استطاع ألا تقوم الساعة حتى يغرسها، فليفعل» #,0
Musnad at-Tayalisi,3220,UNGRADED,Treaties & Non-Muslims,"2182 - # حدثنا أبو داود قال: حدثنا شعبة، عن هشام بن زيد، عن أنس، أن رجلا من أهل الكتاب سلم على رسول الله صلى الله عليه وسلم فقال: «السام عليك» فقال عمر: يا رسول الله أنا أضرب عنقه، فقال رسول الله صلى الله عليه وسلم: "" إذا سلم عليك أهل الكتاب، فقولوا: وعليكم "" #",0
Musnad at-Tayalisi,3221,UNGRADED,Anger & Patience; Prophets & Past Peoples,"2183 - # حدثنا أبو داود قال: حدثنا شعبة، عن هشام بن زيد، عن أنس، أن النبي صلى الله عليه وسلم نهى عن صبر البهائم "" #",0
Musnad at-Tayalisi,3223,UNGRADED,Prophets & Past Peoples,2184 - # حدثنا يونس، حدثنا أبو داود قال: حدثنا شعبة، قال: أخبرني موسى بن أنس، عن أنس، أن النبي صلى الله عليه وسلم قال: «لو تعلمون ما أعلم لضحكتم قليلا ولبكيتم كثيرا» #,0
Musnad at-Tayalisi,3224,UNGRADED,Prophets & Past Peoples,2185 - # حدثنا أبو داود قال: حدثنا محمد بن راشد، قال: سألت موسى بن أنس: أخضب رسول الله صلى الله عليه وسلم؟ فقال: سمعت أنسا يقول: «لم يبلغ رسول الله صلى الله عليه وسلم ما أن يخضب، ولكن أبو بكر,0
Musnad at-Tayalisi,3227,UNGRADED,Prophets & Past Peoples,"2186 - # حدثنا يونس، حدثنا أبو داود قال: حدثنا حماد بن زيد، عن عبيد الله بن أبي بكر بن أنس، عن أنس، عن النبي صلى الله عليه وسلم قال: "" إن الله، عز وجل، وكل بالرحم ملكا، فيقول: يا رب نطفة، يا رب علقة، يا رب مضغة، فإذا أراد الله، عز وجل، أن يتم خلقها قال: يا رب ذكرا أم أنثى، شقي أم سعيد، فيكتب ذلك في بطن أمه "" #",0
Musnad at-Tayalisi,3228,UNGRADED,Prophets & Past Peoples,2187 - # حدثنا أبو داود قال: حدثنا حماد بن زيد، عن عبيد الله بن أبي بكر، عن أنس، أن رجلا اطلع على النبي صلى الله عليه وسلم في بعض حجره، ومع النبي صلى الله عليه وسلم مشقص، فقال أنس: «فأنا رأيته يختله ليطعنه» #,0
Musnad at-Tayalisi,3229,UNGRADED,Parents; Prophets & Past Peoples,2188 - # حدثنا أبو داود قال: حدثنا شعبة، عن عبيد الله، عن أنس، قال: سئل رسول الله صلى الله عليه وسلم عن الكبائر، فقال: «الإشراك بالله، وعقوق الوالدين، وقتل النفس، وشهادة الزور» أو «قول الزور» #,0
Musnad at-Tayalisi,3231,UNGRADED,Prayer (Salah); Prophets & Past Peoples,2189 - # حدثنا يونس، حدثنا أبو داود قال: حدثنا أبو عوانة، عن عبد الرحمن بن الأصم، قال: سمعت أنسا، وسئل عن التكبير في الصلاة إذا ركع وإذا سجد، فقال: «يكبر إذا ركع، وإذا رفع، وإذا سجد، وإذا قام من الركعتين» قال: عن من؟ قال: عن النبي صلى الله عليه وسلم، وعن أبي بكر، وعن عمر، فقال له حكيم: وعن عثمان؟ قال: وعن عثمان #,0
Musnad at-Tayalisi,3232,UNGRADED,Day of Judgement; Resurrection & Intercession,2190 - # حدثنا أبو داود قال: حدثنا أبو عوانة، عن عبد الرحمن، عن أنس، أن رسول الله صلى الله عليه وسلم بعث إلى عمر بثوب سندس، فأتاه عمر,0
Musnad at-Tayalisi,3233,UNGRADED,Other Narrations,[ص: 551] # ، فقال: يا رسول الله بعثت إلي بهذا، وقد قلت ما قلت يعني: في الحرير فقال: «إني لم أبعث إليك لتلبسه، ولكن تنتفع به أو تستمتع به» #,0
Musnad at-Tayalisi,3235,UNGRADED,Prophets & Past Peoples,"2191 - # حدثنا يونس، حدثنا أبو داود قال: حدثنا عبد العزيز بن أبي سلمة، حدثنا إسحاق بن عبد الله بن أبي طلحة، عن أنس، قال: "" كان رسول الله صلى الله عليه وسلم يدخل بيت أم سليم وينام على فراشها، وليست ثم، قال: فأتيت يوما، فقيل لها: هو ذا رسول الله صلى الله عليه وسلم على فراشك، فانتهت إليه وقد عرق عرقا شديدا، وذلك في الحر، فأخذت قارورة فجعلت تأخذ من ذلك العرق فتجعله في القارورة، فاستيقظ رسول الله صلى الله عليه وسلم فقال: «ما تصنعين؟» قالت: يا رسول الله بركتك، نجعله في طيبنا، فقال رسول الله صلى الله عليه وسلم",0
Musnad at-Tayalisi,3237,UNGRADED,Bloodshed & Murder; Day of Judgement,2192 - # حدثنا أبو داود قال: حدثنا حماد بن سلمة، عن إسحاق بن عبد الله، عن أنس، قال: جاءت هوازن يوم حنين تكثر على رسول الله صلى الله عليه وسلم بالنساء والصبيان والإبل والغنم، فانهزم المسلمون يومئذ، فجعل رسول الله صلى الله عليه وسلم يقول: «يا هوازن، يا معشر المسلمين المهاجرين والأنصار، إني عبد الله ورسوله، يا معشر المسلمين، إلي أنا عبد الله ورسوله» فهزم الله المشركين من غير أن يطعن برمح أو يرمى بسهم، وقال رسول الله صلى الله عليه وسلم يومئذ: «من قتل مشركا فله,0
Musnad at-Tayalisi,3238,UNGRADED,Truthfulness & Lying,[ص: 553] # سلبه» فقتل أبو طلحة يومئذ عشرين رجلا، وأخذ أسلابهم، قال أبو قتادة: يا رسول الله إني حملت على رجل فضربته على حبل العاتق فأجهضت عنه، وعليه درع، فانظر من أخذها، فقال رجل: أنا أخذتها يا رسول الله، فأعطنيها وأرضه منها، وكان رسول الله صلى الله عليه وسلم لا يسأل شيئا إلا أعطاه، أو يسكت، فقال عمر: لا، والله لا يفيئها الله على أسد من أسده ثم نعطيكها، فقال رسول الله صلى الله عليه وسلم: «صدق عمر» قال: ورأى أبو طلحة مع أم سليم خنجرا، فقال: ما تصنعين بهذا؟ قالت: أريد إن دنا أحد من المشركين أن أبعج بطنه، فذكر ذلك أبو طلحة لرسول الله صلى الله عليه وسلم، فضحك رسول الله صلى الله عليه وسلم، وقال: «يا أم سليم، إن الله قد كفى وأحسن» فقالت: يا رسول الله، اقتل هؤلاء ينهزموا بك #,0
Musnad at-Tayalisi,3239,UNGRADED,Quran & Recitation; Zakah & Charity,2193 - # حدثنا أبو داود قال: حدثنا همام بن يحيى، عن إسحاق بن عبد الله، عن أنس، قال: لما نزلت هذه الآية: {لن تنالوا البر} [آل عمران: 92] الآية، جاء أبو طلحة إلى رسول الله صلى الله عليه وسلم، فقال: أرى الله يستقرضنا، وإني أشهدك أن أرضي بأريحاء صدقة، فليضعها رسول الله صلى الله عليه وسلم حيث شاء، فقال رسول الله صلى الله عليه وسلم: «ضعها في قرابتك» قال: فجعلها حدائق بين حسان بن ثابت وأبي بن كعب #,0
Musnad at-Tayalisi,3241,UNGRADED,Prophets & Past Peoples,2194 - # حدثنا يونس، حدثنا أبو داود قال: حدثنا ابن فضالة، عن إسماعيل بن عبد الله بن أبي طلحة، عن أنس، قال: «ما رأيت رسول الله صلى الله عليه وسلم عرض عليه طيب قط فرده» #,0
Musnad at-Tayalisi,3243,UNGRADED,Prophets & Past Peoples,2195 - # حدثنا يونس، حدثنا أبو داود قال: حدثنا محمد بن أبي حميد الأنصاري، قال: أخبرني حفص بن عبيد الله بن أنس، عن أنس، قال: قال رسول الله صلى الله عليه وسلم: «إن من الناس ناسا مفاتيح للخير مغاليق للشر، وإن من الناس ناسا مفاتيح للشر مغاليق للخير، فطوبى لمن كان مفاتيح الخير على يديه، وويل لمن جعل مفاتيح الشر على يديه» #,0
Musnad at-Tayalisi,3245,UNGRADED,Prophets & Past Peoples,2196 - # حدثنا أبو داود قال: حدثنا شعبة، قال: حدثني عتاب مولى هرمز، قال: سمعت أنسا، يقول: «بايعت رسول الله صلى الله عليه وسلم بيدي هذه على السمع والطاعة فيما استطعت» #,0
Musnad at-Tayalisi,3248,UNGRADED,Prophets & Past Peoples,2198 - # حدثنا يونس قال: حدثنا أبو داود قال: حدثنا حماد بن سلمة، وشعبة، وعبد الوارث، أحسنهم حديثا له كلهم يحدثنا عن أبي التياح، عن أنس، أن رسول الله صلى الله عليه وسلم لما قدم المدينة نزل في علوها على حي من الأنصار يقال لهم بنو عمرو بن عوف فأقام فيهم أربع عشرة ليلة، ثم أرسل إلى بني النجار، فأتوه متقلدين سيوفهم، قال أنس: فأنا رأيت رسول الله صلى الله عليه وسلم على راحلته، وردفه أبو بكر، فانطلق,0
Musnad at-Tayalisi,3250,UNGRADED,Prophets & Past Peoples,2199 - # حدثنا أبو داود قال: حدثنا شعبة، عن أبي التياح، عن أنس، أن رسول الله صلى الله عليه وسلم قال: «يسروا ولا تعسروا، وسكنوا ولا تنفروا» #,0
Musnad at-Tayalisi,3251,UNGRADED,Prophets & Past Peoples,2200 - # حدثنا أبو داود قال: حدثنا شعبة، قال: أخبرني أبو التياح، قال: سمعت أنسا، قال: قال رسول الله صلى الله عليه وسلم لأبي ذر: «اسمع وأطع، ولو لحبشي كأن رأسه زبيبة» #,0
Musnad at-Tayalisi,3252,UNGRADED,Prophets & Past Peoples,2201 - # حدثنا أبو داود قال: حدثنا شعبة، عن أبي التياح، عن أنس، أن النبي صلى الله عليه وسلم قال: «البركة في نواصي الخيل» #,0
Musnad at-Tayalisi,3253,UNGRADED,Prophets & Past Peoples,2202 - # حدثنا أبو داود قال: حدثنا شعبة، عن أبي التياح، قال: سمعت أنسا، يقول: إن كان رسول الله صلى الله عليه وسلم ليخالطنا حتى يقول لأخ لي صغيرا «يا أبا عمير، ما فعل النغير؟» #,0
Musnad at-Tayalisi,3254,UNGRADED,Prophets & Past Peoples,2203 - # حدثنا أبو داود قال: حدثنا شعبة، عن أبي التياح، قال: سمعت أنسا، يحدث عن النبي صلى الله عليه وسلم قال: «بعثت أنا والساعة كهاتين» وأشار بالسبابة والوسطى #,0
Musnad at-Tayalisi,3256,UNGRADED,Prophets & Past Peoples,"2204 - # حدثنا يونس قال: حدثنا أبو داود قال: حدثنا زمعة، عن الزهري، عن أنس، أن رسول الله صلى الله عليه وسلم صرع من فرس، فجحش شقه الأيمن، فصلى قاعدا، وصلينا خلفه قعودا، فلما سلم قال: "" إنما",0
Musnad at-Tayalisi,3258,UNGRADED,Prophets & Past Peoples,2205 - # حدثنا أبو داود قال: حدثنا ابن أبي ذئب، وزمعة، وسفيان، عن الزهري، عن أنس، قال: قال رسول الله صلى الله عليه وسلم: «لا تحاسدوا، ولا تباغضوا، ولا تقاطعوا، ولا تدابروا، وكونوا عباد الله إخوانا» #,0
Musnad at-Tayalisi,3259,UNGRADED,Prophets & Past Peoples,2206 - # حدثنا أبو داود قال: حدثنا ابن أبي ذئب، عن الزهري، عن أنس، قال: قال رسول الله صلى الله عليه وسلم: «لا يحل لمسلم أن يهجر أخاه فوق ثلاثة أيام» #,0
Musnad at-Tayalisi,3260,UNGRADED,Prophets & Past Peoples,2207 - # حدثنا أبو داود قال: حدثنا ابن أبي ذئب، عن الزهري، عن أنس، أن رسول الله صلى الله عليه وسلم «كان يصلي العصر ويذهب الذاهب إلى العوالي والشمس مرتفعة» #,0
Musnad at-Tayalisi,3261,UNGRADED,Oaths & Vows; Prophets & Past Peoples,2208 - # حدثنا أبو داود قال: حدثنا زمعة، عن الزهري، عن أنس، قال: أتانا رسول الله صلى الله عليه وسلم في دارنا، فحلبنا له شاة وشيب له من ماء البئر، ونوول القدح، وأبو بكر رضي الله عنه عن يساره وأعرابي عن يمين رسول الله صلى الله عليه وسلم فشرب رسول الله صلى الله عليه وسلم، وأعطى الأعرابي فضله، ثم قال رسول الله صلى الله عليه وسلم: «الأيمن فالأيمن» #,0
Musnad at-Tayalisi,3264,UNGRADED,Modesty & Dress; Debt & Loans,2210 - # حدثنا أبو داود قال: حدثنا وهيب، عن خالد، عن أبي قلابة، عن أنس، قال: قال رسول الله صلى الله عليه وسلم: «أرحم أمتي بأمتي أبو بكر، وأشدهم في دين الله عمر، وأشدهم حياء أو أصدقهم حياء,0
Musnad at-Tayalisi,3267,UNGRADED,Prophets & Past Peoples,2211 - # حدثنا يونس، حدثنا أبو داود قال: حدثنا شعبة، عن أنس بن سيرين، سمع أنسا، يقول: «صلى رسول الله صلى الله عليه وسلم على حصير» #,0
Musnad at-Tayalisi,3268,UNGRADED,Prophets & Past Peoples,2212 - # حدثنا أبو داود قال: حدثنا شعبة، عن أنس بن سيرين، قال: قال رجل لأنس: أكان رسول الله صلى الله عليه وسلم يصلي الضحى؟ قال: «ما رأيته صلاها» #,0
Musnad at-Tayalisi,3269,UNGRADED,Dhikr & Supplication; Prophets & Past Peoples,2213 - # حدثنا أبو داود قال: حدثنا حماد بن سلمة، قال: حدثنا أنس بن سيرين، عن أنس، أن رسول الله صلى الله عليه وسلم «قنت شهرا يدعو على عصية» #,0
Musnad at-Tayalisi,3274,UNGRADED,Prophets & Past Peoples,2215 - # حدثنا يونس قال: حدثنا أبو داود قال: حدثنا شعبة، قال: أخبرني عبد الله بن عبد الله بن جبر، سمع أنسا، يقول: قال رسول الله صلى الله عليه وسلم في الأنصار: «الأنصار آية المؤمن وآية المنافق، لا يحبهم إلا مؤمن، ولا يبغضهم إلا منافق» #,0
Musnad at-Tayalisi,3275,UNGRADED,Prophets & Past Peoples,2216 - # حدثنا أبو داود قال: حدثنا شعبة قال: أخبرني عبد الله بن عبد الله بن جبر، قال: سمعت أنسا، يقول: «كان النبي صلى الله عليه وسلم يتوضأ بمكوك ويغتسل بخمس مكاكي» #,0
Musnad at-Tayalisi,3277,UNGRADED,Prophets & Past Peoples,2217 - # حدثنا يونس قال: حدثنا أبو داود قال: حدثنا درست، عن يزيد بن أبان الرقاشي، عن أنس، رفعه إلى النبي صلى الله عليه وسلم، قال: قال النبي صلى الله عليه وسلم «إن الشمس والقمر ثوران عقيران في النار» #,0
Musnad at-Tayalisi,3279,UNGRADED,Prayer (Salah); Children & Upbringing,[ص: 575] # يزيد، عن أنس، أن رسول الله صلى الله عليه وسلم قال: «لأن أجالس قوما يذكرون الله عز وجل من صلاة الغداة إلى طلوع الشمس أحب إلي مما طلعت عليه الشمس، ولأن أذكر الله من صلاة العصر إلى غروب الشمس أحب إلي من أن أعتق ثمانية من ولد إسماعيل، دية كل واحد منهم اثنا عشر ألفا» فحسبنا دياتهم في مجلس فبلغت ستة وتسعين ألفا، وها هنا من يقول «أربعة من ولد إسماعيل» والله ما قال إلا «ثمانية، دية كل واحد منهم اثنا عشر ألفا» #,0
Musnad at-Tayalisi,3280,UNGRADED,Fasting & Ramadan; Prophets & Past Peoples,2219 - # حدثنا أبو داود قال: حدثنا الربيع، عن يزيد الرقاشي، عن أنس، قال: «نهى رسول الله صلى الله عليه وسلم عن صوم ستة أيام من السنة، ثلاثة,0
Musnad at-Tayalisi,3282,UNGRADED,Prophets & Past Peoples,2220 - # حدثنا أبو داود قال: حدثنا الربيع، عن يزيد، عن أنس، أن النبي صلى الله عليه وسلم قال: «إذا نودي بالصلاة، فتحت أبواب السماء، واستجيب الدعاء» قال يزيد: وكان يقال: «الدعاء بين الأذان والإقامة لا يرد» #,0
Musnad at-Tayalisi,3283,UNGRADED,Fasting & Ramadan; Character & Manners,2221 - # حدثنا أبو داود قال: حدثنا الربيع، عن يزيد، عن أنس، أن النبي صلى الله عليه وسلم أمر الناس أن يصوموا يوما ولا يفطرن أحد حتى آذن له، فصام الناس فلما أمسوا جعل الرجل يجيء إلى رسول الله صلى الله عليه وسلم فيقول: ظلت منذ اليوم صائما، فأذن لي فلأفطر، فيأذن له، ويجيء الرجل فيقول ذلك فيأذن له، حتى جاء رجل فقال: يا رسول الله، إن فتاتين من أهلك ظلتا منذ اليوم صائمتين فأذن لهما فليفطرا، فأعرض عنه، ثم أعاد عليه، فقال رسول الله صلى الله عليه وسلم: «ما صامتا، وكيف صام من ظل يأكل لحوم الناس، اذهب فمرهما أن كانتا صائمتين أن يستقيئا» ففعلتا، فقاءت كل واحدة منهما علقة، فأتي النبي صلى الله عليه وسلم، فأخبره، فقال رسول الله صلى الله عليه وسلم «لو ماتتا وهما فيهما لأكلتهما النار» #,0
Musnad at-Tayalisi,3284,UNGRADED,Prophets & Past Peoples; Animals,2222 - # حدثنا أبو داود قال: حدثنا الربيع، عن يزيد، عن أنس، عن النبي صلى الله عليه وسلم قال: «أقيموا صفوفكم، وتراصوا، فوالذي نفسي بيده، إني لأرى الشياطين بين صفوفكم كأنها غنم عفر» #,0
Musnad at-Tayalisi,3285,UNGRADED,Justice & Judgement; Prophets & Past Peoples,"2223 - # حدثنا أبو داود قال: حدثنا الربيع، عن يزيد، عن أنس، قال: قال رسول الله صلى الله عليه وسلم: "" الظلم ثلاثة: فظلم لا يتركه الله، وظلم يغفر، وظلم لا يغفر، فأما الظلم الذي لا يغفر فالشرك لا يغفره الله، وأما الظلم الذي يغفر فظلم العبد فيما بينه وبين ربه، وأما الذي لا يترك فقص الله بعضهم من بعض "" #",0
Musnad at-Tayalisi,3286,UNGRADED,Purity & Wudu; Day of Judgement,2224 - # حدثنا أبو داود قال: حدثنا الربيع، عن يزيد، عن أنس، قال: قال رسول الله صلى الله عليه وسلم: «من توضأ يوم الجمعة فبها ونعمت، ومن,0
Musnad at-Tayalisi,3288,UNGRADED,Prophets & Past Peoples,2225 - # حدثنا أبو داود قال: حدثنا الربيع، عن يزيد، قال: قلنا لأنس: يا أبا حمزة، ما تقول في أطفال المشركين؟ فقال: قال رسول الله صلى الله عليه وسلم,0
Musnad at-Tayalisi,3290,UNGRADED,Anger & Patience; Death & Burial,2226 - # حدثنا أبو داود قال: حدثنا درست، عن يزيد، عن أنس، أن رجلا كان عند النبي صلى الله عليه وسلم ثم مات، فأخبر النبي صلى الله عليه وسلم أنه قد مات، قال: «الذي كان عندنا آنفا؟» قال: نعم، فقال رسول الله صلى الله عليه وسلم: «كأنها أخذة على غضب، والمحروم من حرم وصيته» #,0
Musnad at-Tayalisi,3292,UNGRADED,Prophets & Past Peoples,2227 - # حدثنا يونس قال: حدثنا أبو داود قال: حدثنا حماد بن زيد، وثابت أبو زيد، عن عاصم الأحول، عن حفصة بنت سيرين، قالت: قال لي أنس: بم مات يحيى بن أبي عمرة؟ قلت: بالطاعون، فقال أنس: سمعت رسول الله صلى الله عليه وسلم يقول: «الطاعون لكل مسلم شهادة» #,0
Musnad at-Tayalisi,3294,UNGRADED,Travel & Migration,[ص: 583] # الهذلي، قال: حدثني عمرو بن أبي الحجاج، عن جدي الجارود، عن أنس، أن رسول الله صلى الله عليه وسلم «كان إذا كان في سفر فأراد الصلاة للتطوع، استقبل القبلة فكبر، ثم صلى حيثما توجهت به» #,0
Musnad at-Tayalisi,3297,UNGRADED,Prophets & Past Peoples,2230 - # حدثنا أبو داود قال: حدثنا فليح بن سليمان، قال: حدثني جدي الهلال بن علي عن أنس، قال: «رأيت رسول الله صلى الله عليه وسلم جالسا على شفير قبر ابنته وهي تدفن، فرأيت عينيه تدمعان، وأنزل أبا طلحة في قبرها» #,0
Musnad at-Tayalisi,3298,UNGRADED,Prayer (Salah); Prophets & Past Peoples,2231 - # حدثنا أبو داود قال: حدثنا شعبة، عن عمرو بن عامر، قال: سألت أنسا: أكان رسول الله صلى الله عليه وسلم يتوضأ لكل صلاة؟ قال: «نعم» #,0
Musnad at-Tayalisi,3299,UNGRADED,Alcohol & Intoxicants; Prophets & Past Peoples,2232 - # حدثنا أبو داود قال: حدثنا هشام، عن أبي عاصم، عن أنس، أن رسول الله صلى الله عليه وسلم كان إذا شرب تنفس ثلاثا، وقال: «هو أهنأ,0
Musnad at-Tayalisi,3302,UNGRADED,Prophets & Past Peoples,2234 - # حدثنا أبو داود قال: حدثنا شعبة، عن يحيى بن يزيد الهنائي، قال: سمعت أنسا، قال: «كان رسول الله صلى الله عليه وسلم هو وأهله يغتسلون من إناء واحد» #,0
Musnad at-Tayalisi,3303,UNGRADED,Hajj & Umrah; Brotherhood & Friendship,2235 - # حدثنا أبو داود قال: حدثنا سلام، عن أبي إسحاق، عن أبي أسماء، عن أنس، قال: سمعت رسول الله صلى الله عليه وسلم يقول: «لبيك بعمرة وحج معا» #,0
Musnad at-Tayalisi,3304,UNGRADED,Prophets & Past Peoples,2236 - # حدثنا أبو داود قال: حدثنا أبو سلمة الخراساني، قال: حدثنا أبو إسحاق، عن أنس، قال: قال رسول الله صلى الله عليه وسلم: «من ذكرت عنده فليصل علي، ومن صلى علي مرة صلى الله عليه وسلم عشرا» #,0
Musnad at-Tayalisi,3305,UNGRADED,Prophets & Past Peoples,2237 - # حدثنا أبو داود قال: حدثنا شعبة، عن أبي مسلمة سعيد بن يزيد، قال: سألت أنسا: أكان رسول الله صلى الله عليه وسلم يصلي في النعلين؟ قال: «نعم» #,0
Musnad at-Tayalisi,3306,UNGRADED,Character & Manners; Prophets & Past Peoples,2238 - # حدثنا أبو داود قال: حدثنا عبد الرحمن بن بديل العقيلي، عن أبيه، عن أنس، قال: قال رسول الله صلى الله عليه وسلم: «إن لله عز وجل أهلين من الناس» قيل: يا رسول الله، ومن هم؟ قال: «أهل القرآن، هم أهل الله وخاصته» #,0
Musnad at-Tayalisi,3307,UNGRADED,Prophets & Past Peoples,2239 - # حدثنا أبو داود قال: حدثنا حماد بن سلمة، عن أبي العلاء القتبي، عن أنس، قال: «كان رسول الله صلى الله عليه وسلم يصلي بنا الظهر في الشتاء فلا ندري ما مضى من النهار أكثر أم ما بقي» #,0
Musnad at-Tayalisi,3308,UNGRADED,Prophets & Past Peoples,2240 - # حدثنا أبو داود قال: حدثنا حماد بن زيد، عن سلم العلوي، عن أنس، قال: كان رسول الله صلى الله عليه وسلم لا يواجه أحدا بشيء، فجاءه رجل يوما وعليه صفرة، فقال: «لو أمرتم هذا أن يغسل عنه هذه الصفرة» #,0
Musnad at-Tayalisi,3309,UNGRADED,Major Sins; Prophets & Past Peoples,2241 - # حدثنا أبو داود قال: حدثنا ابن فضالة، عن الحسن، عن أنس، أن رسول الله صلى الله عليه وسلم لما أراد أن يدخل خيبر قال: «الله أكبر، خربت خيبر، الله أكبر، فتحت خيبر، إنا إذا نزلنا بساحة قوم فساء صباح المنذرين» #,0
Musnad at-Tayalisi,3312,UNGRADED,Prophets & Past Peoples,2243 - # حدثنا أبو داود قال: حدثنا شعبة، عن حميد، قال: سمعت أنسا، يقول: «دعا النبي صلى الله عليه وسلم غلاما لنا فحجمه، وأمر له بصاع أو صاعين، أو مد أو مدين، فكلم فيه، فخفف عن ضريبته» #,0
Musnad at-Tayalisi,3313,UNGRADED,Prayer (Salah); Prophets & Past Peoples,2244 - # حدثنا أبو داود قال: حدثنا ورقاء، قال: حدثنا العلاء بن عبد الرحمن، مولى الحرقة، قال: دخلت أنا وعمر بن ثابت، على أنس وقد صلينا مع خالد بن أسيد الظهر، فقال: صليتم العصر، قلنا: لا، ولكن صلينا الظهر مع خالد، فقال: قوموا، فصلوا العصر، فإني سمعت رسول الله صلى الله عليه وسلم يقول: «تلك صلاة المنافق، يصليها قريبا من غروب الشمس، لا يذكر الله عز وجل فيها إلا قليلا، يتركها حتى إذا كان عند غروب الشمس، قام فصلى لا يذكر الله فيها إلا قليلا» #,0
Musnad at-Tayalisi,3314,UNGRADED,Prayer (Salah); Zakah & Charity,2245 - # حدثنا أبو داود قال: حدثنا شعبة، عن منصور، والأعمش، عن سالم بن أبي الجعد، عن أنس، أن رجلا قال: يا رسول الله، متى الساعة؟ قال: «وما أعددت لها؟» قال: ما أعددت لها من كبير صلاة ولا صيام ولا صدقة إلا أني أحب الله ورسوله، قال رسول الله صلى الله عليه وسلم «فأنت مع من أحببت» #,0
Musnad at-Tayalisi,3315,UNGRADED,Prophets & Past Peoples,2246 - # حدثنا أبو داود قال: حدثنا شعبة، عن منصور، قال: سمعت ربعي بن حراش، يحدث عن أبي الأبيض، عن أنس، أن النبي صلى الله عليه وسلم «كان يصلي العصر والشمس بيضاء محلقة» #,0
Musnad at-Tayalisi,3316,UNGRADED,Usury & Interest; Prophets & Past Peoples,2247 - # حدثنا أبو داود قال: حدثنا ابن سعد، عن أبيه، عن أنس، أن النبي صلى الله عليه وسلم قال: «الأئمة من قريش، إذا حكموا عدلوا، وإذا عاهدوا وفوا، وإن استرحموا رحموا، فمن لم يفعل ذلك منهم فعليه لعنة الله والملائكة والناس أجمعين، لا يقبل منهم صرف ولا عدل» #,0
Musnad at-Tayalisi,3317,UNGRADED,Prophets & Past Peoples; Food & Drink,2248 - # حدثنا أبو داود قال: حدثنا شعبة، عن عطاء بن أبي ميمونة، قال: سمعت أنسا، يقول: «كان رسول الله صلى الله عليه وسلم يأتي الخلاء، فأتبعه أنا وغلام من الأنصار بإداوة من ماء، فيستنجي بها» #,0
Musnad at-Tayalisi,3319,UNGRADED,Alcohol & Intoxicants; Food & Drink,[ص: 597] # ثابت، عن أنس، أن النبي صلى الله عليه وسلم قال: «إن حوضي من كذا إلى كذا، فيه من الآنية عدد النجوم، أطيب ريحا من المسك، وأحلى من العسل وأبرد من الثلج وأبيض من اللبن، من شرب منه شربة لم يظمأ أبدا، ومن لم يشرب منه لم يرو أبدا» #,0
Musnad at-Tayalisi,3320,UNGRADED,Prayer (Salah); Zakah & Charity,2250 - # حدثنا أبو داود قال: حدثنا شعبة، قال: أخبرني أبو صدقة مولى أنس، قال: سألت أنسا عن مواقيت الصلاة، فقال: «كان رسول الله صلى الله عليه وسلم يصلي الظهر حين تزول الشمس، والعصر ما بين صلاتيكم هاتين، والمغرب حين تغيب الشمس، والعشاء حين يغيب الشفق,0
Musnad at-Tayalisi,3323,UNGRADED,Prophets & Past Peoples,2252 - # حدثنا أبو داود قال: حدثنا عبد الرحمن بن وردان، قال: دخلنا على أنس فقلنا له: متى كان رسول الله صلى الله عليه وسلم يصلي العصر؟ فقال: «كان يصليها والشمس بيضاء نقية» #,0
Musnad at-Tayalisi,3324,UNGRADED,Prophets & Past Peoples,2253 - # حدثنا أبو داود قال: حدثنا فليح بن سليمان الخزاعي، عن عثمان بن عبد الرحمن التيمي، عن أنس، قال: «كان رسول الله صلى الله عليه وسلم يصلي بنا الجمعة حين تميل الشمس» #,0
Musnad at-Tayalisi,3325,UNGRADED,Modesty & Dress; Death & Burial,2254 - # حدثنا أبو داود قال: حدثنا حماد بن سلمة، عن حميد، عن أنس، أو الحسن، شك أبو داود أن النبي صلى الله عليه وسلم «خرج يتوكأ على أسامة بن زيد في مرضه الذي مات فيه، فصلى بالناس في ثوب واحد، ثوب قطري، قد خالف بين طرفيه» #,0
Musnad at-Tayalisi,3328,UNGRADED,Prophets & Past Peoples,"2256 - # حدثنا أبو داود قال: حدثنا المسعودي، عن أبي عمران المدائني، عن أنس، عن النبي صلى الله عليه وسلم: "" إنه كان يستعيذ من ثمان: الهم",0
Musnad at-Tayalisi,3330,UNGRADED,Prophets & Past Peoples,2257 - # حدثنا أبو داود قال: حدثنا الربيع بن صبيح، عن محمد بن سيرين، عن عبادة بن الصامت، وأنس بن مالك، أن رسول الله صلى الله عليه وسلم قال: «الورق بالورق، والذهب بالذهب، والتمر بالتمر، والبر,0
Musnad at-Tayalisi,3333,UNGRADED,Treaties & Non-Muslims,[ص: 604] # يعني قبل المغرب على عهد النبي صلى الله عليه وسلم» #,0
Musnad at-Tayalisi,3335,UNGRADED,Prophets & Past Peoples,2259 - # حدثنا يونس قال: حدثنا أبو داود قال: حدثنا عبيد الله بن شميط، قال: سمعت أبا بكر الحنفي، يحدث أبي وعمي عن أنس، عن النبي صلى الله عليه وسلم قال: «إن المسألة لا تحل إلا لإحدى ثلاث، غرم مفظع، أو فقر مدقع، أو دم موجع» #,0
Musnad at-Tayalisi,3336,UNGRADED,Trade & Business; Prophets & Past Peoples,2260 - # حدثنا أبو داود قال: حدثنا عبيد الله بن شميط، قال: حدثني أبي وعمي، عن أبي بكر، عن أنس، أن رسول الله صلى الله عليه وسلم باع فيمن,0
Musnad at-Tayalisi,3340,UNGRADED,Death & Burial,[ص: 606] # الهذلي، قال: حدثني الجارود، عن أنس، قال: كان النبي صلى الله عليه وسلم يدخل على أمي أم سليم فتتحفه بالشيء، فدخل علينا يوما وعندها أخ لي صغير، فرآه خاثر النفس، فقال: «ما لابنك يا أم سليم؟» فقالت: يا رسول الله، مات صعوته التي كان يلعب بها، فقال: «يا أبا عمير، مات النغير، أتى عليه الدهر» #,0
Musnad at-Tayalisi,3341,UNGRADED,Guests & Hospitality; Day of Judgement,2262 - # حدثنا أبو داود قال: حدثنا شعبة، قال: حدثني مسلم أبو عبد الله الأعور، سمع أنسا، يقول: «كان رسول الله صلى الله عليه وسلم يركب الحمار، ويلبس الصوف، ويجيب دعوة المملوك، ولقد رأيته يوم خيبر على حمار خطامه من ليف» #,0
Musnad at-Tayalisi,3342,UNGRADED,Women; Day of Judgement,2263 - # حدثنا أبو داود قال: حدثنا همام، قال: حدثنا أبو غالب، قال: شهدت أنسا وصلى على رجل، فقام عند رأس السرير، ثم أتي بامرأة من قريش، فصلى عليها، فقام قريبا من وسط السرير، فكان فيمن حضر جنازته العلاء بن زياد العدوي، فلما رأى اختلاف قيامه قلنا: يا أبا حمزة، أهكذا كان رسول الله صلى الله عليه وسلم يقوم من المرأة والرجل كما قمت؟ قال: «نعم» فأقبل علينا وقال: «احفظوا» #,0
Musnad at-Tayalisi,3343,UNGRADED,Prophets & Past Peoples,2264 - # حدثنا أبو داود قال: حدثنا حماد بن سلمة، عن علي بن زيد، عن أنس، قال: قدمت على عمر بعد هلاك أبي بكر رضي الله عنه، فقلت: «ارفع يدك أبايعك على ما بايعت عليه صاحبيك من قبل» يعني: النبي صلى الله عليه وسلم وأبا بكر «فبايعته على السمع والطاعة فيما استطعت» #,0
Musnad at-Tayalisi,3346,UNGRADED,Prophets & Past Peoples,2265 - # حدثنا يونس قال: حدثنا أبو داود قال: حدثنا شعبة، عن قتادة، سمع أبا نضرة، عن أبي سعيد عن النبي صلى الله عليه وسلم قال: «لا يمنعن أحدكم مخافة الناس» أو «مهابة الناس» قال شعبة أحدهما «أن يتكلم بحق يعلمه» ، فما زال الأمر ينسى حتى قصرنا #,0
Musnad at-Tayalisi,3347,UNGRADED,Prophets & Past Peoples; Travel & Migration,2266 - # حدثنا أبو داود قال: حدثنا هشام، عن قتادة، عن أبي نضرة، عن أبي سعيد، أن النبي صلى الله عليه وسلم قال: «إذا كانوا ثلاثة في سفر، فليؤمهم أحدهم، وأحقهم بالإمامة أقرؤهم» #,0
Musnad at-Tayalisi,3349,UNGRADED,Guests & Hospitality; Anger & Patience,[ص: 611] # النبي صلى الله عليه وسلم، فقال: يا رسول الله، إني في حائط مضبة، وإنه عامة طعام أهلي، فسكت عنه، فقلنا: عاوده، فعاوده، فسكت، ثم قلنا: عاوده، فعاوده الثالثة، فقال: «يا أعرابي، إن الله عز وجل غضب على سبطين من بني إسرائيل، فمسخهم دوابا يدبون في الأرض، فلا أدري لعلها بعضها، ولست بناهيك، ولا آمرك بها» #,0
Musnad at-Tayalisi,3350,UNGRADED,Prayer (Salah); Character & Manners,2268 - # حدثنا أبو داود قال: حدثنا حماد بن سلمة، قال: حدثنا أبو نعامة السعدي، عن أبي نضرة، عن أبي سعيد، أن رسول الله صلى الله عليه وسلم صلى في نعليه، فصلى الناس في نعالهم، ثم ألقى نعليه، فألقى الناس نعالهم وهم في الصلاة، فلما قضى صلاته قال: «ما حملكم على إلقاء نعالكم في الصلاة؟» قالوا: يا رسول الله، رأيناك فعلت ففعلنا، قال: «إن جبريل أخبرني أن فيها أذى، فإذا أتى أحدكم المسجد فلينظر فإن رأى في نعليه أذى، وإلا فليصل فيهما» #,0
Musnad at-Tayalisi,3351,UNGRADED,Prophets & Past Peoples,2269 - # حدثنا أبو داود قال: حدثنا قيس، عن طريف بن سفيان، عن أبي نضرة، عن أبي سعيد، قال: كنا مع رسول الله صلى الله عليه وسلم، فأتينا على غدير فيه جيفة، فتوضأ بعض القوم وأمسك بعض القوم حتى,0
Musnad at-Tayalisi,3353,UNGRADED,Prophets & Past Peoples; Character & Manners,2270 - # حدثنا أبو داود قال: حدثنا حماد بن سلمة، عن علي بن زيد، عن أبي نضرة، عن أبي سعيد، قال: خطبنا رسول الله صلى الله عليه وسلم خطبة بعد العصر إلى مغيربان الشمس، حفظها من حفظها، ونسيها من نسيها، فقال: «ألا إن الدنيا خضرة حلوة، وإن الله مستخلفكم فيها فينظر كيف تعملون، ألا فاتقوا الدنيا، واتقوا النساء، ألا إن بني آدم خلقوا على طبقات شتى، منهم من يولد مؤمنا، ويحيا مؤمنا، ويموت مؤمنا، ومنهم من يولد كافرا، ويحيا كافرا، ويموت كافرا، ومنهم من يولد كافرا، ويحيا كافرا، ويموت مؤمنا، ومنهم من يولد مؤمنا، ويحيا مؤمنا، ويموت كافرا، ألا إن خير التجار من كان حسن القضاء حسن الطلب,0
Musnad at-Tayalisi,3355,UNGRADED,Fasting & Ramadan; Character & Manners,2271 - # حدثنا أبو داود قال: حدثنا هشام، عن قتادة، عن أبي نضرة، عن أبي سعيد، قال: «خرجنا مع رسول الله صلى الله عليه وسلم إلى حنين لثمان عشرة ليلة خلت من رمضان، فصام طوائف من الناس، وأفطر آخرون، فلم يعب» أو قال: «ولم يعب على الصائم صومه ولا على المفطر إفطاره» #,0
Musnad at-Tayalisi,3356,UNGRADED,Character & Manners; Prophets & Past Peoples,2272 - # حدثنا أبو داود قال: حدثنا المستمر بن الريان، عن أبي نضرة، عن أبي سعيد، أن رسول الله صلى الله عليه وسلم قال في خطبته: «ألا لا يمنعن رجلا مخافة الناس أن يقول الحق إذا علمه» #,0
Musnad at-Tayalisi,3357,UNGRADED,Day of Judgement,2273 - # حدثنا أبو داود قال: حدثنا المستمر، قال: حدثنا أبو نضرة، عن أبي سعيد، أن رسول الله صلى الله عليه وسلم قال: «إن لكل غادر لواء يوم القيامة» #,0
Musnad at-Tayalisi,3358,UNGRADED,Prophets & Past Peoples,2274 - # حدثنا أبو داود قال: حدثنا المستمر، عن أبي نضرة، عن أبي سعيد، أن النبي صلى الله عليه وسلم قال: «أطيب الطيب المسك» #,1
Musnad at-Tayalisi,3359,UNGRADED,Prophets & Past Peoples,2275 - # حدثنا أبو داود قال: حدثنا شعبة، وهشيم، عن أبي بشر، عن أبي نضرة، عن أبي سعيد، أنه أصابه جوع أو أصاب رجلا جوع من أصحاب النبي صلى الله عليه وسلم فقال له بعض أهله: لو أتيت رسول الله صلى الله عليه وسلم فرضخ لك، فانطلق، فوجد النبي صلى الله عليه وسلم يخطب وهو يقول: «من يستغن يغنه الله، ومن يستعفف يعفه الله، ومن سألنا فوجدنا شيئا أعطيناه» قال: فرجع، فما سأله، ولا سأل أحدا بعده #,0
Musnad at-Tayalisi,3360,UNGRADED,Prophets & Past Peoples,2276 - # حدثنا أبو داود قال: حدثنا أبو الأشهب، عن أبي نضرة، عن أبي سعيد، أن رسول الله صلى الله عليه وسلم رأى في أصحابه تأخرا، فقال: «ائتموا بي، وليأتم بكم من بعدكم، ولا يزال قوم يتأخرون حتى يؤخرهم الله» #,0
Musnad at-Tayalisi,3361,UNGRADED,Prophets & Past Peoples,2277 - # حدثنا أبو داود قال: حدثنا أبان بن يزيد، عن يحيى بن أبي كثير، عن أبي نضرة، عن أبي سعيد، قال: قال رسول الله صلى الله عليه وسلم,0
Musnad at-Tayalisi,3364,UNGRADED,Prophets & Past Peoples,2279 - # حدثنا أبو داود قال: حدثنا القاسم بن الفضل، قال: حدثنا أبو نضرة، عن أبي سعيد، أن النبي صلى الله عليه وسلم قال: «تكون فرقة بين طائفتين من أمتي تمرق بينهما مارقة، تقتلها أولى الطائفتين إلى الحق» #,0
Musnad at-Tayalisi,3365,UNGRADED,Prophets & Past Peoples,2280 - # حدثنا أبو داود قال: حدثنا حماد بن سلمة، عن حميد، عن أبي نضرة، عن أبي سعيد، أن رسول الله صلى الله عليه وسلم قال: «التمسوها لسبع يبقين أو خمس يبقين أو ثلاث يبقين» #,0
Musnad at-Tayalisi,3366,UNGRADED,"Prophets & Past Peoples; Time, Days & Nights",2281 - # حدثنا أبو داود قال: حدثنا حماد، عن الجريري، عن أبي نضرة، عن أبي سعيد، قال: قال رسول الله صلى الله عليه وسلم: «ليلة القدر ليلة أربع وعشرين» #,0
Musnad at-Tayalisi,3369,UNGRADED,Prophets & Past Peoples,2284 - # حدثنا أبو داود قال: حدثنا الربيع بن صبيح، قال: حدثنا أبو نضرة، قال: قال أبو سعيد لابن عباس: أرأيت فتياك في الصرف، أشيء تقوله برأيك أو شيء سمعته من رسول الله صلى الله عليه وسلم؟ فقال: لا، ولكني لا أرى به بأسا إذا كان يدا بيد، فقال أبو سعيد: فإني سمعت رسول الله صلى الله عليه وسلم وأتي بتمر أطيب من التمر الذي كان يؤتى به، فقال: «من أين هذا؟» فقال: يا رسول الله، أتيت آل فلان، فأعطيتهم صاعين وأخذت صاعا، فقال رسول الله صلى الله عليه وسلم: «رد عليهم صاعهم، وائتنا بصاعينا» ثم قال رسول الله صلى الله عليه وسلم: «الذهب بالذهب، والورق بالورق، والتمر بالتمر، والبر بالبر، والشعير بالشعير، والملح بالملح، عينا بعين» أو قال: «مثلا بمثل، فمن زاد أو ازداد فقد أربى» #,0
Musnad at-Tayalisi,3371,UNGRADED,Prophets & Past Peoples,2285 - # حدثنا يونس قال: حدثنا أبو داود قال: حدثنا حماد بن سلمة، قال: حدثنا بشر بن حرب الندبي، عن أبي سعيد، قال: «نهى رسول الله صلى الله عليه وسلم عن الثوم والبصل والكراث» قلنا: يا أبا سعيد، أحرام هو؟ قال: لا #,0
Musnad at-Tayalisi,3372,UNGRADED,Hajj & Umrah; Prophets & Past Peoples,2286 - # حدثنا أبو داود قال: حدثنا حماد، قال: حدثنا بشر، عن أبي سعيد، قال: «نهى رسول الله صلى الله عليه وسلم عن الدباء والحنتم والنقير والمزفت» قلنا: يا أبا سعيد، أحرام هو؟ قال: «نهى عنه رسول الله صلى الله عليه وسلم» #,0
Musnad at-Tayalisi,3373,UNGRADED,Prophets & Past Peoples,2287 - # حدثنا أبو داود قال: حدثنا حماد، قال: حدثنا بشر، عن أبي سعيد، قال: «نهى رسول الله صلى الله عليه وسلم عن الوصال» وأختي هذه تواصل وأنا أنهاها #,0
Musnad at-Tayalisi,3374,UNGRADED,Prophets & Past Peoples,2288 - # حدثنا أبو داود قال: حدثنا حماد بن سلمة، قال: حدثنا بشر بن حرب، عن أبي سعيد، أن رسول الله صلى الله عليه وسلم «دعا بعرفات,0
Musnad at-Tayalisi,3377,UNGRADED,Prophets & Past Peoples,2289 - # حدثنا يونس قال: حدثنا أبو داود قال: حدثنا شعبة، عن أبي إسحاق، قال: سمعت أبا الوداك، يحدث عن أبي سعيد، قال: لما أصبنا سبي خيبر، سألنا رسول الله صلى الله عليه وسلم عن العزل، فقال: «ليس من كل الماء يكون الولد، وإذا أراد الله عز وجل أن يخلق شيئا لم يمنعه شيء» #,0
Musnad at-Tayalisi,3378,UNGRADED,Prophets & Past Peoples,"2290 - # حدثنا أبو داود قال: حدثنا شعبة، عن أبي التياح، قال: سمعت أبا الوداك، يقول: لا أشرب في دباء بعدما سمعت أبا سعيد يقول: إن رسول الله صلى الله عليه وسلم "" أتي بنشوان، فقال: يا رسول الله، إني لم أشرب خمرا، إني شربت من دباء، فأمر به رسول الله صلى الله عليه وسلم، فخفق بالنعال، ونهز بالأيدي، ونهى أن ينتبذ في الدباء "" #",0
Musnad at-Tayalisi,3380,UNGRADED,Prophets & Past Peoples,2291 - # حدثنا أبو داود قال: حدثنا شعبة، قال: أخبرني أنس بن سيرين، عن معبد بن سيرين، عن أبي سعيد، قال: سألنا رسول الله صلى الله عليه وسلم عن العزل، فقال: «لا عليكم أن لا تفعلوا، فإنما من القدر» #,0
Musnad at-Tayalisi,3382,UNGRADED,Prophets & Past Peoples,2292 - # حدثنا يونس قال: حدثنا أبو داود قال: حدثنا خارجة بن مصعب، قال: حدثنا زيد بن أسلم، عن عطاء بن يسار، عن أبي سعيد، أن النبي صلى الله عليه وسلم قال: «إنكم تتبعون سنن من كان قبلكم حتى لو دخلوا جحر ضب دخلتموه» فقيل: من هم؟ قال: «اليهود والنصارى» #,0
Musnad at-Tayalisi,3383,UNGRADED,"Day of Judgement; Time, Days & Nights","2293 - # حدثنا أبو داود قال: حدثنا خارجة بن مصعب الضبعي، قال: حدثنا زيد بن أسلم مولى عمر بن الخطاب عن عطاء بن يسار، عن أبي سعيد الخدري، أن أناسا قالوا في زمن رسول الله صلى الله عليه وسلم: يا رسول الله، هل نرى ربنا يوم القيامة؟ فقال رسول الله صلى الله عليه وسلم: هل تضارون - قال أبو داود: يعني هل تشكون - في الشمس بالظهيرة صحوا ليس فيها سحاب؟ "" قالوا: لا، قال: «فهل تضارون في القمر ليلة البدر صحوا ليس فيها سحاب؟» قالوا: لا يا رسول الله. قال: "" ما",0
Musnad at-Tayalisi,3385,UNGRADED,Quran & Recitation; Parents,"[ص: 631] # : ألا تردون؟ وترفع لهم جهنم كأنها سراب يحطم بعضها بعضا، حتى يتساقطوا في النار حتى إذا لم يبق إلا من كان يعبد الله، عز وجل، من بر أو فاجر، أتاهم رب العالمين، فقال: «ماذا تنتظرون؟ تبعت كل أمة ما كانت تعبد» فيقولون: فارقنا الناس في الدنيا، فلم نصحبهم، فنحن ننتظر ربنا الذي كنا نعبد، فيقول: «هل بينكم وبين ربكم آية تعرفونها؟» فيقولون: نعم، فيكشف عن ساق فلا يبقى أحد كان يسجد لله طائعا في الدنيا، إلا أذن له في السجود، ولا يبقى أحد كان يسجد رياء أو نفاقا إلا صار ظهره طبقة واحدة، كلما أراد أن يسجد خر لقفاه "" قال: ثم يرفعون رءوسهم فيقول: «أنا ربكم» فيقولون: أنت ربنا فيوضع الجسر وتحل الشفاعة، ويقول: رب سلم سلم فيمر المؤمنون على الجسر، فقيل: يا رسول الله، وما الجسر؟ قال: دحض مزلة، وإن فيه لخطاطيف وكلاليب وشوكة مفلطحة، فيها شوكة",0
Musnad at-Tayalisi,3390,UNGRADED,Day of Judgement,"[ص: 635] # ، قال: جلس رسول الله صلى الله عليه وسلم على المنبر، وجلسنا حوله، فقال: «إنما أخاف عليكم بعدي ما يفتح عليكم من زهرة الدنيا وزينتها» فقال رجل: أو يأتي الخير بالشر، فسكت، فقيل له: ما شأنك تكلم النبي صلى الله عليه وسلم ولا يكلمك، ورئينا أنه ينزل عليه، فأفاق فمسح عنه الرحضاء، فقال: «أين السائل؟» وكأنه حمده، فقال: «إنه لا يأتي الخير بالشر، وإن مما ينبت الربيع يقتل حبطا أو يلم إلا آكلة الخضر، فإنها أكلت حتى إذا امتلأت خاصرتاها، ثم استقبلت عين الشمس، فبالت، وثلطت، ورتعت، وإن هذا المال خضر حلو، ونعم مال المسلم هو لمن أعطى منه المسكين واليتيم وابن السبيل» أو كالذي قال رسول الله صلى الله عليه وسلم وإنه من يأخذه بغير حقه كان كالذي يأكل ولا يشبع، ويكون عليه شهيدا يوم القيامة "" #",0
Musnad at-Tayalisi,3392,UNGRADED,Prophets & Past Peoples,2295 - # حدثنا يونس، حدثنا أبو داود قال: حدثنا وهيب، عن سهيل بن أبي صالح، عن أبيه، عن أبي سعيد، عن النبي صلى الله عليه وسلم قال: «لا تبيعوا الذهب بالذهب إلا مثلا بمثل، ولا تبيعوا الورق بالورق إلا مثلا بمثل» #,0
Musnad at-Tayalisi,3393,UNGRADED,Prophets & Past Peoples,2296 - # حدثنا أبو داود قال: حدثنا شعبة، عن الأعمش، قال: سمعت أبا صالح، يحدث عن أبي سعيد، أن رسول الله صلى الله عليه وسلم قال: «لا يبغض الأنصار رجل يؤمن بالله واليوم الآخر» #,0
Musnad at-Tayalisi,3394,UNGRADED,Zakah & Charity; Prophets & Past Peoples,2297 - # حدثنا أبو داود قال: حدثنا شعبة، عن الأعمش، قال: سمعت أبا صالح يحدث عن أبي سعيد، أن رسول الله صلى الله عليه وسلم قال: «لا تسبوا أصحابي، فوالذي نفسي بيده، لو أن أحدكم أنفق مثل أحد ذهبا ما أدرك مد أحدهم، ولا نصيفه» #,0
Musnad at-Tayalisi,3395,UNGRADED,Death & Burial; Prophets & Past Peoples,2298 - # حدثنا أبو داود قال: حدثنا وهيب، عن سهيل، عن أبيه، عن أبي سعيد، أن النبي صلى الله عليه وسلم قال: «إذا رأى أحدكم جنازة؛ فليقم، فمن تبعها فلا يقعدن حتى توضع» #,0
Musnad at-Tayalisi,3396,UNGRADED,Purity & Wudu; Prophets & Past Peoples,2299 - # حدثنا أبو داود قال: حدثنا شعبة، عن الحكم، عن ذكوان أبي صالح، عن أبي سعيد، أن رسول الله صلى الله عليه وسلم مر على رجل من الأنصار، فأرسل إليه فخرج ورأسه يقطر، فقال: «لعلنا أعجلناك» قال: نعم يا رسول الله، فقال رسول الله صلى الله عليه وسلم: «إذا أعجلت أو قحطت، فلا غسل عليك، وعليك الوضوء» #,0
Musnad at-Tayalisi,3398,UNGRADED,Fasting & Ramadan; Hellfire,2300 - # حدثنا أبو داود قال: حدثنا شعبة، عن سهيل بن أبي صالح، عن صفوان، عن أبي سعيد، أن النبي صلى الله عليه وسلم قال: «من صام يوما في سبيل الله، عز وجل، باعد الله وجهه من جهنم سبعين خريفا» #,0
Musnad at-Tayalisi,3400,UNGRADED,Prophets & Past Peoples,2301 - # حدثنا يونس قال: حدثنا أبو داود قال: حدثنا هشام، عن يحيى بن أبي كثير، عن أبي سلمة، قال: تذاكرنا ليلة القدر في نفر من قريش، فأتيت أبا سعيد وكان لي صديقا، فقال: ألا تخرج بنا إلى النخل، فخرجنا وعليه خميصة له، فقلت: أخبرني عن ليلة القدر هل سمعت رسول الله صلى الله عليه وسلم يذكر ليلة القدر؟ فقال: نعم، اعتكفنا مع رسول الله صلى الله عليه وسلم في العشر الأواخر من رمضان، فخطبنا صبيحة عشرين، فقال: «إني رأيت ليلة القدر، وإني نسيتها أو نسيتها فالتمسوها في العشر الأواخر في وتر، فمن كان اعتكف مع رسول الله صلى الله عليه وسلم فليرجع، ورأيت كأني أسجد في ماء وطين» قال: فرجعنا وما نرى في السماء قزعة، وجاءت سحابة فمطرنا حتى سال سقف المسجد، وكان من,0
Musnad at-Tayalisi,3402,UNGRADED,Prophets & Past Peoples; Medicine & Healing,2302 - # حدثنا أبو داود قال: حدثنا ابن أبي ذئب، قال: أخبرني من، رأى أبا سلمة بن عبد الرحمن وأتي بثريد وكتلة، فجاء ذباب فوقع فيه، فأخذه أبو سلمة، فمقله فيه، فقلت: ما هذا؟ قال: حدثني أبو سعيد أن رسول الله صلى الله عليه وسلم قال: «إذا وقع الذباب في إناء أحدكم أو شرابه، فليمقله فيه، فإن أحد جناحيه سم أو داء والآخر شفاء,0
Musnad at-Tayalisi,3404,UNGRADED,Prophets & Past Peoples; Food & Drink,"2303 - # حدثنا أبو داود قال: حدثنا هشام، عن يحيى بن أبي كثير، عن أبي سلمة، عن أبي سعيد، قال: كنا نرزق تمر الجمع على عهد رسول الله صلى الله عليه وسلم، فنعطي الصاعين بالصاع، فبلغ ذلك رسول الله صلى الله عليه وسلم، فقال: «ألا لا صاعي تمر بصاع» ولا صاعي حنطة بصاع، ولا درهمين بدرهم "" #",0
Musnad at-Tayalisi,3406,UNGRADED,Other Narrations,[ص: 644] # كثير، عن أبي سلمة، عن أبي سعيد، أن النبي صلى الله عليه وسلم قال: «إذا رأيتم الجنازة فقوموا، فمن تبعها فلا يقعد حتى توضع» #,0
Musnad at-Tayalisi,3408,UNGRADED,Knowledge & Scholars; Prophets & Past Peoples,2305 - # حدثنا أبو داود قال: حدثنا محمد بن مهزم، حدثنا عمارة العبدي، قال: كنا نأتي أبا سعيد، فإذا رآنا قال: مرحبا بوصية رسول الله صلى الله عليه وسلم، إن رسول الله صلى الله عليه وسلم قال لنا: «إنه سيأتي قوم يطلبون العلم، فإذا رأيتموهم فاستوصوا بهم» #,0
Musnad at-Tayalisi,3409,UNGRADED,Night & Voluntary Prayer; Prophets & Past Peoples,2306 - # حدثنا أبو داود قال: حدثنا هشام، عن عمارة، عن أبي سعيد، أن النبي صلى الله عليه وسلم قال: «من أدرك الصبح، فلم يوتر، فلا وتر له» #,0
Musnad at-Tayalisi,3411,UNGRADED,Dhikr & Supplication; Parents,[ص: 646] # العبدي، عن أبي سعيد، قال: ذكر عند رسول الله صلى الله عليه وسلم العزل فقال: «إن قضى الله، عز وجل، شيئا ليكونن، وإن عزل» قال أبو سعيد: ولقد عزلت عن أمة لي فولدت أحب الناس إلي؛ هذا الغلام #,0
Musnad at-Tayalisi,3415,UNGRADED,Prophets & Past Peoples,"2309 - # حدثنا أبو داود قال: حدثنا أبو إسرائيل، عن عطية، عن أبي سعيد، أن قتيلا وجد بين حيين، "" فأمر النبي صلى الله عليه وسلم أن يقاس إلى أيهما أقرب، فوجد أقرب إلى أحد الحيين بشبر - قال أبو سعيد: كأني أنظر إلى شبر رسول الله صلى الله عليه وسلم -، فألقى ديته عليهم "" #",0
Musnad at-Tayalisi,3417,UNGRADED,Prophets & Past Peoples,2310 - # حدثنا يونس، حدثنا أبو داود قال: حدثنا شعبة، قال: أخبرني قيس بن مسلم، قال: سمعت طارق بن شهاب، قال: قدم مروان الخطبة قبل الصلاة، فقام رجل فقال: خالفت السنة، كانت الخطبة بعد الصلاة، قال: ترك ذاك يا أبو فلان قال شعبة: وكان لحانا فقام أبو سعيد فقال: من هذا المتكلم؟ قد قضى ما عليه، قال لنا رسول الله صلى الله عليه وسلم: «من رأى منكم منكرا فلينكره بيده، فمن لم يستطع فلينكره بلسانه، فمن لم يستطع فلينكره بقلبه، وذاك أضعف الإيمان» #,0
Musnad at-Tayalisi,3418,UNGRADED,Zakah & Charity; Prophets & Past Peoples,2311 - # حدثنا أبو داود قال: حدثنا شعبة، عن عمرو بن يحيى الأنصاري، عن أبيه، عن أبي سعيد، أن النبي صلى الله عليه وسلم قال: «ليس فيما دون خمس أواقي صدقة، ولا فيما دون خمسة أوسق صدقة، ولا فيما دون خمس ذود صدقة» #,0
Musnad at-Tayalisi,3419,UNGRADED,Prayer (Salah); Dhikr & Supplication,"2312 - # حدثنا أبو داود قال: حدثنا حماد بن سلمة، عن أبي هارون العبدي، عن أبي سعيد، أن النبي صلى الله عليه وسلم كان إذا سلم من الصلاة قال ثلاث مرات: "" {سبحان ربك رب العزة عما يصفون. وسلام على المرسلين. والحمد لله رب العالمين}",0
Musnad at-Tayalisi,3421,UNGRADED,Prophets & Past Peoples,2313 - # حدثنا أبو داود قال: حدثنا حماد بن سلمة، عن محمد بن إسحاق، عن عبيد الله بن عبد الله، عن أبي سعيد، قال: قيل: يا رسول الله، بئر بضاعة يلقى فيها المحايض والجيف قال: «الماء لا ينجسه شيء» #,0
Musnad at-Tayalisi,3422,UNGRADED,Prophets & Past Peoples; Treaties & Non-Muslims,2314 - # حدثنا أبو داود قال: حدثنا شعبة، عن زيد العمي، عن أبي الصديق الناجي، عن أبي سعيد، قال: «كنا نبيع أمهات الأولاد على عهد رسول الله صلى الله عليه وسلم» #,0
Musnad at-Tayalisi,3423,UNGRADED,Prophets & Past Peoples,"2315 - # حدثنا أبو داود قال: حدثنا فليح بن سليمان، عن سعيد بن عبيد بن السباق، عن أبي سعيد، قال: "" كان الرجل إذا ثقل في عهد رسول الله صلى الله عليه وسلم فحضر، دعونا رسول الله صلى الله عليه وسلم حتى يكون عنده، فربما طال ذلك، فقلنا: هذا يشق على رسول الله صلى الله عليه وسلم، فرأينا أن ندعه حتى يموت، ثم ندعو إليه رسول الله صلى الله عليه وسلم، فكنا على ذلك، ثم رأينا أنه أرفق برسول الله صلى الله عليه وسلم أن نحمل جنائزنا",0
Musnad at-Tayalisi,3425,UNGRADED,Prophets & Past Peoples,2316 - # حدثنا أبو داود قال: حدثنا شعبة، عن عمرو بن دينار، عن أبي هشام، عن أبي سعيد، أن النبي صلى الله عليه وسلم قال في عمار: «تقتلك الفئة الباغية» #,0
Musnad at-Tayalisi,3426,UNGRADED,Prophets & Past Peoples,2317 - # حدثنا أبو داود قال: حدثنا محمد بن أبي حميد، عن إبراهيم بن عبيد بن رفاعة الزرقي، عن أبي سعيد، قال: صنع رجل طعاما، ودعا رسول الله صلى الله عليه وسلم وأصحابه، فقال رجل: إني صائم، فقال رسول الله صلى الله عليه وسلم: «أخوك صنع طعاما ودعاك، أفطر واقض يوما مكانه» #,0
Musnad at-Tayalisi,3427,UNGRADED,Prophets & Past Peoples,2318 - # حدثنا أبو داود قال: حدثنا حرب بن شداد، عن يحيى بن أبي كثير، قال: حدثني أبو سعيد مولى المهري عن أبي سعيد، أن النبي صلى الله عليه وسلم بعث بعثا إلى بني لحيان من هذيل، فقال: «لينبعث من كل رجلين أحدهما والأجر بينهما» #,0
Musnad at-Tayalisi,3428,UNGRADED,Quran & Recitation; Truthfulness & Lying,2319 - # حدثنا أبو داود قال: حدثنا شعبة، قال: أخبرني عمرو بن مرة، سمع أبا البختري، يحدث عن أبي سعيد، قال: لما نزلت هذه: {إذا جاء نصر الله والفتح} [النصر: 1] قرأها رسول الله صلى الله عليه وسلم حتى ختمها ثم قال: «أنا وأصحابي حيز، والناس حيز، لا هجرة بعد الفتح» قال أبو سعيد: فحدثت بهذا الحديث مروان بن الحكم وكان أميرا على المدينة فقال: كذبت وعنده زيد بن ثابت، ورافع بن خديج وهما معه على السرير، فقال أبو سعيد: أما إن هذين لو شاءا لحدثاك ولكن هذا يخشى أن تنزعه عن عرافة قومه، وهذا يخشى أن تنزعه عن الصدقة يعني زيد بن ثابت قال: فرفع عليه الدرة، فلما رأيا ذلك قالا: صدق #,0
Musnad at-Tayalisi,3429,UNGRADED,Character & Manners; Prophets & Past Peoples,"2320 - # حدثنا أبو داود قال: حدثنا شعبة، عن عمرو بن مرة، عن أبي البختري، عن رجل، عن أبي سعيد، أن النبي صلى الله عليه وسلم قال: "" لا يحقرن أحدكم نفسه أن يرى أمرا لله عليه فيه مقال، فلا يقول به، فيلقى الله، عز وجل، وقد أضاع ذلك، فيقول: ما منعك؟ فيقول: خشيت الناس، فيقول: فإياي كنت أحق أن تخشى "" #",0
Musnad at-Tayalisi,3430,UNGRADED,Prophets & Past Peoples,2321 - # حدثنا أبو داود قال: حدثنا إبراهيم بن سعد، عن الزهري، عن عبيد الله بن عبد الله، عن أبي سعيد، قال: سئل رسول الله صلى الله عليه وسلم عن العزل فقال: «لا عليكم ألا تفعلوا، فإنما هو القدر» #,0
Musnad at-Tayalisi,3431,UNGRADED,Prophets & Past Peoples,2322 - # حدثنا أبو داود قال: حدثنا صدقة بن موسى، قال: حدثني مالك بن دينار، عن عبد الله بن غالب الحداني، عن أبي سعيد، أن النبي صلى الله عليه وسلم قال: «خصلتان لا تجتمعان في مؤمن؛ البخل وسوء الخلق» #,0
Musnad at-Tayalisi,3433,UNGRADED,Animals,2324 - # حدثنا أبو داود قال: حدثنا حماد بن سلمة، عن محمد بن إسحاق، عن العلاء بن عبد الرحمن بن يعقوب، مولى الحرقة، قال: قال لي أبي: إن لي إليك حاجة، فظننت أنه يريد شيئا من عرض الدنيا، فقلت: يا أبه، سل ما شئت، قال: فإني أسألك أن تبكر إلى الجمعة، فإني سمعت أبا سعيد يقول: قال رسول الله صلى الله عليه وسلم: «الملائكة يوم الجمعة يكتبون الناس؛ فكالمهدي بعيرا، وكالمقدم بقرة، وكالمقدم شاة، وكالمقدم طائرا، وكالمقدم بيضة، فإذا قعد الإمام على المنبر طويت الصحف» #,0
Musnad at-Tayalisi,3434,UNGRADED,Prophets & Past Peoples; Treaties & Non-Muslims,2325 - # حدثنا أبو داود قال: حدثنا شعبة، قال: أخبرني أبو حمزة، قال: سمعت هلال بن حصين، يقول: قدمت المدينة، فنزلت على أبي سعيد في داره، فضمني وإياه المجلس، فسمعته يحدث، قال: أصابني جوع على عهد رسول الله صلى الله عليه وسلم حتى شددت على بطني حجرا، فقالت لي امرأتي: لو أتيت رسول الله صلى الله عليه وسلم فسألته، فقد أتاه فلان فسأله فأعطاه، وأتاه فلان فسأله فأعطاه، فقلت: لا أسأله حتى لا,0
Musnad at-Tayalisi,3436,UNGRADED,Day of Judgement,2326 - # حدثنا أبو داود قال: حدثنا عبد الحكم، قال: حدثنا أبو الصديق، عن أبي سعيد، قال: قال رسول الله صلى الله عليه وسلم: «بشر المشائين في ظلم الليل إلى المساجد بالنور التام يوم القيامة» #,0
Musnad at-Tayalisi,3437,UNGRADED,Prophets & Past Peoples,2327 - # حدثنا أبو داود قال: حدثنا ابن المبارك، عن حيوة بن شريح الشامي، عن رجل، قد سماه، عن أبي سعيد، عن النبي صلى الله عليه وسلم قال: «لا يأكل طعامك إلا تقي، ولا تصحب إلا مؤمنا» #,0
Musnad at-Tayalisi,3438,UNGRADED,Prophets & Past Peoples,2328 - # حدثنا أبو داود قال: حدثنا ابن المبارك، عن يونس بن يزيد، عن الزهري، عن عطاء بن يزيد الليثي، عن أبي سعيد، عن النبي صلى الله عليه وسلم قال: «إذا سمعتم المنادي ينادي بالصلاة، فقولوا مثل ما يقول» #,0
Musnad at-Tayalisi,3439,UNGRADED,Prophets & Past Peoples,2329 - # حدثنا أبو داود قال: حدثنا شعبة، عن عاصم، قال: سمعت أبا المتوكل، يحدث عن أبي سعيد، أن رسول الله صلى الله عليه وسلم قال: «إذا أراد أحدكم العود فليتوضأ» #,0
Musnad at-Tayalisi,3440,UNGRADED,Prophets & Past Peoples,2330 - # حدثنا أبو داود قال: حدثنا فليح بن سليمان، قال: أخبرني أبو بكر بن المنكدر، عن عمرو بن سليم الزرقي، عن أبي سعيد، أن النبي صلى الله عليه وسلم قال: «الغسل يوم الجمعة واجب، وأن يمس من طيب، وأن يستاك» فأما الغسل فأشهد أنه واجب، وأما الاستنان والطيب فالله أعلم واجب أم لا، ولكن هكذا قال #,0
Musnad at-Tayalisi,3441,UNGRADED,Paradise; Prophets & Past Peoples,2331 - # حدثنا أبو داود قال: حدثنا هشام، عن قتادة، عن داود السراج، عن أبي سعيد، قال: قال رسول الله صلى الله عليه وسلم: «من لبس الحرير في الدنيا لم يلبسه في الآخرة، وإن دخل الجنة لبسه أهل الجنة ولم يلبسه هو» #,0
Musnad at-Tayalisi,3442,UNGRADED,Prophets & Past Peoples; Food & Drink,2332 - # حدثنا أبو داود قال: حدثنا هشام، عن قتادة، عن سعيد بن المسيب، عن أبي سعيد، قال: أتي رسول الله صلى الله عليه وسلم بتمر ريان، وكان تمر رسول الله صلى الله عليه وسلم بعلا، أي فيه يبس، فقال لخادمه: «أنى لكم هذا؟» قال: بعنا صاعين من تمر بصاع من هذا، فقال: «فلا تفعل، بع تمرك، ثم اشتر من هذا حاجتك» #,0
Musnad at-Tayalisi,3443,UNGRADED,Character & Manners; Theft & Property,2333 - # حدثنا أبو داود قال: حدثنا حماد بن سلمة، عن علي بن زيد، عن سعيد بن المسيب، عن أبي سعيد، قال: قال رسول الله صلى الله عليه وسلم: «إن أسوأ الناس سرقة الذي يسرق من صلاته» قالوا: يا رسول الله، وكيف يسرق من صلاته؟ قال: «لا يتم ركوعها ولا سجودها» #,0
Musnad at-Tayalisi,3444,UNGRADED,Prophets & Past Peoples,2334 - # حدثنا أبو داود قال: حدثني المثنى بن سعيد، عن أبي المتوكل، عن أبي سعيد، أن رسول الله صلى الله عليه وسلم «نهى عن الحنتم والنقير والمزفت» #,1
Musnad at-Tayalisi,3445,UNGRADED,Day of Judgement,"2335 - # حدثنا أبو داود قال: حدثنا عمرو بن ثابت، عن عبد الله بن محمد بن عقيل، عن حمزة بن أبي سعيد، عن أبيه، قال: خطب رسول الله صلى الله عليه وسلم فقال: "" ألا ما بال أقوام يزعمون أن رحمي لا تنفع، والذي نفسي بيده، إن رحمي لموصولة في الدنيا والآخرة، ألا وإني فرطكم أيها الناس على الحوض، ألا وسيجيء قوم يوم القيامة",0
Musnad at-Tayalisi,3447,UNGRADED,Modesty & Dress; Prophets & Past Peoples,2336 - # حدثنا أبو داود قال: حدثنا شعبة، عن قتادة، قال: سمعت عبد الله بن عتبة، يحدث عن أبي سعيد، قال: «كان رسول الله صلى الله عليه وسلم أشد حياء من العذراء في خدرها، وكان إذا كره شيئا عرفناه في وجهه» #,0
Musnad at-Tayalisi,3448,UNGRADED,Prophets & Past Peoples,2337 - # حدثنا أبو داود قال: حدثنا شعبة، وعمران، عن قتادة، سمع سليمان بن أبي سليمان، يحدث عن أبي سعيد، أن النبي صلى الله عليه وسلم قال: «يكون أمراء يظلمون ويكذبون يأتيهم» قال عمران: «غواش من الناس» وقال شعبة: «حواش من الناس، فمن صدقهم بكذبهم فليس مني ولست منه» #,0
Musnad at-Tayalisi,3449,UNGRADED,Prophets & Past Peoples,2338 - # حدثنا أبو داود قال: حدثنا هشام، عن يحيى بن أبي كثير، عن أبي إبراهيم الأنصاري، عن أبي سعيد، أن رسول الله صلى الله عليه وسلم وأصحابه «حلقوا رءوسهم يوم الحديبية إلا عثمان بن عفان وأبا قتادة، فاستغفر رسول الله صلى الله عليه وسلم للمحلقين ثلاثا وللمقصرين مرة» #,0
Musnad at-Tayalisi,3450,UNGRADED,Prophets & Past Peoples,2339 - # حدثنا أبو داود قال: حدثنا المثنى بن سعيد، عن أبي المتوكل، عن أبي سعيد، أن رسول الله صلى الله عليه وسلم قال: «الذهب بالذهب مثلا بمثل، والفضة بالفضة مثلا بمثل» #,0
Musnad at-Tayalisi,3453,UNGRADED,Prayer (Salah); Prophets & Past Peoples,2341 - # حدثنا أبو داود قال: حدثنا سفيان بن عيينة، عن الزهري، عن حميد بن عبد الرحمن، عن أبي سعيد، أن رسول الله صلى الله عليه وسلم أبصر نخامة في قبلة المسجد فحكها بحصاة وقال: «لا يبزق الرجل أمامه ولا عن يمينه، ولكن عن يساره أو تحت قدمه» #,0
Musnad at-Tayalisi,3454,UNGRADED,Justice & Judgement; Prophets & Past Peoples,2342 - # حدثنا أبو داود قال: حدثنا شعبة، عن العلاء بن عبد الرحمن مولى الحرقة عن أبيه، قال: سألت أبا سعيد عن الإزار، فقال: على الخبير سقطت، قال رسول الله صلى الله عليه وسلم: «إزرة المؤمن» أو قال: «المسلم إلى أنصاف الساقين، ما بينه وبين الكعبين، فما أسفل من ذلك ففي النار، لا ينظر الله إلى من جر إزاره بطرا» #,0
Musnad at-Tayalisi,3455,UNGRADED,Prophets & Past Peoples,2343 - # حدثنا أبو داود قال: حدثنا شعبة، قال: أخبرني سلمة بن كهيل، عن أبي الحكم السلمي، قال: أخبرني أخي، عن أبي سعيد، قال: «نهى رسول الله صلى الله عليه وسلم عن الجر والدباء والمزفت، وأن يخلط بين البسر والتمر» يعني: النبيذ #,0
Musnad at-Tayalisi,3456,UNGRADED,Prophets & Past Peoples,"2344 - # حدثنا أبو داود قال: حدثنا زمعة، عن الزهري، عن عبيد الله بن عبد الله، عن أبي سعيد، قال: نهى رسول الله صلى الله عليه وسلم عن اختناث الأسقية ""، فسئل الزهري: ما اختناث الأسقية؟ قال: الشرب من أفواهها #",0
Musnad at-Tayalisi,3457,UNGRADED,Prayer (Salah); Adhan & the Mosque,"2345 - # حدثنا أبو داود قال: حدثنا ابن أبي ذئب، عن سعيد بن أبي سعيد المقبري، قال: حدثني عبد الرحمن بن أبي سعيد، عن أبيه، قال: "" كنا مع رسول الله صلى الله عليه وسلم يوم الخندق، فشغلنا عن صلوات فأمر رسول الله صلى الله عليه وسلم بلالا فأقام لكل صلاة إقامة، وذلك قبل أن ينزل عليه: {فإن خفتم فرجالا أو ركبانا}",0
Musnad at-Tayalisi,3459,UNGRADED,Night & Voluntary Prayer; Prophets & Past Peoples,"2346 - # حدثنا أبو داود قال: حدثنا شعبة، قال: أنبأنا أبو إسحاق، قال: سمعت الأغر، يقول: أشهد على أبي سعيد وأبي هريرة أنهما شهدا على رسول الله صلى الله عليه وسلم أنه قال: "" إن الله يمهل حتى يمضي ثلثا الليل، ثم يهبط فيقول: هل من سائل؟ هل من تائب؟ هل من مستغفر من ذنب؟ "" فقال له رجل: حتى يطلع الفجر؟ فقال: «نعم» #",1
Musnad at-Tayalisi,3460,UNGRADED,Prophets & Past Peoples,2347 - # حدثنا أبو داود قال: حدثنا شعبة، عن أبي إسحاق، عن الأغر، قال: أشهد على أبي سعيد وأبي هريرة أنهما شهدا على رسول الله صلى الله عليه وسلم أنه قال: «لا يقعد قوم يذكرون الله عز وجل إلا حفتهم الملائكة، وغشيتهم الرحمة، وتنزلت عليهم السكينة، وذكرهم الله، عز وجل، فيمن عنده» #,1
Musnad at-Tayalisi,3461,UNGRADED,Day of Judgement; Resurrection & Intercession,2348 - # حدثنا أبو داود قال: حدثنا قيس بن الربيع، وسلام بن سليم، عن سعيد بن مسروق، عن عبد الرحمن بن أبي نعم، عن أبي سعيد، أن عليا بعث إلى رسول الله صلى الله عليه وسلم بذهبة في تربتها، فقسمها رسول الله صلى الله عليه وسلم يومئذ بين أربعة، بين عيينة بن حصن الفزاري، وعلقمة بن علاثة الكلابي، والأقرع بن حابس الحنظلي، وزيد,0
Musnad at-Tayalisi,3462,UNGRADED,Mercy & Kindness,"[ص: 679] # الخيل الطائي ثم أحد بني هزان، فغضبت قريش والأنصار وقالوا: يعطي أهل نجد ويدعنا فقال رسول الله صلى الله عليه وسلم: «إنما أعطيتهم أتألفهم» فقام رجل غائر العينين، محلوق الرأس، مشرف الوجنتين، ناتئ الجبين، فقال: اتق الله، فقال رسول الله صلى الله عليه وسلم: «فمن يطع الله إن عصيته أنا؟ أيأمنني أهل السماء ولا تأمنوني» فاستأذنه عمر، رحمه الله , في قتله، فأبى، ثم قال رسول الله صلى الله عليه وسلم: «يخرج من ضئضئ هذا قوم يقرءون القرآن، لا يجاوز تراقيهم، يمرقون من الإسلام كما يمرق السهم من الرمية، يقتلون أهل الإسلام ويدعون أهل الأوثان، والله لئن أدركتهم لأقتلنهم قتل عاد» #",0
Musnad at-Tayalisi,3463,UNGRADED,Hajj & Umrah; Women,2349 - # حدثنا أبو داود قال: حدثنا زمعة، عن الزهري، عن عمرة، قالت: قيل لعائشة: إن أبا سعيد قال: إن النبي صلى الله عليه وسلم قال: «إن المرأة لا تسافر إلا مع ذي رحم محرم» ، فالتفتت عائشة إلى بعض من معها فقالت: والله ما كلهن لها محرم #,0
Musnad at-Tayalisi,3464,UNGRADED,Paradise; Prophets & Past Peoples,2350 - # حدثنا أبو داود قال: حدثنا شعبة، عن الوليد بن العيزار، قال: سمعت رجلا، من ثقيف يحدث عن رجل، من كنانة، عن أبي سعيد، أن النبي صلى الله عليه وسلم قال في هذه الآية {ثم أورثنا الكتاب الذين اصطفينا من عبادنا} [فاطر: 32] الآية، قال: «كلهم في الجنة» أو قال: «كلهم بمنزلة واحدة» قال شعبة أحدهما #,0
Musnad at-Tayalisi,3465,UNGRADED,Eid & Sacrifice; Prophets & Past Peoples,2351 - # حدثنا أبو داود قال: حدثنا شعبة، عن جابر، عن محمد بن قرظة، عن أبي سعيد، قال: اشتريت كبشا أضحي به، فأكل الذئب ذنبه أو من ذنبه فسألت النبي صلى الله عليه وسلم فقال: «ضح به» #,0
Musnad at-Tayalisi,3466,UNGRADED,Day of Judgement; Prophets & Past Peoples,2352 - # حدثنا أبو داود قال: حدثنا هشام، عن قتادة، عن قزعة، عن أبي سعيد، أن النبي صلى الله عليه وسلم «نهى أن يصام يوم الفطر ويوم الأضحى» #,0
Musnad at-Tayalisi,3467,UNGRADED,Women; Day of Judgement,"2353 - # حدثنا أبو داود قال: حدثنا همام، عن قتادة، عن صالح، عن أبي علقمة الهاشمي، عن أبي سعيد، قال: "" أصبنا نساء يوم أوطاس لهن أزواج، فكرهنا أن نقع عليهن، فسألنا النبي صلى الله عليه وسلم فنزلت: {والمحصنات من النساء إلا ما ملكت أيمانكم}",0
Musnad at-Tayalisi,3469,UNGRADED,Prophets & Past Peoples,2354 - # حدثنا أبو داود قال: حدثنا شعبة، عن سعد بن إبراهيم، قال: سمعت أبا أمامة بن سهل بن حنيف يحدث، عن أبي سعيد، قال: أرسل النبي صلى الله عليه وسلم إلى سعد بن معاذ في حكم بني قريظة، فأقبل على حمار، فلما دنا من رسول الله صلى الله عليه وسلم، قال: «قوموا إلى سيدكم» أو قال: «إلى خيركم» فلما جاء قال: «احكم فيهم» قال: فإني أحكم فيهم أن تقتل مقاتلتهم، وتسبى ذراريهم، فقال رسول الله صلى الله عليه وسلم: «حكمت بحكم الملك» #,0
Musnad at-Tayalisi,3470,UNGRADED,Prophets & Past Peoples,2355 - # حدثنا أبو داود قال: حدثنا المثنى، وهمام، عن قتادة، عن أبي عيسى الأسواري، عن أبي سعيد، قال: قال رسول الله صلى الله عليه وسلم: «عودوا المريض، واتبعوا الجنائز، تذكركم الآخرة» #,0
Musnad at-Tayalisi,3471,UNGRADED,Prayer (Salah); Fasting & Ramadan,2356 - # حدثنا أبو داود قال: حدثنا وهيب، قال: حدثنا عمرو بن يحيى، عن أبيه، عن أبي سعيد، قال: «نهى رسول الله صلى الله عليه وسلم عن صوم يوم النحر، ويوم الفطر، وعن صلاة بعد العصر وبعد الصبح» #,0
Musnad at-Tayalisi,3472,UNGRADED,Prophets & Past Peoples; Treaties & Non-Muslims,2357 - # حدثنا أبو داود قال: حدثنا جرير بن حازم، عن أسماء بن عبيد، عن السائب، قال: سمعت أبا سعيد، يحدث، أن النبي صلى الله عليه وسلم قال: «إن لهذه البيوت عوامر، فما رأيتم منها فحرجوا عليه ثلاثا، فما ظهر لكم بعد، فإنه كافر فاقتلوه» #,0
Musnad at-Tayalisi,3476,UNGRADED,Prophets & Past Peoples,"2359 - # حدثنا يونس قال: حدثنا أبو داود قال: حدثنا شعبة، قال: أخبرني عمرو بن مرة، عن إبراهيم النخعي، عن مسروق، قال: ذكر عبد الله بن مسعود عند عبد الله بن عمرو فقال: ذاك رجل لا أزال أحبه بعدما سمعت رسول الله صلى الله عليه وسلم يقول: "" استقرئوا القرآن من أربعة: من عبد الله بن مسعود، وسالم مولى أبي حذيفة، وأبي بن كعب، ومعاذ بن جبل "" #",1
Musnad at-Tayalisi,3477,UNGRADED,Prophets & Past Peoples,2360 - # حدثنا أبو داود قال: حدثنا شعبة، عن الأعمش، قال: سمعت أبا وائل، يحدث عن مسروق، عن عبد الله بن عمرو، قال: قال رسول الله صلى الله عليه وسلم: «أحبكم إلي أحاسنكم أخلاقا» ولم يكن رسول الله صلى الله عليه وسلم فاحشا ولا متفحشا #,0
Musnad at-Tayalisi,3481,UNGRADED,Prophets & Past Peoples,2362 - # حدثنا يونس قال: حدثنا أبو داود قال: حدثنا سلام بن سليم، قال: حدثنا يحيى بن سعيد التيمي، عن أبي زرعة بن عمرو بن جرير، قال: كنا عند عبد الله بن عمرو، فجاء رجلان فقالا: أتيناك من عند مروان، فسمعناه يقول: إن أول الآيات خروجا خروج الدجال فقال عبد الله بن عمرو: كذب مروان، لقد سمعت من رسول الله صلى الله عليه وسلم حديثا ما نسيته، سمعت رسول الله صلى الله عليه وسلم يقول: «إن أول الآيات,0
Musnad at-Tayalisi,3484,UNGRADED,Prophets & Past Peoples,2363 - # حدثنا يونس قال: حدثنا أبو داود قال: حدثنا شعبة، وهمام، عن قتادة، عن أبي أيوب الأزدي، عن عبد الله بن عمرو، أن النبي صلى الله عليه وسلم قال: «وقت الظهر إذا زالت الشمس وكان ظل الرجل كطوله ما لم يحضر العصر، ووقت العصر ما لم تصفر الشمس، ووقت المغرب ما لم يغب الشفق» وقال شعبة: «ما لم يقع نور,0
Musnad at-Tayalisi,3489,UNGRADED,Character & Manners; Prophets & Past Peoples,2365 - # حدثنا يونس قال: حدثنا أبو داود قال: حدثنا عبد الله بن المبارك، عن عبد الرحمن بن زياد، عن عبد الرحمن بن رافع، عن عبد الله بن عمرو، قال: دخل النبي صلى الله عليه وسلم المسجد وقوم يذكرون الله عز وجل وقوم يتذاكرون الفقه، فقال النبي صلى الله عليه وسلم: «كلا المجلسين إلى خير، أما الذين يذكرون الله عز وجل ويسألون ربهم فإن شاء أعطاهم وإن شاء منعهم، وهؤلاء يعلمون الناس ويتعلمون، وإنما بعثت معلما، وهذا أفضل» فقعد معهم #,0
Musnad at-Tayalisi,3490,UNGRADED,Prophets & Past Peoples,2366 - # حدثنا أبو داود قال: حدثنا عبد الله بن المبارك، قال: حدثنا عبد الرحمن بن زياد بن أنعم، عن عبد الرحمن بن رافع، عن عبد الله بن عمرو، أن النبي صلى الله عليه وسلم قال: «إذا رفع رأسه من آخر السجود ثم أحدث فقد تمت صلاته» #,0
Musnad at-Tayalisi,3492,UNGRADED,Modesty & Dress,[ص: 13] # عبد الرحمن بن زياد بن أنعم، عن عبد الرحمن بن رافع، عن عبد الله بن عمرو، أن رسول الله صلى الله عليه وسلم خرج ومعه حرير وذهب فقال: «هذان محرمان على ذكور أمتي حلال لإناثهم» #,0
Musnad at-Tayalisi,3494,UNGRADED,Prophets & Past Peoples,2368 - # حدثنا يونس قال: حدثنا أبو داود قال: حدثنا شعبة، قال: أخبرني حبيب بن أبي ثابت، قال: سمعت أبا العباس المكي، وكان شاعرا وكان لا يتهم على الحديث قال: سمعت عبد الله بن عمرو يقول: أتى رجل النبي صلى الله عليه وسلم يستأذنه في الجهاد فقال النبي صلى الله عليه وسلم,0
Musnad at-Tayalisi,3496,UNGRADED,Fasting & Ramadan; Night & Voluntary Prayer,2369 - # حدثنا أبو داود قال: حدثنا شعبة، قال: أخبرني حبيب بن أبي ثابت، قال: سمعت أبا العباس يقول: سمعت عبد الله بن عمرو، يقول: قال رسول الله صلى الله عليه وسلم: «ألم أخبر أنك تقوم الليل وتصوم النهار؟ وإنك إذا فعلت ذلك هجمت له العين، ونفثت أو نفهت له النفس، لا صام من صام الأبد، الصوم ثلاثة أيام من كل,0
Musnad at-Tayalisi,3498,UNGRADED,Quran & Recitation; Prophets & Past Peoples,2370 - # حدثنا أبو داود قال: حدثنا شعبة، عن عمرو بن مرة، سمع أبا العباس، يحدث عن عبد الله بن عمرو، أن النبي صلى الله عليه وسلم «أمره أن يقرأ القرآن في خمس» #,0
Musnad at-Tayalisi,3500,UNGRADED,Trade & Business; Prophets & Past Peoples,"2371 - # حدثنا يونس، حدثنا أبو داود قال: حدثنا حماد بن زيد، عن أيوب، عن عمرو بن شعيب، عن أبيه، عن عبد الله بن عمرو، قال: نهى رسول الله صلى الله عليه وسلم عن سلف وبيع، وعن شرطين في بيع، وعن بيع ما ليس عندك، وعن ربح ما لم تضمن "" #",0
Musnad at-Tayalisi,3501,UNGRADED,Leadership & Governance; Prophets & Past Peoples,2372 - # حدثنا أبو داود قال: حدثنا خليفة الخياط، عن عمرو بن شعيب، عن أبيه، عن جده، قال: قال رسول الله صلى الله عليه وسلم: «المؤمنون تكافأ دماؤهم، وهم يد على من سواهم» #,0
Musnad at-Tayalisi,3502,UNGRADED,Oaths & Vows,2373 - # حدثنا أبو داود قال: حدثنا خليفة الخياط ويكنى أبا هبيرة، عن عمرو بن شعيب، عن أبيه، عن جده، قال: قال رسول الله صلى الله عليه وسلم: «من حلف على يمين فرأى غيرها خيرا منها فليأتها هي كفارتها» #,0
Musnad at-Tayalisi,3503,UNGRADED,Prayer (Salah); Leadership & Governance,2374 - # حدثنا أبو داود قال: حدثنا خليفة، عن عمرو بن شعيب، عن أبيه، عن جده، أن رسول الله صلى الله عليه وسلم أسند ظهره إلى الكعبة فقال: «لا صلاة بعد الصبح حتى تطلع الشمس، ولا بعد العصر حتى تغرب» #,0
Musnad at-Tayalisi,3505,UNGRADED,Other Narrations,[ص: 20] # عمرو بن شعيب، عن أبيه، عن جده، أن النبي صلى الله عليه وسلم قال: «كلوا واشربوا والبسوا وتصدقوا فإن الله عز وجل يحب أن يرى أثر نعمته على عبده» #,0
Musnad at-Tayalisi,3506,UNGRADED,Guests & Hospitality; Prophets & Past Peoples,2376 - # حدثنا أبو داود قال: حدثنا أبو محمد المليكي، عن عمرو بن شعيب، عن أبيه، عن جده، قال: سمعت رسول الله صلى الله عليه وسلم يقول: «للصائم عند إفطاره دعوة مستجابة» فكان عبد الله بن عمرو إذا أفطر دعا أهله وولده ودعا #,0
Musnad at-Tayalisi,3507,UNGRADED,Prayer (Salah); Prophets & Past Peoples,2377 - # حدثنا أبو داود قال: حدثنا همام، عن المثنى، عن عمرو بن شعيب، عن أبيه، عن جده، قال: قال رسول الله صلى الله عليه وسلم: «إن الله عز وجل زادكم صلاة فحافظوا عليها وهي الوتر» #,0
Musnad at-Tayalisi,3508,UNGRADED,Zakah & Charity; Prophets & Past Peoples,2378 - # حدثنا أبو داود قال: حدثنا ابن المبارك، عن أسامة بن زيد، عن عمرو بن شعيب، عن أبيه، عن عبد الله بن عمرو، أن رسول الله صلى الله عليه وسلم قال: «تؤخذ صدقات المسلمين عند مياههم» أو «عند أفنيتهم» شك أبو داود #,0
Musnad at-Tayalisi,3509,UNGRADED,Marriage & Spouses; Servants & Freeing Slaves,2379 - # حدثنا أبو داود قال: حدثنا حماد بن سلمة، عن حبيب المعلم، عن عمرو بن شعيب، عن أبيه، عن عبد الله بن عمرو، أن رسول الله صلى الله عليه وسلم قال: «لا طلاق إلا بعد النكاح، ولا عتق إلا بعد ملك» #,0
Musnad at-Tayalisi,3510,UNGRADED,Women; Prophets & Past Peoples,2380 - # حدثنا أبو داود قال: حدثنا همام، عن قتادة، عن عمرو بن شعيب، عن أبيه، عن عبد الله بن عمرو، عن النبي صلى الله عليه وسلم قال: «تلك اللوطية الصغرى» يعني إتيان المرأة في دبرها #,0
Musnad at-Tayalisi,3511,UNGRADED,Women; Angels & the Unseen,2381 - # حدثنا أبو داود قال: حدثنا حماد قال: حدثنا حبيب المعلم، عن عمرو بن شعيب، عن أبيه، عن عبد الله بن عمرو، عن النبي صلى الله عليه وسلم قال: «إذا ملك الرجل المرأة لم تجز عطيتها إلا بإذنه» #,0
Musnad at-Tayalisi,3512,UNGRADED,Prophets & Past Peoples; Treaties & Non-Muslims,2382 - # حدثنا أبو داود قال: حدثنا محمد بن راشد، عن سليمان بن موسى، عن عمرو بن شعيب، عن أبيه، عن جده، قال: قال رسول الله صلى الله عليه وسلم: «دية أهل الكتاب اليهودي والنصراني على النصف من دية المسلم» #,0
Musnad at-Tayalisi,3514,UNGRADED,Prophets & Past Peoples,2383 - # حدثنا أبو داود قال: حدثنا شعبة، عن سعد بن إبراهيم، قال: سمعت حميد بن عبد الرحمن يقول: سمعت عبد الله بن عمرو، يقول: سمعت رسول الله صلى الله عليه وسلم يقول: «إن من أكبر الذنوب أن يسب الرجل والديه في الإسلام» قيل: يا رسول الله، وكيف يسب والديه؟ قال: «يساب الرجل فيسب أباه، أو يسب أمه فيسب أمه» #,0
Musnad at-Tayalisi,3515,UNGRADED,Truthfulness & Lying; Prophets & Past Peoples,2384 - # حدثنا أبو داود قال: حدثنا وهيب، عن خالد الحذاء، عن القاسم بن ربيعة، عن عقبة بن أوس، يحسبه خالد، عن عبد الله بن عمرو، أن النبي صلى الله عليه وسلم لما فتح مكة قال: «لا إله إلا الله وحده، صدق وعده، ونصر عبده، وهزم الأحزاب وحده، ألا إن كل مأثرة تعد وتدعى ودم ومال تحت قدمي هاتين إلا السدانة والسقاية» #,0
Musnad at-Tayalisi,3516,UNGRADED,Prophets & Past Peoples,2385 - # حدثنا أبو داود قال: حدثنا سفيان الثوري، عن سعد بن إبراهيم، عن ريحان بن يزيد، عن عبد الله بن عمرو، عن النبي صلى الله عليه وسلم قال: «لا تحل الصدقة لغني ولا لذي مرة قوي» #,0
Musnad at-Tayalisi,3518,UNGRADED,Day of Judgement,"[ص: 30] # بن مرة، سمعت عبد الله بن الحارث، يحدث عن أبي كثير الزبيدي، عن عبد الله بن عمرو بن العاص، قال: قال رسول الله صلى الله عليه وسلم: «إياكم والظلم، فإن الظلم ظلمات يوم القيامة، وإياكم والفحش، فإن الله لا يحب الفحش ولا التفحش، وإياكم والشح، فإنه أهلك من كان قبلكم، أمرهم بالقطيعة فقطعوا، وأمرهم بالبخل فبخلوا، وأمرهم بالفجور ففجروا» فقام رجل فقال: يا رسول الله، أي الإسلام أفضل ""؟ قال شعبة: «من سلم المسلمون من لسانه ويده» وقال المسعودي: «أن يسلم المسلمون من لسانك ويدك» فقام ذلك الرجل أو غيره فقال: يا رسول الله، أي الهجرة أفضل؟ قال: «أن تهجر ما كره ربك» وقال رسول الله صلى الله عليه وسلم: «الهجرة هجرتان، هجرة الحاضر وهجرة البادي، فأما البادي فيجيب إذا دعي، ويطيع إذا أمر، وأما الحاضر فهو أعظمهما بلية، وأفضلهما أجرا» وقال المسعودي: وناداه رجل: يا رسول الله، أي الشهداء أفضل؟ قال: «أن يعقر جوادك ويهراق دمك» #",0
Musnad at-Tayalisi,3519,UNGRADED,Day of Judgement; Prophets & Past Peoples,2387 - # حدثنا أبو داود قال: حدثنا هشام، عن عطاء بن السائب، عن أبيه، عن عبد الله بن عمرو، قال: قال لي رسول الله صلى الله عليه وسلم: «في كم تقرأ القرآن؟» قلت: في يوم وليلتين، قال: فناقصني وناقصته حتى قال: «اقرأه في سبع» #,0
Musnad at-Tayalisi,3520,UNGRADED,Paradise; Prophets & Past Peoples,2388 - # حدثنا أبو داود قال: حدثنا شعبة، عن الحكم، عن مجاهد، عن عبد الله بن عمرو، عن النبي صلى الله عليه وسلم قال: «من ادعى إلى غير أبيه فلن يراح رائحة الجنة، وإن ريحها يوجد من مسيرة سبعين عاما» فلما رأى ذلك جنادة بن أبي أمية، وكان معاوية أراد أن يدعيه، قال جنادة: إنما أنا سهم من كنانتك، فارم بي حيث شئت #,0
Musnad at-Tayalisi,3521,UNGRADED,Prophets & Past Peoples,2389 - # حدثنا أبو داود قال: حدثنا همام، عن قتادة، عن يزيد بن عبد الله بن الشخير، عن عبد الله بن عمرو، قال: قال رسول الله صلى الله عليه وسلم: «لا يفقه من قرأه في أقل من ثلاث» يعني القرآن #,0
Musnad at-Tayalisi,3522,UNGRADED,Speech & Backbiting; Prophets & Past Peoples,2390 - # حدثنا أبو داود قال: حدثنا ابن أبي ذئب، قال: حدثني خالي الحارث بن عبد الرحمن، عن أبي سلمة بن عبد الرحمن، عن عبد الله بن عمرو، قال: «لعن رسول الله صلى الله عليه وسلم الراشي والمرتشي» #,0
Musnad at-Tayalisi,3523,UNGRADED,Faith & Creed; Paradise,2391 - # حدثنا أبو داود قال: حدثنا محمد بن مسلم بن أبي الوضاح، عن العلاء بن عبد الله بن رافع، عن حنان بن خارجة، عن عبد الله بن عمرو، قال: جاء أعرابي علوي جريء جاف فقال: يا رسول الله، أخبرنا عن الهجرة، أهي إليك حيث كنت؟ أم إلى أرض معروفة؟ أم لقوم خاصة؟ أم إذا مت انقطعت؟ قال: فسكت عنه رسول الله صلى الله عليه وسلم، ثم قال: «أين السائل؟» قال: ها أنا ذا يا رسول الله، قال: «الهجرة أن تهجر الفواحش ما ظهر منها وما بطن، ثم أنت مهاجر وإن مت في الحضر» # # قال عبد الله بن عمرو: فقال رجل: يا رسول الله، أخبرنا عن ثياب أهل الجنة، أخلق تخلق، أم نسج تنسج؟، فسكت رسول الله صلى الله عليه وسلم وضحك بعض القوم، فقال رسول الله صلى الله عليه وسلم: «مم تضحكون؟ أمن جاهل يسأل عالما؟» ثم قال رسول الله صلى الله عليه وسلم: «أين السائل؟» قال: ها أنا ذا يا رسول الله، فقال رسول الله صلى الله عليه وسلم: «بل تتشقق عنها ثمر الجنة، بل تتشقق عنها ثمر الجنة» مرتين، فقلت: يا رسول الله، وما تقول في الهجرة والجهاد؟ فقال,0
Musnad at-Tayalisi,3525,UNGRADED,Prophets & Past Peoples,2392 - # حدثنا أبو داود قال: حدثنا هشام، عن يحيى، عن محمد بن إبراهيم، عن خالد بن معدان، أن جبير بن نفير، حدثه أن عبد الله بن عمرو حدثه قال: رأى رسول الله صلى الله عليه وسلم علي ثوبين معصفرين فقال: «يا عبد الله بن عمرو، إن هذه ثياب الكفار فلا تلبسها» #,0
Musnad at-Tayalisi,3526,UNGRADED,Day of Judgement,2393 - # حدثنا أبو داود قال: حدثنا شعبة، وابن عيينة، وحديث ابن عيينة أتم، عن عمرو بن دينار، عن صهيب مولى ابن عامر، عن عبد الله بن عمرو، عن النبي صلى الله عليه وسلم قال: «من قتل عصفورا بغير حقه سأله الله عز وجل يوم القيامة عنه» فقيل: وما حقه؟ قال: «يذبحه فيأكله ولا يقطع رأسه فيرمى به» #,0
Musnad at-Tayalisi,3527,UNGRADED,Fasting & Ramadan; Prophets & Past Peoples,2394 - # حدثنا أبو داود قال: حدثنا شعبة، عن سعد بن إبراهيم، قال: سمعت طلحة بن هلال أو هلال بن طلحة، سمع عبد الله بن عمرو، يقول: قال رسول الله صلى الله عليه وسلم: «صوم ثلاثة أيام من الشهر صوم الدهر، من جاء بالحسنة فله عشر أمثالها» فقلت: إني أطيق، قال: «فصم صوم داود، كان يصوم يوما ويفطر يوما» #,0
Musnad at-Tayalisi,3528,UNGRADED,Fasting & Ramadan; Prophets & Past Peoples,2395 - # حدثنا أبو داود قال: حدثنا شعبة، عن أبي إسحاق، قال: سمعت وهب بن جابر، يقول: شهدت عبد الله بن عمرو في بيت المقدس وأتاه مولى له فقال: إني أريد أن أقيم هذا الشهر هاهنا، يعني رمضان، فقال له عبد الله: هل تركت لأهلك ما يقوتهم؟ قال: لا، قال: أما لا فارجع فدع لهم ما يقوتهم، فإني سمعت رسول الله صلى الله عليه وسلم,0
Musnad at-Tayalisi,3530,UNGRADED,Prophets & Past Peoples,2396 - # حدثنا أبو داود قال: حدثنا المغيرة بن مسلم، وكان صدوقا مسلما، قال: حدثنا أبو إسحاق، عن وهب بن جابر، عن عبد الله بن عمرو، عن النبي صلى الله عليه وسلم مثل هذا الحديث غير أنه قال: ثم أنشأ يحدثنا أن «يأجوج ومأجوج من ولد آدم، وأنهم لو أرسلوا على الناس لأفسدوا عليهم معايشهم، ولن يموت منهم أحد إلا ترك من ذريته ألفا,0
Musnad at-Tayalisi,3532,UNGRADED,Prophets & Past Peoples,2397 - # حدثنا أبو داود قال: حدثنا زهير بن معاوية، عن إبراهيم بن المهاجر، عن عبد الله بن باباه، عن عبد الله بن عمرو، قال: حضرت رسول الله صلى الله عليه وسلم وذكر عنده أيام العشر فقال: «ما من أيام,0
Musnad at-Tayalisi,3534,UNGRADED,Prophets & Past Peoples,2398 - # حدثنا أبو داود قال: حدثنا شعبة قال: حدثني إبراهيم بن ميمون قال: حدثني رجل من بني الحارث، قال: حدثني رجل منا يقال له أيوب قال: سمعت عبد الله بن عمرو، يقول: «من تاب قبل موته بعام تيب عليه، ومن تاب قبل موته بيوم تيب عليه، ومن تاب قبل موته بساعة تيب عليه» فقلت له: إنما قال الله عز وجل: {إنما التوبة على الله للذين يعملون السوء بجهالة} [النساء: 17] الآية قال: إنما أحدثك ما سمعت من رسول الله صلى الله عليه وسلم #,0
Musnad at-Tayalisi,3535,UNGRADED,Prophets & Past Peoples,2399 - # حدثنا أبو داود قال: حدثنا زمعة، عن الزهري، عن عيسى بن طلحة، عن عبد الله بن عمرو، أن رسول الله صلى الله عليه وسلم قال يوم النحر وهو على راحلته، وطفق الناس يسألونه، يقول الرجل: يا رسول الله، إني لم أكن أرى أن الرمي قبل النحر فنحرت قبل أن أرمي، فقال النبي صلى الله عليه وسلم: «ارم ولا حرج» وطفق آخر يقول: يا رسول الله إني لم أشعر أن الحلق قبل النحر فنحرت قبل أن أحلق، فقال: «احلق ولا حرج» قال: فما سمعت رسول الله صلى الله عليه وسلم سئل يومئذ عما ينسى المرء أو يجهل من تقديم الأمور بعضها قبل بعض وأشباه ذلك إلا,0
Musnad at-Tayalisi,3537,UNGRADED,Prophets & Past Peoples,2400 - # حدثنا أبو داود قال: حدثنا فليح بن سليمان، عن سالم أبي النضر، عن سليمان بن يسار، عن عبد الله بن عمرو، أن النبي صلى الله عليه وسلم قال: «لا تجادلوا في القرآن فإن جدالا فيه كفر» #,0
Musnad at-Tayalisi,3538,UNGRADED,Prophets & Past Peoples,2401 - # حدثنا أبو داود قال: حدثنا همام، عن قتادة، عن محمد بن سيرين، ومحمد بن عبيد الحنفي، عن عبد الله بن عمرو، أن رسول الله صلى الله عليه وسلم كان في حش من حشان المدينة فاستأذن رجل، فقال رسول الله صلى الله عليه وسلم: «ائذن له وبشره بالجنة» فإذا هو أبو بكر رضي الله عنه فأذنت له وبشرته بالجنة، فقرب يحمد الله حتى جلس، ثم استأذن رجل رفيع الصوت، فقال رسول الله صلى الله عليه وسلم: «ائذن له وبشره بالجنة» فإذا عمر رضي الله عنه، فأذنت له وبشرته بالجنة، فقرب يحمد الله، ثم استأذن رجل خفيض الصوت، فقال رسول الله صلى الله عليه وسلم: «ائذن له وبشره بالجنة على بلوى تصيبه» فأذنت له وبشرته بالجنة، فإذا هو عثمان بن عفان رضي الله عنه، فقرب يحمد الله حتى جلس، فقال عبد الله بن عمرو,0
Musnad at-Tayalisi,3540,UNGRADED,Work & Livelihood; Prophets & Past Peoples,2402 - # حدثنا أبو داود قال: حدثنا شعبة، عن زياد بن فياض: قال سمعت أبا عياض، يحدث عن عبد الله بن عمرو، أن رسول الله صلى الله عليه وسلم قال له: «صم يوما من الشهر ولك أجر ما بقي، صم يومين ولك أجر ما بقي، صم ثلاثة أيام ولك أجر ما بقي» #,0
Musnad at-Tayalisi,3541,UNGRADED,Prayer (Salah); Prophets & Past Peoples,2403 - # حدثنا أبو داود قال: حدثنا شعبة، عن منصور، قال: سمعت هلال بن يساف، يحدث عن أبي يحيى الأعرج، عن عبد الله بن عمرو، أن رسول الله صلى الله عليه وسلم قال: «صلاة القاعد على النصف من,1
Musnad at-Tayalisi,3544,UNGRADED,Parents; Character & Manners,2405 - # حدثنا أبو داود قال: حدثنا ابن المبارك، عن الأوزاعي، عن ربيعة بن يزيد الدمشقي، عن ابن الديلمي، قال: قلت لعبد الله بن عمرو إنه بلغني أنك تحدث أن الشقي من شقي في بطن أمه، فقال: أما إني لا أحل لأحد أن يكذب علي، إني سمعت رسول الله صلى الله عليه وسلم يقول: «إن الله عز وجل خلق خلقه في ظلمة ثم ألقى عليهم نورا من نوره، فمن أصابه شيء من ذلك النور اهتدى، ومن أخطأه ضل» #,0
Musnad at-Tayalisi,3545,UNGRADED,Knowledge & Scholars,2406 - # حدثنا أبو داود قال: حدثنا هشام، عن يحيى بن أبي كثير، عن عروة بن الزبير، عن عبد الله بن عمرو، قال: أشهد أن رسول الله صلى الله عليه وسلم قال: «إن الله تبارك وتعالى لا يرفع العلم بقبض يقبضه، ولكن يرفع العلماء بعلمهم، حتى إذا لم يبق عالم اتخذ الناس رؤساء جهالا، فسئلوا فحدثوا، فضلوا وأضلوا» #,0
Musnad at-Tayalisi,3547,UNGRADED,Prophets & Past Peoples; Travel & Migration,[ص: 49] # بن حوشب، قال: أتى عبد الله بن عمرو نوفا فقال: حدث، فإنا، قد نهينا عن الحديث، فقال: ما كنت لأحدث وعندي رجل من أصحاب النبي صلى الله عليه وسلم من قريش، فقال عبد الله بن عمرو: سمعت رسول الله صلى الله عليه وسلم يقول: «ستكون هجرة بعد هجرة، يخرج خيار الأرض إلى مهاجر إبراهيم عليه السلام، ويبقى في الأرض شرار أهلها، تلفظهم أرضوهم وتقذرهم نفس الله، وتحشرهم النار مع القردة والخنازير» # # وقال رسول الله صلى الله عليه وسلم: «يخرج ناس من قبل المشرق يقرءون القرآن لا يجاوز تراقيهم، كلما قطع قرن نشأ قرن كلما قطع قرن نشأ قرن كلما قطع قرن نشأ قرن ثم يخرج,0
Musnad at-Tayalisi,3550,UNGRADED,Bloodshed & Murder; Prophets & Past Peoples,[ص: 51] # ، قال: سمعت رجلا من بني مخزوم يحدث عن عمه، أن معاوية أراد أن يأخذ الوهط من عبد الله بن عمرو فأمر مواليه أن يتسلحوا، فقيل له في ذلك، فقال: سمعت رسول الله صلى الله عليه وسلم يقول: «من قتل دون ماله فهو شهيد» #,0
Musnad at-Tayalisi,3551,UNGRADED,Children & Upbringing; Paradise,2409 - # حدثنا أبو داود قال: حدثنا شعبة، قال: أخبرني منصور، قال: سمعت سالم بن أبي الجعد، يحدث عن شميط بن نبيط، عن جابان، عن عبد الله بن عمرو، عن النبي صلى الله عليه وسلم قال: «لا يدخل الجنة، عاق ولا منان، ولا ولد زنية، ولا مدمن» #,0
Musnad at-Tayalisi,3554,UNGRADED,Prophets & Past Peoples,2410 - # حدثنا يونس قال: حدثنا أبو داود قال: حدثنا سفيان الثوري، عن عبيد الله بن عمر عن الزهري، عن سعيد بن المسيب، عن أبي هريرة، أن النبي صلى الله عليه وسلم «كبر على النجاشي أربعا» #,0
Musnad at-Tayalisi,3555,UNGRADED,Day of Judgement; Prophets & Past Peoples,"2411 - # حدثنا أبو داود قال: حدثنا ابن أبي ذئب، عن الزهري، عن سعيد، عن أبي هريرة، قال: قال رسول الله صلى الله عليه وسلم: "" إذا قلت يوم الجمعة لأخيك والإمام يخطب: أنصت، فقد لغوت "" #",0
Musnad at-Tayalisi,3556,UNGRADED,Prayer (Salah); Prophets & Past Peoples,2412 - # حدثنا أبو داود قال: حدثنا ابن أبي ذئب، عن الزهري، عن سعيد، عن أبي هريرة، قال: قال رسول الله صلى الله عليه وسلم: «إذا أقيمت الصلاة فامشوا وعليكم السكينة، فصلوا ما أدركتم، واقضوا ما فاتكم» #,1
Musnad at-Tayalisi,3557,UNGRADED,Prophets & Past Peoples,2413 - # حدثنا أبو داود قال: حدثنا ابن أبي ذئب، عن الزهري، عن سعيد، عن أبي هريرة، أن رجلا صرخ برسول الله صلى الله عليه وسلم من بني فزارة فقال: يا رسول الله، إن امرأتي ولدت لي غلاما أسود، فأنى ذاك يا رسول الله؟، قال: «هل لك من إبل؟» قال: نعم قال: «فما,0
Musnad at-Tayalisi,3559,UNGRADED,Other Narrations,"2414 - # حدثنا زمعة، عن الزهري، عن سعيد، عن أبي هريرة، عن النبي صلى الله عليه وسلم قال: "" الفطرة خمس: قص الأظفار",0
Musnad at-Tayalisi,3561,UNGRADED,Leadership & Governance; Prophets & Past Peoples,2415 - # حدثنا أبو داود قال: حدثنا زمعة، عن الزهري، عن سعيد، عن أبي هريرة، قال: قال رسول الله صلى الله عليه وسلم: «لا تناجشوا، ولا يبيع حاضر لباد، ولا يخطب الرجل على خطبة أخيه، ولا يبيع على بيعه» #,0
Musnad at-Tayalisi,3562,UNGRADED,Prophets & Past Peoples,2416 - # حدثنا أبو داود قال: حدثنا ابن أبي ذئب، عن الزهري، عن سعيد، عن أبي هريرة، قال: قال رسول الله صلى الله عليه وسلم: «ليوشكن أن ينزل فيكم عيسى ابن مريم عليه السلام حكما مقسطا، يقتل الخنزير ويكسر الصليب ويضع الجزية ويفيض المال حتى لا يقبله أحد» #,0
Musnad at-Tayalisi,3563,UNGRADED,Prophets & Past Peoples,2417 - # حدثنا أبو داود قال: حدثنا زمعة، عن الزهري، عن سعيد، عن أبي هريرة، قال: قال رسول الله صلى الله عليه وسلم: «حق المسلم على أخيه المسلم خمس، رد السلام، وعيادة المريض، واتباع الجنازة، وإجابة الداعي، وتشميت العاطس» #,0
Musnad at-Tayalisi,3564,UNGRADED,Prophets & Past Peoples,2418 - # حدثنا أبو داود قال: حدثنا زمعة، عن الزهري، عن سعيد، عن أبي هريرة، قال: قال رسول الله صلى الله عليه وسلم: «لا فرع ولا عتيرة» قال سعيد: فالفرع أول نتاج ينتج كانوا يذبحونه لطواغيتهم، نهاهم رسول الله صلى الله عليه وسلم عنها، والعتيرة ذبيحة مضر في رجب، فنهاهم رسول الله صلى الله عليه وسلم عنها #,0
Musnad at-Tayalisi,3565,UNGRADED,Death & Burial,"2419 - # وبإسناده، قال: كنا عند رسول الله صلى الله عليه وسلم فقال: "" إن أخاكم النجاشي قد مات، فقوموا فصلوا عليه قال: "" فنهض ونهضنا معه حتى انتهى إلى البقيع، فتقدم وصفنا خلفه فكبر عليه أربعا #",0
Musnad at-Tayalisi,3566,UNGRADED,Food & Drink,"2420 - # حدثنا أبو داود قال: حدثنا زمعة، عن الزهري، عن سعيد بن المسيب، وأبي سلمة بن عبد الرحمن عن أبي هريرة، أن امرأتين، من هذيل رمت إحداهما الأخرى بحجر فقتلتها وما في بطنها، فاختصموا إلى رسول الله صلى الله عليه وسلم فجعل في جنينها غرة عبد أو وليدة، وقضى بدية المرأة على عاقلتها وورثها وورثه ولدها ومن معهم، فجاء ابن النابغة الهذلي فقال: يا رسول الله، غرم من لا أكل ولا شرب ولا نطق ولا استهل فمثل ذلك بطل، فقال رسول الله صلى الله عليه وسلم: «هذا من إخوان الكهان» من أجل سجعه الذي قال "" #",1
Musnad at-Tayalisi,3567,UNGRADED,Prophets & Past Peoples,2421 - # حدثنا أبو داود قال: حدثنا زمعة، عن الزهري، عن سعيد، وأبي سلمة عن أبي هريرة، أن النبي صلى الله عليه وسلم قال: «شدة الحر من فيح,1
Musnad at-Tayalisi,3570,UNGRADED,Other Narrations,2423 - # وبإسناده عن أبي هريرة، قال: سمعت رسول الله صلى الله عليه وسلم يقول: «لا يموت لمسلم ثلاثة من الولد فتمسه النار إلا تحلة القسم» قال الزهري: كأنه يريد هذه الآية {وإن منكم إلا واردها} [مريم: 71] الآية #,0
Musnad at-Tayalisi,3571,UNGRADED,Other Narrations,2424 - # وبإسناده عن أبي هريرة، قال: قال رسول الله صلى الله عليه وسلم: «الدابة العجماء جرحها جبار، والمعدن جبار، والبئر جبار، وفي الركاز الخمس» #,0
Musnad at-Tayalisi,3573,UNGRADED,Prophets & Past Peoples,2426 - # حدثنا أبو داود قال: حدثنا شعبة، قال: حدثت أبا إسحاق، عن معمر بن راشد، وسفيان بن حسين، عن الزهري، عن سعيد، عن أبي هريرة، قال شعبة: قال أحدهما: قال رسول الله صلى الله عليه وسلم: «لا فرع ولا عتيرة» وقال الآخر: «نهى رسول الله صلى الله عليه وسلم عن الفرع والعتيرة» #,0
Musnad at-Tayalisi,3574,UNGRADED,Speech & Backbiting; Prophets & Past Peoples,2427 - # حدثنا أبو داود قال: حدثنا زمعة، عن الزهري، عن سعيد عن أبي هريرة، قال: سمعت رسول الله صلى الله عليه وسلم يقول: «لعن الله اليهود» أو «قاتل الله اليهود، حرمت عليهم الشحوم فباعوها وأكلوا أثمانها» #,0
Musnad at-Tayalisi,3575,UNGRADED,Other Narrations,2428 - # وبإسناده عن أبي هريرة، قال: سمعت رسول الله صلى الله عليه وسلم يقول: «يا حسان، أجب عن رسول الله، اللهم أيده بروح القدس» #,0
Musnad at-Tayalisi,3579,UNGRADED,Other Narrations,2430 - # وبإسناده عن أبي هريرة، قال: قال رسول الله صلى الله عليه وسلم: «ما جلس قوم مجلسا لا يذكرون الله فيه ويصلون على النبي صلى الله عليه وسلم إلا كان عليهم ترة» #,0
Musnad at-Tayalisi,3580,UNGRADED,Other Narrations,2431 - # وبإسناده عن أبي هريرة، قال: قال رسول الله صلى الله عليه وسلم لأزواجه في حجة الوداع: «إنما هي هذه، ثم ظهور الحصر»,0
Musnad at-Tayalisi,3582,UNGRADED,Other Narrations,2432 - # وبإسناده عن أبي هريرة، قال: «كان رسول الله صلى الله عليه وسلم شبح الذراعين، بعيد ما بين المنكبين، هدب الأشفار؛ أشفار العين، لم يكن سخابا في الأسواق، ولم يكن فاحشا ولا متفحشا، كان يقبل جميعا ويدبر جميعا» #,0
Musnad at-Tayalisi,3583,UNGRADED,Purity & Wudu; Death & Burial,2433 - # وبإسناده عن أبي هريرة، قال: قال رسول الله صلى الله عليه وسلم: «من غسل ميتا فليغتسل، ومن حمل جنازة فليتوضأ» #,0
Musnad at-Tayalisi,3585,UNGRADED,Prophets & Past Peoples,"2434 - # حدثنا يونس قال: حدثنا أبو داود قال: حدثنا ابن أبي ذئب، قال: حدثنا سعيد بن أبي سعيد المقبري، عن أبيه، عن أبي هريرة، قال: قال رسول الله صلى الله عليه وسلم: "" إن الله عز وجل يحب العطاس",0
Musnad at-Tayalisi,3587,UNGRADED,Women; Animals,2435 - # وبإسناده عن أبي هريرة، قال: قال رسول الله صلى الله عليه وسلم: «يا نساء المؤمنات، لا تحقرن جارة لجارتها ولو بفرسن شاة» #,0
Musnad at-Tayalisi,3588,UNGRADED,Prophets & Past Peoples,2436 - # حدثنا أبو داود قال: حدثنا ابن أبي ذئب، قال: حدثنا سعيد، عن أبيه، عن أبي هريرة، قال: قال رسول الله صلى الله عليه وسلم: «لا يحل لامرأة تؤمن بالله واليوم الآخر تسافر يوما إلا ومعها ذو محرم» #,0
Musnad at-Tayalisi,3590,UNGRADED,Prophets & Past Peoples,2437 - # حدثنا يونس قال: حدثنا أبو داود قال: حدثنا ابن أبي ذئب، عن سعيد بن أبي سعيد، عن أبي هريرة، قال: قال رسول الله صلى الله عليه وسلم: «السبع المثاني هي فاتحة الكتاب» #,0
Musnad at-Tayalisi,3591,UNGRADED,Prayer (Salah),2438 - # وبإسناده عن أبي هريرة، أن رسول الله صلى الله عليه وسلم صلى ركعتين ثم سلم فقيل: يا رسول الله، أقصرت الصلاة أم نسيت؟، فقال رسول الله صلى الله عليه وسلم: «لم تقصر ولم أنس» فقال القوم: بلى يا رسول الله، فرجع رسول الله صلى الله عليه وسلم فصلى ركعتين ثم سجد سجدتين #,0
Musnad at-Tayalisi,3593,UNGRADED,Other Narrations,2440 - # وبإسناده عن أبي هريرة، قال: قال رسول الله صلى الله عليه وسلم: «من كانت عنده مظلمة لأخيه من عرضه أو ماله فليؤدها إليه قبل,0
Musnad at-Tayalisi,3595,UNGRADED,Other Narrations,2441 - # وبإسناده عن أبي هريرة، قال: قال رسول الله صلى الله عليه وسلم: «ما منكم أحد ينجيه عمله» قالوا: ولا أنت يا رسول الله؟، قال,0
Musnad at-Tayalisi,3598,UNGRADED,Prayer (Salah),2443 - # حدثنا أبو داود قال: حدثنا أبو معشر، عن سعيد، عن أبي هريرة، قال: قال رسول الله صلى الله عليه وسلم: «لولا ما في البيوت من النساء والصبيان لأمرت من ينادي بالصلاة، يعني صلاة العشاء الآخرة، ثم أحرق على قوم يتخلفون عن الصلاة، يعني صلاة العشاء الآخرة، في بيوتهم» #,0
Musnad at-Tayalisi,3599,UNGRADED,Character & Manners,2444 - # وبإسناده عن أبي هريرة، قال: قال رسول الله صلى الله عليه وسلم: «خير النساء التي إذا نظرت إليها سرتك، وإذا أمرتها أطاعتك، وإذا غبت عنها حفظتك في نفسها ومالها» قال: وتلا هذه الآية {الرجال قوامون على النساء} [النساء: 34] إلى آخر الآية #,0
Musnad at-Tayalisi,3602,UNGRADED,Relatives & Kinship; Brotherhood & Friendship,2446 - # حدثنا أبو داود قال: حدثنا العمري، عن سعيد المقبري، عن أبي هريرة، قال: قال رسول الله صلى الله عليه وسلم: «رحم الله امرأ كان بينه وبين أخيه مظلمة من عرض أو مال فأعطاها إياه من قبل أن يأتي عليه يوم لا يقبل منه دينار ولا درهم، إن كان له عمل صالح أخذ منه فأعطي صاحب المظلمة، وإن لم يكن له عمل صالح أخذ من سيئات صاحبه وحملت عليه» فقال شيخ عند سعيد,0
Musnad at-Tayalisi,3604,UNGRADED,Character & Manners; Prophets & Past Peoples,2447 - # حدثنا أبو داود قال: حدثنا أبو معشر، عن سعيد، عن أبي هريرة قال: قال رسول الله صلى الله عليه وسلم: «ليدعن الناس فخرهم في الجاهلية، أو ليكونن أهون على الله عز وجل من الخنافس» #,0
Musnad at-Tayalisi,3605,UNGRADED,Purity & Wudu,2448 - # وبإسناده عن أبي هريرة، قال: قال رسول الله صلى الله عليه وسلم: «لولا أن أشق على أمتي لأمرتهم بالوضوء عند كل صلاة، ومع كل وضوء سواك، ولأخرت العشاء إلى نصف الليل» #,0
Musnad at-Tayalisi,3606,UNGRADED,Prophets & Past Peoples,2449 - # حدثنا أبو داود قال: حدثنا العمري، قال: حدثنا سعيد المقبري، عن أبي هريرة، قال: جاء أعرابي حتى انتهى إلى المسجد فعقل راحلته بباب المسجد ثم دخل المسجد فقال: أيكم، أو قال: أفيكم ابن عبد المطلب؟ يعني النبي صلى الله عليه وسلم، فقالوا: هو هذا الأمغر المرتفق فقال: يا محمد، إني سائلك فمشدد مسألتي، أسألك برب من كان قبلك، وبرب من هو كائن بعدك، آلله عز وجل أرسلك؟ قال: «نعم» قال: فأسألك بذلك: أهو أمرك أن تصلي في اليوم والليلة خمس,0
Musnad at-Tayalisi,3608,UNGRADED,Guests & Hospitality; Prophets & Past Peoples,2450 - # حدثنا أبو داود قال: حدثنا أبو معشر، عن سعيد، عن أبي هريرة، قال: قال رسول الله صلى الله عليه وسلم: «دعوة المظلوم مستجابة، وإن كان فاجرا ففجوره على نفسه» #,0
Musnad at-Tayalisi,3609,UNGRADED,Character & Manners; Day of Judgement,2451 - # وبإسناده عن أبي هريرة، قال: قال رسول الله صلى الله عليه وسلم: «خير يوم طلع شرقه يوم الجمعة، هدانا الله عز وجل له وأضل,0
Musnad at-Tayalisi,3610,UNGRADED,Dhikr & Supplication; Character & Manners,[ص: 94] # عنه الناس، لنا الجمعة ولليهود السبت وللنصارى الأحد، وفيه ساعة» يعني في الجمعة، يقللها رسول الله صلى الله عليه وسلم بيده، «لا يدعو فيها عبد يصلي خيرا إلا أعطيه» #,0
Musnad at-Tayalisi,3613,UNGRADED,Prophets & Past Peoples; Animals,2453 - # حدثنا أبو داود قال: حدثنا أبو معشر، عن سعيد، عن أبي هريرة، أن النبي صلى الله عليه وسلم قال: «تهادوا، فإن الهدية تذهب وغر الصدر، لا تحقرن جارة لجارتها ولو نصف فرسن شاة» #,0
Musnad at-Tayalisi,3614,UNGRADED,Prophets & Past Peoples,2454 - # حدثنا أبو داود قال: حدثنا العمري، حدثنا سعيد المقبري، عن أبي هريرة، «أن رجلا، أسلم فأمره رسول الله صلى الله عليه وسلم أن يغتسل» #,0
Musnad at-Tayalisi,3616,UNGRADED,Prophets & Past Peoples,2455 - # حدثنا يونس قال: حدثنا أبو داود قال: حدثنا ابن أبي ذئب، عن سعيد بن أبي سعيد المقبري، عن سعيد بن يسار، عن أبي هريرة، قال: قال رسول الله صلى الله عليه وسلم: «لا يوطن عبد المسجد للصلاة,1
Musnad at-Tayalisi,3621,UNGRADED,Prophets & Past Peoples,"2457 - # حدثنا يونس قال: حدثنا أبو داود قال: حدثنا ابن أبي ذئب، عن سعيد، عن عبد الرحمن، مولى أبي هريرة قال: أوصى أبو هريرة: إذا أنا مت، فلا تضربوا علي فسطاطا، ولا تتبعوني بنار، وأسرعوا بي؛ فإني سمعت رسول الله صلى الله عليه وسلم يقول: "" إن المؤمن إذا وضع على سريره قال: قدموني قدموني، وإن الكافر إذا وضع على سريره قال: يا ويله، أين تذهبون به "" #",0
Musnad at-Tayalisi,3623,UNGRADED,Prophets & Past Peoples,2458 - # حدثنا يونس قال: حدثنا أبو داود قال: حدثنا ابن أبي ذئب، عن الحارث بن عبد الرحمن، عن أبي سلمة، عن أبي هريرة، أن رسول الله صلى الله عليه وسلم قال: «من شرب الخمر فاجلدوه، فإن عاد فاجلدوه، فإن عاد فاجلدوه، فإن عاد الرابعة فاقتلوه» #,0
Musnad at-Tayalisi,3624,UNGRADED,Prophets & Past Peoples,2459 - # حدثنا أبو داود قال: حدثنا يونس، حدثنا أبو داود قال: حدثنا ابن أبي ذئب، عن الزهري، عن أبي سلمة، عن أبي هريرة، قال: كان المؤمن إذا توفي في عهد رسول الله صلى الله عليه وسلم فأتي به النبي صلى الله عليه وسلم سأل: «هل عليه دين؟» فإن قالوا: نعم. قال: «هل ترك وفاء لدينه» فإن قالوا: نعم. صلى عليه، وإن قالوا: لا، قال: «صلوا على صاحبكم» فلما فتح الله عز وجل علينا الفتوح قال: «أنا أولى بالمؤمنين من أنفسهم، ومن ترك دينا فإلي، وإن ترك مالا فللوارث» #,0
Musnad at-Tayalisi,3628,UNGRADED,Prophets & Past Peoples,2462 - # حدثنا أبو داود قال: حدثنا أبو عوانة، قال: حدثنا عمر بن أبي سلمة، عن أبيه، عن أبي هريرة، أن النبي صلى الله عليه وسلم قال: «إذا تمنى أحدكم الموت فلينظر ما يتمنى، فإنه لا يدري ما يكتب له من أمنيته» #,0
Musnad at-Tayalisi,3630,UNGRADED,Theft & Property,2464 - # وبإسناده عن أبي هريرة، أن النبي صلى الله عليه وسلم قال: «إذا سرق العبد فبعه ولو بنش» #,0
Musnad at-Tayalisi,3631,UNGRADED,Prophets & Past Peoples,2465 - # حدثنا أبو داود قال: حدثنا إبراهيم بن سعد، عن أبيه، عن أبي سلمة، عن أبي هريرة، قال: قال رسول الله صلى الله عليه وسلم: «إنها ستكون فتنة، أو فتن، يكون النائم فيها خيرا من اليقظان، والماشي فيها خيرا من الساعي، والقاعد فيها خيرا من القائم، والقائم فيها خيرا من الماشي، فمن وجد منها ملجأ أو معاذا فليستعذ به» #,0
Musnad at-Tayalisi,3633,UNGRADED,Modesty & Dress; Justice & Judgement,"[ص: 104] # أبي سلمة، عن أبي هريرة، أن النبي صلى الله عليه وسلم قال: "" إذا نودي بالصلاة أدبر الشيطان له ضريط حتى لا يسمع النداء، وإذا قضي النداء أقبل، فإذا ثوب بها أدبر فإذا قضي التثويب أقبل حتى يخطر بين المرء ونفسه، حتى يقول: اذكر كذا، اذكر كذا، ما لم يذكر، فإذا لم يدر أحد كم صلى ثلاثا أو أربعا فليسجد سجدتين وهو جالس "" #",0
Musnad at-Tayalisi,3636,UNGRADED,Prophets & Past Peoples,2468 - # حدثنا أبو داود قال: حدثنا زمعة، عن الزهري، عن أبي سلمة، وسعيد بن المسيب، عن أبي هريرة، قال: قال رسول الله صلى الله عليه وسلم: «من كان يؤمن بالله واليوم الآخر فليكرم جاره، ومن كان يؤمن بالله واليوم الآخر فليقل خيرا أو ليسكت، ومن كان يؤمن بالله واليوم الآخر فليكرم ضيفه» #,0
Musnad at-Tayalisi,3638,UNGRADED,Other Narrations,[ص: 107] # سلمة، عن أبي هريرة، قال: قال رسول الله صلى الله عليه وسلم: «قد كان فيمن خلا من الأمم قبلكم ناس يحدثون، وإن يك في أمتي منهم أحد فهو عمر» #,0
Musnad at-Tayalisi,3639,UNGRADED,The Grave & Barzakh,2470 - # حدثنا أبو داود قال: حدثنا هشام، عن يحيى، عن أبي سلمة، عن أبي هريرة، أن رسول الله صلى الله عليه وسلم «كان يتعوذ من عذاب القبر، وعذاب النار، وفتنة المحيا والممات، وشر المسيح الدجال» #,0
Musnad at-Tayalisi,3644,UNGRADED,Prayer (Salah); Prophets & Past Peoples,2474 - # حدثنا أبو داود قال: حدثنا شعبة، عن سعد بن إبراهيم، قال: سمعت أبا سلمة، يحدث عن أبي هريرة، أن رسول الله صلى الله عليه وسلم «صلى ركعتين من الظهر ثم سلم» فقيل له: يا رسول الله، قصرت الصلاة؟، وأخبر بما صنع، «فصلى ركعتين ثم سجد سجدتين» #,0
Musnad at-Tayalisi,3645,UNGRADED,Animals,"2475 - # حدثنا أبو داود قال: حدثنا شعبة، عن سعد، قال: سمعت أبا سلمة، يحدث عن أبي هريرة، قال: قال رسول الله صلى الله عليه وسلم: "" بينا رجل راكب بقرة إذ قالت: إني لم أخلق لهذا، إنما خلقت للحرث، فآمنت بذلك أنا وأبو بكر وعمر "" قال أبو سلمة: وما هما في القوم يومئذ # # قال: وقال رسول الله صلى الله عليه وسلم: "" بينما رجل يرعى غنما له إذ جاء الذئب فأخذ منها شاة فانتزعها منه، فقال: كيف تصنع بها يوم السبع، يوم لا راعي لها غيري، فآمنت بذلك أنا وأبو بكر وعمر "" قال أبو سلمة: وما هما يومئذ في القوم #",0
Musnad at-Tayalisi,3646,UNGRADED,Prophets & Past Peoples,2476 - # حدثنا أبو داود قال: حدثنا ابن سعد، عن أبيه، عن أبي سلمة، عن أبي هريرة، أن رسول الله صلى الله عليه وسلم قال: «رأيتني في المنام والناس يعرضون علي عليهم قمصهم، قمص منها إلى كذا، وقمص منها إلى كذا، ومر علي عمر يجر قميصه» فقيل: يا رسول الله، ما أولت ذلك؟، قال: «الدين» #,0
Musnad at-Tayalisi,3647,UNGRADED,Guests & Hospitality; Destiny & Decree,2477 - # حدثنا أبو داود قال: حدثنا شعبة، عن سلمة بن كهيل، قال: سمعت أبا سلمة بن عبد الرحمن بن عوف، بمنى يحدث عن أبي هريرة، أن أعرابيا، تقاضى النبي صلى الله عليه وسلم دينا كان له عليه فأغلظ له، فهم به أصحاب النبي صلى الله عليه وسلم، فقال النبي صلى الله عليه وسلم: «دعوه، فإن لصاحب الحق مقالا» ثم قال: «اقضوه» فقالوا: لا نجد إلا سنا أفضل من سنه، قال: «اشتروه فأعطوه، فإن خيركم أحسنكم قضاء» #,0
Musnad at-Tayalisi,3648,UNGRADED,Speech & Backbiting; Prophets & Past Peoples,2478 - # حدثنا أبو داود قال: حدثنا أبو عوانة، عن عمر بن أبي سلمة، عن أبيه، عن أبي هريرة، قال: قال رسول الله صلى الله عليه وسلم: «لعن الله,1
Musnad at-Tayalisi,3650,UNGRADED,Prophets & Past Peoples,2479 - # حدثنا أبو داود قال: حدثنا حرب بن شداد، عن يحيى، عن أبي سلمة، عن أبي هريرة، قال: قال رسول الله صلى الله عليه وسلم: «إن الله عز وجل يغار، وإن المؤمن يغار، وغيرة الله عز وجل أن يأتي المؤمن ما حرم عليه» #,0
Musnad at-Tayalisi,3651,UNGRADED,Prophets & Past Peoples,2480 - # حدثنا أبو داود قال: حدثنا ابن أبي ذئب، عن الزهري، عن أبي سلمة، عن أبي هريرة، قال: قال رسول الله صلى الله عليه وسلم: «كل مولود يولد على الفطرة، فأبواه يهودانه أو ينصرانه أو يمجسانه، ألم تروا إلى البهيمة تنتج البهيمة فما ترون فيها من جدعاء؟» #,0
Musnad at-Tayalisi,3655,UNGRADED,Fasting & Ramadan,[ص: 117] # كثير، عن أبي سلمة، عن أبي هريرة، أن رسول الله صلى الله عليه وسلم قال: «لا تقدموا رمضان بصوم يوم ولا يومين إلا أن يكون رجلا كان يصوم يوما فليصمه» #,0
Musnad at-Tayalisi,3656,UNGRADED,Character & Manners; Prophets & Past Peoples,2483 - # حدثنا أبو داود قال: حدثنا حماد بن سلمة، عن محمد بن عمرو، عن أبي سلمة، عن أبي هريرة، قال: قال رسول الله صلى الله عليه وسلم: «خير يوم طلعت فيه الشمس يوم الجمعة، فيه خلق آدم، وفيه تقوم الساعة، وفيه ساعة لا يسأل الله عز وجل فيها عبد يصلي خيرا إلا أعطاه الله» وقللها، وقال بيده هكذا أنها قليلة #,0
Musnad at-Tayalisi,3657,UNGRADED,Prophets & Past Peoples,2484 - # حدثنا أبو داود قال: حدثنا حماد، عن قيس بن سعد، عن محمد بن إبراهيم القرشي، عن أبي سلمة، عن أبي هريرة، قال: قدمت الشام فلقيت كعبا، فجعلت أحدثه عن رسول الله صلى الله عليه وسلم ويحدثني عن,0
Musnad at-Tayalisi,3658,UNGRADED,"Time, Days & Nights; Prayer (Salah); Truthfulness & Lying","[ص: 119] # التوراة حتى ذكرنا يوم الجمعة، فحدثته أني سمعت رسول الله صلى الله عليه وسلم يقول: «إن في الجمعة ساعة لا يوافقها مسلم يسأل الله فيها خيرا إلا أعطاه وآتاه» فقال كعب: صدق الله ورسوله، في كل سنة مرة؟ قلت: لا، قال: في كل شهر مرة؟ قلت: لا قال: في كل جمعة مرة؟ قلت: نعم قال أبو هريرة: فقدمت المدينة فلقيت عبد الله بن سلام فأخبرته أني لقيت كعبا، فجعلت أحدثه عن رسول الله صلى الله عليه وسلم ويحدثني عن التوراة حتى ذكرنا يوم الجمعة، وذكرت له ما قال كعب: صدق الله ورسوله، في كل سنة مرة فقال: كذب كعب قلت: إنه قد رجع، فقال: أتدري أي ساعة هي؟، قلت لا، وتهالكت عليه: أخبرني أخبرني، فقال: هي ما بين العصر إلى المغرب قلت: وكيف، ولا صلاة؟، فقال: أما سمعت رسول الله صلى الله عليه وسلم يقول: "" إن العبد لا يزال في صلاة ما انتظر الصلاة، تقول الملائكة: اللهم اغفر له، اللهم ارحمه ""؟ #",0
Musnad at-Tayalisi,3659,UNGRADED,Prophets & Past Peoples,2485 - # حدثنا أبو داود قال: حدثنا حماد بن سلمة، عن محمد بن إسحاق، عن محمد بن إبراهيم القرشي، عن أبي سلمة، عن أبي هريرة، أن رسول الله صلى الله عليه وسلم قال: «من اغتسل يوم الجمعة واستاك ولبس أحسن ثيابه وتطيب من طيب أهله، ثم أتى المسجد فلم يتخط رقاب الناس وصلى، فإذا خرج الإمام أنصت، كان له كفارة ما بينه وبين الجمعة الأخرى» #,0
Musnad at-Tayalisi,3660,UNGRADED,Truthfulness & Lying; Justice & Judgement,2486 - # حدثنا أبو داود قال: حدثنا حماد بن سلمة، عن محمد بن عمرو، عن أبي سلمة، عن أبي هريرة، قال: بينما رسول الله صلى الله عليه وسلم يخطب يوم الجمعة إذ قال أبو ذر لأبي بن كعب: متى أنزلت هذه السورة؟، فلم يجبه، فلما قضى صلاته قال له: ما لك من صلاتك إلا ما لغوت فأتى أبو ذر النبي صلى الله عليه وسلم فذكر ذلك له فقال: «صدق أبي» #,0
Musnad at-Tayalisi,3661,UNGRADED,Prophets & Past Peoples,2487 - # حدثنا أبو داود قال: حدثنا عبد العزيز بن أبي سلمة، عن عبد الله بن الفضل، عن أبي سلمة، عن أبي هريرة، أن رسول الله صلى الله عليه وسلم قال: «لا تفضلوا بين أنبياء الله» أو «بين الأنبياء صلى الله عليهم وسلم» #,0
Musnad at-Tayalisi,3665,UNGRADED,Prophets & Past Peoples,2489 - # حدثنا أبو داود قال: حدثنا ابن أبي ذئب، عن عجلان، عن أبي هريرة، أن رسول الله صلى الله عليه وسلم أبصر رجلا يسوق بدنة فقال: «اركبها» فقال: يا رسول الله إنها بدنة فقال: «اركبها، ويحك» #,0
Musnad at-Tayalisi,3666,UNGRADED,Prophets & Past Peoples,2490 - # حدثنا أبو داود قال: حدثنا ابن أبي ذئب، عن عجلان، عن أبي هريرة، قال: قال رسول الله صلى الله عليه وسلم: «المملوك أخوك، فإذا صنع لك طعاما فأجلسه معك، فإن أبى فأطعمه، ولا تضربوا وجوههم» #,0
Musnad at-Tayalisi,3668,UNGRADED,Prophets & Past Peoples,2491 - # حدثنا يونس قال: حدثنا أبو داود قال: حدثنا ابن أبي ذئب، قال: أخبرني أبو الوليد، عن أبي هريرة، قال: قال رسول الله صلى الله عليه وسلم: «إذا أممتم الناس فأخفوا؛ فإن فيهم الصغير والكبير والضعيف» #,0
Musnad at-Tayalisi,3670,UNGRADED,Character & Manners,[ص: 126] # الوليد، عن أبي هريرة، قال: قال رسول الله صلى الله عليه وسلم: «ليس المسكين الذي ترده اللقمة واللقمتان، ولكن المسكين المتعفف الذي لا يسأل الناس إلحافا» #,0
Musnad at-Tayalisi,3671,UNGRADED,Day of Judgement; Prophets & Past Peoples,2493 - # حدثنا أبو داود قال: حدثنا ابن أبي ذئب، عن أبي الوليد، عن أبي هريرة، قال: قال رسول الله صلى الله عليه وسلم: «ما يسرني أن لي أحدا ذهبا، أموت يوم أموت وعندي منه دينار، إلا أن أرصده لغريم» #,0
Musnad at-Tayalisi,3673,UNGRADED,Prophets & Past Peoples,2494 - # حدثنا يونس، حدثنا أبو داود قال: حدثنا ابن أبي ذئب، قال: أخبرني سعيد بن سمعان مولى المشمعل قال: سمعت أبا هريرة، يحدث أبا قتادة وهو يطوف بالبيت فقال: قال رسول الله صلى الله عليه وسلم: «يبايع لرجل بين الركن والمقام، وأول من يستحل هذا البيت أهله، فإذا استحلوه فلا تسأل عن هلكة العرب ثم يجيء الحبشة فيخربونه خرابا لا يعمر بعده، وهم الذين يستخرجون كنزه» #,0
Musnad at-Tayalisi,3677,UNGRADED,Prophets & Past Peoples,2496 - # حدثنا يونس قال: حدثنا أبو داود قال: حدثنا ابن أبي ذئب، قال: أنبأنا نافع بن أبي نافع، عن أبي هريرة، قال: قال رسول الله صلى الله عليه وسلم: «لا سبق إلا في خف، أو حافر، أو نصل» #,0
Musnad at-Tayalisi,3679,UNGRADED,Prophets & Past Peoples,2497 - # حدثنا يونس قال: حدثنا أبو داود قال: حدثنا ابن أبي ذئب، قال: حدثني أبو المعتمر عن عمر بن خلدة، قال: أتينا أبا هريرة في صاحب لنا أصيب، يعني أفلس، فأصاب رجل متاعه بعينه، قال أبو هريرة: هذا الذي قضى فيه رسول الله صلى الله عليه وسلم أن «من أفلس أو مات فأدرك رجل متاعه بعينه فهو أحق به، إلا أن يدع الرجل وفاء» #,0
Musnad at-Tayalisi,3681,UNGRADED,Prophets & Past Peoples,2498 - # حدثنا يونس قال: حدثنا أبو داود قال: حدثنا ابن أبي ذئب، عن الزهري، عن عمر بن عبد العزيز، عن إبراهيم بن عبد الله بن قارظ، قال: رأيت أبا هريرة يتوضأ على سطح لنا، فقلت: يا أبا هريرة، مم تتوضأ؟، قال: من أثوار أقط أكلته، إني سمعت رسول الله صلى الله عليه وسلم يقول: «الوضوء مما مست النار» #,0
Musnad at-Tayalisi,3683,UNGRADED,Hajj & Umrah; Prophets & Past Peoples,"2499 - # حدثنا يونس قال: حدثنا أبو داود قال: حدثنا عبد العزيز بن أبي سلمة، عن عبد الله بن الفضل الهاشمي، عن الأعرج، عن أبي هريرة، قال: كان من تلبية رسول الله صلى الله عليه وسلم: "" لبيك إله الحق #",0
Musnad at-Tayalisi,3684,UNGRADED,Prophets & Past Peoples,2500 - # حدثنا أبو داود قال: حدثنا شعبة، عن سعد بن إبراهيم، قال: سمعت عبد الرحمن الأعرج، قال شعبة: ولا أعلمه إلا عن أبي هريرة أن رسول الله صلى الله عليه وسلم قال: «الأنصار وقريش ومزينة وجهينة وغفار وأسلم وأشجع بعضهم موالي بعض، ليس لهم مولى دون الله ورسوله» #,0
Musnad at-Tayalisi,3685,UNGRADED,Prophets & Past Peoples,2501 - # حدثنا أبو داود قال: حدثنا إبراهيم بن سعد، عن أبيه، عن عبد الرحمن الأعرج، عن أبي هريرة، أن رسول الله صلى الله عليه وسلم «كان يقرأ في صلاة الصبح يوم الجمعة ب الم تنزيل وهل أتى» #,1
Musnad at-Tayalisi,3686,UNGRADED,Prophets & Past Peoples,2502 - # حدثنا أبو داود قال: حدثنا ابن أبي الزناد، قال يونس: أظنه عن أبيه، عن الأعرج، عن أبي هريرة، عن النبي صلى الله عليه وسلم أنه قال: «الناس تبع لقريش في هذا الشأن، مسلمهم تبع لمسلمهم، وكافرهم تبع لكافرهم» #,0
Musnad at-Tayalisi,3688,UNGRADED,Prayer (Salah),[ص: 135] # أسلم، عن الأعرج، وبسر بن سعيد، وأبي صالح عن أبي هريرة، قال: قال رسول الله صلى الله عليه وسلم: «من أدرك من العصر ركعتين أو ركعة قبل أن تغرب الشمس فلم تفته ومن أدرك من الصبح ركعة قبل أن تطلع الشمس فلم تفته» #,1
Musnad at-Tayalisi,3690,UNGRADED,Prophets & Past Peoples,2504 - # حدثنا يونس قال: حدثنا أبو داود قال: حدثنا ابن أبي ذئب، عن الزهري، عن عطاء بن يزيد الليثي، عن أبي هريرة، قال: سئل رسول الله صلى الله عليه وسلم عن أطفال المشركين فقال: «الله أعلم بما كانوا عاملين» #,0
Musnad at-Tayalisi,3691,UNGRADED,"Day of Judgement; Prophets & Past Peoples; Time, Days & Nights",2505 - # حدثنا أبو داود قال: حدثنا إبراهيم بن سعد، عن الزهري، عن عطاء بن يزيد الليثي، عن أبي هريرة، قال: قال الناس: يا رسول الله، هل نرى ربنا يوم القيامة؟، فقال رسول الله صلى الله عليه وسلم: «هل تضارون في الشمس ليس فيها سحاب؟، هل تضارون في القمر ليلة,0
Musnad at-Tayalisi,3698,UNGRADED,Hellfire; Prophets & Past Peoples,2509 - # حدثنا أبو داود قال: حدثنا حماد، وسلام، عن عطاء بن السائب، عن الأغر أبي مسلم، عن أبي هريرة، عن النبي صلى الله عليه وسلم قال: يقول الله تبارك وتعالى: «العظمة إزاري، والكبرياء ردائي، فمن نازعني واحدة منهما قذفته في جهنم» #,0
Musnad at-Tayalisi,3703,UNGRADED,Prophets & Past Peoples,"2511 - # حدثنا يونس قال: حدثنا أبو داود قال: حدثنا همام، عن قتادة عن أبي الجوزاء، عن أبي هريرة، أن النبي صلى الله عليه وسلم قال: "" إذا قبض العبد المؤمن جاءته ملائكة الرحمة فتسل نفسه في حريرة بيضاء فيقولون: ما وجدنا ريحا أطيب من هذه، فيسلونه فيقولون: ارفقوا",0
Musnad at-Tayalisi,3708,UNGRADED,Prophets & Past Peoples,2513 - # حدثنا أبو داود قال: حدثنا إبراهيم بن سعد، عن أبيه، عن عمر بن أبي سلمة أو أبي سلمة، شك أبو داود، عن أبي هريرة، أن النبي صلى الله عليه وسلم قال: «يدخل الجنة أقوام أفئدتهم مثل أفئدة الطير» #,0
Musnad at-Tayalisi,3713,UNGRADED,Fasting & Ramadan; Truthfulness & Lying,[ص: 147] # الطعام، فبعثنا إلى أبي هريرة وهو يصلي، فجاء الرسول فذكر أنه صائم، فوضع الطعام ليؤكل، وجاء أبو هريرة وقد كادوا يفرغون منه، فتناول منه فجعل يأكل، فنظروا إلى الرجل الذي أرسلوه إلى أبي هريرة فقال: ما تنظرون إلي، قد والله أخبرني أنه صائم، قال: صدق، ثم قال أبو هريرة: سمعت رسول الله صلى الله عليه وسلم يقول: «صوم شهر الصبر وثلاثة أيام من كل شهر صوم الدهر» فأنا صائم في تضعيف الله، ومفطر في تخفيفه #,0
Musnad at-Tayalisi,3715,UNGRADED,Prophets & Past Peoples,2516 - # حدثنا يونس قال: حدثنا أبو داود قال: حدثنا المسعودي، عن علقمة بن مرثد، عن أبي الربيع، عن أبي هريرة، قال: كان من دعاء رسول الله صلى الله عليه وسلم: «اللهم اغفر لي ما قدمت وما أخرت، وما أسررت وما أعلنت، وإسرافي، وما أنت أعلم به مني، أنت المقدم والمؤخر، لا إله إلا أنت» #,0
Musnad at-Tayalisi,3716,UNGRADED,Character & Manners; Prophets & Past Peoples,"2517 - # حدثنا أبو داود قال: حدثنا شعبة، والمسعودي، عن علقمة بن مرثد الحضرمي، عن أبي الربيع، عن أبي هريرة، عن النبي صلى الله عليه وسلم قال: "" أربع من أمر الجاهلية لن يدعهن الناس: الطعن في الأحساب",0
Musnad at-Tayalisi,3720,UNGRADED,Prophets & Past Peoples,2519 - # حدثنا يونس قال: حدثنا أبو داود قال: حدثنا حماد بن سلمة، عن أبي بشر، عن شهر بن حوشب، عن أبي هريرة، قال: قعد ناس من أصحاب رسول الله صلى الله عليه وسلم فذكروا هذه الآية: {اجتثت من فوق الأرض ما لها من قرار} [إبراهيم: 26] فقالوا: يا رسول الله، نراها الكمأة فقال رسول الله صلى الله عليه وسلم: «الكمأة من المن، وماؤه شفاء للعين، والعجوة من الجنة، وهي شفاء من السم» #,0
Musnad at-Tayalisi,3721,UNGRADED,Character & Manners; Prophets & Past Peoples,2520 - # حدثنا أبو داود قال: حدثنا عبد الحكم بن ذكوان، عن شهر بن حوشب، عن أبي هريرة، عن النبي صلى الله عليه وسلم قال: «إن من أسوأ الناس منزلة من أذهب آخرته بدنيا غيره» #,0
Musnad at-Tayalisi,3723,UNGRADED,Prophets & Past Peoples,2521 - # حدثنا يونس قال: حدثنا أبو داود قال: حدثنا شعبة، عن الأعمش، قال: سمعت ذكوان أبا صالح، يحدث عن أبي هريرة، عن النبي صلى الله عليه وسلم قال: «التسبيح للرجال، والتصفيق للنساء في الصلاة» #,0
Musnad at-Tayalisi,3725,UNGRADED,Prayer (Salah); Travel & Migration,[ص: 153] # أبي صالح، عن أبي هريرة، قال: قال رسول الله صلى الله عليه وسلم: «الرجل في الصلاة ما كانت الصلاة تحبسه» #,0
Musnad at-Tayalisi,3726,UNGRADED,Prophets & Past Peoples,2523 - # حدثنا أبو داود قال: حدثنا شعبة، عن عاصم عن أبي صالح، عن أبي هريرة، أن النبي صلى الله عليه وسلم سئل عما يحدث الرجل به نفسه فقال رسول الله صلى الله عليه وسلم: «ذاك محض الإيمان» #,0
Musnad at-Tayalisi,3727,UNGRADED,Prophets & Past Peoples,2524 - # حدثنا أبو داود قال: حدثنا وهيب، عن سهيل بن أبي صالح، عن أبيه، عن أبي هريرة، قال: قال رسول الله صلى الله عليه وسلم: «الإيمان بضع وسبعون شعبة، أفضلها قول لا إله إلا الله» #,4
Musnad at-Tayalisi,3728,UNGRADED,Envy & Suspicion; Justice & Judgement,"2525 - # حدثنا أبو داود قال: حدثنا وهيب، عن سهيل بن أبي صالح، عن أبيه، عن أبي هريرة، أن رسول الله صلى الله عليه وسلم قال: "" تعرض الأعمال يوم الاثنين والخميس فيغفر لمن لا يشرك بالله شيئا، إلا رجلا بينه وبين أخيه شحناء يقول: دعوا هذين حتى يصطلحا "" #",0
Musnad at-Tayalisi,3729,UNGRADED,Prophets & Past Peoples,2526 - # حدثنا أبو داود قال: حدثنا زائدة، عن الأعمش، عن أبي صالح، عن أبي هريرة، قال: قال رسول الله صلى الله عليه وسلم: «الإمام ضامن، والمؤذن مؤتمن اللهم أرشد الأئمة واغفر للمؤذنين» #,0
Musnad at-Tayalisi,3730,UNGRADED,Parents; Children & Upbringing,2527 - # حدثنا أبو داود قال: حدثنا أبو عوانة، عن سهيل بن أبي صالح، عن أبيه، عن أبي هريرة، قال: قال رسول الله صلى الله عليه وسلم: «لا يجزي ولد والده إلا أن يجده عبدا فيعتقه» #,0
Musnad at-Tayalisi,3731,UNGRADED,Prophets & Past Peoples,2528 - # حدثنا أبو داود قال: حدثنا أبو عوانة، عن سهيل، عن أبيه، عن أبي هريرة، قال: قال رسول الله صلى الله عليه وسلم: «من كان منكم مصليا,0
Musnad at-Tayalisi,3733,UNGRADED,Bloodshed & Murder; Death & Burial,2529 - # حدثنا أبو داود قال: حدثنا وهيب، عن سهيل بن أبي صالح، عن أبيه، عن أبي هريرة، أن النبي صلى الله عليه وسلم قال: «ما تدعون الشهيد فيكم؟» قالوا: القتيل في سبيل الله فقال رسول الله صلى الله عليه وسلم: «إن شهداء أمتي إذا لقليل من قتل في سبيل الله فهو شهيد، ومن مات في سبيل الله فهو شهيد، والمطعون شهيد، والمبطون شهيد» قال سهيل: وحدثني عبيد الله بن مقسم عن أبي ولم أسمعه منه أنه زاد في هذا الحديث: «والغريق» #,0
Musnad at-Tayalisi,3734,UNGRADED,Character & Manners; Prophets & Past Peoples,2530 - # حدثنا أبو داود قال: حدثنا وهيب، عن سهيل، عن أبيه، عن أبي هريرة، أن النبي صلى الله عليه وسلم قال: «خير صفوف الرجال أولها، وشرها آخرها، وخير صفوف النساء آخرها، وشرها أولها» #,0
Musnad at-Tayalisi,3736,UNGRADED,Other Narrations,[ص: 162] # أبيه، عن أبي هريرة، أن النبي صلى الله عليه وسلم «نهى عن الحنتم والمزفت» فقيل لأبي هريرة: ما الحنتم؟، قال الجرار الخضر #,0
Musnad at-Tayalisi,3737,UNGRADED,Prophets & Past Peoples,2532 - # حدثنا أبو داود قال: حدثنا وهيب، عن سهيل، عن أبيه، عن أبي هريرة، أن النبي صلى الله عليه وسلم قال: «من أخذ شبرا من الأرض بغير حقه طوقه من سبع أرضين» #,0
Musnad at-Tayalisi,3738,UNGRADED,Prophets & Past Peoples; Food & Drink,2533 - # حدثنا أبو داود قال: حدثنا وهيب، عن سهيل، عن أبيه، عن أبي هريرة، أن رسول الله صلى الله عليه وسلم «أكل كتف شاة ثم مضمض وغسل يده وصلى» #,0
Musnad at-Tayalisi,3739,UNGRADED,Prayer (Salah); Prophets & Past Peoples,2534 - # حدثنا أبو داود قال: حدثنا شعبة، عن الأعمش، قال: سمعت أبا صالح يحدث عن أبي هريرة أن النبي صلى الله عليه وسلم قال: «تزيد صلاة الرجل في جماعة على صلاته في سوقه وفي بيته بضعا وعشرين درجة» #,0
Musnad at-Tayalisi,3740,UNGRADED,Prophets & Past Peoples,2535 - # حدثنا أبو داود قال: حدثنا شعبة قال: حدثنا الأعمش، قال: سمعت أبا صالح، يحدث عن أبي هريرة، أن رسول الله صلى الله عليه وسلم قال: «خلوف فم الصائم أطيب عند الله من ريح المسك» #,0
Musnad at-Tayalisi,3741,UNGRADED,Prayer (Salah); Purity & Wudu,2536 - # حدثنا أبو داود قال: حدثنا شعبة، عن الأعمش، قال: سمعت ذكوان، يحدث عن أبي هريرة، عن النبي صلى الله عليه وسلم قال: «إذا توضأ الرجل فأحسن الوضوء ثم خرج إلى الصلاة، لا يخرجه، أو لا ينهزه إلا إياها لم يخط خطوة إلا رفعه الله عز وجل بها درجة أو حط عنه بها خطيئة» #,0
Musnad at-Tayalisi,3742,UNGRADED,Prophets & Past Peoples,"2537 - # حدثنا أبو داود قال: حدثنا شعبة، عن الأعمش، عن ذكوان، عن أبي هريرة، أن رسول الله صلى الله عليه وسلم قال: "" إن الملائكة تصلي على أحدكم ما دام في مصلاه ما لم يحدث، تقول: اللهم اغفر له، اللهم ارحمه "" #",0
Musnad at-Tayalisi,3743,UNGRADED,Day of Judgement; Hellfire,2538 - # حدثنا أبو داود قال: حدثنا شعبة، عن الأعمش، عن ذكوان، عن أبي هريرة، أن رسول الله صلى الله عليه وسلم قال: «من قتل نفسه بحديدة فحديدته في يده يجأ بها بطنه يوم القيامة في نار جهنم خالدا مخلدا فيها أبدا ومن قتل نفسه بسم فسمه في يده يتحساه في نار جهنم خالدا مخلدا فيها أبدا ومن تردى من جبل فقتل نفسه فهو يتردى في نار جهنم خالدا مخلدا فيها أبدا» #,0
Musnad at-Tayalisi,3744,UNGRADED,Prophets & Past Peoples,2539 - # حدثنا أبو داود قال: حدثنا شعبة، قال: حدثنا الأعمش، عن ذكوان، عن أبي هريرة، عن النبي صلى الله عليه وسلم قال: «إذا ولغ الكلب في إناء أحدكم فليغسله سبع مرات» #,0
Musnad at-Tayalisi,3745,UNGRADED,Prophets & Past Peoples,2540 - # حدثنا أبو داود قال: حدثنا شعبة، قال: أخبرني الأعمش، عن ذكوان، عن أبي هريرة، عن النبي صلى الله عليه وسلم قال: «إذا استيقظ أحدكم من منامه فلا يغمس يده في الإناء حتى يصب عليها صبة أو صبتين؛ فإنه لا يدري أين باتت يده» #,0
Musnad at-Tayalisi,3746,UNGRADED,Prophets & Past Peoples,2541 - # حدثنا أبو داود قال: حدثنا شعبة، وأبو عوانة عن أبي حصين، عن أبي صالح، عن أبي هريرة، أن النبي صلى الله عليه وسلم قال: «سموا باسمي، ولا تكتنوا بكنيتي» #,1
Musnad at-Tayalisi,3747,UNGRADED,Prophets & Past Peoples,2542 - # حدثنا أبو داود قال: حدثنا شعبة، وأبو عوانة عن أبي حصين، عن أبي صالح، عن أبي هريرة، أن النبي صلى الله عليه وسلم قال: «من رآني في المنام فقد رآني في اليقظة فإن الشيطان لا يتمثل في صورتي» وقال شعبة: «لا يتخيل في صورتي» #,0
Musnad at-Tayalisi,3751,UNGRADED,Paradise; Prophets & Past Peoples,2545 - # حدثنا أبو داود قال: حدثنا شعبة، عن سهيل، عن سمي، عن أبي صالح، عن أبي هريرة، قال: قال رسول الله صلى الله عليه وسلم: «العمرة إلى العمرة تكفر ما بينهما، والحجة البرة ليس لها جزاء إلا الجنة» #,0
Musnad at-Tayalisi,3754,UNGRADED,Paradise; Prophets & Past Peoples,2547 - # حدثنا أبو داود قال: حدثنا العمري، عن سمي مولى أبي بكر، عن أبي صالح، عن أبي هريرة، قال: قال رسول الله صلى الله عليه وسلم: «العمرة تكفر ما بينها وبين العمرة، والحج المبرور ليس له جزاء إلا الجنة» #,0
Musnad at-Tayalisi,3755,UNGRADED,Prophets & Past Peoples,2548 - # حدثنا أبو داود قال: حدثنا وهيب أو حماد، عن سهيل، عن أبيه، عن أبي هريرة، قال: قال رسول الله صلى الله عليه وسلم: «من اطلع على قوم بغير إذنهم فلهم أن يفقئوا عينه» #,0
Musnad at-Tayalisi,3756,UNGRADED,Day of Judgement,2549 - # حدثنا أبو داود قال: حدثنا وهيب أو حماد، عن سهيل، عن أبيه، عن أبي هريرة، قال: قال رسول الله صلى الله عليه وسلم: «لا يستر الله عبدا إلا ستر الله عز وجل عليه يوم القيامة» #,0
Musnad at-Tayalisi,3757,UNGRADED,Prophets & Past Peoples,2550 - # حدثنا أبو داود قال: حدثنا حماد، عن سهيل بن أبي صالح، عن أبيه، عن أبي هريرة، قال: قال رسول الله صلى الله عليه وسلم: «ليس القحط أن لا تمطر السنة، ولكن القحط أن تمطر السماء ولا تنبت في الأرض» #,0
Musnad at-Tayalisi,3761,UNGRADED,Work & Livelihood,[ص: 177] # ، قال: حدثنا حبيب بن أبي ثابت، عن أبي صالح، عن أبي هريرة، قال: قيل: يا رسول الله، الرجل يعمل العمل يسره، فإذا اطلع عليه سره ذلك وأعجبه فقال رسول الله صلى الله عليه وسلم: «له أجران؛ أجر العلانية وأجر السر» قال أبو بشر: ذكر عن أبي عبيد أنه سره أن لا يكون اطلع عليه على عمل سوء #,0
Musnad at-Tayalisi,3763,UNGRADED,Prophets & Past Peoples,2554 - # حدثنا يونس قال: حدثنا أبو داود قال: حدثنا شعبة، عن الأعمش، عن أبي صالح، عن أبي هريرة، أن النبي صلى الله عليه وسلم قال: «من أطاع أميري فقد أطاعني، ومن عصى أميري فقد عصاني» #,0
Musnad at-Tayalisi,3764,UNGRADED,Prophets & Past Peoples,2555 - # حدثنا أبو داود قال: حدثنا شعبة، عن الأعمش، عن أبي صالح، عن أبي هريرة، أن النبي صلى الله عليه وسلم قال: «كل مولود يولد على الفطرة فأبواه يهودانه وينصرانه ويشركانه» #,0
Musnad at-Tayalisi,3767,UNGRADED,Prophets & Past Peoples,2557 - # حدثنا أبو داود قال: حدثنا وهيب، عن سهيل بن أبي صالح، عن صفوان بن سليم، عن أبي هريرة، قال: قال رسول الله صلى الله عليه وسلم: «من ترك ثلاث جمع متواليات من غير عذر طبع الله على قلبه» #,0
Musnad at-Tayalisi,3770,UNGRADED,Day of Judgement,2559 - # حدثنا أبو داود قال: حدثنا وهيب، عن سهيل، عن أبيه، عن أبي هريرة، قال: قال رسول الله صلى الله عليه وسلم: «الخيل معقود في نواصيها الخير إلى يوم القيامة» #,0
Musnad at-Tayalisi,3771,UNGRADED,Character & Manners; Prophets & Past Peoples,"2560 - # حدثنا أبو داود قال: حدثنا حماد، عن سهيل، عن أبيه، عن أبي هريرة، عن النبي صلى الله عليه وسلم قال: "" من قال: هلك الناس فهو من أهلكهم "" #",0
Musnad at-Tayalisi,3772,UNGRADED,Day of Judgement,2561 - # حدثنا أبو داود قال: حدثنا أبو عوانة، عن الأعمش، عن أبي صالح، عن أبي هريرة، قال: قال رسول الله صلى الله عليه وسلم: «من نفس عن مسلم كربة نفس الله عنه يوم القيامة كربة من كرب الآخرة ومن يسر على مسلم يسر الله عليه في الدنيا والآخرة، ومن ستر على مسلم في الدنيا ستر الله عليه في الدنيا والآخرة، والله عز وجل,0
Musnad at-Tayalisi,3774,UNGRADED,Day of Judgement; Hellfire; Animals,2562 - # حدثنا أبو داود قال: حدثنا وهيب بن خالد، وكان ثقة قال: حدثنا سهيل بن أبي صالح المدني، عن أبيه، عن أبي هريرة، قال: قال رسول الله صلى الله عليه وسلم: «ما من صاحب كنز لا يؤدي زكاة كنزه إلا جيء به يوم القيامة وبكنزه فيحمى صفائحا من نار جهنم فتكوى بها جبهته وجبينه وظهره حتى يحكم الله عز وجل بين عباده في يوم كان مقداره خمسين ألف سنة مما تعدون، فيرى سبيله إما إلى الجنة وإما إلى النار وما من صاحب إبل لا يؤدي زكاة إبله إلا جيء به يوم القيامة وبإبله كأوفر ما كانت عليه، فيبطح لها بقاع قرقر، فتطؤه بأخفافها، كلما مضى أخراها رد عليه أولاها، حتى يحكم الله عز وجل بين عباده في يوم كان مقداره خمسين ألف سنة مما تعدون، ويرى سبيله إما إلى الجنة وإما إلى النار وما من صاحب غنم لا يؤدي,0
Musnad at-Tayalisi,3777,UNGRADED,Day of Judgement; Prophets & Past Peoples,2563 - # حدثنا أبو داود قال: حدثنا وهيب، عن سهيل، عن أبيه، عن أبي هريرة، قال: قال رسول الله صلى الله عليه وسلم يوم خيبر: «لأدفعن الراية إلى رجل يحب الله ورسوله، فيفتح عليه» قال عمر: فما أحببت الإمارة قبل يومئذ، فتطاولت لها واستشرفت رجاء أن يدفع إلي فلما كان من الغد دعا عليا فدفعها إليه فقال: «قاتل، ولا تلتفت حتى يفتح الله عز وجل عليك» فسار قليلا ثم قال: يا رسول الله، على ما,0
Musnad at-Tayalisi,3781,UNGRADED,Hajj & Umrah; Day of Judgement,[ص: 189] # أمرت بطعام فصنع ودعوتهم إلى رحلي ففعلت، ولقيت أبا هريرة بالعشي فقلت: يا أبا هريرة، الدعوة عندي الليلة، فقال: سبقتني يا أخا الأنصار فدعوتهم، فإنهم لعندي إذ قال أبو هريرة: ألا أعلمكم بحديث من حديثكم يا معشر الأنصار؟، وكان عبد الله بن رباح أنصاريا قال: فذكر فتح مكة وقال: بعث رسول الله صلى الله عليه وسلم خالد بن الوليد على أحد المجنبتين، وبعث زبيرا على المجنبة الأخرى، وبعث أبا عبيدة على الحسر، ثم رآني فقال: «يا أبا هريرة» فقلت: لبيك وسعديك يا رسول الله، فقال: «اهتف بالأنصار، ولا تأتني إلا بأنصاري» قال: ففعلت، ثم قال: «انظروا قريشا وأوباشهم فاحصدوهم حصدا» قال: فانطلقنا، فما أحد منهم يوجه إلينا شيئا، وما منا أحد يريد أحدا منهم إلا أخذه، وجاء أبو سفيان فقال: يا رسول الله، أبيرت خضراء قريش، لا قريش بعد اليوم فقال,0
Musnad at-Tayalisi,3782,UNGRADED,Faith & Creed; Prayer (Salah),"[ص: 190] # رسول الله صلى الله عليه وسلم: «من دخل دار أبي سفيان فهو آمن، ومن ألقى السلاح فهو آمن» فألقى الناس سلاحهم، ودخل رسول الله صلى الله عليه وسلم فبدأ بالحجر فاستلمه ثم طاف سبعا، وصلى خلف المقام ركعتين، ثم جاء ومعه قوس أخذ بسيتها فجعل يطعن بها في عين صنم من أصنامهم وهو يقول: {جاء الحق وزهق الباطل إن الباطل كان زهوقا} [الإسراء: 81] ثم انطلق حتى أتى الصفا فعلا منه حتى يرى البيت، وجعل يحمد الله ويدعوه، والأنصار عنده يقولون: أما الرجل فأدركته رغبة في قريته، ورأفة بعشيرته وجاء الوحي، وكان الحق إذا جاء لم يخف علينا، فلما رفع الوحي قال: "" يا معشر الأنصار، قلتم: أما الرجل فأدركته رغبة في قريته، ورأفة بعشيرته كلا، فما اسمي إذا، كلا، إني عبد الله ورسوله، المحيا محياكم، والممات مماتكم "" فأقبلوا يبكون، وقالوا: يا رسول الله، والله ما قلنا إلا الضن بالله وبرسوله فقال رسول الله صلى الله عليه وسلم: «إن الله ورسوله يصدقانكم ويعذرانكم» #",0
Musnad at-Tayalisi,3788,UNGRADED,Prophets & Past Peoples,2567 - # حدثنا أبو داود قال: حدثنا شعبة، عن عطاء بن أبي ميمونة، قال: سمعت أبا رافع، يحدث عن أبي هريرة، قال: كان اسم ميمونة أو زينب برة، «فسماها رسول الله صلى الله عليه وسلم ميمونة أو زينب» #,0
Musnad at-Tayalisi,3789,UNGRADED,Women; Death & Burial,2568 - # حدثنا أبو داود قال: حدثنا حماد بن زيد، وأبو عامر الخزاز صالح بن رستم، عن ثابت، عن أبي رافع، عن أبي هريرة، أن رجلا أسود أو امرأة سوداء كانت تنقي الأذى من المسجد فدفنت، فلم يؤذنوا النبي صلى الله عليه وسلم فأخبر بذلك النبي صلى الله عليه وسلم فقال: «دلوني على قبرها» فانطلق إلى القبر فأتى على القبور فقال: «إن هذه القبور ممتلئة على أهلها ظلمة، وإن الله عز وجل ينورها عليهم بصلاتي» ثم أتى القبر فصلى عليه، فقال رجل من الأنصار: يا رسول الله، إن أبي، أو أخي مات ودفن فصل عليه، قال: فانطلق رسول الله صلى الله عليه وسلم مع الأنصاري #,0
Musnad at-Tayalisi,3791,UNGRADED,Fasting & Ramadan,[ص: 196] # خليلي بثلاث، يعني النبي صلى الله عليه وسلم، «صوم ثلاثة أيام من الشهر، والوتر قبل النوم، وركعتي الضحى» #,0
Musnad at-Tayalisi,3792,UNGRADED,Prayer (Salah),"2570 - # حدثنا أبو داود قال: حدثنا حماد، عن ثابت، عن أبي رافع، عن أبي هريرة، قال: قال رسول الله صلى الله عليه وسلم: "" الرجل في صلاة ما كان في مصلاه الذي صلى فيه ينتظر الصلاة تقول الملائكة: اللهم اغفر له، اللهم ارحمه، ما لم يحدث "" #",0
Musnad at-Tayalisi,3793,UNGRADED,Prophets & Past Peoples,2571 - # حدثنا أبو داود قال: حدثنا شعبة، وهشام، عن قتادة، عن الحسن، عن أبي رافع، عن أبي هريرة، عن النبي صلى الله عليه وسلم قال: «إذا,0
Musnad at-Tayalisi,3796,UNGRADED,Prophets & Past Peoples,2572 - # حدثنا أبو داود قال: حدثنا شعبة، قال: أخبرني قتادة قأل: سمعت النضر بن أنس، يحدث عن بشير بن نهيك، عن أبي هريرة، أن رسول الله صلى الله عليه وسلم قال: «إذا أفلس الرجل فأدرك رجل متاعه بعينه فهو أحق به» #,2
Musnad at-Tayalisi,3799,UNGRADED,Modesty & Dress; Prophets & Past Peoples,2574 - # حدثنا أبو داود قال: حدثنا شعبة، عن قتادة، سمع النضر، سمع بشير بن نهيك، عن أبي هريرة، أن النبي صلى الله عليه وسلم «نهى عن خاتم الذهب» #,0
Musnad at-Tayalisi,3801,UNGRADED,Day of Judgement,2576 - # حدثنا أبو داود قال: حدثنا همام، عن قتادة، عن النضر بن أنس، عن بشير بن نهيك، عن أبي هريرة، قال: قال رسول الله صلى الله عليه وسلم: «من كان له امرأتان فمال إلى إحداهما جاء يوم القيامة وأحد شقيه ساقط» #,0
Musnad at-Tayalisi,3802,UNGRADED,Prophets & Past Peoples,"2577 - # حدثنا أبو داود قال: حدثنا همام، عن قتادة، عن النضر بن أنس، عن بشير، عن أبي هريرة، قال: قال رسول الله صلى الله عليه وسلم: "" مطر على أيوب عليه السلام جراد من ذهب، فجعل يتناول منه، فأوحي إليه: يا أيوب، ألم أوسع عليك؟، قال: يا رب، ومن يشبع من رحمتك أو فضلك "" #",0
Musnad at-Tayalisi,3804,UNGRADED,Prophets & Past Peoples,2578 - # حدثنا يونس قال: حدثنا أبو داود قال: حدثنا سلام، عن أبي إسحاق، عن كميل بن زياد، عن أبي هريرة، قال: قال لي رسول الله صلى الله عليه وسلم: «ألا أدلك على كنز من كنوز الجنة؟، لا حول ولا قوة إلا بالله، ولا ملجأ ولا منجا منه إلا إليه» #,1
Musnad at-Tayalisi,3806,UNGRADED,Prophets & Past Peoples,2579 - # حدثنا يونس قال: حدثنا أبو داود قال: حدثنا عمران، قال: حدثنا قتادة، عن أبي مراية، عن أبي هريرة، عن النبي صلى الله عليه وسلم قال: «لا تصلي الملائكة على نائحة ولا مرنة» #,0
Musnad at-Tayalisi,3809,UNGRADED,Women; Prophets & Past Peoples,[ص: 205] # ، عن قتادة، عن زرارة، عن أبي هريرة، عن النبي صلى الله عليه وسلم قال: «إذا باتت المرأة هاجرة لفراش زوجها لعنتها الملائكة حتى تصبح» أو «تراجع» شك أبو داود #,0
Musnad at-Tayalisi,3810,UNGRADED,Prophets & Past Peoples,2581 - # حدثنا أبو داود قال: حدثنا همام، قال: حدثنا قتادة، قال: حدثني زرارة بن أوفى، عن أبي هريرة، عن النبي صلى الله عليه وسلم قال: «إن الله عز وجل تجاوز لأمتي عما حدثت به أنفسها ما لم تتكلم به أو تعمل به» #,0
Musnad at-Tayalisi,3812,UNGRADED,Prophets & Past Peoples,2582 - # حدثنا يونس قال: حدثنا أبو داود قال: حدثنا شعبة، قال: حدثني قتادة، قال: سمعت هلال بن يزيد، يحدث عن أبي هريرة، أن النبي صلى الله عليه وسلم قال في الحبة السوداء: «فيها شفاء من كل داء إلا السام» قال: يعني الشونيز يقوله قتادة #,0
Musnad at-Tayalisi,3814,UNGRADED,Prophets & Past Peoples,2583 - # حدثنا يونس قال: حدثنا أبو داود قال: حدثنا وهيب، عن سهيل بن أبي صالح، عن صفوان، عن القعقاع، عن أبي هريرة، عن النبي صلى الله عليه وسلم قال: «لا يجتمع الشح والإيمان في قلب عبد» #,0
Musnad at-Tayalisi,3816,UNGRADED,Prophets & Past Peoples,"2584 - # حدثنا يونس قال: حدثنا أبو داود قال: حدثنا ابن فضالة، عن خبيب بن عبد الرحمن، عن حفص بن عاصم، عن أبي هريرة، قال: قال رسول الله صلى الله عليه وسلم: "" سبعة في ظل الله يوم لا ظل إلا ظله: حكم عدل، وإمام عدل، وشاب نشأ بعبادة الله، ورجل قلبه معلق بالمسجد حتى يرجع إليه، ورجلان اجتمعا على حب الله وتفرقا على حبه، ورجل تصدق بصدقة فأخفاها حتى لا تدري شماله ما تخفي يمينه، ورجل دعته امرأة ذات حسب وجمال فقال: إني أخاف الله، ورجل ذكر الله خاليا ففاضت عيناه من خشية الله عز وجل "" #",0
Musnad at-Tayalisi,3817,UNGRADED,Prayer (Salah); Prophets & Past Peoples,2585 - # حدثنا أبو داود قال: حدثنا العمري، عن خبيب بن عبد الرحمن، عن حفص بن عاصم، عن أبي هريرة، أن رسول الله صلى الله عليه وسلم قال: «لا صلاة بعد العصر حتى تغرب الشمس، ولا صلاة بعد الصبح حتى تطلع الشمس» #,0
Musnad at-Tayalisi,3819,UNGRADED,Prophets & Past Peoples,2586 - # حدثنا أبو داود قال: حدثنا ابن فضالة، عن الحسن، عن أبي هريرة، قال: قال رسول الله صلى الله عليه وسلم: «إنما يلبس الحرير في الدنيا من لا يرجو أن يلبسه في الآخرة إنما يلبس الحرير من لا خلاق له» #,0
Musnad at-Tayalisi,3820,UNGRADED,Prophets & Past Peoples,2587 - # حدثنا أبو داود قال: حدثنا أبو هلال محمد بن سليم، عن الحسن، عن أبي هريرة، قال: ذكر رسول الله صلى الله عليه وسلم موسى عليه السلام فقال: «كان من حيائه لا يغتسل إلا مستترا» #,0
Musnad at-Tayalisi,3821,UNGRADED,Dhikr & Supplication; Night & Voluntary Prayer,"2588 - # حدثنا أبو داود قال: حدثنا جسر أبو جعفر، قال: حدثنا الحسن، عن أبي هريرة، أن النبي صلى الله عليه وسلم قال: "" ما من عبد يتعار من الليل أو على فراشه فيقول: سبحان الله، والحمد لله، ولا إله إلا الله، والله أكبر، اللهم اغفر لي، إلا غفر له، فإن عزم فقام فتوضأ",0
Musnad at-Tayalisi,3823,UNGRADED,Quran & Recitation; Repentance & Forgiveness,"2589 - # حدثنا أبو داود قال: حدثنا جسر، عن الحسن، عن أبي هريرة، أن النبي صلى الله عليه وسلم قال: "" من قرأ: يس في ليلة التماس وجه الله غفر له "" #",0
Musnad at-Tayalisi,3824,UNGRADED,Day of Judgement; Prophets & Past Peoples,2590 - # حدثنا أبو داود قال: حدثنا أبو الأشهب، عن الحسن، قال: قدم رجل المدينة فلقي أبا هريرة فقال له أبو هريرة: كأنك لست من أهل البلد، قال: أجل قال: أفلا أحدثك حديثا سمعته من رسول الله صلى الله عليه وسلم، لعل الله أن ينفعك به؟، قال: بلى، قال: فإن رسول الله صلى الله عليه وسلم قال: إن أول ما يحاسب به العبد يوم القيامة الصلاة، يقول الله عز وجل لملائكته: «انظروا في صلاته، أتمها أم نقصها» فينظروا، فإن كانت كاملة كتبت كاملة، وإن كان انتقص منها شيء قال: «أكملوا لعبدي فريضته من تطوعه» ثم تؤخذ الأعمال على قدر ذلك قال أبو داود: وسمعت شيخا من المسجد الحرام يحدث بهذا الحديث قال: فقال الحسن وهو في مجلس أبي هريرة لما حدث هذا الحديث: والله، لهذا لابن آدم خير من الدنيا وما فيها #,0
Musnad at-Tayalisi,3825,UNGRADED,Day of Judgement,2591 - # حدثنا أبو داود قال: حدثنا عباد بن ميسرة المنقري، قال: حدثنا الحسن، قال: بينا أبو هريرة يحدث الناس إذ جاء شاب حتى قام عليه بين ثوبين له، فقال: ما تقول في سبل إزاري؟، أو في جر إزاري؟، قال: سمعت خليلي الصادق المصدوق أبا القاسم صلى الله عليه وسلم يقول: «كان فيمن كان قبلكم رجل يتبختر في برديه، أو بين ثوبيه، إذ خسف الله به الأرض، فوالذي نفسي بيده، إنه ليتجلجل فيها إلى يوم القيامة» #,0
Musnad at-Tayalisi,3826,UNGRADED,Prophets & Past Peoples,2592 - # حدثنا أبو داود قال: حدثنا حماد بن سلمة، عن علي بن زيد، عن الحسن، عن أبي هريرة، أن النبي صلى الله عليه وسلم قال: «الصلوات الخمس، والجمعة إلى الجمعة كفارات لما بينهما ما اجتنب الكبائر» #,0
Musnad at-Tayalisi,3832,UNGRADED,Prophets & Past Peoples,2595 - # حدثنا يونس قال: حدثنا أبو داود قال: حدثنا حماد، عن أبي الزبير، عن عبد الرحمن بن هضاض، عن أبي هريرة، قال: جاء ماعز بن مالك إلى هزال فقال: إن الآخر زنا قال: فأت النبي صلى الله عليه وسلم فأخبره قبل أن ينزل فيك قرآن قال: فأتاه، فأخبره حتى شهد أربعا، فأمر برجمه فرجم، فأتى عليه رجلان فقالا: يا حين هذا، ستر الله عليه,0
Musnad at-Tayalisi,3835,UNGRADED,Prophets & Past Peoples,"2596 - # حدثنا يونس قال: حدثنا أبو داود قال: حدثنا المسعودي، عن داود بن عبد الله الأودي، عن أبيه، عن أبي هريرة، قال: قيل: يا رسول الله، ما أكثر ما يلج به الناس النار؟، قال: "" الأجوفان: الفرج والفم "" قيل: فما أكثر ما يلج به الناس الجنة؟، قال: «تقوى الله، وحسن الخلق» #",0
Musnad at-Tayalisi,3837,UNGRADED,Prophets & Past Peoples,"2597 - # حدثنا يونس قال: حدثنا أبو داود قال: حدثنا حماد بن سلمة، عن علي بن زيد، عن عمار بن أبي عمار، عن أبي هريرة، قال: "" ما شهدت مع رسول الله صلى الله عليه وسلم غنيمة إلا قسم لي منها إلا خيبر، فإنها كانت لأهل الحديبية خاصة وكان أبو موسى وأبو هريرة جاءا بين حنين والحديبية #",0
Musnad at-Tayalisi,3839,UNGRADED,Character & Manners,[ص: 222] # ، عن أبي هريرة، قال: قال رسول الله صلى الله عليه وسلم: «الناس معادن، فخيارهم في الجاهلية خيارهم في الإسلام إذا فقهوا» #,0
Musnad at-Tayalisi,3840,UNGRADED,Character & Manners; Prophets & Past Peoples,2599 - # حدثنا أبو داود قال: حدثنا حماد بن سلمة، عن عمار، عن أبي هريرة، أن النبي صلى الله عليه وسلم قال: «يخرج قوم من المدينة، والمدينة خير لهم لو كانوا يعلمون» #,0
Musnad at-Tayalisi,3842,UNGRADED,Prophets & Past Peoples,2600 - # حدثنا يونس قال: حدثنا أبو داود قال: حدثنا همام، عن قتادة، عن عبد الملك عن أبي هريرة، أن رسول الله صلى الله عليه وسلم قال: «من أعطي مالا من غير مسألة فليقبله، فإنما هو رزق رزقه الله عز وجل» #,0
Musnad at-Tayalisi,3844,UNGRADED,Prophets & Past Peoples,"2601 - # حدثنا يونس قال: حدثنا أبو داود قال: حدثنا محمد بن أبي حميد، عن عمير مولى بني عدي، سمع أبا هريرة، يقول: قال رسول الله صلى الله عليه وسلم: «أيعجز أحدكم أن يقرأ ثلث القرآن قبل أن ينام؟» قيل: يا رسول الله، ومن يطيق ثلث القرآن قبل أن ينام؟ قال: "" يقرأ",0
Musnad at-Tayalisi,3847,UNGRADED,Prophets & Past Peoples,2602 - # حدثنا يونس قال: حدثنا أبو داود قال: حدثنا محمد بن أبي حميد، عن أبي عبد الله القراظ، عن أبي هريرة، قال: قال رسول الله صلى الله عليه وسلم: «لا يحافظ المنافق أربعين ليلة على صلاة العشاء الآخرة» يعني: في جماعة #,0
Musnad at-Tayalisi,3849,UNGRADED,Prophets & Past Peoples,2603 - # حدثنا يونس، حدثنا أبو داود قال: حدثنا شعبة، وحماد، عن محمد بن زياد، قال: سمعت أبا هريرة، يقول: قال أبو القاسم صلى الله عليه وسلم: «صوموا لرؤيته، وأفطروا لرؤيته، فإن غم عليكم فعدوا ثلاثين» #,0
Musnad at-Tayalisi,3851,UNGRADED,Food & Drink,[ص: 226] # بن زياد القرشي، قال: سمعت أبا هريرة، يقول: أخذ الحسن بن علي تمرة من تمر الصدقة فألقاها في فيه، فجعل رسول الله صلى الله عليه وسلم يقول: «كخ كخ، ألقها، أما علمت أنا لا نأكل الصدقة» #,0
Musnad at-Tayalisi,3852,UNGRADED,Repentance & Forgiveness; Prophets & Past Peoples,2605 - # حدثنا أبو داود قال: حدثنا شعبة، قال: أخبرني محمد بن زياد، قال: سمعت أبا هريرة، يقول: سمعت أبا القاسم، صلى الله عليه وسلم يقول: «غفار غفر الله لها، وأسلم سالمها الله» #,1
Musnad at-Tayalisi,3853,UNGRADED,Character & Manners; Oppression & Injustice,2606 - # حدثنا أبو داود قال: حدثنا شعبة، قال: أخبرني محمد بن زياد، قال: سمعت أبا هريرة، يقول: قال رسول الله صلى الله عليه وسلم: «لو سلك الناس واديا أو شعبا، وسلكت الأنصار شعبا أو واديا، سلكت شعب الأنصار» قال أبو هريرة: ما ظلم بأبي وأمي، لقد واسوه وآووه ونصروه #,0
Musnad at-Tayalisi,3854,UNGRADED,Oaths & Vows; Prophets & Past Peoples,2607 - # حدثنا أبو داود قال: حدثنا شعبة، عن محمد بن زياد، قال: سمعت أبا هريرة، يقول: قال رسول الله صلى الله عليه وسلم: قال ربكم تبارك وتعالى: «كل العمل كفارة إلا الصوم، فهو لي وأنا أجزي به، ولخلوف فم الصائم أطيب عند الله عز وجل من ريح المسك» #,0
Musnad at-Tayalisi,3855,UNGRADED,Prophets & Past Peoples,2608 - # حدثنا أبو داود قال: حدثنا شعبة، عن محمد بن زياد، سمع أبا هريرة، وأتى على قوم يتوضئون من المطهرة، فقال: أسبغوا الوضوء، فإني سمعت أبا القاسم صلى الله عليه وسلم يقول: «ويل للعقب من النار» #,0
Musnad at-Tayalisi,3858,UNGRADED,Prophets & Past Peoples,2610 - # حدثنا أبو داود قال: حدثنا شعبة، عن محمد بن زياد، سمع أبا هريرة، سمع النبي صلى الله عليه وسلم يقول: «الولد للفراش، وللعاهر الحجر» #,0
Musnad at-Tayalisi,3859,UNGRADED,Prophets & Past Peoples,2611 - # حدثنا أبو داود قال: حدثنا شعبة، قال: حدثنا محمد بن زياد، قال: سمعت أبا هريرة، سمع أبا القاسم، صلى الله عليه وسلم يقول: «انعلهما جميعا، أو أحفهما جميعا، وإذا انتعلت فابدأ باليمنى، وإذا خلعت فابدأ باليسرى» #,0
Musnad at-Tayalisi,3860,UNGRADED,Prophets & Past Peoples; Animals,2612 - # حدثنا أبو داود قال: حدثنا شعبة، وحماد بن سلمة، عن محمد بن زياد، سمع أبا هريرة، سمع أبا القاسم، صلى الله عليه وسلم يقول: «أما يخشى الذي يرفع رأسه قبل الإمام أن يحول الله رأسه رأس حمار» #,0
Musnad at-Tayalisi,3861,UNGRADED,Character & Manners; Prophets & Past Peoples,2613 - # حدثنا أبو داود قال: حدثنا الربيع بن مسلم، عن محمد بن زياد، سمع أبا هريرة، قال: قال رسول الله صلى الله عليه وسلم: «لا يشكر الله من لا يشكر الناس» #,0
Musnad at-Tayalisi,3862,UNGRADED,Trade & Business; Prophets & Past Peoples,2614 - # حدثنا أبو داود قال: حدثنا حماد بن سلمة، عن محمد بن زياد، سمع أبا هريرة، سمع أبا القاسم، صلى الله عليه وسلم يقول: «من اشترى مصراة فهو بالخيار، إن ردها رد معها صاعا من تمر» #,0
Musnad at-Tayalisi,3864,UNGRADED,Prophets & Past Peoples,2615 - # حدثنا يونس قال: حدثنا أبو داود قال: حدثنا أبو بكر الحناط، قال: حدثني صالح بن أبي صالح، سمع أبا هريرة، يقول: ذكرت الموالي عند رسول الله صلى الله عليه وسلم فقال: «لأنا بهم أوثق مني بكم، أو ببعضكم» #,0
Musnad at-Tayalisi,3866,UNGRADED,Prophets & Past Peoples,2616 - # حدثنا يونس قال: حدثنا أبو داود قال: حدثنا شعبة، عن يحيى بن سليم أبي بلج، عن عمرو بن ميمون، سمع أبا هريرة، يقول: قال لي رسول الله صلى الله عليه وسلم: «ألا أدلك على كلمة من كنز الجنة تحت العرش؟ لا حول ولا قوة إلا بالله» #,0
Musnad at-Tayalisi,3867,UNGRADED,Prophets & Past Peoples,2617 - # حدثنا أبو داود قال: حدثنا شعبة، عن أبي بلج، عن عمرو بن ميمون، عن أبي هريرة، قال: سمعت رسول الله صلى الله عليه وسلم يقول: «من سره أن يجد طعم الإيمان فليحب العبد لا يحبه إلا لله» #,0
Musnad at-Tayalisi,3869,UNGRADED,Prophets & Past Peoples,2618 - # حدثنا يونس قال: حدثنا أبو داود قال: حدثنا سعيد بن عبد الرحمن، أخو أبي حرة قال: حدثنا محمد بن سيرين، قال: حدثنا أبو هريرة، قال: نادى رجل النبي صلى الله عليه وسلم فقال: يا رسول الله، الرجل يصلي في ثوب واحد؟، فقال رسول الله صلى الله عليه وسلم: «أوكلكم يجد ثوبين؟» #,0
Musnad at-Tayalisi,3870,UNGRADED,Prophets & Past Peoples,2619 - # حدثنا أبو داود قال: حدثنا يزيد بن إبراهيم، عن محمد بن سيرين، عن أبي هريرة، أن النبي صلى الله عليه وسلم قال: «إن في الجمعة ساعة لا يوافقها رجل مسلم في صلاة» أو قال: «يصلي، يسأل الله عز وجل فيها شيئا» أو قال: «خيرا، إلا أعطاه» وقال بيده هكذا، أقبل أبو داود بيده وأدبر قلنا: يزهدها قلنا: يقللها #,0
Musnad at-Tayalisi,3871,UNGRADED,Prophets & Past Peoples,2620 - # حدثنا أبو داود قال: حدثنا حماد بن سلمة، عن أيوب، عن ابن سيرين، عن أبي هريرة، قال: قال رسول الله صلى الله عليه وسلم: «إن في,0
Musnad at-Tayalisi,3876,UNGRADED,Prophets & Past Peoples,2623 - # حدثنا يونس قال: حدثنا أبو داود قال: حدثنا موسى بن مطير، عن أبيه، عن أبي هريرة، أن النبي صلى الله عليه وسلم قال: «لا تقوم الساعة حتى يرجع ناس من أمتي إلى أوثان يعبدونها من دون الله» #,0
Musnad at-Tayalisi,3878,UNGRADED,Other Narrations,[ص: 240] # ، عن أبي هريرة، قال: سمعت رسول الله صلى الله عليه وسلم يقول في الحسن والحسين: «من أحبني فليحب هذين» #,0
Musnad at-Tayalisi,3879,UNGRADED,Prophets & Past Peoples,2625 - # حدثنا أبو داود قال: حدثنا موسى بن مطير، عن أبيه، عن أبي هريرة، قال: قال رسول الله صلى الله عليه وسلم: «الإيمان يمان، والكفر من قبل المشرق» #,0
Musnad at-Tayalisi,3880,UNGRADED,Prophets & Past Peoples,2626 - # حدثنا أبو داود قال: حدثنا موسى بن مطير، عن أبيه، عن أبي هريرة، قال: قال رسول الله صلى الله عليه وسلم: «لم يسلط على قتل الدجال إلا عيسى ابن مريم عليه السلام» #,0
Musnad at-Tayalisi,3881,UNGRADED,Prophets & Past Peoples,2627 - # حدثنا أبو داود قال: حدثنا موسى بن مطير، عن أبيه، عن أبي هريرة، قال: قال رسول الله صلى الله عليه وسلم: «لو أن لرجل أحدا ذهبا فأنفقه في سبيل الله وفي الأرامل والمساكين والأيتام ليدرك فضل رجل من أصحابي ساعة من النهار ما أدركه أبدا» #,0
Musnad at-Tayalisi,3886,UNGRADED,Prophets & Past Peoples,2629 - # حدثنا يونس قال: حدثنا أبو داود قال: حدثنا شعبة، قال: أخبرني يحيى بن سعيد، قال: سمعت أبا بكر بن عمرو بن حزم، يحدث عن عمر بن عبد العزيز، عن أبي بكر بن عبد الرحمن بن الحارث بن هشام، عن أبي هريرة، عن النبي صلى الله عليه وسلم قال: «إذا أفلس الرجل فأصاب الرجل متاعه بعينه فهو أحق به من الغرماء» #,0
Musnad at-Tayalisi,3888,UNGRADED,Prophets & Past Peoples,2630 - # حدثنا يونس قال: حدثنا أبو داود قال: حدثنا شعبة، عن سماك بن حرب، عن مالك بن ظالم، عن أبي هريرة، أن النبي صلى الله عليه وسلم قال: «هلاك أمتي على يدي أغيلمة سفهاء من قريش» #,0
Musnad at-Tayalisi,3890,UNGRADED,Prophets & Past Peoples,2631 - # حدثنا يونس قال: حدثنا أبو داود قال: حدثنا القاسم بن الفضل، عن أبيه، عن المهري، أن أبا هريرة، قال له: يا مهري، «نهى رسول الله صلى الله عليه وسلم عن كسب الحجام، وعن كسب المومسة، وعن ثمن,0
Musnad at-Tayalisi,3892,UNGRADED,Prayer (Salah); Prophets & Past Peoples,2632 - # حدثنا أبو داود قال: حدثنا محمد بن أبي حميد، قال: حدثنا سعيد المهري، عن أبيه، عن أبي هريرة، أن رسول الله صلى الله عليه وسلم قال: «أفضل الرباط انتظار الصلاة، ولزوم مجالس الذكر، وما من عبد يصلي ثم يقعد في مقعده إلا لم تزل الملائكة تصلي عليه حتى يحدث أو يقوم» #,0
Musnad at-Tayalisi,3894,UNGRADED,Prophets & Past Peoples,"2633 - # حدثنا يونس قال: حدثنا أبو داود قال: حدثنا زمعة بن صالح، عن الزهري، عن عبيد الله بن عبد الله بن عتبة بن مسعود، عن أبي هريرة، قال: سمعت رسول الله صلى الله عليه وسلم يقول: "" كان رجل يداين الناس، وكان يقول لغلامه إذا أعسر المعسر: تجاوز عنه، لعل الله يتجاوز عنا فلما لقي الله عز وجل تجاوز عنه "" #",0
Musnad at-Tayalisi,3896,UNGRADED,Magic & Superstition,[ص: 248] # عبيد الله بن عبد الله، عن أبي هريرة، قال: قال رسول الله صلى الله عليه وسلم: «لا طيرة، وخير الطيرة الفأل» قيل: يا رسول الله، ما الفأل؟، قال: «الكلمة الصالحة يسمعها أحدكم» #,0
Musnad at-Tayalisi,3900,UNGRADED,Prophets & Past Peoples,2637 - # حدثنا يونس قال: حدثنا أبو داود قال: حدثنا شعبة، عن عبد الله بن يزيد، عن أبي زرعة، عن أبي هريرة، أن رسول الله صلى الله عليه وسلم «كان يكره الشكال من الخيل» #,0
Musnad at-Tayalisi,3902,UNGRADED,Prophets & Past Peoples,2638 - # حدثنا يونس قال: حدثنا أبو داود قال: حدثنا هشام، عن يحيى بن أبي كثير، عن أبي جعفر، عن أبي هريرة، قال: قال رسول الله صلى الله عليه وسلم: إذا بقي ثلث الليل قال تبارك وتعالى: «من ذا الذي يستكشف الضر أكشف عنه؟ من ذا الذي يسترزقني أرزقه؟ من ذا الذي يسألني أعطه؟» #,0
Musnad at-Tayalisi,3903,UNGRADED,Guests & Hospitality; Prophets & Past Peoples,"2639 - # حدثنا أبو داود قال: حدثنا هشام، عن يحيى، عن أبي جعفر، سمع أبا هريرة، عن النبي صلى الله عليه وسلم قال: "" ثلاث دعوات مستجابات: دعوة المظلوم، ودعوة المسافر، ودعوة الوالد لولده "" #",0
Musnad at-Tayalisi,3904,UNGRADED,Day of Judgement,2640 - # حدثنا أبو داود قال: حدثنا هشام، عن يحيى، عن أبي جعفر، سمع أبا هريرة، يقول: سمعت رسول الله صلى الله عليه وسلم يقول: «أفضل الأعمال يوم القيامة إيمان لا شك فيه، وغزو لا غلول فيه، وحج مبرور» قال أبو هريرة: حج مبرور يكفر خطايا تلك السنة #,0
Musnad at-Tayalisi,3906,UNGRADED,Prophets & Past Peoples,2641 - # حدثنا يونس قال: حدثنا أبو داود قال: حدثنا شعبة، عن سيار، ومنصور، عن أبي حازم، عن أبي هريرة، عن النبي صلى الله عليه وسلم قال: «من حج فلم يرفث، ولم يفسق رجع كيوم ولدته أمه» #,0
Musnad at-Tayalisi,3907,UNGRADED,Work & Livelihood; Prophets & Past Peoples,2642 - # حدثنا أبو داود قال: حدثنا شعبة، قال: أخبرني محمد بن جحادة، قال: سمعت أبا حازم، يحدث عن أبي هريرة، قال: «نهى رسول الله صلى الله عليه وسلم عن كسب الإماء» #,0
Musnad at-Tayalisi,3908,UNGRADED,Prophets & Past Peoples,2643 - # حدثنا أبو داود قال: حدثنا شعبة، عن عدي بن ثابت، قال: سمعت أبا حازم، يحدث عن أبي هريرة، أن النبي صلى الله عليه وسلم قال: «إن المؤمن يأكل في معى واحد، وإن الكافر يأكل في سبعة أمعاء» #,0
Musnad at-Tayalisi,3911,UNGRADED,Prophets & Past Peoples,[ص: 257] # ، وأن يخطب الرجل على خطبة أخيه» قال أبو داود: كأنه يعني النبي صلى الله عليه وسلم في قوله: نهى #,0
Musnad at-Tayalisi,3912,UNGRADED,Day of Judgement,2646 - # حدثنا أبو داود قال: حدثنا هشام، عن عباد بن أبي علي عن أبي حازم، عن أبي هريرة، أن النبي صلى الله عليه وسلم قال: «ويل للأمراء، ويل للأمناء، ويل للعرفاء، ليتمنين قوم يوم القيامة أن ذوائبهم كانت معلقة بالثريا، يتذبذبون بين السماء والأرض وأنهم لم يلوا عملا» #,0
Musnad at-Tayalisi,3913,UNGRADED,Prayer (Salah); Prophets & Past Peoples,2647 - # حدثنا أبو داود قال: حدثنا شعبة، عن عدي بن ثابت، عن أبي حازم، عن أبي هريرة، أن النبي صلى الله عليه وسلم قال: «من ترك كلا فإلي، ومن ترك مالا فللوارث» قال أبو بشر: سمعت أبا الوليد يقول: هذا نسخ تلك الأحاديث التي جاءت في ترك الصلاة على الذي عليه الدين #,0
Musnad at-Tayalisi,3914,UNGRADED,Brotherhood & Friendship; Character & Manners,2648 - # حدثنا أبو داود قال: حدثنا سلام، عن سعيد بن مسروق، عن أبي حازم، عن أبي هريرة، قال: قال النبي صلى الله عليه وسلم: «ليس الشديد من يصرع الناس، أو يغلب الناس، ولكن الشديد من غلب نفسه» #,0
Musnad at-Tayalisi,3917,UNGRADED,Prophets & Past Peoples,2650 - # حدثنا يونس قال: حدثنا أبو داود قال: حدثنا شعبة، عن عبد الله بن دينار، عن سليمان بن يسار، عن عراك بن مالك الغفاري، عن أبي هريرة، أن رسول الله صلى الله عليه وسلم قال: «ليس في فرس المسلم ولا في غلامه صدقة» #,1
Musnad at-Tayalisi,3921,UNGRADED,Brotherhood & Friendship,[ص: 262] # هريرة قال: سمعت صاحب هذه الحجرة الصادق المصدوق أبا القاسم صلى الله عليه وسلم يقول: «لا تنزع الرحمة إلا من شقي» #,0
Musnad at-Tayalisi,3922,UNGRADED,Prophets & Past Peoples,2653 - # حدثنا أبو داود قال: حدثنا شعبة، عن منصور، سمع أبا عثمان عن أبي هريرة، قال شعبة: لا أدري رفعه إلى النبي صلى الله عليه وسلم، أو قال: عن أبي هريرة قال: «من صلى ثنتي عشرة ركعة في يوم وليلة تطوعا غير فريضة، بني له بيت في الجنة» قال أبو داود: وهذا أيضا مما كتبه إليه منصور #,0
Musnad at-Tayalisi,3924,UNGRADED,Prophets & Past Peoples,"2654 - # حدثنا يونس قال: حدثنا أبو داود قال: حدثنا شعبة، عن سعد بن إبراهيم، قال: سمعت حميد بن عبد الرحمن، يحدث عن أبي هريرة، أن النبي صلى الله عليه وسلم قال: "" لا ينبغي لعبد أن يقول: أنا خير من يونس بن متى "" #",0
Musnad at-Tayalisi,3926,UNGRADED,Prophets & Past Peoples,2655 - # حدثنا يونس قال: حدثنا أبو داود قال: حدثنا المسعودي، عن عاصم بن كليب الجرمي، عن أبيه، عن أبي هريرة، عن النبي صلى الله عليه وسلم قال: «خرجت إليكم وقد بينت لي ليلة القدر ومسيح الضلالة، فكان تلاحى بين رجلين في المسجد، فذهبت لأحجز بينهما، فأنسيتها، وسأشدو لكم منهما شدوا، أما ليلة القدر فالتمسوها في العشر الأواخر في وتر، وأما مسيح الضلالة فإنه أعور العين، أجلى الجبهة، عريض النحر، فيه اندفاء، مثل قطن بن عبد العزى» فقال الرجل: يضرني يا رسول الله شبهه؟، فقال: «لا، أنت مسلم، وهو كافر» #,0
Musnad at-Tayalisi,3928,UNGRADED,Prophets & Past Peoples,2656 - # حدثنا يونس قال: حدثنا أبو داود قال: حدثنا سليم بن حيان، قال: حدثني أبي، عن أبي هريرة، قال: قال رسول الله صلى الله عليه وسلم,0
Musnad at-Tayalisi,3931,UNGRADED,Prophets & Past Peoples,2657 - # حدثنا يونس قال: حدثنا أبو داود قال: حدثنا عمارة بن زاذان، قال: حدثنا علي بن الحكم، عن عطاء، عن أبي هريرة، أن رسول الله صلى الله عليه وسلم قال: «من حفظ علما، فسئل عنه فكتمه، جيىء به يوم,0
Musnad at-Tayalisi,3933,UNGRADED,Prophets & Past Peoples,2658 - # حدثنا أبو داود قال: حدثنا طلحة، عن عطاء، عن أبي هريرة، قال: قال رسول الله صلى الله عليه وسلم: «يا أبا هريرة، زر غبا تزدد حبا» #,0
Musnad at-Tayalisi,3934,UNGRADED,Character & Manners; Prophets & Past Peoples,2659 - # حدثنا أبو داود قال: حدثنا أبو عتبة، عن حميد بن أبي سويد، عن عطاء، عن أبي هريرة، أن رسول الله صلى الله عليه وسلم قال: «علموا، ولا تعنفوا؛ فإن المعلم خير من المعنف» #,0
Musnad at-Tayalisi,3935,UNGRADED,Fasting & Ramadan; Prophets & Past Peoples,"2660 - # حدثنا أبو داود قال: حدثني شيخ من أهل مكة، عن عطاء، عن أبي هريرة، قال: قال رسول الله صلى الله عليه وسلم: "" أعفوا الصيام؛ فإن الصيام ليس من الطعام ولا من الشراب، ولكن الصيام من المعاصي، فإذا صام أحدكم فجهل عليه رجل أو شتمه فليقل: إني صائم "" #",0
Musnad at-Tayalisi,3937,UNGRADED,Prophets & Past Peoples,2661 - # حدثنا يونس قال: حدثنا أبو داود قال: حدثنا هشام، عن معمر، عن يحيى بن أبي كثير، عن ضمضم، عن أبي هريرة، قال: «أمر رسول الله صلى الله عليه وسلم بقتل الأسودين في الصلاة يعني الحية والعقرب» #,1
Musnad at-Tayalisi,3940,UNGRADED,Fasting & Ramadan; Prophets & Past Peoples,2663 - # حدثنا يونس قال: حدثنا أبو داود قال: حدثنا شعبة، عن حبيب بن أبي ثابت، قال: سمعت عمارة بن عمير يحدث عن أبي المطوس، قال حبيب: وقد رأيت أبا المطوس، عن أبيه، عن أبي هريرة، أن رسول الله صلى الله عليه وسلم قال: «من أفطر يوما من رمضان في غير رخصة رخصها الله له، لم يقض عنه، وإن صام الدهر كله» #,0
Musnad at-Tayalisi,3942,UNGRADED,Prophets & Past Peoples,2664 - # حدثنا يونس قال: حدثنا أبو داود قال: حدثنا هشام، عن قتادة، عن عبد الرحمن بن آدم، عن أبي هريرة، عن النبي صلى الله عليه وسلم قال: «يمكث عيسى عليه السلام في الأرض بعدما ينزل أربعين سنة، ثم,0
Musnad at-Tayalisi,3945,UNGRADED,Prophets & Past Peoples,2665 - # حدثنا يونس قال: حدثنا أبو داود قال: حدثنا شعبة، عن موسى بن أبي عثمان قال شعبة: وكان يؤذن على أطول منارة بالكوفة، قال: حدثني أبو يحيى وأنا أطوف معه، يعني حول البيت، قال: سمعت أبا هريرة يقول: سمعت رسول الله صلى الله عليه وسلم يقول، سمعته من فيه: «المؤذن يغفر له مد صوته، ويشهد له كل رطب ويابس، وشاهد الصلاة يكتب له خمس وعشرون حسنة، ويكفر عنه ما بينهما» #,0
Musnad at-Tayalisi,3947,UNGRADED,Day of Judgement; Prophets & Past Peoples,2666 - # حدثنا يونس قال: حدثنا أبو داود قال: حدثنا شعبة، قال: أخبرني محمد بن عبد الجبار، قال: سمعت محمد بن كعب القرظي، يحدث عن أبي هريرة، قال: سمعت رسول الله صلى الله عليه وسلم يقول: إن للرحم لسانا يوم القيامة تحت العرش يقول: يا رب، قطعت، يا رب، ظلمت، يا رب، أسيء إلي فيجيبها ربها: «ألا ترضين أن أصل من وصلك، وأقطع من قطعك؟» #,0
Musnad at-Tayalisi,3948,UNGRADED,Character & Manners; Death & Burial,2667 - # حدثنا أبو داود قال: حدثنا محمد بن أبي حميد، عن محمد بن كعب القرظي، عن أبي هريرة، قال: قال رسول الله صلى الله عليه وسلم: «لأن يجلس أحدكم على جمرة خير له من أن يجلس على قبر» قال أبو هريرة: يعني: أن يجلس بغائط أو بول #,0
Musnad at-Tayalisi,3950,UNGRADED,Prophets & Past Peoples,2668 - # حدثنا يونس قال: حدثنا أبو داود قال: حدثنا عمران، عن قتادة، عن أبي ميمونة، عن أبي هريرة، أن رسول الله صلى الله عليه وسلم قال في ليلة القدر: «إنها ليلة سابعة أو تاسعة وعشرين، وإن الملائكة تلك الليلة في الأرض أكثر من عدد الحصى» #,0
Musnad at-Tayalisi,3953,UNGRADED,Other Narrations,[ص: 278] # بن عيينة، عن عبيد الله بن أبي يزيد، عن نافع بن جبير بن مطعم، عن أبي هريرة، قال: سمعت رسول الله صلى الله عليه وسلم يقول في الحسن والحسين: «اللهم أحبهما وأحب من يحبهما» #,0
Musnad at-Tayalisi,3955,UNGRADED,Prophets & Past Peoples,2670 - # حدثنا قال: حدثنا أبو داود قال: حدثنا شعبة، عن أبي الضحاك، قال: سمعت أبا هريرة، يحدث عن النبي صلى الله عليه وسلم قال,0
Musnad at-Tayalisi,3958,UNGRADED,Prophets & Past Peoples,2671 - # حدثنا يونس قال: حدثنا أبو داود قال: حدثنا ابن المبارك، عن معمر، عن همام بن منبه، عن أبي هريرة، قال: قال رسول الله صلى الله عليه وسلم: «إنما سمي الخضر؛ لأنه جلس موضعا فاهتزت خضراء» #,0
Musnad at-Tayalisi,3960,UNGRADED,Prophets & Past Peoples,"2672 - # حدثنا يونس قال: حدثنا أبو داود قال: حدثنا عمران، عن قتادة، عن عبد الله بن رباح، عن أبي هريرة، أن رسول الله صلى الله عليه وسلم قال: "" بادروا بالأعمال ستا: طلوع الشمس من مغربها، والدجال، والدخان، ودابة الأرض، وخويصة أحدكم، وأمر العامة "" #",0
Musnad at-Tayalisi,3962,UNGRADED,Prophets & Past Peoples,2673 - # حدثنا يونس قال: حدثنا أبو داود قال: حدثنا هشيم، عن أبي بشر، عن عبد الله بن شقيق، عن أبي هريرة، أن النبي صلى الله عليه وسلم قال: «خير أمتي القرن الذي بعثت فيهم، ثم الذين يلونهم» فالله أعلم ذكر الثالث أم لا؟، «ثم يجيء قوم يحبون السمانة، ويشهدون قبل أن يستشهدوا» #,0
Musnad at-Tayalisi,3963,UNGRADED,Paradise; Prophets & Past Peoples,2674 - # حدثنا أبو داود قال: حدثنا البراء بن يزيد، قال: حدثنا عبد الله بن شقيق العقيلي، عن أبي هريرة، عن النبي صلى الله عليه وسلم قال: «ألا أخبركم بأهل الجنة؟» قالوا: بلى يا رسول الله، قال: «هم الضعفاء,0
Musnad at-Tayalisi,3965,UNGRADED,Prophets & Past Peoples,2675 - # حدثنا أبو داود قال: حدثنا حماد بن زيد، عن الزبير بن خريت، عن عبد الله بن شقيق، قال: خطبنا ابن عباس فقال: «جمع رسول الله صلى الله عليه وسلم بين صلاتين، يعني المغرب والعشاء» فلم يزل في نفسي منه شيء حتى لقيت أبا هريرة فسألته فصدقه #,0
Musnad at-Tayalisi,3967,UNGRADED,Prophets & Past Peoples,2676 - # حدثنا يونس قال: حدثنا أبو داود قال: حدثنا الفرج بن فضالة، عن أبي سعد الشامي، عن أبي هريرة، قال: كلمات سمعتهن من رسول الله صلى الله عليه وسلم لا أدعهن: «اللهم اجعلني أكثر ذكرك، وأعظم شكرك، وأتبع نصيحتك، وأحفظ وصيتك» #,0
Musnad at-Tayalisi,3969,UNGRADED,Prophets & Past Peoples,"2677 - # حدثنا يونس قال: حدثنا أبو داود قال: حدثنا حماد بن سلمة، عن يزيد بن سفيان التميمي، عن أبي هريرة، قال: "" جعت جوعا شديدا فصليت المغرب مع رسول الله صلى الله عليه وسلم، ثم تعرضت لأبي بكر الصديق فأخذ بيدي، فسألته عن آية من القرآن أنا أعلم بها منه، فمشيت معه حتى بلغ منزله، وأنا أرجو أن يدخلني فيعشيني، فلما بلغ",0
Musnad at-Tayalisi,3972,UNGRADED,Prophets & Past Peoples,2678 - # حدثنا يونس قال: حدثنا أبو داود قال: حدثنا المثنى بن سعيد الضبعي، عن قتادة، عن بشير بن كعب العدوي، عن أبي هريرة، أن رسول الله صلى الله عليه وسلم قال: «إذا اختلفتم في الطريق فاجعلوه سبعة أذرع» #,0
Musnad at-Tayalisi,3975,UNGRADED,Prayer (Salah); Women,2680 - # حدثنا أبو داود قال: حدثنا شعبة، عن عاصم بن عبيد الله، قال: سمعت عبيدا، مولى أبي رهم يحدث أن أبا هريرة رأى امرأة في طريق من طرق المدينة، فسطع منها ريح الطيب، فقال لها أبو هريرة: المسجد تريدين؟، قالت: نعم قال: أوله تطيبت؟، قالت: نعم قال: فإني سمعت رسول الله صلى الله عليه وسلم يقول: «ما من امرأة تطيبت للمسجد فيقبل الله عز وجل لها صلاة حتى تغتسل منه كاغتسالها من الجنابة» فارجعي قال: فرأيتها مولية #,0
Musnad at-Tayalisi,3977,UNGRADED,Prophets & Past Peoples,2681 - # حدثنا أبو داود قال: حدثنا المثنى، عن قتادة، عن أبي أيوب الأزدي، عن أبي هريرة، أن النبي صلى الله عليه وسلم قال: «إذا قاتل أحدكم فليتق الوجه» #,0
Musnad at-Tayalisi,3979,UNGRADED,Prophets & Past Peoples,"2682 - # حدثنا يونس قال: حدثنا أبو داود قال: حدثنا ورقاء، عن العلاء بن عبد الرحمن، عن أبيه، عن أبي هريرة، عن النبي صلى الله عليه وسلم قال: قال الله تبارك وتعالى: أنا أغنى الشركاء، من أشرك بي كان قليله وكثيره له "" #",0
Musnad at-Tayalisi,3981,UNGRADED,Prophets & Past Peoples,2683 - # حدثنا يونس قال: حدثنا أبو داود قال: حدثنا صدقة بن موسى أبو المغيرة من بني سليم، عن عن ليث بن أبي سليم عن زياد، عن أبي هريرة، قال: سمعت رسول الله صلى الله عليه وسلم يقول: «الضيافة ثلاثة أيام، فما فوق ذلك فهو صدقة، ألا فليرتحل الضيف، ولا يشق على أهل البيت» #,0
Musnad at-Tayalisi,3983,UNGRADED,Prophets & Past Peoples,2684 - # حدثنا يونس قال: حدثنا أبو داود قال: حدثنا ورقاء، عن العلاء بن عبد الرحمن، عن أبي السائب، عن أبي هريرة، قال: سمعت رسول الله صلى الله عليه وسلم يقول: «كل صلاة لا يقرأ فيها فاتحة الكتاب فهي خداج، فهي خداج» #,0
Musnad at-Tayalisi,3985,UNGRADED,Prophets & Past Peoples,2685 - # حدثنا يونس قال: حدثنا أبو داود قال: حدثنا ابن أبي ذئب، عن محمد بن عمرو بن عطاء، عن محمد بن عبد الرحمن بن ثوبان، عن أبي هريرة، قال: «رأيت رسول الله صلى الله عليه وسلم يرفع يديه مدا» يعني في الصلاة #,0
Musnad at-Tayalisi,3987,UNGRADED,Prophets & Past Peoples,"2686 - # حدثنا يونس قال: حدثنا أبو داود قال: حدثنا حماد بن سلمة، عن علي بن زيد، عن أوس بن خالد، عن أبي هريرة، قال: قال رسول الله صلى الله عليه وسلم: "" مثل الذي يسمع الحكمة فلا يحدث إلا بشر ما سمع كمثل الذي يقال له: ادخل الزرب فخذ أسمن شاة فيها، فخرج بالكلب يقوده "" #",0
Musnad at-Tayalisi,3988,UNGRADED,Prophets & Past Peoples,2687 - # حدثنا أبو داود قال: حدثنا حماد بن سلمة، عن علي بن زيد، عن أوس بن خالد، عن أبي هريرة، قال: قال رسول الله صلى الله عليه وسلم: «تخرج دابة الأرض معها عصا موسى، وخاتم سليمان، تخطم أنف الكافر,0
Musnad at-Tayalisi,3990,UNGRADED,Prayer (Salah); Character & Manners,2688 - # حدثنا أبو داود قال: حدثنا حماد بن سلمة، عن علي بن زيد، عن أوس بن خالد، عن أبي هريرة، أن رسول الله صلى الله عليه وسلم قال: «إن الملائكة يوم الجمعة على أبواب المسجد يكتبون الناس على منازلهم، جاء فلان ساعة كذا وكذا، جاء فلان والإمام يخطب، جاء فلان فأدرك الصلاة ولم يدرك الجمعة» #,0
Musnad at-Tayalisi,3991,UNGRADED,Day of Judgement,"2689 - # حدثنا أبو داود قال: حدثنا حماد بن سلمة، عن علي بن زيد، عن أوس، عن أبي هريرة، قال: قال رسول الله صلى الله عليه وسلم: "" يحشر الناس يوم القيامة على ثلاثة أصناف: ركبانا، ومشاة، وعلى وجوههم "" فقال رجل: يا رسول الله، ويمشون على وجوههم؟، قال: «الذي",0
Musnad at-Tayalisi,3994,UNGRADED,Prophets & Past Peoples,2690 - # حدثنا يونس قال: حدثنا أبو داود قال: حدثنا هشام، عن يحيى بن أبي كثير، عن عامر العقيلي، عن أبيه، عن أبي هريرة، قال: قال رسول الله صلى الله عليه وسلم: «عرض علي أول ثلاثة يدخلون الجنة وأول ثلاثة يدخلون النار فأما أول ثلاثة يدخلون الجنة فالشهيد، وعبد أدى حق الله ونصح لسيده، وفقير متعفف ذو عيال,0
Musnad at-Tayalisi,3997,UNGRADED,Prophets & Past Peoples,2691 - # حدثنا يونس، حدثنا أبو داود قال: حدثنا أيوب بن عتبة، عن أبي كثير الغبري، عن أبي هريرة، قال: قال رسول الله صلى الله عليه وسلم: «البيعان بالخيار ما لم يتفرقا، أو يكون بيعهما خيارا» #,0
Musnad at-Tayalisi,3998,UNGRADED,Prophets & Past Peoples,2692 - # حدثنا أبو داود قال: حدثنا أيوب بن عتبة، عن أبي كثير السحيمي، قال: سمعت أبا هريرة، يقول: قال رسول الله صلى الله عليه وسلم: «الخمر من هاتين الشجرتين، من النخلة والعنبة» #,0
Musnad at-Tayalisi,4000,UNGRADED,Prophets & Past Peoples,2693 - # حدثنا يونس قال: حدثنا أبو داود قال: حدثنا زمعة، عن ابن طاوس، عن أبيه، عن أبي هريرة، قال: قال رسول الله صلى الله عليه وسلم: «حق على كل مسلم أن يغتسل في كل سبعة أيام كاغتساله من الجنابة، يغسل جسده ورأسه، يجعل ذلك يوم الجمعة» #,0
Musnad at-Tayalisi,4002,UNGRADED,Prophets & Past Peoples,2694 - # حدثنا يونس قال: حدثنا أبو داود قال: حدثنا همام، عن قتادة، عن عبد الرحمن، مولى ابن برثن، عن أبي هريرة، أن رسول الله صلى الله عليه وسلم قال: «كتب الله عز وجل الجمعة على من كان قبلنا فاختلفوا فيه، فهدانا الله له، فلليهود الغد، وللنصارى بعد غد» #,0
Musnad at-Tayalisi,4004,UNGRADED,Prophets & Past Peoples,2695 - # حدثنا يونس قال: حدثنا أبو داود قال: حدثنا شعبة، عن الحكم، عن محمد بن علي أن رجلا قال لأبي هريرة: إن علي بن أبي طالب قرأ في الجمعة ب الجمعة وإذا جاءك المنافقون قال أبو هريرة: «إن رسول الله صلى الله عليه وسلم كان يفعل ذلك» #,0
Musnad at-Tayalisi,4006,UNGRADED,Prophets & Past Peoples,2696 - # حدثنا يونس قال: حدثنا أبو داود قال: حدثنا زهير بن محمد، قال: أخبرني موسى بن وردان، عن أبي هريرة، قال: قال رسول الله صلى الله عليه وسلم: «المرء على دين خليله، فلينظر أحدكم من يخالل» #,0
Musnad at-Tayalisi,4008,UNGRADED,Prophets & Past Peoples,2697 - # حدثنا يونس قال: حدثنا أبو داود قال: حدثنا همام، عن فرقد السبخي، عن يزيد بن عبد الله بن الشخير، عن أبي هريرة، عن النبي صلى الله عليه وسلم قال: «أكذب الناس الصباغون والصواغون» #,0
Musnad at-Tayalisi,4010,UNGRADED,Prophets & Past Peoples,2698 - # حدثنا يونس قال: حدثنا أبو داود قال: حدثنا هشام، عن قتادة عن عبد الرحمن بن آدم، عن أبي هريرة، قال: قال رسول الله صلى الله عليه وسلم: «الأنبياء إخوة لعلات؛ أمهاتهم شتى ودينهم واحد، فأنا أولى الناس بعيسى ابن مريم؛ لأنه لم يكن بيني وبينه نبي، فإذا رأيتموه فاعرفوه، فإنه رجل مربوع إلى الحمرة والبياض، بين ممصرتين، كأن رأسه يقطر ولم يصبه بلل، وإنه يكسر الصليب، ويقتل الخنزير، ويفيض المال، حتى يهلك الله في زمانه الملل كلها غير الإسلام، وحتى يهلك الله في زمانه مسيح الضلالة الأعور الكذاب، وتقع الأمنة في الأرض، حتى يرعى الأسد مع الإبل، والنمر مع البقرة، والذئاب مع الغنم، ويلعب الصبيان بالحيات ولا يضر بعضهم بعضا، ثم يبقى في الأرض أربعين سنة، ثم يموت، ويصلي عليه المسلمون ويدفنونه» #,0
Musnad at-Tayalisi,4013,UNGRADED,Prayer (Salah),"[ص: 303] # بن يزيد أبو الحسن الأنماطي، قال: حدثنا عمرو بن هرم، قال: سئل جابر بن زيد عن الصلاة ومواقيتها فقال: زعم أبو هريرة أنه صلى مع رسول الله صلى الله عليه وسلم إلى مكة في المسير والمقام بمكة إلى أن رجعوا ركعتين ركعتين "" #",0
Musnad at-Tayalisi,4016,UNGRADED,Quran & Recitation; Dhikr & Supplication,"[ص: 304] # النبي صلى الله عليه وسلم قال: "" من أطاعني فقد أطاع الله، ومن عصاني فقد عصى الله ومن أطاع الأمير فقد أطاعني، ومن عصى الأمير فقد عصاني فإن صلى قاعدا فصلوا قعودا، فإذا قال: سمع الله لمن حمده فقولوا: اللهم ربنا لك الحمد، وإذا قرأ {غير المغضوب عليهم ولا الضالين} [الفاتحة: 7] فقولوا: آمين فإنه إذا وافق قول أهل السماء قول أهل الأرض غفر للعبد ما مضى من ذنبه "" #",0
Musnad at-Tayalisi,4017,UNGRADED,The Grave & Barzakh; Hellfire,"2701 - # حدثنا أبو داود قال: حدثنا شعبة، قال: أخبرني يعلى بن عطاء، قال: سمعت أبا علقمة يحدث عن أبي هريرة، قال: "" كان رسول الله صلى الله عليه وسلم يتعوذ من خمس: من عذاب جهنم، وعذاب القبر",0
Musnad at-Tayalisi,4020,UNGRADED,Prophets & Past Peoples,2703 - # حدثنا أبو داود قال: حدثنا شعبة، عن يعلى، قال: سمعت أبا علقمة، يحدث عن أبي هريرة، قال: قال رسول الله صلى الله عليه وسلم: «إذا هلك كسرى فلا كسرى بعده، وإذا هلك قيصر فلا قيصر بعده» #,0
Musnad at-Tayalisi,4022,UNGRADED,Prophets & Past Peoples,2704 - # حدثنا يونس قال: حدثنا أبو داود قال: حدثنا شعبة، عن يعلى بن عطاء، قال: سمعت الوليد بن عبد الرحمن يحدث عن أبي هريرة، عن النبي صلى الله عليه وسلم قال: «من صلى على جنازة فله قيراط، ومن انتظر حتى يفرغ منها فله قيراطان» فأنكر ذلك ابن عمر، فأرسلوا إلى عائشة فسألوها فقالت: صدق فبلغ ذلك أبا هريرة فقال: إنه لم يكن يشغلني عن رسول الله صلى الله عليه وسلم صفقة السوق ولا غرس الودي، إنما كنت ألزم النبي صلى الله عليه وسلم لكلمة يعلمنيها، أو لقمة يطعمنيها #,0
Musnad at-Tayalisi,4027,UNGRADED,Paradise; Treaties & Non-Muslims,[ص: 309] # سمع أبا هريرة، يقول: قلنا: يا رسول الله، إنا إذا كنا عندك رقت قلوبنا، وكنا من أهل الآخرة، فإذا فارقناك وشممنا النساء والأولاد أعجبتنا الدنيا، فقال رسول الله صلى الله عليه وسلم: «لو كنتم تكونون، أو لو أنكم تكونون إذا فارقتموني كما تكونون عندي لصافحتكم الملائكة بأكفها، ولزارتكم في بيوتكم، ولو كنتم لا تذنبون لجاء الله عز وجل بقوم يذنبون كي يستغفروا فيغفر لهم» قلنا: يا رسول الله، أخبرنا عن الجنة، ما بناؤها؟، قال: «لبنة من ذهب، ولبنة من فضة، وملاطها المسك الأذفر، وحصباؤها اللؤلؤ والياقوت، وترابها الزعفران من يدخلها ينعم لا يبؤس، ويخلد لا يموت، لا تبلى ثيابه، ولا يفنى شبابه» #,0
Musnad at-Tayalisi,4028,UNGRADED,Prophets & Past Peoples,"2707 - # حدثنا أبو داود قال: حدثنا زهير، عن سعد الطائي، قال: حدثني أبو المدلة، سمع أبا هريرة قال: قال رسول الله صلى الله عليه وسلم: "" ثلاث لا ترد دعوتهم: الإمام العادل، والصائم حتى يفطر، ودعوة المظلوم تحمل على الغمام، وتفتح لها أبواب السماء، ويقول الرب عز وجل: وعزتي، لأنصرنك ولو بعد حين "" #",0
Musnad at-Tayalisi,4030,UNGRADED,Prophets & Past Peoples,2708 - # حدثنا يونس قال: حدثنا أبو داود قال: حدثنا عمران، عن قتادة، عن سعيد بن أبي الحسن، عن أبي هريرة، قال: قال رسول الله صلى الله عليه وسلم: «ليس شيء أكرم على الله عز وجل من الدعاء» #,0
Musnad at-Tayalisi,4032,UNGRADED,Prophets & Past Peoples,2709 - # حدثنا يونس قال: حدثنا أبو داود قال: حدثنا صدقة بن موسى، قال: حدثنا محمد بن واسع، عن سمير بن نهار، عن أبي هريرة، قال: قال رسول الله صلى الله عليه وسلم: قال ربكم عز وجل: «لو أن عبادي أطاعوني لأسقيتهم المطر بالليل، ولأطلعت عليهم الشمس بالنهار، ولما أسمعتهم صوت الرعد» #,0
Musnad at-Tayalisi,4034,UNGRADED,Prophets & Past Peoples,"2710 - # حدثنا يونس قال: حدثنا أبو داود قال: حدثنا عبد العزيز بن أبي سلمة، قال: حدثنا وهب بن كيسان، عن عبيد بن عمير الليثي، عن أبي هريرة أن رسول الله صلى الله عليه وسلم قال: "" بينما رجل بفلاة إذ سمع رعدا في سحاب، فسمع فيه كلاما: اسق حديقة فلان باسمه، فجاء ذلك السحاب إلى حرة فأفرغ ما فيه من الماء، ثم جاء",0
Musnad at-Tayalisi,4038,UNGRADED,Other Narrations,[ص: 314] # أبا القاسم صلى الله عليه وسلم «أمرنا رسول الله صلى الله عليه وسلم إذا سمعنا النداء أن لا نخرج من المسجد حتى نصلي» #,0
Musnad at-Tayalisi,4040,UNGRADED,Prophets & Past Peoples,2712 - # حدثنا يونس قال: حدثنا أبو داود قال: حدثنا شعبة، عن قتادة، عمن سمع أبا هريرة، يقول: «كان رسول الله صلى الله عليه وسلم ضخم,0
Musnad at-Tayalisi,4042,UNGRADED,Character & Manners; Prophets & Past Peoples,"2713 - # حدثنا أبو داود قال: حدثنا وهيب بن خالد، عن خثيم بن عراك، أن أبا هريرة، ونفرا، من قومه "" أتوا رسول الله صلى الله عليه وسلم وافدين، فوجدوا رسول الله صلى الله عليه وسلم قد خرج إلى خيبر قال: فانطلقنا إلى رسول الله صلى الله عليه وسلم فوجدناه قد فتح خيبر، فكلم رسول الله صلى الله عليه وسلم الناس فأشركونا في سهامهم "" #",0
Musnad at-Tayalisi,4045,UNGRADED,Prophets & Past Peoples,2715 - # حدثنا أبو داود قال: حدثنا همام، عن أيوب بن موسى، عن ابن عم، لهم، كان يكثر أن يحدثهم، عن أبي هريرة، أن النبي صلى الله عليه وسلم قال: «إذا صلى أحدكم فلم يكن بين يديه ما يستره فليخط خطا، ولا يضره ما مر بين يديه» #,0
Musnad at-Tayalisi,4046,UNGRADED,Prayer (Salah); Prophets & Past Peoples,"2716 - # حدثنا أبو داود قال: حدثنا أبو عوانة، عن يزيد بن أبي زياد، عمن سمع أبا هريرة يقول: أمرني خليلي صلى الله عليه وسلم بثلاث، ونهاني عن ثلاث: "" أمرني بركعتي الضحى، وصوم ثلاثة أيام من الشهر، والوتر قبل النوم ونهاني عن ثلاث: عن الالتفات في الصلاة كالتفات الثعلب، وإقعاء كإقعاء القرد، ونقر كنقر الديك "" #",0
Musnad at-Tayalisi,4047,UNGRADED,Prophets & Past Peoples; Treaties & Non-Muslims,2717 - # حدثنا أبو داود قال: حدثنا جهير بن يزيد، عن عباس بن حليس، عن رجل من أهل الكوفة قال: كنت في حلقة أبي هريرة فقال: سمعت رسول الله صلى الله عليه وسلم يقول: «من شهد على عبد بشهادة ليس لها بأهل فليتبوأ مقعده من النار» #,0
Musnad at-Tayalisi,4049,UNGRADED,Prayer (Salah); Character & Manners,[ص: 323] # عمير، قال: سمعت شيخا، من بلحارث يحدث أنه سمع أبا هريرة يقول: ما أنا نهيت الناس أن يصوموا، يوم الجمعة، ولكن سمعت رسول الله صلى الله عليه وسلم يقول: «لا تصوموا يوم الجمعة إلا أن تصوموا قبله يوما أو بعده يوما» وما أنا صليت في النعلين، ولكن رأيت رسول الله صلى الله عليه وسلم يصلي في النعلين #,0
Musnad at-Tayalisi,4052,UNGRADED,Prophets & Past Peoples,"2720 - # حدثنا يونس قال: حدثنا أبو داود قال: حدثنا إبراهيم بن سعد، عن الزهري، عن عمير بن أسيد بن جارية حليف بني زهرة وكان من أصحاب أبي هريرة، عن أبي هريرة، قال: "" بعث رسول الله صلى الله عليه وسلم عشرة رهط عينا، وأمر عليهم عاصم بن ثابت بن أبي الأقلح، وهو جد عاصم بن عمر، فانطلقوا، حتى إذا كانوا بالهدة",0
Musnad at-Tayalisi,4061,UNGRADED,Prophets & Past Peoples,2723 - # حدثنا أبو داود قال: حدثنا حماد بن سلمة، عن أبي جهضم موسى بن سالم، عن عبيد الله بن عبد الله بن عباس، عن أبيه، قال: قيل له: هل خصكم رسول الله صلى الله عليه وسلم بشيء لم يعم به الناس؟، فقال: لا، إلا ثلاث، «أمرنا أن نسبغ الوضوء، وأن لا نأكل الصدقة، وأن لا ننزي الحمار على الفرس» #,0
Musnad at-Tayalisi,4062,UNGRADED,Parents; Prophets & Past Peoples,2724 - # حدثنا أبو داود قال: حدثنا عبد الرحمن بن أبي الزناد، عن محمد بن عبد الله القرشي، عن أمه، عن ابن عباس، عن النبي صلى الله عليه وسلم قال: «لا تحدوا النظر إليهم» يعني المجذوم #,0
Musnad at-Tayalisi,4065,UNGRADED,Trade & Business,[ص: 333] # رجل اشترى متاعا، أيبيعه قبل أن يقبضه؟، فقال ابن عباس: «أما الذي نهى عنه رسول الله صلى الله عليه وسلم فالطعام» قال ابن عباس: وأنا أحسب كل شيء بمنزلة الطعام #,0
Musnad at-Tayalisi,4066,UNGRADED,Prophets & Past Peoples,2726 - # حدثنا داود قال: حدثنا شعبة، عن عمرو، عن طاوس، عن ابن عباس، أن النبي صلى الله عليه وسلم قال: «أمرت» أو «أمر نبيكم صلى الله عليه وسلم أن يسجد على سبعة أعظم، ولا يكف ثوبا ولا شعرا» #,0
Musnad at-Tayalisi,4067,UNGRADED,Character & Manners; Prophets & Past Peoples,2727 - # حدثنا أبو داود قال: حدثنا شعبة، عن عبد الملك بن ميسرة، عن طاوس، قال: حدثني أعلمهم بذلك، يعني ابن عباس أن رسول الله صلى الله عليه وسلم قال: «لأن يمنح أحدكم أخاه خير» #,0
Musnad at-Tayalisi,4068,UNGRADED,Character & Manners; Prophets & Past Peoples,2728 - # حدثنا أبو داود قال: حدثنا محمد بن طلحة، عن حميد، عن ابن طاوس، عن أبيه، عن ابن عباس، أن رسول الله صلى الله عليه وسلم رأى رجلا قد غير شيبه فقال: «هذا حسن» ثم رأى رجلا قد حمر لحيته فقال: «هذا أحسن من الأول» ، ثم رأى رجلا قد صفر لحيته فقال: «هذا أحسن من ذاك كله» #,0
Musnad at-Tayalisi,4069,UNGRADED,Prophets & Past Peoples; Treaties & Non-Muslims,2729 - # حدثنا أبو داود قال: حدثنا حماد بن زيد، عن عمرو بن دينار، عن طاوس، عن ابن عباس، أن رسول الله صلى الله عليه وسلم وقت لأهل المدينة ذا الحليفة، ولأهل الشام الجحفة، ولأهل نجد قرنا، ولأهل اليمن يلملم قال رسول الله صلى الله عليه وسلم: «هذه المواقيت لأهلها، ولكل من أتى عليها من غير أهلها لمن أراد الحج والعمرة، ومن كان دون ذلك فمن حيث ينشيء، ثم كذلك، حتى أهل مكة يهلون من مكة» #,0
Musnad at-Tayalisi,4070,UNGRADED,Anger & Patience; Prophets & Past Peoples,2730 - # حدثنا أبو داود قال: حدثنا شعبة، عن ليث، عن طاوس، عن ابن عباس، قال: قال رسول الله صلى الله عليه وسلم: «يسروا ولا تعسروا، وإذا غضب أحدكم فليسكت» #,0
Musnad at-Tayalisi,4071,UNGRADED,Dhikr & Supplication; Prophets & Past Peoples,2731 - # حدثنا أبو داود قال: حدثنا وهيب بن خالد، عن ابن طاوس، عن أبيه، عن ابن عباس، قال: قال رسول الله صلى الله عليه وسلم: «ألحقوا الفرائض بأهلها، فما بقي فهو لأولى رجل ذكر» #,0
Musnad at-Tayalisi,4073,UNGRADED,Prophets & Past Peoples,2732 - # حدثنا يونس قال: حدثنا أبو داود قال: حدثنا شعبة، وحماد بن زيد، عن عمرو بن دينار، سمع جابر بن زيد، سمع ابن عباس، سمع النبي صلى الله عليه وسلم يخطب بعرفات فقال: «من لم يجد نعلين,0
Musnad at-Tayalisi,4075,UNGRADED,Marriage & Spouses; Prophets & Past Peoples,2733 - # حدثنا أبو داود قال: حدثنا شعبة، عن عمرو بن دينار، عن جابر بن زيد، عن ابن عباس، أن رسول الله صلى الله عليه وسلم «تزوج وهو محرم» قال عمرو: وقال لي جابر: نراها ميمونة #,0
Musnad at-Tayalisi,4076,UNGRADED,Prayer (Salah),2734 - # حدثنا أبو داود قال: حدثنا حبيب بن يزيد الأنماطي، قال: حدثنا عمرو بن هرم، قال: سئل جابر بن زيد عن الصلاة ومواقيتها، فقال: كان ابن عباس يقول: وقت صلاة الصبح من طلوع الفجر إلى أن يطلع شعاع الشمس، فمن غفل عنها فلا يصلين حتى تطلع وتذهب قرونها، فقد «أدلج رسول الله صلى الله عليه وسلم ثم عرس، فلم يستيقظ حتى طلعت الشمس أو بعضها، فلم يصل حتى ارتفعت» #,0
Musnad at-Tayalisi,4077,UNGRADED,Prophets & Past Peoples,2735 - # حدثنا أبو داود قال: حدثنا حماد بن سلمة، عن عمرو، عن جابر، عن ابن عباس، أن رسول الله صلى الله عليه وسلم «صلى بالمدينة سبعا معا، وثمانية معا» #,0
Musnad at-Tayalisi,4078,UNGRADED,Prophets & Past Peoples,2736 - # حدثنا أبو داود قال: حدثنا حبيب، عن عمرو بن هرم، عن جابر أن ابن عباس، جمع بين الظهر والعصر من شغل، وزعم ابن عباس أنه «صلى مع رسول الله صلى الله عليه وسلم بالمدينة الظهر والعصر جميعا» #,0
Musnad at-Tayalisi,4082,UNGRADED,Prophets & Past Peoples,2738 - # حدثنا أبو داود قال: حدثنا شعبة، عن عدي بن ثابت، عن سعيد بن جبير، عن ابن عباس، أن النبي صلى الله عليه وسلم قال: «لا تتخذوا شيئا فيه الروح غرضا» قلت: أعن النبي صلى الله عليه وسلم؟، قال: عن النبي صلى الله عليه وسلم #,0
Musnad at-Tayalisi,4083,UNGRADED,Prophets & Past Peoples,2739 - # حدثنا أبو داود قال: حدثنا شعبة، قال: أخبرني جابر، عن عمار، عن سعيد بن جبير، عن ابن عباس، أن النبي صلى الله عليه وسلم قال: «من بنى لله مسجدا ولو كمفحص قطاة لبيضها، بنى الله عز وجل له بيتا في الجنة» #,0
Musnad at-Tayalisi,4086,UNGRADED,Character & Manners; Bloodshed & Murder,2741 - # حدثنا أبو داود قال: حدثنا شيبان، عن جابر، عن سعيد بن جبير، عن ابن عباس، أن رجلا سأل النبي صلى الله عليه وسلم عن قتل الحيات فقال: «خلق الإنسان والحية سواء، إن رآها أفزعته، وإن لدغته أوجعته، فاقتلوها حيث وجدتموها» #,0
Musnad at-Tayalisi,4087,UNGRADED,Prophets & Past Peoples,2742 - # حدثنا أبو داود قال: حدثنا شعبة، قال: أخبرني جعفر بن إياس، قال: سمعت سعيد بن جبير، يحدث عن ابن عباس، قال: «جئت ورسول الله صلى الله عليه وسلم يصلي، فقمت عن يساره، فأقامني رسول الله صلى الله عليه وسلم عن يمينه» #,0
Musnad at-Tayalisi,4088,UNGRADED,Women; Debt & Loans,2743 - # حدثنا أبو داود قال: حدثنا شعبة، عن أبي بشر، قال: سمعت سعيد بن جبير، يحدث عن ابن عباس، أن امرأة نذرت أن تحج، فماتت، فسأل أخوها النبي صلى الله عليه وسلم، فقال: «أرأيت لو كان عليها دين، أكنت قاضيه؟» قال: نعم قال: «فاقضوا الله، فهو أحق بالوفاء» #,0
Musnad at-Tayalisi,4089,UNGRADED,Prophets & Past Peoples; Food & Drink,2744 - # حدثنا أبو داود قال: حدثنا شعبة، عن أبي بشر، قال: سمعت سعيد بن جبير، يحدث عن ابن عباس، قال: أهدت خالتي أم حفيد إلى رسول الله صلى الله عليه وسلم سمنا وأقطا وأضبا، «فأكل من السمن والأقط، وترك الأضب تقذرا، وأكل على مائدة رسول الله صلى الله عليه وسلم» ولو كان حراما ما أكل على مائدة رسول الله صلى الله عليه وسلم #,0
Musnad at-Tayalisi,4090,UNGRADED,Day of Judgement,2745 - # حدثنا أبو داود قال: حدثنا شعبة، وهشيم، عن أبي بشر، عن سعيد بن جبير، عن ابن عباس، أن رجلا وقصته، راحلته فمات وهو محرم، فقال رسول الله صلى الله عليه وسلم: «اغسلوه بماء وسدر، وكفنوه في ثوبين، خارج رأسه، ولا تمسوه طيبا؛ فإنه يبعث يوم القيامة ملبيا» #,0
Musnad at-Tayalisi,4091,UNGRADED,Children & Upbringing; Prophets & Past Peoples,2746 - # حدثنا أبو داود قال: حدثنا شعبة، عن أبي بشر، عن سعيد بن جبير، عن ابن عباس، قال: سئل رسول الله صلى الله عليه وسلم عن أولاد المشركين فقال: «الله أعلم ما كانوا عاملين» #,0
Musnad at-Tayalisi,4092,UNGRADED,Prophets & Past Peoples,2747 - # حدثنا أبو داود قال: حدثنا شعبة، عن أبي بشر، عن سعيد بن جبير، عن ابن عباس، أن رسول الله صلى الله عليه وسلم قدم المدينة فوجد اليهود صياما، فقال: «ما هذا؟» فقالوا: هذا يوم أغرق الله عز وجل فيه فرعون وأنجى فيه موسى عليه السلام، فقال رسول الله صلى الله عليه وسلم,0
Musnad at-Tayalisi,4094,UNGRADED,Fasting & Ramadan,"2748 - # حدثنا أبو داود قال: حدثنا شعبة، عن أبي بشر، عن سعيد بن جبير، يحدث عن ابن عباس، قال: "" كان رسول الله صلى الله عليه وسلم يصوم حتى يقولوا: ما يريد أن يفطر، ويفطر حتى يقولوا: ما يريد أن يصوم وما صام شهرا تاما منذ يوم قدم المدينة إلا رمضان "" #",0
Musnad at-Tayalisi,4095,UNGRADED,Prophets & Past Peoples,2749 - # حدثنا أبو داود قال: حدثنا أبو عوانة، عن سماك بن حرب، عن سعيد بن جبير، عن ابن عباس، أن النبي صلى الله عليه وسلم قال لماعز بن مالك: «أحق ما بلغني عنك؟» قال: وما بلغك عني؟، قال: «بلغني أنك زنيت بأمة بني فلان» قال: نعم فرده رسول الله صلى الله عليه وسلم أربع مرات، ثم أمر برجمه #,0
Musnad at-Tayalisi,4096,UNGRADED,Prophets & Past Peoples,"2750 - # حدثنا أبو داود قال: حدثنا أبو عوانة، عن موسى بن أبي عائشة، عن سعيد بن جبير، عن ابن عباس، في قوله عز وجل: {لا تحرك به لسانك لتعجل به} [القيامة: 16] ، قال: «كان النبي صلى الله عليه وسلم يعالج من التنزيل شدة، فكان يحرك شفتيه» قال ابن عباس: إنما أحرك شفتي كما كان رسول الله صلى الله عليه وسلم يحرك وقال سعيد: إنما أحرك شفتي كما رأيت ابن عباس يحرك شفتيه "" فأنزل الله تبارك وتعالى: {لا تحرك به لسانك لتعجل به إن علينا جمعه} [القيامة: 17] وقرآنه، "" قال: تجمعه في قلبك ثم تقرؤه {فإذا قرأناه فاتبع قرآنه} [القيامة: 18] يقول: استمع وأنصت: {إن علينا بيانه} [القيامة: 19] قال: «كان النبي صلى الله عليه وسلم بعد ذاك إذا انطلق جبريل عليه السلام قرأه كما أقرأه» #",0
Musnad at-Tayalisi,4098,UNGRADED,Women; Prophets & Past Peoples,2752 - # حدثنا أبو داود قال: حدثنا شعبة، عن الأعمش، قال: سمعت مسلما البطين، يحدث عن سعيد بن جبير، عن ابن عباس، أن امرأة أتت النبي صلى الله عليه وسلم، فذكرت له أن أختها نذرت أن تصوم شهرا، وأنها ركبت البحر فماتت ولم تصم، فقال لها رسول الله صلى الله عليه وسلم: «صومي عن أختك» #,0
Musnad at-Tayalisi,4099,UNGRADED,Prophets & Past Peoples,2753 - # حدثنا أبو داود قال: حدثنا شعبة، عن الأعمش، قال: سمعت مسلما البطين، يحدث عن سعيد بن جبير، عن ابن عباس، أن النبي صلى الله عليه وسلم قال: «ما العمل في أيام أفضل منه في عشر ذي الحجة» قالوا: يا رسول الله، ولا الجهاد في سبيل الله؟، فقال: «ولا الجهاد في سبيل الله، إلا رجل خرج بنفسه وماله في سبيل الله عز وجل ثم لم يرجع من ذلك بشيء» #,0
Musnad at-Tayalisi,4100,UNGRADED,Prophets & Past Peoples,"2754 - # حدثنا أبو داود قال: حدثنا شعبة، عن الحكم، عن سعيد بن جبير، عن ابن عباس، أنه بات في بيت خالته ميمونة، "" فجاء النبي صلى الله عليه وسلم بعد عشاء الآخرة فصلى أربعا ثم نام، ثم قام فقال: «أنام الغلام؟» أو كلمة نحوها، فقام يصلي، فقمت عن يساره، فأخذني فجعلني عن يمينه، ثم صلى خمسا، ثم نام حتى سمعت خطيطه، أو غطيطه، ثم خرج فصلى "" #",0
Musnad at-Tayalisi,4101,UNGRADED,Prophets & Past Peoples; Animals,2755 - # حدثنا أبو داود قال: حدثنا شعبة، عن الحكم، عن سعيد بن جبير، عن ابن عباس، أن الصعب بن جثامة، أهدى إلى النبي صلى الله عليه وسلم وهو بقديد وهو محرم عجز حمار، «فرده رسول الله صلى الله عليه وسلم يقطر دما» #,0
Musnad at-Tayalisi,4104,UNGRADED,Oaths & Vows; Prophets & Past Peoples,"2757 - # حدثنا أبو داود قال: حدثنا هشام، عن يحيى بن أبي كثير، عن يعلى بن حكيم، عن سعيد بن جبير، عن ابن عباس، قال: "" في الحرام: يمين يكفرها فقال: {لقد كان لكم في رسول الله أسوة} [الأحزاب: 21] حسنة "" #",0
Musnad at-Tayalisi,4105,UNGRADED,Quran & Recitation,2758 - # حدثنا أبو داود قال: حدثنا شعبة، عن مخول، عن مسلم، عن سعيد بن جبير، عن ابن عباس، أن النبي صلى الله عليه وسلم «كان يقرأ في الجمعة سورة الجمعة والمنافقين، وكان يقرأ في صلاة الصبح يوم الجمعة الم تنزيل، وهل أتى على الإنسان» #,0
Musnad at-Tayalisi,4106,UNGRADED,Prayer (Salah); Adhan & the Mosque,2759 - # حدثنا أبو داود قال: حدثنا شعبة، عن عدي بن ثابت، عن سعيد بن جبير، عن ابن عباس، أن رسول الله صلى الله عليه وسلم «صلى يوم العيد ركعتين، ما صلى قبلهما ولا بعدهما، ثم أتى النساء ومعه بلال، فحثهن على الصدقة، فجعلت المرأة تلقي خرصها وتلقي سخابها» #,0
Musnad at-Tayalisi,4108,UNGRADED,Character & Manners; Day of Judgement,"[ص: 363] # وسفيان الثوري، إلى المغيرة بن النعمان فأملاه على سفيان وأنا معه، فلما قام نسخته من سفيان، فحدثنا قال: سمعت سعيد بن جبير، يحدث عن ابن عباس، قال: قام فينا رسول الله صلى الله عليه وسلم بموعظة فقال: "" يا أيها الناس، إنكم محشورون إلى الله عز وجل حفاة عراة غرلا، {كما بدأنا أول خلق نعيده} [الأنبياء: 104] الآية، وإن أول الخلائق يكسى يوم القيامة إبراهيم عليه السلام ألا وإنه يجاء برجال من أمتي فيؤخذ بهم ذات الشمال فأقول: أصحابي فيقال: إنك لا تدري ما أحدثوا بعدك، فأقول كما قال العبد الصالح: {وكنت عليهم شهيدا ما دمت فيهم} [المائدة: 117] الآية إلى آخرها، فيقال لي: إن هؤلاء لم يزالوا مرتدين على أعقابهم منذ فارقتهم "" #",0
Musnad at-Tayalisi,4109,UNGRADED,Prophets & Past Peoples,2761 - # حدثنا أبو داود قال: حدثنا شعبة، عن أبي بشر، عن سعيد بن جبير، عن ابن عباس، قال: «توفي رسول الله صلى الله عليه وسلم وأنا ابن عشر سنين، مختون، وقد قرأت المحكم من القرآن» قال شعبة: قلت لأبي بشر: أي شيء المحكم من القرآن؟، قال: المفصل #,1
Musnad at-Tayalisi,4112,UNGRADED,Prophets & Past Peoples,2763 - # حدثنا يونس قال: حدثنا أبو داود قال: حدثنا شعبة، عن الحكم، عن مجاهد، عن ابن عباس، عن النبي صلى الله عليه وسلم قال: «نصرت بالصبا، وأهلكت عاد بالدبور» #,0
Musnad at-Tayalisi,4113,UNGRADED,Hajj & Umrah; Day of Judgement,2764 - # حدثنا أبو داود قال: حدثنا شعبة، عن الحكم، عن مجاهد، عن ابن عباس، عن النبي صلى الله عليه وسلم أنه كان يقول: «هذه عمرة استمتعنا بها، فمن لم يكن معه هدي فليحل الحل كله، فقد دخلت العمرة في الحج إلى يوم القيامة» #,0
Musnad at-Tayalisi,4114,UNGRADED,Prophets & Past Peoples; Treaties & Non-Muslims,2765 - # حدثنا أبو داود قال: حدثنا شعبة، عن الأعمش، عن مجاهد، عن ابن عباس، أن رسول الله صلى الله عليه وسلم تلا هذه الآية: {اتقوا الله حق تقاته ولا تموتن إلا وأنتم مسلمون} [آل عمران: 102] «فلو أن قطرة من الزقوم قطرت في بحار الدنيا أفسدت على أهل الدنيا معايشهم، كيف من يكون طعامه؟» #,0
Musnad at-Tayalisi,4115,UNGRADED,Fasting & Ramadan; Prophets & Past Peoples,2766 - # حدثنا أبو داود قال: حدثنا شعبة، عن منصور، عن مجاهد، عن ابن عباس، أن رسول الله صلى الله عليه وسلم «خرج في رمضان، فلما أتى عسفان أفطر» #,1
Musnad at-Tayalisi,4116,UNGRADED,Prophets & Past Peoples,2767 - # حدثنا أبو داود قال: حدثنا شريك، عن عبد الكريم، عن مجاهد أو عكرمة، عن ابن عباس، أن النبي صلى الله عليه وسلم قال: «نهيت أن أصلي خلف النيام والمتحدثين» #,0
Musnad at-Tayalisi,4117,UNGRADED,Prophets & Past Peoples,2768 - # حدثنا أبو داود قال: حدثنا شعبة، عن الأعمش، عن مجاهد، عن ابن عباس، أن رسول الله صلى الله عليه وسلم أتى على قبرين فقال,0
Musnad at-Tayalisi,4120,UNGRADED,Prophets & Past Peoples,"2769 - # حدثنا يونس قال: حدثنا أبو داود قال: حدثنا شعبة، عن سليمان الشيباني، قال: سمعت الشعبي، يقول: حدثني من صلى مع النبي صلى الله عليه وسلم، فأتى على قبر منبوذ فصفهم خلفه، فصلى عليه، فقلت للشعبي: من أخبرك يا أبا عمرو: "" قال: أخبرنيه ابن عباس #",0
Musnad at-Tayalisi,4121,UNGRADED,Prophets & Past Peoples,2770 - # حدثنا أبو داود قال: حدثنا شعبة، عن عاصم، قال: سمعت الشعبي، يحدث عن ابن عباس، أن رسول الله صلى الله عليه وسلم «أتى زمزم فاستسقى، فأتيت بماء، فشرب وهو قائم» #,0
Musnad at-Tayalisi,4124,UNGRADED,Other Narrations,[ص: 373] # شعبة، عن قتادة، عن سعيد بن المسيب، عن ابن عباس، عن النبي صلى الله عليه وسلم قال: «العائد في هبته كالعائد في قيئه» #,0
Musnad at-Tayalisi,4126,UNGRADED,Prophets & Past Peoples,"2772 - # حدثنا يونس قال: حدثنا أبو داود قال: حدثنا شعبة، عن قتادة، سمع أبا العالية، يقول: حدثني ابن عم نبيكم صلى الله عليه وسلم، يعني ابن عباس أن النبي صلى الله عليه وسلم قال: "" لا ينبغي لعبد أن يقول: أنا خير من يونس بن متى «ونسبه إلى أبيه» #",0
Musnad at-Tayalisi,4127,UNGRADED,Prophets & Past Peoples,2773 - # حدثنا أبو داود قال: حدثنا هشام، عن قتادة، عن أبي العالية، عن ابن عباس، قال: كان النبي صلى الله عليه وسلم يقول عند الكرب: «لا إله إلا الله العظيم الحليم، لا إله إلا الله رب العرش العظيم، لا إله إلا الله رب,0
Musnad at-Tayalisi,4130,UNGRADED,Prophets & Past Peoples,2774 - # حدثنا يونس قال: حدثنا أبو داود قال: حدثنا طلحة، عن عطاء، عن ابن عباس، أن رسول الله صلى الله عليه وسلم «احتجم على وسط رأسه، وسماه المنقذ» #,0
Musnad at-Tayalisi,4131,UNGRADED,Prophets & Past Peoples,2775 - # حدثنا أبو داود قال: حدثنا همام، قال: سمعت عطاء بن أبي رباح، يحدث عن ابن عباس، أن رسول الله صلى الله عليه وسلم «دخل الكعبة وهو يومئذ على ستة سواري، فقام عند كل سارية فدعا ولم يصل» #,0
Musnad at-Tayalisi,4132,UNGRADED,Prayer (Salah); Prophets & Past Peoples,2776 - # حدثنا أبو داود قال: حدثنا طلحة، عن عطاء، عن ابن عباس، قال: قال رسول الله صلى الله عليه وسلم: «إنا معشر الأنبياء أمرنا أن نعجل إفطارنا، ونؤخر سحورنا، ونضع أيماننا على شمائلنا في الصلاة» #,0
Musnad at-Tayalisi,4133,UNGRADED,Eid & Sacrifice; Day of Judgement,2777 - # حدثنا أبو داود قال: حدثنا شعبة، عن أيوب، قال: سمعت عطاء يقول: أشهد على ابن عباس أنه قال: «خرج رسول الله صلى الله عليه وسلم يوم عيد فصلى، ثم خطب، ثم أتى النساء فحثهن على الصدقة، فجعلن يلقين» #,0
Musnad at-Tayalisi,4134,UNGRADED,Marriage & Spouses; Prophets & Past Peoples,2778 - # حدثنا أبو داود قال: حدثنا شعبة، عن الحجاج بن أرطأة، عن عطاء، عن ابن عباس، أن رسول الله صلى الله عليه وسلم «تزوج ميمونة وهو محرم» #,0
Musnad at-Tayalisi,4135,UNGRADED,Prophets & Past Peoples,2779 - # حدثنا أبو داود قال: حدثنا رباح، عن عطاء، عن ابن عباس، أن رسول الله صلى الله عليه وسلم «احتجم وهو صائم» #,0
Musnad at-Tayalisi,4136,UNGRADED,Prayer (Salah); Prophets & Past Peoples,2780 - # حدثنا أبو داود قال: حدثنا حماد بن زيد، عن عسل بن سفيان التميمي، عن عطاء، قال: صلى بنا ابن الزبير، فسلم في الركعتين من المغرب، ثم استلم الركن، فقيل له في ذلك، فرجع وركع ركعة أخرى، وسجد سجدتين فذكر لابن عباس صنيع ابن الزبير، فقال: «ما أماط عن سنة رسول الله صلى الله عليه وسلم» #,0
Musnad at-Tayalisi,4137,UNGRADED,Prophets & Past Peoples,2781 - # حدثنا أبو داود قال: حدثنا عمرو بن ثابت، عن سماك، عن ابن عباس، وطلحة، عن عطاء، عن ابن عباس، قال: قال رسول الله صلى الله عليه وسلم,0
Musnad at-Tayalisi,4140,UNGRADED,Prophets & Past Peoples,2782 - # حدثنا يونس قال: حدثنا أبو داود قال: حدثنا خارجة بن مصعب، عن زيد بن أسلم، عن عطاء بن يسار، قال: قال ابن عباس: ألا أتوضأ لكم وضوء رسول الله صلى الله عليه وسلم؟، فقلنا: بلى «فتوضأ مرة مرة، مضمض مرة، واستنشق مرة، وغسل وجهه مرة، ويديه إلى المرفقين مرة مرة، ومسح برأسه، وغسل رجليه عليهما النعلان,0
Musnad at-Tayalisi,4142,UNGRADED,Prayer (Salah); Character & Manners,2783 - # حدثنا أبو داود قال: حدثنا ابن أبي ذئب، قال: حدثني سعيد بن خالد القرشي، عن عطاء بن يسار، عن ابن عباس، قال: قال رسول الله صلى الله عليه وسلم: «ألا أخبركم بخير الناس منزلا؟» قالوا: بلى يا رسول الله قال: «رجل معتزل بشعب، يقيم الصلاة، ويؤتى الزكاة، يعتزل شرور الناس» ، ثم قال: «ألا أخبركم بشر الناس منزلا؟» قالوا,0
Musnad at-Tayalisi,4144,UNGRADED,Prayer (Salah); Purity & Wudu,2784 - # حدثنا أبو داود قال: حدثنا خارجة بن مصعب، عن زيد بن أسلم، عن عطاء بن يسار، عن ابن عباس، قال: «رأيت رسول الله صلى الله عليه وسلم أكل عظما، أو لحما، ثم قام إلى الصلاة وما توضأ,0
Musnad at-Tayalisi,4150,UNGRADED,Prophets & Past Peoples,2786 - # حدثنا يونس قال: حدثنا أبو داود قال: حدثنا قرة بن خالد، عن محمد بن سيرين، عن ابن عباس، قال: «سافر رسول الله صلى الله عليه وسلم بين مكة والمدينة، لا يخاف إلا الله عز وجل، يصلي ركعتين ركعتين» #,0
Musnad at-Tayalisi,4152,UNGRADED,Prophets & Past Peoples,2787 - # حدثنا يونس قال: حدثنا أبو داود قال: حدثنا عباد بن منصور، عن عكرمة، عن ابن عباس، أن رسول الله صلى الله عليه وسلم «بعث إلى أبي طيبة عشاء، فحجمه وأعطاه أجره» #,0
Musnad at-Tayalisi,4153,UNGRADED,Character & Manners; Prophets & Past Peoples,2788 - # حدثنا أبو داود قال: حدثنا عباد، عن عكرمة، عن ابن عباس، أن رسول الله صلى الله عليه وسلم قال: «خير ما تحتجمون فيه سبع عشرة، وتسع عشرة، وإحدى وعشرين» #,0
Musnad at-Tayalisi,4155,UNGRADED,Quran & Recitation; Repentance & Forgiveness,[ص: 389] # : حدثنا عكرمة، عن ابن عباس، قال: لما نزلت هذه الآية: {والذين يرمون المحصنات ثم لم يأتوا بأربعة شهداء} [النور: 4] إلى آخر الآية، فقال سعد بن عبادة: أهكذا أنزلت؟ فلو وجدت لكاعا متفخذها رجل لم يكن لي أن أحركه، ولا أهيجه حتى آتي بأربعة شهداء؟ فوالله لا آتي بأربعة شهداء حتى يقضي حاجته فقال رسول الله صلى الله عليه وسلم: «يا معشر الأنصار، ألا تسمعون ما يقول سيدكم؟» قالوا: يا رسول الله، لا تلمه؛ فإنه رجل غيور، والله ما تزوج فينا قط إلا عذراء، ولا طلق امرأة له فاجترأ رجل منا أن يتزوجها من شدة غيرته فقال سعد: والله إني لأعلم يا رسول الله أنها الحق، وأنها من عند الله عز وجل، ولكني عجبت فبينا رسول الله صلى الله عليه وسلم كذلك إذ جاء هلال بن أمية الواقفي، وهو أحد الثلاثة الذين تاب الله عليهم، فقال: يا رسول الله، إني جئت البارحة عشاء من حائط لي كنت فيه، فرأيت عند أهلي رجلا، ورأيت بعيني، وسمعت بأذني، فكره رسول الله صلى الله عليه وسلم ما جاء به، فقيل: أيجلد هلال وتبطل شهادته في المسلمين؟ فقال هلال: يا رسول الله، والله إني لأرى في وجهك أنك تكره ما جئت به، وإني لأرجو أن يجعل الله فرجا قال: فبينا رسول الله صلى الله عليه وسلم كذلك إذ نزل عليه الوحي، وكان رسول الله صلى الله عليه وسلم,0
Musnad at-Tayalisi,4156,UNGRADED,Truthfulness & Lying,[ص: 390] # إذا نزل عليه الوحي تربد لذلك جسده ووجهه، وأمسك عنه أصحابه فلم يكلمه أحد منهم، فلما رفع الوحي قال: «أبشر يا هلال» فقال رسول الله صلى الله عليه وسلم: «ادعها» فدعيت، فقال رسول الله صلى الله عليه وسلم: «إن الله تبارك وتعالى يعلم أن أحدكما كاذب، فهل منكما تائب؟» فقال هلال: والله يا رسول الله ما قلت إلا حقا، ولقد صدقت قال: فقالت هي عند ذلك: كذب قال: فقيل لهلال: أتشهد أربع شهادات بالله إنك لمن الصادقين؟، وقيل له عند الخامسة: يا هلال اتق الله، فإن عذاب الله أشد من عذاب الناس، وإن هذه الموجبة التي توجب عليك العذاب قال: والله لا يعذبني الله عليها أبدا، كما لم يجلدني عليها، فشهد الخامسة أن لعنة الله عليه إن كان من الكاذبين وقيل: اشهدي أربع شهادات بالله إنه لمن الكاذبين وقيل لها عند الخامسة: يا هذه، اتقي الله، فإن عذاب الله أشد من عذاب الناس، وإن هذه الموجبة؛ التي توجب عليك العذاب، فتلكأت ساعة ثم قالت: والله لا أفضح قومي، فشهدت الخامسة أن غضب الله عليها إن كان من الصادقين قال: وقضى رسول الله صلى الله عليه وسلم أن لا ترمى، ولا يرمى,0
Musnad at-Tayalisi,4157,UNGRADED,Parents; Marriage & Spouses,[ص: 391] # ولدها، ومن رماها ورمى ولدها جلد الحد، وليس لها عليه قوت ولا سكنى؛ من أجل أنهما يتفرقان بغير طلاق، ولا متوفى عنها وقال رسول الله صلى الله عليه وسلم: «أبصروها، فإن جاءت به أثيبج، أصيهب، أرسح، حمش الساقين فهو لهلال بن أمية، وإن جاءت به خدلج الساقين، سابغ الأليتين، أورق، جعدا، جماليا فهو لصاحبه» قال: فجاءت به أورق، جعدا، جماليا، خدلج الساقين، سابغ الأليتين، فقال رسول الله صلى الله عليه وسلم: «لولا الأيمان لكان لي ولها أمر» قال عباد: فسمعت عكرمة يقول: لقد رأيته أمير مصر من الأمصار، لا يدرى من أبوه #,0
Musnad at-Tayalisi,4158,UNGRADED,Fasting & Ramadan; Brotherhood & Friendship,"2790 - # حدثنا أبو داود قال: حدثنا سلام، عن سماك، عن عكرمة، عن ابن عباس، قال: "" أتيت في منامي في رمضان وأنا نائم، فقيل لي: الليلة ليلة القدر، فاستيقظت، فإذا رسول الله صلى الله عليه وسلم يصلي، فأخذت بطنب الفسطاط، فإذا هي ليلة أربع وعشرين، فنظرت إلى الشمس صبيحتها، فإذا ليس لها شعاع "" #",0
Musnad at-Tayalisi,4159,UNGRADED,Prophets & Past Peoples,"2791 - # حدثنا أبو داود قال: حدثنا شريك، وسلام، عن سماك، عن عكرمة، عن ابن عباس، أن رجلا قال: يا رسول الله، الحج كل عام؟، قال: "" لا، بل حجة، فلو قلت: كل عام، كان كل عام "" #",0
Musnad at-Tayalisi,4160,UNGRADED,Prophets & Past Peoples,2792 - # حدثنا أبو داود قال: حدثنا أبو عوانة، عن سماك، عن عكرمة، عن ابن عباس، قال: قدم رجل على النبي صلى الله عليه وسلم فتكلم بكلام بين، فقال رسول الله صلى الله عليه وسلم: «إن من البيان سحرا، وإن من الشعر حكما» #,0
Musnad at-Tayalisi,4161,UNGRADED,"Time, Days & Nights",2793 - # حدثنا أبو داود قال: حدثنا أبو عوانة، عن سماك، عن عكرمة، عن ابن عباس، أن رسول الله صلى الله عليه وسلم قال: «صوموا رمضان لرؤيته، وأفطروا لرؤيته، فإن حال بينكم وبينه غمامة أو ضبابة فأكملوا شهر شعبان ثلاثين، ولا تستقبلوا رمضان بصوم يوم من شعبان» #,0
Musnad at-Tayalisi,4162,UNGRADED,Brotherhood & Friendship; Prophets & Past Peoples,2794 - # حدثنا أبو داود قال: حدثنا سلام، عن سماك، عن عكرمة، عن ابن عباس، أن رسول الله صلى الله عليه وسلم «كان يصلي على الخمرة» #,0
Musnad at-Tayalisi,4164,UNGRADED,Death & Burial,"[ص: 397] # عكرمة، عن ابن عباس، قال: "" لما وجه الله عز وجل نبيه صلى الله عليه وسلم إلى الكعبة والصلاة إليها قالوا: كيف بمن مات من أصحابنا وهو يصلي إلى بيت المقدس؟، فأنزل الله عز وجل: {وما كان الله ليضيع إيمانكم} [البقرة: 143] "" #",0
Musnad at-Tayalisi,4165,UNGRADED,Prophets & Past Peoples,2796 - # حدثنا أبو داود قال: حدثنا سليمان بن معاذ الضبي، عن سماك، عن عكرمة، عن ابن عباس، أن عمة عبد الله بن الحارث، أسلمت وهاجرت وتزوجت، وقد كان زوجها أسلم قبلها، «فردها رسول الله صلى الله عليه وسلم إلى زوجها» #,0
Musnad at-Tayalisi,4166,UNGRADED,Prophets & Past Peoples,2797 - # حدثنا أبو داود قال: حدثنا سليمان، عن سماك، عن عكرمة، عن ابن عباس، أن النبي صلى الله عليه وسلم بايع رجلا، فلما بايعه قال: «اختر» ثم قال رسول الله صلى الله عليه وسلم: «هكذا البيع» #,0
Musnad at-Tayalisi,4167,UNGRADED,Prophets & Past Peoples,"2798 - # حدثنا أبو داود قال: حدثنا سليمان، عن سماك، عن عكرمة، عن ابن عباس، قال: "" آخى رسول الله صلى الله عليه وسلم بين أصحابه، وورث بعضهم من بعض حتى نزلت: {وأولو الأرحام بعضهم أولى ببعض} [الأحزاب: 6] فتركوا ذلك وتوارثوا بالنسب "" #",0
Musnad at-Tayalisi,4168,UNGRADED,Prophets & Past Peoples,2799 - # حدثنا أبو داود قال: حدثنا سليمان، عن سماك، عن عكرمة، عن ابن عباس، أن النبي صلى الله عليه وسلم «كان يصوم في السفر ويفطر» #,0
Musnad at-Tayalisi,4169,UNGRADED,Dhikr & Supplication; Character & Manners,2800 - # حدثنا أبو داود قال: حدثنا شعبة، عن سماك، قال: سمعت عكرمة، يحدث عن ابن عباس، أن رسول الله صلى الله عليه وسلم ذكر الدجال فقال: «أزهر، هجان، أعور، أشبه الناس بعبد العزى بن قطن» أو قال: «قطر، فإما هلك الهلك، فإن ربكم ليس,0
Musnad at-Tayalisi,4171,UNGRADED,Speech & Backbiting; Prophets & Past Peoples,2801 - # حدثنا أبو داود قال: حدثنا شعبة، وهشام، عن قتادة، عن عكرمة، عن ابن عباس، أن النبي صلى الله عليه وسلم «لعن المتشبهين من الرجال بالنساء، والمتشبهات من النساء بالرجال» #,0
Musnad at-Tayalisi,4172,UNGRADED,"Prophets & Past Peoples; Time, Days & Nights",2802 - # حدثنا أبو داود قال: حدثنا زمعة، عن سلمة بن وهرام، عن عكرمة، عن ابن عباس، أن رسول الله صلى الله عليه وسلم قال في ليلة القدر: «ليلة سمحة طلقة، لا حارة، ولا باردة، تصبح شمسها صبيحتها ضعيفة حمراء» #,0
Musnad at-Tayalisi,4173,UNGRADED,Prophets & Past Peoples,2803 - # حدثنا أبو داود قال: حدثنا عباد، عن عكرمة، عن ابن عباس، أن النبي صلى الله عليه وسلم قال: «عليكم بالإثمد؛ فإنه يجلو البصر وينبت الشعر» وزعم أن رسول الله صلى الله عليه وسلم كانت له مكحلة يكتحل منها كل,0
Musnad at-Tayalisi,4175,UNGRADED,Prophets & Past Peoples,2804 - # حدثنا أبو داود قال: حدثنا هشام، عن أيوب، عن عكرمة، عن ابن عباس، قال: قال رسول الله صلى الله عليه وسلم: «لا تفتخروا بآبائكم الذين موتوا في الجاهلية، فوالذي نفسي بيده، لما يدهده,0
Musnad at-Tayalisi,4177,UNGRADED,Prophets & Past Peoples,"2805 - # حدثنا أبو داود قال: حدثنا سليمان بن معاذ، عن سماك بن حرب، عن عكرمة، عن ابن عباس، قال: "" خشيت سودة أن يطلقها، رسول الله صلى الله عليه وسلم فقالت: يا رسول الله، لا تطلقني، وأمسكني، واجعل يومي لعائشة ففعل، فنزلت هذه الآية: {وإن امرأة خافت من بعلها نشوزا أو إعراضا} [النساء: 128] الآية، قال: فما اصطلحا عليه من شيء فهو جائز "" # # حدثنا أبو داود قال: حدثنا عبد الرحمن بن أبي الزناد، عن عمرو بن أبي عمرو مولى المطلب، عن عكرمة، عن ابن عباس، قال: «كنت أسمع قراءة النبي صلى الله عليه وسلم من البيت وأنا في الحجرة» # # حدثنا أبو داود قال: حدثنا سفيان، عن سماك، عن عكرمة، عن ابن عباس، أن رسول الله صلى الله عليه وسلم قال: «لا تحفلوا، ولا ينفق بعضكم لبعض» #",0
Musnad at-Tayalisi,4178,UNGRADED,Guests & Hospitality; Prophets & Past Peoples,2807 - # حدثنا أبو داود قال: حدثنا شريك، عن جابر، عن عكرمة، عن ابن عباس، أن رسول الله صلى الله عليه وسلم لما كان فتح مكة رأى جبنة فقال: «ما هذا؟» قالوا: هذا طعام يصنع بأرض العجم قال: فقال رسول الله صلى الله عليه وسلم: «ضعوا فيه السكين، واذكروا اسم الله وكلوا» #,0
Musnad at-Tayalisi,4180,UNGRADED,Servants & Freeing Slaves; Bloodshed & Murder,2809 - # حدثنا أبو داود قال: حدثنا هشام، عن يحيى، عن عكرمة، عن ابن عباس، أن النبي صلى الله عليه وسلم قال: «يودى المكاتب بقدر ما عتق منه دية الحر، وبقدر ما رق منه دية العبد» قال: وكان علي ومروان يقولان ذلك #,0
Musnad at-Tayalisi,4181,UNGRADED,Brotherhood & Friendship; Prophets & Past Peoples,2810 - # حدثنا أبو داود قال: حدثنا سلام، عن سماك، عن عكرمة، عن ابن عباس، أن النبي صلى الله عليه وسلم قال: «يخرج من قبل المشرق قوم يقرءون القرآن لا يجاوز تراقيهم، يمرقون من الدين» أو قال: «من الإسلام، كما يمرق السهم من الرمية» #,0
Musnad at-Tayalisi,4182,UNGRADED,Prophets & Past Peoples,2811 - # حدثنا أبو داود قال: حدثنا الحارث أبو قدامة، عن مطر الوراق أو رجل، عن عكرمة، عن ابن عباس، قال: «لم يسجد رسول الله صلى الله عليه وسلم في شيء من المفصل بعدما تحول إلى المدينة» #,0
Musnad at-Tayalisi,4183,UNGRADED,Prophets & Past Peoples,2812 - # حدثنا أبو داود قال: حدثنا حماد بن زيد، عن أيوب، عن عكرمة، عن ابن عباس، قال: لو أتيت بهم لقتلتهم؛ لقول رسول الله صلى الله عليه وسلم: «من بدل دينه فاقتلوه» #,0
Musnad at-Tayalisi,4185,UNGRADED,Other Narrations,[ص: 409] # عكرمة، عن ابن عباس، أن النبي صلى الله عليه وسلم «كان يتفاءل ولا يتطير، ويعجبه الاسم الحسن» #,0
Musnad at-Tayalisi,4187,UNGRADED,Prophets & Past Peoples,2814 - # حدثنا يونس قال: حدثنا أبو داود قال: حدثنا حماد بن سلمة، عن علي بن زيد، عن يوسف بن مهران، عن ابن عباس، قال: «أتانا رسول الله صلى الله عليه وسلم وأسامة ردفه، فسقيناه من هذا النبيذ» يعني نبيذ السقاء #,0
Musnad at-Tayalisi,4188,UNGRADED,Prophets & Past Peoples,"2815 - # حدثنا أبو داود قال: حدثنا حماد بن سلمة، عن علي بن زيد، عن يوسف بن مهران، عن ابن عباس، قال: قال رسول الله صلى الله عليه وسلم في قول الله عز وجل: {إذا تداينتم بدين إلى أجل مسمى فاكتبوه} [البقرة: 282] إلى آخر الآية: "" إن أول من جحد آدم إن الله أراه ذريته فرأى رجلا أزهر، ساطعا نوره، قال: يا رب، من هذا؟، قال: هذا ابنك داود، قال: يا رب، فما عمره؟، قال: ستون سنة قال: يا رب، زد في عمره قال: لا، إلا أن تزيده من عمرك قال: وما عمري؟، قال: ألف سنة قال آدم: فقد وهبت له أربعين سنة قال: فكتب الله عز وجل عليه كتابا، وأشهد عليه ملائكته، فلما حضره الموت وجاءته الملائكة قال: إنه قد بقي من عمري أربعون سنة قالوا: إنك قد وهبته لابنك داود قال: ما وهبت لأحد شيئا قال: فأخرج الله عز وجل الكتاب، وشهد عليه ملائكته "" #",0
Musnad at-Tayalisi,4189,UNGRADED,Prophets & Past Peoples,"2816 - # حدثنا أبو داود قال: حدثنا حماد بن سلمة، عن علي بن زيد، عن يوسف بن مهران، عن ابن عباس، قال: قال رسول الله صلى الله عليه وسلم: "" قال لي جبريل: يا محمد، لو رأيتني وأنا آخذ من حال البحر فأدسه في في فرعون؛ مخافة أن تدركه الرحمة "" #",0
Musnad at-Tayalisi,4190,UNGRADED,Prophets & Past Peoples,2817 - # حدثنا أبو داود قال: حدثنا حماد بن سلمة، عن علي بن زيد، عن يوسف بن مهران، عن ابن عباس، قال: لما توفي عثمان بن مظعون قالت امرأته: هنيئا لك يا ابن مظعون الجنة قال: فنظر رسول الله صلى الله عليه وسلم إليها نظرة غضبان، قالت: يا رسول الله، فارسك وصاحبك قال: «ما أدري ما يفعل به» فشق ذلك على أصحاب,0
Musnad at-Tayalisi,4191,UNGRADED,Women; Death & Burial,[ص: 412] # رسول الله صلى الله عليه وسلم، وكان يعد من خيارهم، حتى توفيت رقية بنت رسول الله صلى الله عليه وسلم، فقال رسول الله صلى الله عليه وسلم: «الحقي بسلفنا الخير عثمان بن مظعون» قال: وبكت النساء على رقية، فجعل عمر ينهاهن أو يضربهن، فقال رسول الله صلى الله عليه وسلم: «مه يا عمر» قال: ثم قال: «إياكن ونعيق الشيطان؛ فإنه مهما يكون من العين والقلب فمن الرحمة، وما يكون من اللسان واليد فمن الشيطان» قال: وجعلت فاطمة رحمها الله تبكي على شفير قبر رقية، فجعل رسول الله صلى الله عليه وسلم يمسح الدموع عن وجهها باليد، أو قال: بالثوب #,0
Musnad at-Tayalisi,4194,UNGRADED,Character & Manners,[ص: 413] # ، عن قتادة، سمع أبا حسان الأعرج، يحدث عن سليم بن عبد الهجيمي، قال: قلت لابن عباس: ما أخبار قد تقشعت في الناس؟، يقولون: من طاف بالبيت فقد حل؟، قال: «تلك سنة نبيكم صلى الله عليه وسلم، وإن رغمتم» #,0
Musnad at-Tayalisi,4195,UNGRADED,Prophets & Past Peoples,2819 - # حدثنا أبو داود قال: حدثنا شعبة، وهشام، عن قتادة، عن أبي حسان الأعرج، عن ابن عباس، أن رسول الله صلى الله عليه وسلم «لما أتى ذا الحليفة أشعر بدنته من جانب سنامها الأيمن» قال شعبة: «ثم سلت عنها الدم» وقال هشام: «ثم أماط عنها الدم، وأهل بالحج» قال هشام: «وأهل عند الظهر وقلدها نعلين» قال شعبة: فحدثت بهذا الحديث سفيان الثوري فقال: وكان في,0
Musnad at-Tayalisi,4198,UNGRADED,Prophets & Past Peoples,2820 - # حدثنا يونس قال: حدثنا أبو داود قال: حدثنا حماد بن سلمة، عن أبي عاصم الغنوي، عن أبي الطفيل، قال: قلت لابن عباس: يزعم قومك أن رسول الله صلى الله عليه وسلم طاف على بعير بالبيت، وأن ذلك,0
Musnad at-Tayalisi,4199,UNGRADED,Character & Manners; Death & Burial,[ص: 415] # سنة قال: صدقوا وكذبوا قلت: ما صدقوا وكذبوا؟، قال: صدقوا؛ طاف على بعير وليس بسنة؛ إن رسول الله صلى الله عليه وسلم كان لا يضرب الناس عنه ولا يدفع، فطاف على بعير كي يسمعوا كلامه، ولا تناله أيديهم قلت: يزعمون أن رسول الله صلى الله عليه وسلم قد رمل بالبيت، وأن ذلك سنة قال: صدقوا وكذبوا قلت: ما صدقوا وكذبوا؟، قال: صدقوا؛ قد «رمل» وكذبوا؛ ليست بسنة؛ إن قريشا قالت: دعوا محمدا وأصحابه حتى يموتوا موت النغف فلما صالحوا رسول الله صلى الله عليه وسلم على أن يجيئوا من العام القابل فيقيموا بمكة ثلاثة أيام، فقدم رسول الله صلى الله عليه وسلم وأصحابه، والمشركون من قبل قعيقعان قال لأصحابه: «ارملوا» وليس بسنة قلت: يزعم قومك أن رسول الله صلى الله عليه وسلم قد سعى بين الصفا والمروة، وأن ذلك سنة قال: صدقوا؛ إن إبراهيم صلى الله عليه وسلم لما أري المناسك عرض له,0
Musnad at-Tayalisi,4202,UNGRADED,Prophets & Past Peoples,2821 - # حدثنا يونس، حدثنا أبو داود قال: حدثنا شعبة، عن الحكم، عن مقسم، عن ابن عباس، أن رسول الله صلى الله عليه وسلم «احتجم صائما» #,1
Musnad at-Tayalisi,4203,UNGRADED,Character & Manners; Day of Judgement,2822 - # حدثنا أبو داود قال: حدثنا حماد بن سلمة، عن الحجاج، عن الحكم، عن مقسم، عن ابن عباس، أن رسول الله صلى الله عليه وسلم بعث جعفرا وزيدا وابن رواحة، يعني في جيش مؤتة، فتخلف ابن رواحة، ومضى القوم، فقال له رسول الله صلى الله عليه وسلم: «ما خلفك؟» فقال: يا رسول الله، الجمعة، أجمع ثم أروح فقال رسول الله صلى الله عليه وسلم: «لغدوة في سبيل الله أو روحة خير من الدنيا وما فيها» #,0
Musnad at-Tayalisi,4206,UNGRADED,Character & Manners; Prophets & Past Peoples,2825 - # حدثنا أبو داود قال: حدثنا المسعودي، عن الحكم، عن مقسم، عن ابن عباس، أن النبي صلى الله عليه وسلم لما أفاض من عرفات فأوضع الناس نودي في الناس: «أيها الناس، إنه ليس البر بإيضاع الخيل والركاب» فما رأيت من رافعة يدها عادية حتى أتى جمعا #,0
Musnad at-Tayalisi,4207,UNGRADED,"Prophets & Past Peoples; Time, Days & Nights",2826 - # حدثنا أبو داود قال: حدثنا المسعودي، عن الحكم، عن مقسم، عن ابن عباس، أن النبي صلى الله عليه وسلم قدم ضعفة أهله ليلة المزدلفة,0
Musnad at-Tayalisi,4210,UNGRADED,Prophets & Past Peoples,2827 - # حدثنا يونس قال: حدثنا أبو داود قال: حدثنا شعبة، عن منصور، والأعمش، عن ذر، عن عبد الله بن شداد بن الهاد، عن ابن عباس، قال: قيل: يا رسول الله، الرجل منا يجد الشيء يحدث,0
Musnad at-Tayalisi,4214,UNGRADED,Children & Upbringing,"[ص: 423] # ، عن منصور، والأعمش، عن سالم بن أبي الجعد، عن كريب، عن ابن عباس، أن النبي صلى الله عليه وسلم قال: "" لو أن أحدهم أو لو أن أحدكم إذا أتى أهله قال: اللهم جنبني الشيطان، وجنب الشيطان ما رزقتني، وقضي ولد بينهما لم يضره الشيطان «أو» لم يسلط عليه الشيطان "" لم يرفعه الأعمش، ورفعه منصور #",0
Musnad at-Tayalisi,4215,UNGRADED,Prayer (Salah),2829 - # حدثنا أبو داود قال: حدثنا شعبة، عن سلمة بن كهيل، قال: سمعت كريب بن أبي مسلم يحدث عن ابن عباس، قال: بت في بيت خالتي ميمونة، فرقبت رسول الله صلى الله عليه وسلم قال: فنام ثم استيقظ فغسل وجهه وكفيه، ثم نام، ثم استيقظ، فقام إلى قربة فحل شناقها، يعني رباطها، ثم صب في جفنة أو قصعة، فغسل كفيه ووجهه وتوضأ وضوءا حسنا بين الوضوئين، ثم قام يصلي، فقمت عن يساره، فأقامني عن يمينه، فتكاملت صلاة رسول الله صلى الله عليه وسلم ثلاث عشرة ركعة، وكان يقول في سجوده، أو قال في صلاته، شك شعبة: «اللهم اجعل في سمعي نورا، وفي قلبي نورا، وفي بصري نورا، ومن فوقي نورا، ومن تحتي نورا، ومن خلفي نورا، وعن أمامي نورا، وعن يميني نورا، وعن يساري نورا، واجعلني نورا» أو: «اجعل,0
Musnad at-Tayalisi,4217,UNGRADED,Prophets & Past Peoples,2830 - # حدثنا أبو داود قال: حدثنا سفيان بن عيينة، قال: أخبرني إبراهيم بن عقبة، عن كريب، عن ابن عباس، أن النبي صلى الله عليه وسلم سألته امرأة عن صبي لها: هل لهذا حج؟، قال: «ولك أجر» #,0
Musnad at-Tayalisi,4219,UNGRADED,Prophets & Past Peoples,"2831 - # حدثنا يونس قال: حدثنا أبو داود قال: حدثنا حماد بن سلمة، عن عمار بن أبي عمار، عن ابن عباس، قال: دخلت مع أبي على رسول الله صلى الله عليه وسلم، فجعل أبي يكلمه وهو معرض عنه، مقبل على رجل، فلما خرج قال لي: أي بني، أما رأيت ابن عمك؟، كنت أكلمه فلا يجيبني قلت: يا أبه، أما رأيت الرجل الذي كان عنده يكلمه؟ قال: لا، قال: أو كان عنده أحد؟ قال: نعم قال: فرجع فقال: يا رسول الله، أكان عندك أحد؟ قال: ورأيته؟ "" قال: أخبرني عبد الله بذلك، قال: فأقبل علي رسول الله صلى الله عليه وسلم فقال: «أرأيته؟» قلت: نعم قال: «ذاك جبريل عليه السلام» #",0
Musnad at-Tayalisi,4222,UNGRADED,The Grave & Barzakh; Prophets & Past Peoples,2833 - # حدثنا يونس قال: حدثنا أبو داود قال: حدثنا البراء بن يزيد الغنوي، قال: حدثنا أبو نضرة، عن ابن عباس، أن النبي صلى الله عليه وسلم كان يتعوذ في دبر صلاته من أربع، يقول: «أعوذ بالله من فتنة القبر، ومن فتنة المحيا والممات، ومن فتنة الأعور الكذاب» #,0
Musnad at-Tayalisi,4223,UNGRADED,Prophets & Past Peoples; Day of Judgement,"2834 - # حدثنا أبو داود قال: حدثنا حماد بن سلمة، قال: حدثنا علي بن زيد، عن أبي نضرة، قال: خطبنا ابن عباس على منبر البصرة، فحمد الله عز وجل وأثنى عليه، ثم قال: قال رسول الله صلى الله عليه وسلم: "" ما من نبي إلا وله دعوة، كلهم قد تنجزها في الدنيا، وإني ادخرت دعوتي شفاعة لأمتي يوم القيامة، ألا وإني سيد ولد آدم يوم القيامة ولا فخر، وأول من تنشق عنه الأرض يوم القيامة ولا فخر، وبيدي لواء الحمد تحته آدم فمن دونه ولا فخر، ويشتد كرب ذلك اليوم على الناس فيقولون: انطلقوا بنا إلى آدم أبي البشر، فليشفع لنا إلى ربنا حتى يقضي بيننا فيأتون آدم عليه السلام فيقولون: أنت الذي خلقك الله بيده، وأسكنك جنته، وأسجد لك ملائكته، فاشفع لنا إلى ربنا حتى يقضي بيننا فيقول: إني لست هناكم، إني أخرجت من الجنة بخطيئتي، وإنه لا يهمني اليوم إلا نفسي، ولكن ائتوا نوحا أول النبيين فيأتون نوحا عليه السلام فيقولون: اشفع لنا إلى ربنا حتى يقضي بيننا فيقول: لست هناكم، إني دعوت دعوة أغرقت أهل الأرض، وإنه لا يهمني اليوم إلا نفسي، ولكن ائتوا إبراهيم خليل الله",0
Musnad at-Tayalisi,4224,UNGRADED,Prophets & Past Peoples,"[ص: 431] # فيأتون إبراهيم صلى الله عليه وسلم فيقولون: اشفع لنا إلى ربنا حتى يقضي بيننا فيقول: إني لست هناكم، إني كذبت في الإسلام ثلاث كذبات، وإنه لا يهمني اليوم إلا نفسي "" قال: قال رسول الله صلى الله عليه وسلم: "" والله ما حاول بهن إلا عن دين الله؛ قوله: {إني سقيم} [الصافات: 89] ، وقوله: {بل فعله كبيرهم هذا} [الأنبياء: 63] ، وقوله لسارة: قولي: إنه أخي ولكن ائتوا موسى عبدا اصطفاه الله برسالاته وبكلامه فيأتون موسى فيقولون: اشفع لنا إلى ربنا حتى يقضي بيننا فيقول: إني لست هناكم، إني قتلت نفسا بغير نفس، وإنه لا يهمني اليوم إلا نفسي، ولكن ائتوا عيسى روح الله وكلمته فيأتون عيسى فيقولون: اشفع لنا إلى ربنا حتى يقضي بيننا فيقول: إني لست هناكم، إني اتخذت وأمي إلهين من دون الله، ولكن أرأيتم لو أن متاعا في وعاء قد ختم عليه، أكان يوصل إلى ما في الوعاء حتى يفض الخاتم؟، فيقولون: لا فيقول: فإن محمدا صلى الله عليه وسلم قد حضر اليوم وقد غفر له ما تقدم من ذنبه وما تأخر "" قال رسول الله صلى الله عليه وسلم: "" فيأتيني الناس فيقولون: اشفع لنا إلى ربنا حتى يقضي بيننا فأقول: أنا لها، أنا لها، حتى يأذن الله عز وجل لمن",0
Musnad at-Tayalisi,4225,UNGRADED,Paradise,"[ص: 432] # يشاء ويرضى، فإذا أراد الله عز وجل أن يقضي بين خلقه نادى مناد: أين أحمد وأمته؟ فأقوم ويتبعني أمتي، غر محجلون من أثر الطهور "" قال رسول الله صلى الله عليه وسلم: "" فنحن الآخرون الأولون، أول من يحاسب، وتفرج لنا الأمم عن طريقنا، وتقول الأمم: كادت هذه الأمة أن تكون أنبياء كلها "" قال رسول الله صلى الله عليه وسلم: "" فأنتهي إلى باب الجنة، فأستفتح فيقال: من هذا؟ فأقول: أحمد فيفتح لي، فأنتهي إلى ربي، وهو على كرسيه، فأخر ساجدا، فأحمد ربي بمحامد لم يحمده أحد بها قبلي، ولا يحمده بها أحد بعدي فيقال لي: ارفع رأسك، وقل تسمع، وسل تعطه، واشفع تشفع فأشفع فيقال: فاذهب فأخرج من النار من كان في قلبه من الخير كذا وكذا فأنطلق فأخرجهم، ثم أرجع إلى ربي، فأخر ساجدا، فيقال لي: ارفع",0
Musnad at-Tayalisi,4228,UNGRADED,Prophets & Past Peoples,"2835 - # حدثنا يونس قال: حدثنا أبو داود قال: حدثنا نوح بن قيس، قال: حدثني عمرو بن مالك النكري، عن أبي الجوزاء، عن ابن عباس، قال: "" كانت امرأة تصلي خلف النبي صلى الله عليه وسلم، أجمل الناس، قال: فكان ناس يصلون في آخر صفوف الرجال لينظروا إليها، قال",0
Musnad at-Tayalisi,4232,UNGRADED,Other Narrations,[ص: 435] # ، عن يحيى بن عبيد البهراني، قال: سمعت ابن عباس، يقول: «نهى رسول الله صلى الله عليه وسلم عن الحنتم والدباء والنقير والمزفت» #,0
Musnad at-Tayalisi,4233,UNGRADED,Day of Judgement; Prophets & Past Peoples,2837 - # حدثنا أبو داود قال: حدثنا هشام، عن الحجاج، عن يحيى بن عبيد البهراني، عن ابن عباس، أن النبي صلى الله عليه وسلم «كان ينبذ له في سقاء فيشرب منه يومه، ويوم الثاني إلى يوم الثالث، فإن بقي منه شيء أهراقه» #,1
Musnad at-Tayalisi,4237,UNGRADED,Prophets & Past Peoples,2839 - # حدثنا أبو داود قال: حدثنا سفيان بن عيينة، عن الزهري، عن عبيد الله بن عبد الله، عن ابن عباس، أن فأرة وقعت، في سمن جامد لآل ميمونة، «فأمر النبي صلى الله عليه وسلم أن تؤخذ الفأرة وما حولها» #,0
Musnad at-Tayalisi,4239,UNGRADED,Parents; Oaths & Vows,[ص: 438] # رسول الله صلى الله عليه وسلم في نذر كان على أمه فماتت فلم تقضه، فقال رسول الله صلى الله عليه وسلم: «اقضه عنها» #,0
Musnad at-Tayalisi,4240,UNGRADED,Fasting & Ramadan; Prophets & Past Peoples,2841 - # حدثنا أبو داود قال: حدثنا سفيان بن عيينة، عن الزهري، عن عبيد الله بن عبد الله، عن ابن عباس، أن رسول الله صلى الله عليه وسلم «خرج في رمضان فلما بلغ الكديد أفطر» وإنما يؤخذ بالآخر فالآخر من فعل رسول الله صلى الله عليه وسلم #,0
Musnad at-Tayalisi,4241,UNGRADED,Prophets & Past Peoples,2842 - # حدثنا أبو داود قال: حدثنا سفيان بن عيينة، عن الزهري، عن عبيد الله بن عبد الله، عن ابن عباس، أنه «تمتع مع رسول الله صلى الله عليه وسلم متعة الحج» #,0
Musnad at-Tayalisi,4243,UNGRADED,Prophets & Past Peoples,2843 - # حدثنا يونس قال: حدثنا أبو داود قال: حدثنا حماد بن زيد، قال: حدثنا الزبير بن خريت الأزدي، قال: حدثنا عبد الله بن شقيق العقيلي، قال: خطبنا ابن عباس بالبصرة، فلم يزل يخطب حتى غربت الشمس وبدت النجوم فعلق رجل من بني تميم يقول: الصلاة الصلاة فقال له ابن عباس: لا أم لك، أنت تعلمني السنة؟ فقد «جمع رسول الله صلى الله عليه وسلم بين الصلاتين» يعني المغرب والعشاء، قال ابن شقيق: فلم يزل في نفسي من ذلك شيء حتى لقيت أبا هريرة فسألته، فصدقه #,0
Musnad at-Tayalisi,4245,UNGRADED,Prophets & Past Peoples,2844 - # حدثنا يونس قال: حدثنا أبو داود قال: حدثنا شعبة، قال: أخبرني عمرو بن مرة، قال: سمعت أبا البختري، قال: أهللنا رمضان ونحن بذات عرق، فأرسلنا رجلا إلى ابن عباس يسأله، فقال ابن عباس: قال رسول الله صلى الله عليه وسلم: «إن الله عز وجل قد مده لرؤيته، فإن أغمي عليكم فأكملوا العدة» #,0
Musnad at-Tayalisi,4246,UNGRADED,Trade & Business; Prophets & Past Peoples,2845 - # حدثنا أبو داود قال: حدثنا شعبة، قال: أخبرني عمرو بن مرة، قال: سمعت أبا البختري، يقول: سألت ابن عباس عن السلم في النخل فقال: «نهى رسول الله صلى الله عليه وسلم عن بيع النخل حتى يأكل منه، أو يؤكل، أو حتى يوزن» فقال رجل لابن عباس: ما يوزن؟، فقال,0
Musnad at-Tayalisi,4250,UNGRADED,Food & Drink,"[ص: 443] # ، وغيره عن علي بن زيد، قال شعبة: عن عمر بن حرملة، وقال غيره: ابن حرملة، عن ابن عباس، قال: أهدت خالتي إلى رسول الله صلى الله عليه وسلم سمنا وأضبا ولبنا، وعنده خالد بن الوليد عن يساره، وأنا عن يمينه، فتفل عليه، يعني على الأضب، أو كلمة شبيهها، فقال له خالد: كأنك قذرته قال: «أجل» أو قال: «نعم» فشرب رسول الله صلى الله عليه وسلم من اللبن وقال: «إن الشربة لك، وإن شئت أعطيتها خالدا» أو قال: «عمك» أو: «ابن عمك» يعني خالدا، فقلت: ما كنت مؤثرا بسؤرك أحدا، قال: فناولني فشربت، ثم سقيت خالدا، فقال رسول الله صلى الله عليه وسلم: "" ما أعلم شرابا يجزئ من الطعام إلا اللبن، فإذا شربه أحدكم فليقل: اللهم بارك لنا فيه وزدنا منه، ومن أكل منكم طعاما، يعني من ذاك الضب، فليقل: اللهم بارك لنا فيه، وأطعمنا خيرا منه "" #",0
Musnad at-Tayalisi,4254,UNGRADED,Prophets & Past Peoples,2848 - # حدثنا يونس قال: حدثنا أبو داود قال: حدثنا ابن أبي ذئب، عن قارظ، عن أبي غطفان، قال: رأيت ابن عباس توضأ فمضمض واستنشق مرتين، وقال: قال رسول الله صلى الله عليه وسلم: «إذا مضمض أحدكم واستنثر فليفعل ذلك مرتين بالغتين أو ثلاثا» #,0
Musnad at-Tayalisi,4256,UNGRADED,Prophets & Past Peoples,2849 - # حدثنا يونس قال: حدثنا أبو داود قال: حدثنا ابن أبي ذئب، عن شعبة مولى ابن عباس عن ابن عباس، قال: «جئت أنا والعباس، على أتان، ورسول الله صلى الله عليه وسلم يصلي، فنزلنا ومررنا بين يديه، فما ردنا ولا نهانا» #,0
Musnad at-Tayalisi,4257,UNGRADED,Prayer (Salah); Prophets & Past Peoples,2850 - # حدثنا أبو داود قال: حدثنا ابن أبي ذئب، عن شعبة، قال: جاء رجل إلى ابن عباس فقال: إن مولاك إذا سجد ضم يديه إلى جنبيه فقال ابن عباس: تلك ربضة الكلب، قد «رأيت بياض إبط رسول الله صلى الله عليه وسلم وهو ساجد» #,0
Musnad at-Tayalisi,4258,UNGRADED,Prophets & Past Peoples,2851 - # حدثنا أبو داود قال: حدثنا ابن أبي ذئب، عن شعبة، قال: كان ابن عباس إذا اغتسل من الجنابة أفرغ بيمينه على يساره سبعا قال: فجعل يوما يصب على يساره فقال لي: تدري كم صببت؟ قلت: لا قال: لا أم لك، ولم لا تدري؟، فأفرغ على يساره سبعا وتوضأ وضوءه للصلاة، ثم صب على رأسه، ثم قال: «هكذا رأيت رسول الله صلى الله عليه وسلم فعل ذلك» #,0
Musnad at-Tayalisi,4259,UNGRADED,Prophets & Past Peoples,2852 - # حدثنا أبو داود قال: حدثنا ابن أبي ذئب، عن شعبة مولى ابن عباس، عن ابن عباس، قال: «بعثني رسول الله صلى الله عليه وسلم في ضعفة أهله، فرمينا الجمرة مع الفجر» #,0
Musnad at-Tayalisi,4260,UNGRADED,Modesty & Dress; Prophets & Past Peoples,"2853 - # حدثنا أبو داود قال: حدثنا ابن أبي ذئب، عن شعبة مولى ابن عباس قال: دخل المسور بن مخرمة على ابن عباس وهو مريض وعليه ثوب إستبرق، وبين يديه كانون عليه تصاوير، فقال المسور: ما هذا يا ابن عباس؟، قال ابن عباس: ما علمت به وما أرى رسول الله صلى الله عليه وسلم نهى عن هذا إلا للتكبر والتجبر "" ولسنا بحمد الله كذلك فلما خرج المسور أمر ابن عباس بالثوب فنزع عنه، وقال: اقطعوا رءوس هذه التصاوير #",0
Musnad at-Tayalisi,4262,UNGRADED,Prophets & Past Peoples,2854 - # حدثنا يونس قال: حدثنا أبو داود قال: حدثنا عبد الحميد بن بهرام، عن شهر بن حوشب، قال: حدثني ابن عباس، قال: حضرت عصابة من اليهود يوما إلى النبي صلى الله عليه وسلم فقالوا: يا رسول الله، حدثنا عن خلال نسألك عنها، لا يعلمها إلا نبي قال: «سلوني عم شئتم، ولكن اجعلوا لي ذمة الله وما أخذ يعقوب على بنيه إن أنا حدثتكم بشيء تعرفونه لتبايعني على الإسلام» قالوا: فلك ذلك قال: «فسلوني عم شئتم» قالوا: أخبرنا عن أربع خلال نسألك عنها: أخبرنا عن الطعام الذي حرم إسرائيل على نفسه من قبل أن تنزل التوراة، وأخبرنا عن ماء المرأة من ماء الرجل، وكيف يكون منه الذكر حتى يكون ذكرا وكيف تكون,0
Musnad at-Tayalisi,4263,UNGRADED,Quran & Recitation; Women,[ص: 451] # منه الأنثى حتى تكون أنثى، وأخبرنا كيف هذا النبي في النوم، ومن وليك من الملائكة؟ قال: «فعليكم عهد الله وميثاقه، لئن أنا حدثتكم لتبايعني؟» فأعطوه ما شاء من عهد وميثاق قال: «أنشدكم بالله الذي أنزل التوراة على موسى، هل تعلمون أن إسرائيل يعقوب مرض مرضا شديدا وطال سقمه منه، فنذر لله نذرا، لئن شفاه من سقمه ليحرمن أحب الشراب إليه، وأحب الطعام إليه، وكان أحب الشراب إليه ألبان الإبل، وكان أحب الطعام إليه لحمان الإبل؟» قالوا: اللهم نعم فقال رسول الله صلى الله عليه وسلم: «اللهم اشهد عليهم» قال: «فأنشدكم بالله الذي لا إله إلا هو، الذي أنزل التوراة على موسى، هل تعلمون أن ماء الرجل غليظ أبيض، وأن ماء المرأة رقيق,0
Musnad at-Tayalisi,4264,UNGRADED,Quran & Recitation; Women,[ص: 452] # أصفر، فأيهما علا كان له الولد والشبه بإذن الله؛ فإن علا ماء الرجل ماء المرأة كان ذكرا بإذن الله، وإن علا ماء المرأة ماء الرجل كانت أنثى بإذن الله؟» قالوا: اللهم نعم فقال رسول الله صلى الله عليه وسلم: «اللهم اشهد» قال: «فأنشدكم بالله الذي أنزل التوراة على موسى، هل تعلمون أن هذا النبي تنام عيناه ولا ينام قلبه؟» قالوا: اللهم نعم قال: «اللهم اشهد عليهم» قالوا: أنت الآن، حدثنا من وليك من الملائكة، فعندها نجامعك أو نفارقك قال: «وليي جبريل، ولم يبعث الله عز وجل نبيا قط إلا وهو وليه» قالوا: فعندها نفارقك، لو كان وليك غيره من الملائكة لبايعناك وصدقناك قال: «فما يمنعكم أن تصدقوه؟» قالوا: إنه عدونا من الملائكة فأنزل الله عز وجل: {من كان عدوا لجبريل فإنه نزله على قلبك بإذن الله} [البقرة: 97] إلى آخر الآية، ونزلت: {فباءوا بغضب على غضب} #,0
Musnad at-Tayalisi,4266,UNGRADED,Prophets & Past Peoples,2855 - # حدثنا يونس قال: حدثنا أبو داود قال: حدثنا حماد بن زيد، عن عمرو بن دينار، عن أبي معبد، عن ابن عباس، أن النبي صلى الله عليه وسلم قال: «لا تسافر امرأة إلا مع ذي محرم، ولا يدخل عليها رجل إلا وعندها ذو محرم» فقال رجل: يا رسول الله، إن امرأتي تريد أن تحج، وأنا أريد أن أخرج في جيش كذا وكذا فقال رسول الله صلى الله عليه وسلم: «حج مع امرأتك» #,0
Musnad at-Tayalisi,4268,UNGRADED,Prophets & Past Peoples,2856 - # حدثنا يونس قال: حدثنا أبو داود قال: حدثنا شعبة، عن محمد بن جحادة، قال: سمعت أبا صالح، وقد كان كبر، عن ابن عباس، قال: «لعن رسول الله صلى الله عليه وسلم زوارات القبور، والمتخذات عليها المساجد والسرج» #,0
Musnad at-Tayalisi,4270,UNGRADED,Prophets & Past Peoples,2857 - # حدثنا يونس قال: حدثنا أبو داود قال: حدثنا سكين بن عبد العزيز العبدي، قال: حدثني أبي، عن ابن عباس، أن الفضل، ردف النبي صلى الله عليه وسلم يوم عرفة، فجعل يلحظ إلى امرأة، فقال النبي صلى الله عليه وسلم: «مه يا غلام، فإن هذا يوم من حفظ فيه بصره غفر له» #,0
Musnad at-Tayalisi,4274,UNGRADED,Prophets & Past Peoples,2859 - # حدثنا يونس قال: حدثنا أبو داود قال: حدثنا أبو عامر الخزاز، عن ابن أبي مليكة، عن ابن عباس، قال: كنت أصلي، وأخذ المؤذن في الإقامة، فجذبني النبي صلى الله عليه وسلم وقال: «أتصلي الصبح أربعا؟» #,0
Musnad at-Tayalisi,4276,UNGRADED,Prophets & Past Peoples,2860 - # حدثنا يونس قال: حدثنا أبو داود قال: حدثنا شعبة، عن أبي إسحاق، قال: سمعت أبا السفر، يحدث عن سعيد بن شفي، عن ابن عباس، قال: «كان رسول الله صلى الله عليه وسلم إذا خرج من بيته مسافرا صلى ركعتين ركعتين حتى يرجع» #,0
Musnad at-Tayalisi,4278,UNGRADED,Inheritance & Wills; Prophets & Past Peoples,2861 - # حدثنا يونس قال: حدثنا أبو داود قال: حدثنا حماد، عن عمرو، عن عوسجة، عن ابن عباس، أن رجلا، أعتق عبدا له ثم مات وليس له وارث غيره، «فورثه رسول الله صلى الله عليه وسلم؛ ورث الأسفل من الأعلى» #,0
Musnad at-Tayalisi,4280,UNGRADED,Prophets & Past Peoples,2862 - # حدثنا يونس قال: حدثنا أبو داود قال: حدثنا شعبة، عن أبي إسحاق، عن التميمي، قال: سألت ابن عباس عن السواك، فقال: «ما زال النبي صلى الله عليه وسلم يأمرنا به حتى خشينا أن ينزل عليه فيه» #,0
Musnad at-Tayalisi,4281,UNGRADED,Prophets & Past Peoples,2863 - # حدثنا أبو داود قال: حدثنا شعبة، عن أبي إسحاق، قال: سمعت التميمي، يحدث عن ابن عباس، «رأيت بياض إبط رسول الله صلى الله عليه وسلم وهو ساجد» #,0
Musnad at-Tayalisi,4286,UNGRADED,Prayer (Salah); Prophets & Past Peoples,2865 - # حدثنا أبو داود قال: حدثنا هشام، عن قتادة، عن موسى بن سلمة، قال: قلت لابن عباس: إذا لم أدرك الصلاة في المسجد الحرام، كم أصلي بالبطحاء؟ قال: «ركعتين، تلك سنة أبي القاسم صلى الله عليه وسلم» #,0
Musnad at-Tayalisi,4288,UNGRADED,Angels & the Unseen; Prophets & Past Peoples,"2866 - # حدثنا داود قال: حدثنا شعبة، قال: أخبرني سلمة بن كهيل، قال: سمعت أبا الحكم السلمي، يحدث عن ابن عباس، أن رسول الله صلى الله عليه وسلم "" آلى من نسائه شهرا، فأتاه جبريل عليه السلام فقال: يا محمد، إن الشهر قد تم، الشهر تسع وعشرون "" #",0
Musnad at-Tayalisi,4289,UNGRADED,Other Narrations,2867 - # وبه: سألت ابن عباس عن النبيذ، فقال: «نهى النبي صلى الله عليه وسلم,0
Musnad at-Tayalisi,4290,UNGRADED,Other Narrations,[ص: 463] # عن الجر والدباء» وقال ابن عباس: من كان محرما ما حرم الله ورسوله فليحرم النبيذ #,0
Musnad at-Tayalisi,4292,UNGRADED,Prophets & Past Peoples,2868 - # حدثنا يونس قال: حدثنا أبو داود قال: حدثنا أبو عوانة، عن الحكم، وأبي بشر، عن ميمون بن مهران، عن ابن عباس، قال: «نهى رسول الله صلى الله عليه وسلم عن كل ذي ناب من السبع، وكل ذي مخلب من الطير» #,0
Musnad at-Tayalisi,4294,UNGRADED,Prophets & Past Peoples,2869 - # حدثنا يونس قال: حدثنا أبو داود قال: حدثنا هشام، وأبو عوانة، عن أبي حمزة القصاب، عن ابن عباس، أن رسول الله صلى الله عليه وسلم بعث إلى معاوية يكتب له، فقال: إنه يأكل ثم بعث إليه فقال: إنه يأكل فقال رسول الله صلى الله عليه وسلم: «لا أشبع الله بطنه»,0
Musnad at-Tayalisi,4295,UNGRADED,Day of Judgement,[ص: 465] # قال عبد الله بن جعفر بن فارس، الراوي عن يونس بن حبيب، معناه والله أعلم: لا أشبع الله بطنه في الدنيا حتى لا يكون ممن يجوع يوم القيامة؛ لأن الخبر عن النبي صلى الله عليه وسلم أنه قال: «أطول الناس شبعا في الدنيا أطولهم جوعا يوم القيامة» #,0
Musnad at-Tayalisi,4298,UNGRADED,Faith & Creed; Prayer (Salah),"[ص: 466] # ، عن أبي جمرة نصر بن عمران، قال: سمعت ابن عباس، يقول: إن وفد عبد القيس لما قدموا على رسول الله صلى الله عليه وسلم قال: «من القوم؟» قالوا: من ربيعة قال: «مرحبا بالوفد غير الخزايا ولا الندامى» فقالوا: يا رسول الله، إنا حي من ربيعة، وإنا نأتيك من شقة بعيدة، وإنه يحول بيننا وبينك هذا الحي من كفار مضر، وإنا لا نصل إليك إلا في شهر حرام، فمرنا بأمر فصل ندعو إليه من وراءنا وندخل به الجنة فقال رسول الله صلى الله عليه وسلم: "" آمركم بأربع، وأنهاكم عن أربع، آمركم بالإيمان بالله وحده، أتدرون ما الإيمان بالله؟ شهادة أن لا إله إلا الله، وأن محمدا رسول الله، وإقام الصلاة، وإيتاء الزكاة، وصوم رمضان، وأن تعطوا من المغانم الخمس وأنهاكم عن أربع: عن الدباء، والحنتم، والنقير، والمزفت "" وربما قال: «المقير، فاحفظوهن، وادعوا إليهن من وراءكم» #",0
Musnad at-Tayalisi,4299,UNGRADED,Prayer (Salah); Night & Voluntary Prayer,2871 - # حدثنا أبو داود قال: حدثنا شعبة، عن أبي جمرة، قال: سمعت ابن عباس، يقول: «كان رسول الله صلى الله عليه وسلم يصلي من الليل ثلاث عشرة ركعة» #,0
Musnad at-Tayalisi,4301,UNGRADED,Character & Manners; Justice & Judgement,[ص: 468] # نمت رأيت في منامي كأن قائلا يقول: حج مبرور وعمرة متقبلة فأتيت ابن عباس فذكرت ذلك له، فقال: «سنة أبي القاسم صلى الله عليه وسلم ورب الكعبة» فقال: أقم عندي، وأجعل لك سهما في مالي قال: فأقمت فكنت أترجم بينه وبين الناس، وكان يقعدني معه على السرير #,0
Musnad at-Tayalisi,4302,UNGRADED,Death & Burial; The Grave & Barzakh,2873 - # حدثنا أبو داود قال: حدثنا شعبة، عن أبي جمرة، قال: سمعت ابن عباس، يقول: «أدخل في قبر رسول الله صلى الله عليه وسلم قطيفة حمراء» #,0
Musnad at-Tayalisi,4303,UNGRADED,Prophets & Past Peoples,2874 - # حدثنا أبو داود قال: حدثنا حماد بن سلمة، عن أبي جمرة، عن ابن عباس، قال: «أقام رسول الله صلى الله عليه وسلم بمكة ثلاث عشرة سنة يوحى إليه، وبالمدينة عشرا، ومات وهو ابن ثلاث وستين» #,0
Musnad at-Tayalisi,4306,UNGRADED,Other Narrations,[ص: 470] # عوانة، عن أبي بلج، عن عمرو بن ميمون، عن ابن عباس، أن رسول الله صلى الله عليه وسلم قال لعلي: «أنت ولي كل مؤمن بعدي» #,0
Musnad at-Tayalisi,4307,UNGRADED,Other Narrations,2876 - # وبه عن ابن عباس، قال: «أول من صلى مع رسول الله صلى الله عليه وسلم بعد خديجة علي» #,0
Musnad at-Tayalisi,4309,UNGRADED,Prophets & Past Peoples,2877 - # حدثنا يونس قال: حدثنا أبو داود قال: حدثنا شعبة، قال: أخبرني عمرو بن مرة، قال: سمعت يحيى بن الجزار، عن ابن عباس، أن رسول الله صلى الله عليه وسلم «كان يصلي، فجعل جدي يريد أن يمر بين يديه، فجعل يتقي أن يمر بين يديه» #,0
Musnad at-Tayalisi,4311,UNGRADED,Prophets & Past Peoples,2878 - # حدثنا يونس قال: حدثنا أبو داود قال: حدثنا سلام، وقيس عن عبد الكريم الجزري، عن رجل من بني تميم، عن ابن عباس، أن رسول الله صلى الله عليه وسلم قال: «ثمن الكلب، ومهر البغي، وثمن الخمر حرام» #,0
Musnad at-Tayalisi,4312,UNGRADED,Paradise; Prophets & Past Peoples,2879 - # حدثنا أبو داود قال: حدثنا أبو طلحة الأعمى، عن رجل، قد سماه، عن ابن عباس، قال: قال رسول الله صلى الله عليه وسلم: «يا فتيان قريش، لا تزنوا؛ فإنه من سلم الله شبابه دخل الجنة» #,0
Musnad at-Tayalisi,4314,UNGRADED,Prophets & Past Peoples,2880 - # حدثنا يونس قال: حدثنا أبو داود قال: حدثنا إسحاق بن سعيد، قال: حدثني أبي قال: كنت عند ابن عباس، فأتاه رجل فقال: من أنت؟، قال: فمت له برحم بعيدة، فألان له القول، فقال: قال رسول الله صلى الله عليه وسلم: «اعرفوا أنسابكم تصلوا أرحامكم، فإنه لا قرب,0
Musnad at-Tayalisi,4317,UNGRADED,Prophets & Past Peoples,2881 - # حدثنا يونس قال: حدثنا أبو داود قال: حدثنا حماد بن زيد، عن عبيد الله بن أبي يزيد، عن ابن عباس، قال: «قدمني رسول الله صلى الله عليه وسلم في الثقل في أهله من جمع بليل» #,0
Musnad at-Tayalisi,4321,UNGRADED,Prophets & Past Peoples,2883 - # حدثنا يونس قال: حدثنا أبو داود قال: حدثنا ابن المبارك، عن الأوزاعي، عن المطلب، عن ابن عباس، أن رسول الله صلى الله عليه وسلم «توضأ مرة مرة» #,0
Musnad at-Tayalisi,4323,UNGRADED,Prophets & Past Peoples,2884 - # حدثنا يونس قال: حدثنا أبو داود قال: حدثنا حماد بن سلمة، وخارجة بن مصعب، عن زيد بن أسلم، عن عبد الرحمن بن وعلة، قال: قلت لابن عباس: إنا نغزو المشرق فنؤتى بأسقية لا ندري ما هي، قال: ما أدري ما تقول غير أني سمعت رسول الله صلى الله عليه وسلم يقول: «كل إهاب دبغ فقد طهر» #,0
Musnad at-Tayalisi,4325,UNGRADED,Prophets & Past Peoples,2885 - # حدثنا يونس قال: حدثنا أبو داود قال: حدثنا شعبة، عن الحكم، عن يحيى بن الجزار، عن صهيب، قلت: من صهيب؟ قال: رجل من أهل البصرة، عن ابن عباس، أنه «كان على حمار هو وغلام من بني هاشم، فمر بين يدي النبي صلى الله عليه وسلم وهو يصلي، فلم ينصرف لذلك وجاءت جاريتان من بني عبد المطلب فأخذتا بركبتي رسول الله صلى الله عليه وسلم ففرع بينهما، يعني,0
Musnad at-Tayalisi,4329,UNGRADED,Hajj & Umrah; Treaties & Non-Muslims,[ص: 480] # ، عن مسلم القري، قال: سمعت ابن عباس، يقول: «أهل رسول الله صلى الله عليه وسلم بالحج، فمن كان من أصحابه لم يكن معه هدي أحل، ومن كان معه هدي لم يحل، وكان النبي صلى الله عليه وسلم وطلحة ممن كان معهما الهدي» #,0
Musnad at-Tayalisi,4334,UNGRADED,Prophets & Past Peoples,2888 - # حدثنا يونس قال: حدثنا أبو داود قال: حدثنا حماد بن زيد وحماد بن سلمة،، عن عمرو بن دينار، عن سعيد بن الحويرث، عن ابن عباس، قال: خرج رسول الله صلى الله عليه وسلم من الخلاء، فقالوا: نأتيك,0
Musnad at-Tayalisi,4336,UNGRADED,Prophets & Past Peoples,2889 - # حدثنا أبو داود قال: حدثنا شعبة، عن عمرو، قال: أخبرنا من، سمع ابن عباس، يقول: عن النبي صلى الله عليه وسلم أنه بال ثم أخذ يطعم، فقيل له: يا رسول الله، إنك قد بلت، فقال: «أريد أن أصلي؟» #,0
Musnad at-Tayalisi,4338,UNGRADED,Prophets & Past Peoples,2890 - # حدثنا يونس قال: حدثنا أبو داود قال: حدثنا سفيان الثوري، عن سلمة بن كهيل، عن الحسن العرني، عن ابن عباس، قال: قدمنا رسول الله صلى الله عليه وسلم أغيلمة بني عبد المطلب على حمرات من جمع، فجعل يلطح أفخاذنا ويقول: «أبيني، لا ترموا جمرة العقبة حتى,0
